,accident_id,accident_year,outcome,num_parties,party1_type,party2_type,accident_nature,road_situation,built_up_area,speed_limit_kmh,street_lighting,road_surface,road_condition,light_condition,weather_condition,street_name,municipality,shape,geometry,longitude,latitude
5024,20230111206,2023,Letsel,2,personenauto,fiets,Flank,"Kruispunt, 4 takken",Binnen,30.0,Brandend,Unknown,Droog,Schemer,Droog,Velserweg,amsterdam,POINT (118107.78390000015 488846.26520000026),POINT (4.845302408511265 52.38623233901139),4.845302408511265,52.38623233901139
5029,20230111834,2023,Uitsluitend materiele schade,2,bromfiets,personenauto,Flank,Rechte weg,Binnen,30.0,Brandend,Klinkers,Nat,Duisternis,Droog,Dammerweg,amsterdam,POINT (133344.3359999992 477516.26900000125),POINT (5.069832920621016 52.285216350102665),5.069832920621016,52.285216350102665
5043,20230111864,2023,Letsel,2,personenauto,fiets,Flank,"Kruispunt, 4 takken",Binnen,50.0,Niet brandend,ZOAB,Nat,Daglicht,Regen,De Boelelaan,amsterdam,POINT (121087.06170000136 483104.4959000014),POINT (4.8896417156608125 52.334821436355185),4.8896417156608125,52.334821436355185
5116,20230036706,2023,Uitsluitend materiele schade,2,bromfiets,personenauto,Flank,"Kruispunt, 4 takken",Binnen,50.0,Niet brandend,ZOAB,Droog,Daglicht,Droog,Borneolaan,amsterdam,POINT (124434.05600000173 487123.57979999855),POINT (4.93838137178769 52.37113872607553),4.93838137178769,52.37113872607553
5215,20230020997,2023,Uitsluitend materiele schade,2,personenauto,snorfiets,Flank,"Kruispunt, 4 takken",Binnen,50.0,Brandend,Klinkers,Nat,Duisternis,Sneeuw/Hagel,Keizersgracht,amsterdam,POINT (120757.40089999884 487062.5335999988),POINT (4.88440236077997 52.37037314433008),4.88440236077997,52.37037314433008
5238,20230077192,2023,Uitsluitend materiele schade,1,fiets,unknown,Voetganger,Rechte weg,Binnen,30.0,Niet brandend,Beton,Droog,Daglicht,Droog,Schipbeekstraat,amsterdam,POINT (121660.04699999839 484480.0879999995),POINT (4.8979118945105835 52.34721941650949),4.8979118945105835,52.34721941650949
5335,20230024607,2023,Uitsluitend materiele schade,3,personenauto,fiets,Los voorwerp,Rechte weg,Binnen,30.0,Brandend,Overig asfalt,Droog,Duisternis,Droog,Van Woustraat,amsterdam,POINT (122062.23600000143 484801.19200000167),POINT (4.903782731327625 52.35012954189821),4.903782731327625,52.35012954189821
5348,20230036451,2023,Letsel,2,personenauto,fiets,Onbekend,"Kruispunt, 3 takken",Binnen,30.0,Niet brandend,Overig asfalt,Droog,Daglicht,Droog,Van Baerlestraat,amsterdam,POINT (120320.40139999986 485788.61410000175),POINT (4.878117300458627 52.358896639829766),4.878117300458627,52.358896639829766
5357,20230020602,2023,Letsel,2,e-bike,unknown,Eenzijdig,"Kruispunt, 3 takken",Binnen,30.0,Brandend,Klinkers,Droog,Duisternis,Droog,Slatuinenweg,amsterdam,POINT (119344.3563000001 486923.6953999996),POINT (4.863669430112293 52.369035443451935),4.863669430112293,52.369035443451935
5443,20230020742,2023,Uitsluitend materiele schade,2,personenauto,fiets,Onbekend,"Kruispunt, 4 takken",Binnen,50.0,Brandend,Overig asfalt,Droog,Duisternis,Droog,Van Hallstraat,amsterdam,POINT (119779.8574000001 488651.7021000013),POINT (4.869882561693426 52.384593586115265),4.869882561693426,52.384593586115265
5446,20230023532,2023,Uitsluitend materiele schade,2,bromfiets,fiets,Flank,"Kruispunt, 4 takken",Binnen,50.0,Niet brandend,Unknown,Nat,Daglicht,Droog,Kruislaan,amsterdam,POINT (124555.23009999841 484522.17550000176),POINT (4.940396078730035 52.34776568853175),4.940396078730035,52.34776568853175
5472,20230020774,2023,Uitsluitend materiele schade,2,bromfiets,voetganger,Voetganger,"Kruispunt, 4 takken",Binnen,50.0,Brandend,Overig asfalt,Droog,Duisternis,Droog,Buitenveldertselaan,amsterdam,POINT (119688.27459999919 483132.5760000013),POINT (4.869116891992103 52.334985732726835),4.869116891992103,52.334985732726835
5527,20230077623,2023,Uitsluitend materiele schade,2,bestelauto,fiets,Flank,"Kruispunt, 4 takken",Binnen,50.0,Niet brandend,Overig asfalt,Droog,Daglicht,Droog,Ridderspoorweg,amsterdam,POINT (122206.46709999815 490009.67909999937),POINT (4.905391307551318 52.39694841950489),4.905391307551318,52.39694841950489
5528,20230077820,2023,Uitsluitend materiele schade,2,personenauto,fiets,Geparkeerd voertuig,Rechte weg,Binnen,50.0,Niet brandend,Overig asfalt,Droog,Daglicht,Droog,Pieter Calandlaan,amsterdam,POINT (114944.2509999983 485058.54300000146),POINT (4.79928754074287 52.35196964235521),4.79928754074287,52.35196964235521
5529,20230077821,2023,Uitsluitend materiele schade,2,bromfiets,personenauto,Flank,"Kruispunt, 4 takken",Binnen,50.0,Niet brandend,Overig asfalt,Droog,Daglicht,Droog,Koos Vorrinkweg,amsterdam,POINT (114996.14600000158 485075.0700000003),POINT (4.800047224167302 52.35212195488326),4.800047224167302,52.35212195488326
5532,20230078002,2023,Letsel,2,personenauto,fiets,Flank,Rechte weg,Binnen,50.0,Brandend,Klinkers,Droog,Duisternis,Droog,Meeuwenlaan,amsterdam,POINT (122663.5399999991 488464.7980000004),POINT (4.912255309742233 52.38309126502278),4.912255309742233,52.38309126502278
5547,20230097448,2023,Uitsluitend materiele schade,2,snorfiets,fiets,Frontaal,Rechte weg,Binnen,Unknown,Brandend,Overig asfalt,Nat,Duisternis,Regen,Klaprozenweg,amsterdam,POINT (121326.25800000131 491101.4910000004),POINT (4.892349897746039 52.406707484307084),4.892349897746039,52.406707484307084
5655,20230097582,2023,Letsel,1,bromfiets,unknown,Eenzijdig,Bocht,Binnen,50.0,Niet brandend,ZOAB,Nat,Daglicht,Droog,Middenweg,amsterdam,POINT (123779.2190000005 485308.9470000006),POINT (4.928934666649785 52.35479315547352),4.928934666649785,52.35479315547352
5699,20230097091,2023,Uitsluitend materiele schade,2,bromfiets,personenauto,Kop/staart,"Kruispunt, 4 takken",Binnen,50.0,Brandend,Overig asfalt,Nat,Duisternis,Droog,Van Hallstraat,amsterdam,POINT (119751.48589999974 488734.13069999963),POINT (4.869457200500771 52.38533257083459),4.869457200500771,52.38533257083459
5725,20220141898,2022,Letsel,2,fiets,fiets,Onbekend,Unknown,Unknown,50.0,Unknown,Unknown,Unknown,Daglicht,Unknown,Amstelveenseweg,amsterdam,POINT (118908.4990000017 483155.7039999999),POINT (4.857674149056168 52.33514295027657),4.857674149056168,52.33514295027657
5762,20230087836,2023,Uitsluitend materiele schade,2,personenauto,fiets,Flank,Rotonde,Binnen,50.0,Niet brandend,ZOAB,Droog,Daglicht,Droog,Meeuwenlaan,amsterdam,POINT (123477.01159999892 488948.25879999995),POINT (4.924157606521756 52.3874835853413),4.924157606521756,52.3874835853413
5776,20230097179,2023,Uitsluitend materiele schade,3,bromfiets,fiets,Onbekend,Rechte weg,Binnen,50.0,Niet brandend,ZOAB,Droog,Daglicht,Droog,Overtoom,amsterdam,POINT (119821.79600000009 486094.8020000011),POINT (4.870766166693942 52.361616736757576),4.870766166693942,52.361616736757576
5994,20210074689,2021,Letsel,2,personenauto,bromfiets,Kop/staart,Rechte weg,Binnen,50.0,Niet brandend,Overig asfalt,Nat,Daglicht,Regen,Ceintuurbaan,amsterdam,POINT (120986.19299999997 485062.15100000054),POINT (4.887964031953818 52.352409312542996),4.887964031953818,52.352409312542996
6024,20210080029,2021,Uitsluitend materiele schade,2,snorfiets,bestelauto,Flank,"Kruispunt, 4 takken",Binnen,50.0,Niet brandend,Overig asfalt,Droog,Daglicht,Droog,Albert Neuhuysstraat,amsterdam,POINT (118423.02400000021 485431.09600000083),POINT (4.850304341009408 52.35556047396833),4.850304341009408,52.35556047396833
6033,20210087227,2021,Uitsluitend materiele schade,2,personenauto,e-bike,Frontaal,Rechte weg,Binnen,50.0,Niet brandend,Overig asfalt,Droog,Daglicht,Unknown,Zeeburgerdijk,amsterdam,POINT (124918.63300000131 486566.6020000018),POINT (4.945546416105408 52.36615972624555),4.945546416105408,52.36615972624555
6043,20210087284,2021,Uitsluitend materiele schade,3,snorfiets,fiets,Onbekend,Rechte weg,Binnen,30.0,Niet brandend,Unknown,Droog,Daglicht,Unknown,Lutmastraat,amsterdam,POINT (121462.7809999995 484849.9149999991),POINT (4.894980092941835 52.350531173008804),4.894980092941835,52.350531173008804
6047,20210085605,2021,Uitsluitend materiele schade,2,personenauto,bromfiets,Flank,"Kruispunt, 3 takken",Binnen,50.0,Brandend,Overig asfalt,Nat,Duisternis,Droog,Panamalaan,amsterdam,POINT (124122.18349999934 486722.71079999954),POINT (4.933838868105759 52.367518533613755),4.933838868105759,52.367518533613755
6067,20210087392,2021,Uitsluitend materiele schade,2,snorfiets,personenauto,Flank,"Kruispunt, 3 takken",Binnen,50.0,Brandend,Overig asfalt,Droog,Duisternis,Droog,Volendammerweg,amsterdam,POINT (125540 489350),POINT (4.954425109388936 52.39120875803903),4.954425109388936,52.39120875803903
6285,20210025803,2021,Uitsluitend materiele schade,2,personenauto,fiets,Flank,"Kruispunt, 4 takken",Binnen,50.0,Niet brandend,Klinkers,Droog,Daglicht,Droog,Jacob Obrechtstraat,amsterdam,POINT (120257.1689000018 485175.4998999983),POINT (4.877252423019682 52.35338240123302),4.877252423019682,52.35338240123302
6300,20210012112,2021,Uitsluitend materiele schade,2,bromfiets,fiets,Frontaal,Rechte weg,Binnen,50.0,Niet brandend,Klinkers,Droog,Daglicht,Droog,Bos en Lommerweg,amsterdam,POINT (117606.14200000092 488016.625),POINT (4.838026571539376 52.37874224452898),4.838026571539376,52.37874224452898
6327,20210007606,2021,Uitsluitend materiele schade,2,bromfiets,personenauto,Kop/staart,Rechte weg,Binnen,50.0,Niet brandend,Overig asfalt,Droog,Daglicht,Droog,Middenweg,amsterdam,POINT (125077.0940000005 483973.31500000134),POINT (4.948103540696577 52.342861523656744),4.948103540696577,52.342861523656744
6565,20210041605,2021,Letsel,2,personenauto,fiets,Flank,Rotonde,Binnen,50.0,Niet brandend,Overig asfalt,Droog,Daglicht,Droog,Burgemeester Röellstraat,amsterdam,POINT (116350 487669),POINT (4.819619320655471 52.375531078382004),4.819619320655471,52.375531078382004
6587,20210035985,2021,Uitsluitend materiele schade,2,fiets,personenauto,Frontaal,"Kruispunt, 4 takken",Binnen,30.0,Niet brandend,Klinkers,Droog,Daglicht,Droog,Gooise Kant,amsterdam,POINT (126289.06909999996 480875.3115000017),POINT (4.966152101540877 52.315083035994434),4.966152101540877,52.315083035994434
6702,20210039876,2021,Uitsluitend materiele schade,2,personenauto,fiets,Flank,"Kruispunt, 4 takken",Binnen,50.0,Niet brandend,ZOAB,Droog,Daglicht,Droog,TORONTOBRUG 0350,amsterdam,POINT (122075.32770000026 485756.7972000018),POINT (4.90388134824263 52.358718671346416),4.90388134824263,52.358718671346416
6845,20210045634,2021,Uitsluitend materiele schade,2,bestelauto,bromfiets,Kop/staart,Rechte weg,Binnen,30.0,Unknown,Klinkers,Droog,Daglicht,Droog,Huidenstraat,amsterdam,POINT (120842.08900000155 486889.06599999964),POINT (4.885663461097022 52.36881941498595),4.885663461097022,52.36881941498595
6869,20210063293,2021,Letsel,2,bus,fiets,Flank,"Kruispunt, 4 takken",Binnen,50.0,Brandend,Overig asfalt,Droog,Duisternis,Droog,AMSTERDAM-OUD ZUID 8,amsterdam,POINT (118911 483378.28500000015),POINT (4.857686987269613 52.33714352035433),4.857686987269613,52.33714352035433
6925,20210037620,2021,Uitsluitend materiele schade,2,personenauto,fiets,Flank,"Kruispunt, 3 takken",Binnen,30.0,Niet brandend,Klinkers,Unknown,Daglicht,Droog,Slotermeerlaan,amsterdam,POINT (116285.58469999954 487515.9248000011),POINT (4.818691045003971 52.374150823043365),4.818691045003971,52.374150823043365
6926,20210038882,2021,Uitsluitend materiele schade,2,fiets,fiets,Frontaal,Rechte weg,Binnen,15.0,Niet brandend,Overig asfalt,Droog,Daglicht,Droog,Vondelpark,amsterdam,POINT (120161.52519999817 485940.4140000008),POINT (4.875769406388148 52.360250857931604),4.875769406388148,52.360250857931604
6935,20210047568,2021,Uitsluitend materiele schade,2,snorfiets,personenauto,Kop/staart,Rechte weg,Binnen,30.0,Niet brandend,Klinkers,Droog,Daglicht,Droog,Buikslotermeerplein,amsterdam,POINT (124659 489883.5),POINT (4.941435023552153 52.39595549039345),4.941435023552153,52.39595549039345
7037,20210065621,2021,Letsel,3,fiets,fiets,Flank,Rechte weg,Binnen,50.0,Brandend,Overig asfalt,Droog,Duisternis,Unknown,Overtoom,amsterdam,POINT (120281.0540000014 486279.80099999905),POINT (4.87748900490549 52.363308595898644),4.87748900490549,52.363308595898644
7088,20210093217,2021,Uitsluitend materiele schade,2,fiets,personenauto,Frontaal,Rechte weg,Binnen,50.0,Niet brandend,Overig asfalt,Nat,Daglicht,Droog,Nieuwe Leeuwarderweg,amsterdam,POINT (123278.87999999896 489282.73000000045),POINT (4.92121571540293 52.39047816140643),4.92121571540293,52.39047816140643
7089,20210093230,2021,Letsel,2,motor,fiets,Flank,Rechte weg,Binnen,50.0,Niet brandend,ZOAB,Droog,Daglicht,Droog,Overtoom,amsterdam,POINT (119438.90700000152 485934.311999999),POINT (4.865162308597732 52.360149714171634),4.865162308597732,52.360149714171634
7639,20220080498,2022,Uitsluitend materiele schade,2,snorfiets,e-bike,Flank,"Kruispunt, 3 takken",Binnen,Unknown,Niet brandend,Overig asfalt,Nat,Daglicht,Unknown,Haarlemmerweg,amsterdam,POINT (118596 488691),POINT (4.852490238695653 52.38486953217003),4.852490238695653,52.38486953217003
7680,20220103343,2022,Letsel,2,bromfiets,fiets,Kop/staart,Rechte weg,Binnen,Unknown,Niet brandend,Unknown,Droog,Daglicht,Droog,Dick Hilleniuspad,amsterdam,POINT (127171.95499999821 485542.41899999976),POINT (4.9787138375370334 52.35707376971534),4.9787138375370334,52.35707376971534
7783,20220080936,2022,Uitsluitend materiele schade,2,bromfiets,voetganger,Voetganger,"Kruispunt, 4 takken",Binnen,30.0,Brandend,Klinkers,Droog,Duisternis,Droog,Halvemaansteeg,amsterdam,POINT (121527.95399999991 486683.0186999999),POINT (4.895754177528011 52.36700983496419),4.895754177528011,52.36700983496419
7832,20220055469,2022,Uitsluitend materiele schade,2,bromfiets,personenauto,Flank,Rechte weg,Binnen,50.0,Niet brandend,Klinkers,Droog,Daglicht,Droog,Maassluisstraat,amsterdam,POINT (117494.97700000182 484621.09899999946),POINT (4.836772767732439 52.34821824814905),4.836772767732439,52.34821824814905
7854,20220054134,2022,Uitsluitend materiele schade,2,personenauto,fiets,Flank,"Kruispunt, 3 takken",Binnen,30.0,Brandend,Klinkers,Droog,Duisternis,Droog,Willem van Weldammelaan,amsterdam,POINT (120132.59840000048 482689.25499999896),POINT (4.875681576115647 52.331029815948014),4.875681576115647,52.331029815948014
7952,20220054541,2022,Uitsluitend materiele schade,2,motor,fiets,Flank,"Kruispunt, 4 takken",Binnen,50.0,Niet brandend,Overig asfalt,Droog,Daglicht,Droog,Nieuwe Amstelstraat,amsterdam,POINT (122089.2239000015 486741.8530000001),POINT (4.903988926645803 52.367572515900285),4.903988926645803,52.367572515900285
7993,20220055778,2022,Letsel,2,bestelauto,e-bike,Frontaal,"Kruispunt, 4 takken",Binnen,50.0,Niet brandend,ZOAB,Droog,Daglicht,Droog,Victorieplein,amsterdam,POINT (122001.95439999923 484322.9594999999),POINT (4.9029449108712475 52.34582788415818),4.9029449108712475,52.34582788415818
8012,20220102822,2022,Uitsluitend materiele schade,2,personenauto,bromfiets,Flank,"Kruispunt, 4 takken",Binnen,50.0,Niet brandend,Klinkers,Droog,Daglicht,Droog,Printerstraat,amsterdam,POINT (121006.46299999952 491327.5863999985),POINT (4.887627592329481 52.408719730740394),4.887627592329481,52.408719730740394
8048,20220102300,2022,Uitsluitend materiele schade,2,fiets,fiets,Frontaal,Rechte weg,Binnen,30.0,Niet brandend,Overig asfalt,Droog,Daglicht,Droog,Wiltzanghlaan,amsterdam,POINT (118385.19900000095 488358.2509999983),POINT (4.849430323622079 52.381865022991725),4.849430323622079,52.381865022991725
8049,20220102629,2022,Uitsluitend materiele schade,2,bromfiets,personenauto,Flank,"Kruispunt, 3 takken",Binnen,50.0,Niet brandend,Overig asfalt,Droog,Daglicht,Droog,Osdorper Ban,amsterdam,POINT (114866.77120000124 486139.1671000011),POINT (4.798021457620469 52.36167577901104),4.798021457620469,52.36167577901104
8050,20220102907,2022,Uitsluitend materiele schade,2,bromfiets,fiets,Flank,"Kruispunt, 3 takken",Binnen,Unknown,Brandend,ZOAB,Droog,Duisternis,Droog,Holterbergweg,amsterdam,POINT (124288.08300000057 480538.1240000017),POINT (4.936838763993489 52.31194450520586),4.936838763993489,52.31194450520586
8051,20220103188,2022,Uitsluitend materiele schade,2,personenauto,fiets,Flank,"Kruispunt, 4 takken",Binnen,50.0,Niet brandend,Overig asfalt,Droog,Daglicht,Droog,Linnaeusstraat,amsterdam,POINT (123446.3273999989 486106.25459999964),POINT (4.923973724974468 52.361939821201105),4.923973724974468,52.361939821201105
8077,20220102419,2022,Letsel,2,personenauto,fiets,Frontaal,"Kruispunt, 4 takken",Binnen,50.0,Niet brandend,Overig asfalt,Droog,Daglicht,Droog,President Kennedylaan,amsterdam,POINT (121925.9162000008 483755.73739999905),POINT (4.9018847900627955 52.340725487753694),4.9018847900627955,52.340725487753694
8100,20220103322,2022,Letsel,2,trekker,fiets,Geparkeerd voertuig,Rechte weg,Binnen,30.0,Niet brandend,Overig asfalt,Droog,Daglicht,Droog,Van Woustraat,amsterdam,POINT (121934.88199999928 485241.7199999988),POINT (4.901870352887828 52.35408106743031),4.901870352887828,52.35408106743031
8131,20220015995,2022,Uitsluitend materiele schade,2,personenauto,e-bike,Flank,"Kruispunt, 4 takken",Binnen,50.0,Niet brandend,Overig asfalt,Droog,Daglicht,Droog,Nassaukade,amsterdam,POINT (120049.61780000106 487217.34760000184),POINT (4.873993910507227 52.37171991157909),4.873993910507227,52.37171991157909
8395,20230003997,2023,Uitsluitend materiele schade,2,fiets,voetganger,Voetganger,"Kruispunt, 3 takken",Binnen,30.0,Brandend,Klinkers,Droog,Duisternis,Droog,Bos en Lommerplein,amsterdam,POINT (118136.13010000065 487938.0854999982),POINT (4.845818422203625 52.37807223350387),4.845818422203625,52.37807223350387
8469,20230006136,2023,Uitsluitend materiele schade,2,personenauto,fiets,Flank,Rechte weg,Binnen,50.0,Brandend,Beton,Nat,Schemer,Regen,Vijzelstraat,amsterdam,POINT (121281.02199999988 486274.75400000066),POINT (4.892169693424016 52.363325531810226),4.892169693424016,52.363325531810226
8496,20230004460,2023,Uitsluitend materiele schade,1,bromfiets,unknown,Geparkeerd voertuig,Rechte weg,Binnen,50.0,Niet brandend,Beton,Droog,Daglicht,Regen,Surinameplein,amsterdam,POINT (118424.21200000122 485651.79100000113),POINT (4.8502977814607435 52.35754399886686),4.8502977814607435,52.35754399886686
8534,20230004139,2023,Letsel,2,snorfiets,fiets,Flank,"Kruispunt, 4 takken",Binnen,30.0,Brandend,Overig asfalt,Nat,Duisternis,Droog,Dapperstraat,amsterdam,POINT (123745.2034999989 486032.48330000043),POINT (4.928368161006802 52.3612938991466),4.928368161006802,52.3612938991466
8536,20230004143,2023,Uitsluitend materiele schade,2,snorfiets,fiets,Onbekend,"Kruispunt, 4 takken",Binnen,15.0,Brandend,Overig asfalt,Nat,Duisternis,Droog,Holendrechtplein,amsterdam,POINT (126230.65399999917 479161.26199999824),POINT (4.965441665682619 52.299674996822176),4.965441665682619,52.299674996822176
8933,20210028969,2021,Letsel,2,e-bike,voetganger,Voetganger,Rechte weg,Binnen,Unknown,Niet brandend,Overig asfalt,Droog,Daglicht,Droog,Vondelpark,amsterdam,POINT (119037.54800000042 485391.5460000001),POINT (4.859328569658893 52.35524559565476),4.859328569658893,52.35524559565476
9053,20210068734,2021,Letsel,2,personenauto,fiets,Onbekend,Rechte weg,Binnen,30.0,Niet brandend,Klinkers,Nat,Daglicht,Regen,Zuiderzeeweg,amsterdam,POINT (126109.33799999952 486955.6090000011),POINT (4.962994578865169 52.369719795982455),4.962994578865169,52.369719795982455
9095,20220177976,2022,Letsel,2,bromfiets,snorfiets,Kop/staart,Rechte weg,Binnen,30.0,Niet brandend,Overig asfalt,Droog,Daglicht,Droog,Ma Braunpad,amsterdam,POINT (114554.11400000006 486516.1259999983),POINT (4.793386332359569 52.365040646320786),4.793386332359569,52.365040646320786
9096,20220178000,2022,Uitsluitend materiele schade,1,fiets,unknown,Voetganger,Rechte weg,Binnen,30.0,Niet brandend,Klinkers,Nat,Daglicht,Regen,Zeeburgerdijk,amsterdam,POINT (123825.1240000017 486561.23600000143),POINT (4.929492378906315 52.36605052387003),4.929492378906315,52.36605052387003
9137,20220123209,2022,Uitsluitend materiele schade,2,bromfiets,bromfiets,Voetganger,Rechte weg,Binnen,30.0,Brandend,Overig asfalt,Droog,Duisternis,Droog,Scheldestraat,amsterdam,POINT (121181.58799999952 484292.6169999987),POINT (4.890909187409846 52.345505316319674),4.890909187409846,52.345505316319674
9159,20220177230,2022,Uitsluitend materiele schade,2,fiets,fiets,Flank,Rechte weg,Binnen,30.0,Niet brandend,Klinkers,Nat,Daglicht,Droog,Roelof Hartstraat,amsterdam,POINT (120826.57800000161 485054.63800000027),POINT (4.8856221197067855 52.35233188689021),4.8856221197067855,52.35233188689021
9161,20220177813,2022,Uitsluitend materiele schade,2,bromfiets,fiets,Flank,"Kruispunt, 4 takken",Binnen,30.0,Niet brandend,Beton,Droog,Daglicht,Droog,Sarphatistraat,amsterdam,POINT (122177.36829999834 485962.4686000012),POINT (4.905359147253445 52.360573213665894),4.905359147253445,52.360573213665894
9191,20220178159,2022,Uitsluitend materiele schade,2,personenauto,fiets,Flank,"Kruispunt, 4 takken",Binnen,30.0,Brandend,Klinkers,Droog,Duisternis,Droog,Halvemaansteeg,amsterdam,POINT (121527.95399999991 486683.0186999999),POINT (4.895754177528011 52.36700983496419),4.895754177528011,52.36700983496419
9216,20220142212,2022,Letsel,2,bromfiets,scootmobiel,Frontaal,Rechte weg,Buiten,Unknown,Niet brandend,Unknown,Droog,Daglicht,Droog,Australiëhavenweg,amsterdam,POINT (115162.10000000149 488786.8049999997),POINT (4.802043017103575 52.38549207611926),4.802043017103575,52.38549207611926
9227,20220178245,2022,Uitsluitend materiele schade,2,personenauto,fiets,Frontaal,Rotonde,Binnen,50.0,Niet brandend,Overig asfalt,Nat,Daglicht,Regen,Meeuwenlaan,amsterdam,POINT (123477.01159999892 488948.25879999995),POINT (4.924157606521756 52.3874835853413),4.924157606521756,52.3874835853413
9239,20220123461,2022,Uitsluitend materiele schade,1,fiets,unknown,Eenzijdig,Rechte weg,Binnen,30.0,Brandend,ZOAB,Droog,Daglicht,Droog,Stadionweg,amsterdam,POINT (119750.06899999827 484424.743999999),POINT (4.869888195634272 52.346602829020064),4.869888195634272,52.346602829020064
9253,20220178277,2022,Uitsluitend materiele schade,2,bestelauto,fiets,Flank,"Kruispunt, 4 takken",Binnen,30.0,Niet brandend,Klinkers,Droog,Daglicht,Droog,Frans Bastiaansestraat,amsterdam,POINT (116614.14059999958 487772.02230000123),POINT (4.823486343039743 52.37647549032837),4.823486343039743,52.37647549032837
9266,20220123595,2022,Uitsluitend materiele schade,2,personenauto,fiets,Flank,Rechte weg,Binnen,30.0,Niet brandend,Klinkers,Droog,Daglicht,Droog,Javastraat,amsterdam,POINT (124095.16600000113 486294.7710000016),POINT (4.933481527238447 52.36367097080379),4.933481527238447,52.36367097080379
9399,20220123927,2022,Letsel,1,e-bike,unknown,Eenzijdig,Unknown,Unknown,30.0,Unknown,Unknown,Unknown,Daglicht,Unknown,Damrak,amsterdam,POINT (121725.39600000158 487823.48699999973),POINT (4.898540096384547 52.37727156062918),4.898540096384547,52.37727156062918
9457,20220155483,2022,Uitsluitend materiele schade,2,bestelauto,fiets,Flank,Rechte weg,Binnen,30.0,Niet brandend,Overig asfalt,Droog,Daglicht,Droog,Van Woustraat,amsterdam,POINT (121763.02400000021 485653.19299999997),POINT (4.899307232950146 52.35776874113891),4.899307232950146,52.35776874113891
9491,20220155592,2022,Letsel,2,personenauto,fiets,Onbekend,"Kruispunt, 4 takken",Binnen,50.0,Niet brandend,Overig asfalt,Droog,Daglicht,Droog,FIETSPAD,amsterdam,POINT (122156 485445),POINT (4.905095993796829 52.355921275338254),4.905095993796829,52.355921275338254
9508,20220124105,2022,Uitsluitend materiele schade,2,fiets,personenauto,Flank,"Kruispunt, 4 takken",Binnen,30.0,Brandend,Overig asfalt,Droog,Daglicht,Droog,Ceintuurbaan,amsterdam,POINT (121889.26199999824 485321.49130000174),POINT (4.901192908937568 52.35479525138284),4.901192908937568,52.35479525138284
9700,20230058162,2023,Uitsluitend materiele schade,3,personenauto,fiets,Onbekend,Rechte weg,Binnen,50.0,Brandend,Overig asfalt,Droog,Duisternis,Droog,Albert Cuypstraat,amsterdam,POINT (120970.4459999986 485304.4849999994),POINT (4.887708401449662 52.3545862706803),4.887708401449662,52.3545862706803
9736,20230039712,2023,Uitsluitend materiele schade,2,personenauto,bromfiets,Frontaal,Rechte weg,Binnen,50.0,Brandend,Overig asfalt,Droog,Duisternis,Droog,Ruys de Beerenbrouckstr,amsterdam,POINT (115068.13699999824 488441.2989999987),POINT (4.800703979925869 52.38238013116111),4.800703979925869,52.38238013116111
9771,20230059223,2023,Letsel,2,bromfiets,fiets,Flank,"Kruispunt, 4 takken",Binnen,50.0,Brandend,Overig asfalt,Droog,Duisternis,Droog,Ookmeerweg,amsterdam,POINT (114555.96299999952 486412.78599999845),POINT (4.793425908042242 52.364112046775745),4.793425908042242,52.364112046775745
9793,20230059274,2023,Letsel,2,fiets,bromfiets,Frontaal,Rechte weg,Binnen,50.0,Brandend,ZOAB,Nat,Duisternis,Regen,Hoofddorpweg,amsterdam,POINT (118478.05700000003 484930.6770000011),POINT (4.851166439424367 52.351066730428),4.851166439424367,52.351066730428
9848,20230059791,2023,Letsel,2,bromfiets,fiets,Flank,"Kruispunt, 4 takken",Binnen,50.0,Niet brandend,Overig asfalt,Nat,Daglicht,Droog,0348 BRUG,amsterdam,POINT (118537.54309999943 484925.9448999986),POINT (4.8520400017156735 52.35102815235107),4.8520400017156735,52.35102815235107
9873,20230059407,2023,Uitsluitend materiele schade,2,personenauto,fiets,Flank,"Kruispunt, 4 takken",Binnen,50.0,Niet brandend,Beton,Droog,Daglicht,Droog,Kastrupstraat,amsterdam,POINT (117463.56940000132 489366.85539999977),POINT (4.835781905038983 52.39086730905018),4.835781905038983,52.39086730905018
9912,20230050490,2023,Letsel,5,unknown,fiets,Eenzijdig,Rechte weg,Binnen,30.0,Niet aanwezig,Klinkers,Droog,Daglicht,Droog,Fizeaustraat,amsterdam,POINT (123655.02899999917 484182.14400000125),POINT (4.927216775586677 52.34465909061215),4.927216775586677,52.34465909061215
10002,20220210895,2022,Uitsluitend materiele schade,2,personenauto,fiets,Flank,Rechte weg,Binnen,30.0,Niet brandend,ZOAB,Droog,Daglicht,Droog,Haarlemmer Houttuinen,amsterdam,POINT (121305.33300000057 488210.1970000006),POINT (4.8923325732140635 52.38072141391106),4.8923325732140635,52.38072141391106
10032,20220210918,2022,Uitsluitend materiele schade,2,personenauto,fiets,Flank,Rechte weg,Binnen,50.0,Niet brandend,Overig asfalt,Droog,Daglicht,Droog,Van Leijenberghlaan,amsterdam,POINT (120381.66099999845 482708.0879999995),POINT (4.879333377986669 52.331214813353334),4.879333377986669,52.331214813353334