,accident_id,accident_year,outcome,num_parties,party1_type,party2_type,accident_nature,road_situation,built_up_area,speed_limit_kmh,street_lighting,road_surface,road_condition,light_condition,weather_condition,street_name,municipality,shape,geometry,longitude,latitude
21181,20220141809,2022,Letsel,2,snorfiets,voetganger,Voetganger,Rechte weg,Binnen,Unknown,Niet brandend,Overig asfalt,Droog,Daglicht,Droog,Abcouderpad,amsterdam,POINT (125148.54100000113 481045.25400000066),POINT (4.9494114210320985 52.316549675880644),4.9494114210320985,52.316549675880644
21221,20220141841,2022,Uitsluitend materiele schade,2,personenauto,fiets,Flank,"Kruispunt, 4 takken",Binnen,50.0,Niet brandend,Unknown,Droog,Daglicht,Unknown,Bijlmerdreef,amsterdam,POINT (126624.59019999951 481586.14090000093),POINT (4.971012627399237 52.321489001319186),4.971012627399237,52.321489001319186
21237,20230050069,2023,Letsel,2,personenauto,e-bike,Flank,Rotonde,Binnen,50.0,Niet brandend,Overig asfalt,Droog,Daglicht,Droog,FIETSPAD,amsterdam,POINT (115194.92130000144 489336.4899000004),POINT (4.802459936577688 52.390434560102065),4.802459936577688,52.390434560102065
21248,20230059887,2023,Letsel,2,personenauto,fiets,Flank,"Kruispunt, 4 takken",Binnen,Unknown,Brandend,Overig asfalt,Droog,Duisternis,Droog,Wibautstraat,amsterdam,POINT (122409.76099999994 485909.1420000009),POINT (4.908775788043706 52.36010778599409),4.908775788043706,52.36010778599409
21292,20230058744,2023,Uitsluitend materiele schade,3,scootmobiel,fiets,Geparkeerd voertuig,Bocht,Binnen,30.0,Niet brandend,Klinkers,Droog,Daglicht,Droog,Assendelftstraat,amsterdam,POINT (120421.8200000003 489141.78400000185),POINT (4.8792610455319005 52.389038887203846),4.8792610455319005,52.389038887203846
21321,20230060011,2023,Letsel,2,bromfiets,personenauto,Flank,"Kruispunt, 4 takken",Binnen,50.0,Brandend,ZOAB,Nat,Duisternis,Droog,Piet Heinkade,amsterdam,POINT (123303.19110000134 487710.5667000003),POINT (4.921721182291018 52.37635005986095),4.921721182291018,52.37635005986095
21323,20230060014,2023,Letsel,2,motor,fiets,Kop/staart,Rechte weg,Binnen,30.0,Niet brandend,Overig asfalt,Droog,Daglicht,Droog,Vijzelgracht,amsterdam,POINT (121204.33199999854 486024.0520000011),POINT (4.8910690282396505 52.36106768270064),4.8910690282396505,52.36106768270064
21355,20230060030,2023,Letsel,2,bromfiets,bromfiets,Flank,"Kruispunt, 3 takken",Binnen,Unknown,Brandend,ZOAB,Droog,Schemer,Droog,Spaarndammerdijk,amsterdam,POINT (120357.30620000139 489432.06060000136),POINT (4.878283445808887 52.39164360521498),4.878283445808887,52.39164360521498
21356,20230060045,2023,Letsel,1,fiets,unknown,Eenzijdig,"Kruispunt, 4 takken",Binnen,50.0,Brandend,Klinkers,Droog,Duisternis,Droog,KINKERBRUG 0266,amsterdam,POINT (119116.25710000098 486427.7906999998),POINT (4.8603732945253935 52.36456376026658),4.8603732945253935,52.36456376026658
21455,20230059392,2023,Uitsluitend materiele schade,2,personenauto,bromfiets,Flank,"Kruispunt, 4 takken",Binnen,30.0,Niet brandend,Klinkers,Droog,Daglicht,Droog,Eva Besnyöstraat,amsterdam,POINT (129419.11499999836 484511.4248000011),POINT (5.011777774830903 52.34791698821829),5.011777774830903,52.34791698821829
21468,20230048764,2023,Uitsluitend materiele schade,2,personenauto,fiets,Flank,"Kruispunt, 4 takken",Binnen,50.0,Niet brandend,Overig asfalt,Droog,Daglicht,Droog,Johan Huizingalaan,amsterdam,POINT (116857 484338),POINT (4.827442196089055 52.34563005065082),4.827442196089055,52.34563005065082
21470,20230050467,2023,Uitsluitend materiele schade,2,bromfiets,fiets,Flank,"Kruispunt, 4 takken",Binnen,50.0,Niet brandend,Klinkers,Droog,Daglicht,Droog,Halvemaansteeg,amsterdam,POINT (121534.47899999842 486600.7980000004),POINT (4.895858160836321 52.36627129007089),4.895858160836321,52.36627129007089
21500,20230048814,2023,Letsel,2,bromfiets,overig vast object,Vast voorwerp,Rechte weg,Binnen,50.0,Niet brandend,Overig asfalt,Droog,Daglicht,Droog,Hobbemakade,amsterdam,POINT (120882.92500000075 485273.34600000083),POINT (4.8864269471671244 52.35430098694261),4.8864269471671244,52.35430098694261
21613,20220211580,2022,Uitsluitend materiele schade,2,bromfiets,fiets,Onbekend,Unknown,Unknown,Unknown,Unknown,Unknown,Unknown,Duisternis,Unknown,1e C Huygensstr,amsterdam,POINT (120133.75899999961 486228.48900000006),POINT (4.875331942567186 52.362838110272676),4.875331942567186,52.362838110272676
21614,20220211592,2022,Uitsluitend materiele schade,2,bromfiets,personenauto,Flank,"Kruispunt, 4 takken",Binnen,50.0,Niet brandend,Overig asfalt,Droog,Daglicht,Droog,Pretoriusstraat,amsterdam,POINT (123685.02189999819 485485.0197999999),POINT (4.927535661379873 52.35637022425164),4.927535661379873,52.35637022425164
21728,20220211716,2022,Uitsluitend materiele schade,1,fiets,unknown,Onbekend,Rechte weg,Binnen,Unknown,Brandend,Overig asfalt,Nat,Duisternis,Regen,Stationsplein,amsterdam,POINT (131653.73539999872 480406.2998000011),POINT (5.044857064093469 52.31112160398598),5.044857064093469,52.31112160398598
21729,20220212397,2022,Uitsluitend materiele schade,2,personenauto,fiets,Flank,"Kruispunt, 3 takken",Binnen,30.0,Niet brandend,Overig asfalt,Nat,Schemer,Droog,Arlandaweg,amsterdam,POINT (117437.97540000081 488814.4395999983),POINT (4.835467725873546 52.385900889472026),4.835467725873546,52.385900889472026
21765,20220211752,2022,Uitsluitend materiele schade,2,personenauto,fiets,Flank,"Kruispunt, 4 takken",Binnen,50.0,Brandend,Overig asfalt,Droog,Duisternis,Droog,Beukenplein,amsterdam,POINT (123027.68019999936 485600.55420000106),POINT (4.917875951841725 52.357370712191106),4.917875951841725,52.357370712191106
21797,20220210378,2022,Letsel,2,personenauto,fiets,Flank,"Kruispunt, 4 takken",Binnen,50.0,Brandend,Overig asfalt,Nat,Duisternis,Regen,Meer en Vaart,amsterdam,POINT (115710.97839999944 485311.34329999983),POINT (4.810511078278774 52.35429697724649),4.810511078278774,52.35429697724649
21799,20220211109,2022,Letsel,2,personenauto,fiets,Flank,"Kruispunt, 3 takken",Binnen,50.0,Niet brandend,Overig asfalt,Droog,Daglicht,Droog,Dollardpad,amsterdam,POINT (124614.04050000012 490184.5223999992),POINT (4.940747250630038 52.39865838013339),4.940747250630038,52.39865838013339
21840,20220210416,2022,Letsel,2,personenauto,fiets,Frontaal,Rechte weg,Binnen,30.0,Niet brandend,Klinkers,Droog,Daglicht,Droog,Maasstraat,amsterdam,POINT (121464.67000000179 484268.23999999836),POINT (4.895065779376477 52.34530357852337),4.895065779376477,52.34530357852337
21841,20220211187,2022,Uitsluitend materiele schade,2,motor,fiets,Flank,"Kruispunt, 3 takken",Binnen,50.0,Niet brandend,ZOAB,Nat,Daglicht,Droog,'s-Gravesandeplein,amsterdam,POINT (122940.02199999988 485830.4840000011),POINT (4.916567324904368 52.35943206167372),4.916567324904368,52.35943206167372
22050,20220212135,2022,Uitsluitend materiele schade,3,bestelauto,fiets,Onbekend,Rechte weg,Binnen,30.0,Niet brandend,Overig asfalt,Unknown,Daglicht,Unknown,Westerstraat,amsterdam,POINT (120743.78700000048 487964.4140000008),POINT (4.884110538950713 52.3784777450551),4.884110538950713,52.3784777450551
22084,20220211504,2022,Letsel,2,bromfiets,fiets,Onbekend,Rechte weg,Binnen,50.0,Brandend,Unknown,Nat,Duisternis,Regen,Piet Heinkade,amsterdam,POINT (123183.61100000143 487736.6030000001),POINT (4.919962680799655 52.37657714037732),4.919962680799655,52.37657714037732
22401,20230111142,2023,Uitsluitend materiele schade,2,bromfiets,personenauto,Flank,"Kruispunt, 4 takken",Binnen,50.0,Brandend,Overig asfalt,Nat,Duisternis,Droog,'s-Gravesandeplein,amsterdam,POINT (122844.68939999864 485763.2030000016),POINT (4.915174330457603 52.358821812758784),4.915174330457603,52.358821812758784
22453,20230024242,2023,Uitsluitend materiele schade,2,personenauto,fiets,Flank,"Kruispunt, 4 takken",Binnen,30.0,Niet brandend,Overig asfalt,Nat,Daglicht,Regen,Burg Van de Pollstraat,amsterdam,POINT (117244.31370000169 487580.8478000015),POINT (4.832761850635853 52.374801058886376),4.832761850635853,52.374801058886376
22465,20230066847,2023,Uitsluitend materiele schade,2,bromfiets,bromfiets,Flank,"Kruispunt, 4 takken",Binnen,50.0,Niet aanwezig,Overig asfalt,Droog,Daglicht,Droog,Rombout Hogerbeetsstraat,amsterdam,POINT (119898.433699999 487573.30270000175),POINT (4.871736837259852 52.37490933186118),4.871736837259852,52.37490933186118
22469,20230067103,2023,Uitsluitend materiele schade,2,bestelauto,fiets,Flank,Rechte weg,Binnen,50.0,Niet brandend,ZOAB,Nat,Daglicht,Droog,Wibautstraat,amsterdam,POINT (123053.9840000011 484669.5549999997),POINT (4.918350456488574 52.34900502357105),4.918350456488574,52.34900502357105
22472,20230067782,2023,Uitsluitend materiele schade,1,fiets,unknown,Onbekend,"Kruispunt, 4 takken",Binnen,50.0,Niet brandend,Klinkers,Nat,Daglicht,Droog,Javastraat,amsterdam,POINT (123958.52950000018 486268.7708999999),POINT (4.9314779882375 52.36342959441278),4.9314779882375,52.36342959441278
22489,20230024310,2023,Uitsluitend materiele schade,2,bromfiets,personenauto,Flank,Rotonde,Binnen,50.0,Niet brandend,ZOAB,Droog,Daglicht,Droog,Burgemeester Röellstraat,amsterdam,POINT (116272 487690),POINT (4.818471504801881 52.37571431347062),4.818471504801881,52.37571431347062
22636,20230036832,2023,Uitsluitend materiele schade,2,snorfiets,bestelauto,Flank,"Kruispunt, 4 takken",Binnen,50.0,Niet brandend,Overig asfalt,Nat,Daglicht,Droog,Burg De Vlugtlaan,amsterdam,POINT (116838.40210000053 488211.5533000007),POINT (4.82672967679947 52.380441277188844),4.82672967679947,52.380441277188844
22640,20230067967,2023,Uitsluitend materiele schade,2,snorfiets,fiets,Flank,"Kruispunt, 4 takken",Binnen,50.0,Niet brandend,Unknown,Nat,Daglicht,Droog,Schubertstraat,amsterdam,POINT (120296.60799999908 484459.1004000008),POINT (4.877905167829179 52.34694638587078),4.877905167829179,52.34694638587078
22722,20230020537,2023,Uitsluitend materiele schade,2,bromfiets,personenauto,Onbekend,"Kruispunt, 3 takken",Binnen,50.0,Brandend,ZOAB,Droog,Schemer,Droog,Koos Vorrinkweg,amsterdam,POINT (114974.34690000117 485133.3445000015),POINT (4.799720351004015 52.35264409278544),4.799720351004015,52.35264409278544
22808,20230078527,2023,Letsel,2,bestelauto,fiets,Eenzijdig,"Kruispunt, 3 takken",Binnen,50.0,Unknown,Unknown,Droog,Daglicht,Droog,C. van Eesterenlaan,amsterdam,POINT (124437.25230000168 486837.9776000008),POINT (4.9384542697809275 52.36857209882662),4.9384542697809275,52.36857209882662
22940,20230078160,2023,Uitsluitend materiele schade,2,bromfiets,bromfiets,Flank,"Kruispunt, 4 takken",Binnen,30.0,Niet brandend,Klinkers,Droog,Daglicht,Droog,Piet Mondriaanstraat,amsterdam,POINT (117759.14189999923 486585.3691999987),POINT (4.840432063365826 52.36588961809934),4.840432063365826,52.36588961809934
23064,20230086465,2023,Letsel,2,personenauto,fiets,Onbekend,"Kruispunt, 4 takken",Binnen,50.0,Niet brandend,Overig asfalt,Droog,Schemer,Droog,Haarlemmerweg,amsterdam,POINT (117356.95019999892 488679.431499999),POINT (4.834292756512104 52.384681994243785),4.834292756512104,52.384681994243785
23102,20230102677,2023,Uitsluitend materiele schade,2,personenauto,fiets,Flank,"Kruispunt, 3 takken",Binnen,50.0,Brandend,Klinkers,Nat,Duisternis,Regen,Kastanjelaan,amsterdam,POINT (130999.20450000092 480311.3392999992),POINT (5.035266025298023 52.31023998070264),5.035266025298023,52.31023998070264
23269,20230097387,2023,Uitsluitend materiele schade,2,bestelauto,fiets,Flank,"Kruispunt, 4 takken",Binnen,50.0,Niet brandend,Overig asfalt,Droog,Daglicht,Droog,Bilderdijkstraat,amsterdam,POINT (119925.01399999857 486726.9578999989),POINT (4.872215470413642 52.3673047008607),4.872215470413642,52.3673047008607
23290,20210087341,2021,Uitsluitend materiele schade,2,personenauto,fiets,Flank,"Kruispunt, 4 takken",Binnen,Unknown,Niet brandend,ZOAB,Droog,Daglicht,Droog,Albert Cuypstraat,amsterdam,POINT (121151.86890000105 485346.85269999877),POINT (4.890367021408049 52.35497824944599),4.890367021408049,52.35497824944599
23305,20210084457,2021,Uitsluitend materiele schade,2,personenauto,fiets,Flank,Rotonde,Binnen,50.0,Brandend,Overig asfalt,Droog,Duisternis,Droog,Gooiseweg,amsterdam,POINT (126343.34800000116 480563.0329999998),POINT (4.9669746350790005 52.312279272168354),4.9669746350790005,52.312279272168354
23306,20210084461,2021,Uitsluitend materiele schade,2,personenauto,fiets,Flank,"Kruispunt, 4 takken",Binnen,50.0,Brandend,Beton,Nat,Schemer,Regen,Linnaeusstraat,amsterdam,POINT (123532.69700000063 485895.2987000011),POINT (4.925261391050785 52.360048841786565),4.925261391050785,52.360048841786565
23343,20210083084,2021,Uitsluitend materiele schade,2,personenauto,fiets,Flank,Rotonde,Binnen,50.0,Niet brandend,Overig asfalt,Nat,Daglicht,Droog,Gooiseweg,amsterdam,POINT (125954.51099999994 481260.9670000002),POINT (4.961212634606833 52.318531536348566),4.961212634606833,52.318531536348566
23366,20210075830,2021,Uitsluitend materiele schade,2,bromfiets,fiets,Flank,"Kruispunt, 4 takken",Binnen,50.0,Brandend,Overig asfalt,Droog,Duisternis,Droog,Wijttenbachstraat,amsterdam,POINT (123888.11129999906 486035.0342000015),POINT (4.930465819285362 52.36132493717997),4.930465819285362,52.36132493717997
23378,20210087362,2021,Uitsluitend materiele schade,2,bromfiets,fiets,Flank,"Kruispunt, 4 takken",Binnen,50.0,Brandend,Beton,Nat,Duisternis,Regen,Willem de Zwijgerlaan,amsterdam,POINT (119323.05900000036 487127.9290000014),POINT (4.863335056278083 52.37086956125721),4.863335056278083,52.37086956125721
23380,20210087386,2021,Letsel,2,motor,fiets,Frontaal,Rechte weg,Binnen,30.0,Niet brandend,Overig asfalt,Droog,Daglicht,Droog,Vreeswijkpad,amsterdam,POINT (127392.45899999887 478982.7719999999),POINT (4.982488067590598 52.298130323147355),4.982488067590598,52.298130323147355
23428,20210079466,2021,Uitsluitend materiele schade,2,personenauto,bromfiets,Flank,Rechte weg,Binnen,30.0,Brandend,Klinkers,Nat,Duisternis,Regen,Anton de Komplein,amsterdam,POINT (125725.29699999839 481063.20899999887),POINT (4.9578681652858485 52.316742043280186),4.9578681652858485,52.316742043280186
23448,20210087211,2021,Letsel,1,fiets,unknown,Eenzijdig,Rechte weg,Binnen,50.0,Niet brandend,Klinkers,Droog,Daglicht,Droog,Prinsengracht,amsterdam,POINT (120613.01700000092 486836.68200000003),POINT (4.8823054784090925 52.36833432991914),4.8823054784090925,52.36833432991914
23449,20210087293,2021,Uitsluitend materiele schade,2,bromfiets,personenauto,Onbekend,Rechte weg,Binnen,50.0,Unknown,Unknown,Droog,Schemer,Droog,Marnixstraat,amsterdam,POINT (120156.70300000161 487265.5370000005),POINT (4.875561290763485 52.372159807784456),4.875561290763485,52.372159807784456
23500,20210019547,2021,Uitsluitend materiele schade,2,fiets,fiets,Onbekend,Rechte weg,Buiten,50.0,Niet aanwezig,Overig asfalt,Droog,Daglicht,Droog,Durgerdammergouw,amsterdam,POINT (128792.91000000015 488575.08199999854),POINT (5.0022710348813675 52.384409236904325),5.0022710348813675,52.384409236904325
23538,20210013253,2021,Letsel,2,snorfiets,personenauto,Onbekend,"Kruispunt, 4 takken",Binnen,50.0,Brandend,Overig asfalt,Nat,Duisternis,Droog,Tussen Meer,amsterdam,POINT (114989.5390000008 485756.1196000017),POINT (4.7998692512885155 52.35824220996628),4.7998692512885155,52.35824220996628
23565,20210028242,2021,Uitsluitend materiele schade,1,snorfiets,unknown,Voetganger,Rechte weg,Binnen,50.0,Niet brandend,Overig asfalt,Droog,Daglicht,Droog,Amstelveenseweg,amsterdam,POINT (118803.17399999872 485188.9620000012),POINT (4.855910243727339 52.35340952485037),4.855910243727339,52.35340952485037
23656,20210021728,2021,Uitsluitend materiele schade,3,scootmobiel,bromfiets,Kop/staart,Rechte weg,Binnen,50.0,Niet brandend,Overig asfalt,Droog,Daglicht,Droog,Nassaukade,amsterdam,POINT (120201.82999999821 486842.8370000012),POINT (4.876267674084931 52.368363747450786),4.876267674084931,52.368363747450786
23705,20210002928,2021,Uitsluitend materiele schade,1,bromfiets,unknown,Eenzijdig,Rechte weg,Binnen,50.0,Niet brandend,Klinkers,Sneeuw/ijzel,Daglicht,Regen,Heinzestraat,amsterdam,POINT (120211.3599999994 485093.77699999884),POINT (4.8765885202981245 52.35264503382408),4.8765885202981245,52.35264503382408
23719,20210018632,2021,Letsel,2,personenauto,bromfiets,Flank,"Kruispunt, 4 takken",Binnen,50.0,Niet brandend,ZOAB,Nat,Daglicht,Droog,Burg Van de Pollstraat,amsterdam,POINT (117244.31370000169 487580.8478000015),POINT (4.832761850635853 52.374801058886376),4.832761850635853,52.374801058886376
23730,20210033830,2021,Letsel,2,e-bike,e-bike,Frontaal,Rechte weg,Binnen,Unknown,Niet brandend,Overig asfalt,Droog,Daglicht,Droog,Klaprozenweg,amsterdam,POINT (122124.98299999908 490329.5993000008),POINT (4.9041628243968605 52.39981874863832),4.9041628243968605,52.39981874863832
23846,20210015625,2021,Uitsluitend materiele schade,2,bromfiets,personenauto,Kop/staart,"Kruispunt, 4 takken",Binnen,50.0,Niet aanwezig,Klinkers,Droog,Daglicht,Droog,Lekstraat,amsterdam,POINT (121897.4224999994 484106.80530000106),POINT (4.9014321747339675 52.34387894430356),4.9014321747339675,52.34387894430356
23860,20210031661,2021,Letsel,2,bromfiets,personenauto,Flank,"Kruispunt, 4 takken",Binnen,30.0,Brandend,Overig asfalt,Nat,Duisternis,Regen,Akbarstraat,amsterdam,POINT (117856.7809999995 488119.4461000003),POINT (4.841696005975023 52.37968333392889),4.841696005975023,52.37968333392889
23966,20210059435,2021,Uitsluitend materiele schade,2,bestelauto,fiets,Flank,"Kruispunt, 3 takken",Binnen,50.0,Niet aanwezig,Overig asfalt,Droog,Daglicht,Droog,J.H. Hisgenpad,amsterdam,POINT (123659.15729999915 490375.15150000155),POINT (4.926699897250873 52.4003179104847),4.926699897250873,52.4003179104847
23967,20210059436,2021,Uitsluitend materiele schade,2,personenauto,fiets,Frontaal,"Kruispunt, 3 takken",Binnen,50.0,Brandend,Overig asfalt,Droog,Duisternis,Droog,Akoleienstraat,amsterdam,POINT (120351 487339),POINT (4.878406689109745 52.37283233374779),4.878406689109745,52.37283233374779
24019,20210050859,2021,Uitsluitend materiele schade,2,personenauto,fiets,Flank,Rechte weg,Binnen,30.0,Niet brandend,Klinkers,Droog,Daglicht,Droog,Achtergracht,amsterdam,POINT (131245.9699999988 480042.30900000036),POINT (5.038903379740536 52.30783276860048),5.038903379740536,52.30783276860048
24052,20210055042,2021,Letsel,1,bromfiets,unknown,Eenzijdig,Rechte weg,Binnen,50.0,Brandend,Overig asfalt,Nat,Duisternis,Unknown,Postjesweg,amsterdam,POINT (117735.20100000128 486385.8110000007),POINT (4.84010269447167 52.36409451611622),4.84010269447167,52.36409451611622
24084,20210058388,2021,Uitsluitend materiele schade,2,personenauto,fiets,Onbekend,"Kruispunt, 3 takken",Binnen,30.0,Brandend,Klinkers,Droog,Duisternis,Droog,Dr Jan van Breemenstraat,amsterdam,POINT (118003.36160000041 487172.02120000124),POINT (4.843952991541236 52.37117850651434),4.843952991541236,52.37117850651434
24129,20210071671,2021,Uitsluitend materiele schade,2,bromfiets,bestelauto,Flank,Rotonde,Binnen,50.0,Niet brandend,Overig asfalt,Droog,Daglicht,Droog,Cornelis Lelylaan,amsterdam,POINT (116880.95109999925 485654.25019999966),POINT (4.827644548055057 52.357461185536884),4.827644548055057,52.357461185536884
24161,20210057941,2021,Letsel,2,fiets,fiets,Frontaal,Rechte weg,Binnen,30.0,Niet brandend,Overig asfalt,Droog,Daglicht,Droog,De Ruijterkade,amsterdam,POINT (122378.30900000036 487910.06700000167),POINT (4.9081199173825745 52.37808886019767),4.9081199173825745,52.37808886019767
24216,20210045639,2021,Uitsluitend materiele schade,2,snorfiets,fiets,Onbekend,Rechte weg,Binnen,30.0,Brandend,Overig asfalt,Nat,Schemer,Droog,Derde Kostverlorenkade,amsterdam,POINT (118804.39200000092 485776.1240000017),POINT (4.8558649417434525 52.35868659362908),4.8558649417434525,52.35868659362908
24239,20210072644,2021,Letsel,2,personenauto,bromfiets,Frontaal,"Kruispunt, 4 takken",Binnen,Unknown,Niet brandend,Overig asfalt,Droog,Daglicht,Droog,Haarlemmerweg,amsterdam,POINT (119009.07360000163 488697.01110000163),POINT (4.858556708729029 52.384950793898206),4.858556708729029,52.384950793898206
24282,20210048139,2021,Uitsluitend materiele schade,2,personenauto,snorfiets,Flank,Rotonde,Binnen,50.0,Niet brandend,Overig asfalt,Droog,Daglicht,Droog,OOSTOEVER NOORDZIJDE,amsterdam,POINT (117123.34789999947 487144.7884999998),POINT (4.831034690020746 52.37087376784198),4.831034690020746,52.37087376784198
24349,20210042652,2021,Uitsluitend materiele schade,2,bromfiets,personenauto,Onbekend,Unknown,Unknown,30.0,Unknown,Unknown,Unknown,Daglicht,Unknown,Oudezijds Voorburgwal,amsterdam,POINT (121662.71200000122 487410.1620000005),POINT (4.897660565828533 52.37355308625958),4.897660565828533,52.37355308625958
24370,20210065560,2021,Uitsluitend materiele schade,2,personenauto,fiets,Flank,Rechte weg,Binnen,50.0,Niet brandend,ZOAB,Nat,Daglicht,Regen,Amsteldijk,amsterdam,POINT (122154.5 485449),POINT (4.905073585894549 52.35595713500371),4.905073585894549,52.35595713500371
24440,20210071182,2021,Letsel,1,bromfiets,unknown,Eenzijdig,Rechte weg,Binnen,50.0,Brandend,Overig asfalt,Nat,Schemer,Regen,Rijnstraat,amsterdam,POINT (122178.87299999967 484312.66600000113),POINT (4.905542176560324 52.34574596704298),4.905542176560324,52.34574596704298
24575,20219087339,2021,Uitsluitend materiele schade,1,fiets,unknown,Flank,"Kruispunt, 3 takken",Binnen,Unknown,Unknown,Overig asfalt,Nat,Daglicht,Droog,Plesmanlaan,amsterdam,POINT (115267.53599999845 484763.2349999994),POINT (4.804067178637002 52.349339116210025),4.804067178637002,52.349339116210025
24916,20219028757,2021,Uitsluitend materiele schade,2,snorfiets,fiets,Kop/staart,"Kruispunt, 4 takken",Binnen,Unknown,Niet brandend,Klinkers,Droog,Daglicht,Droog,Kinkerstraat,amsterdam,POINT (120204.75600000098 486839.66800000146),POINT (4.876310962492559 52.3683354521464),4.876310962492559,52.3683354521464
24995,20210090367,2021,Uitsluitend materiele schade,2,snorfiets,bromfiets,Flank,"Kruispunt, 4 takken",Binnen,50.0,Niet aanwezig,Overig asfalt,Droog,Schemer,Droog,Haarlemmerweg,amsterdam,POINT (116290.81799999997 488675.3680000007),POINT (4.818634306992901 52.38457132921094),4.818634306992901,52.38457132921094
25017,20220080463,2022,Uitsluitend materiele schade,2,fiets,fiets,Frontaal,Rechte weg,Binnen,50.0,Brandend,Klinkers,Droog,Duisternis,Droog,Herengracht,amsterdam,POINT (121165.09499999881 486546.0469999984),POINT (4.8904405099231605 52.36575659560682),4.8904405099231605,52.36575659560682
25053,20220081404,2022,Letsel,2,e-bike,boom,Vast voorwerp,Rechte weg,Binnen,15.0,Brandend,Overig asfalt,Droog,Duisternis,Droog,Molukkenstraat,amsterdam,POINT (124541.13599999994 485971.9050000012),POINT (4.940057990722529 52.36079416817566),4.940057990722529,52.36079416817566
25153,20220080945,2022,Uitsluitend materiele schade,2,bromfiets,fiets,Flank,Rechte weg,Buiten,50.0,Niet brandend,Overig asfalt,Droog,Daglicht,Droog,Radarweg,amsterdam,POINT (117464.44200000167 489913.3720000014),POINT (4.8357336221240885 52.395779015220235),4.8357336221240885,52.395779015220235
25242,20220036043,2022,Uitsluitend materiele schade,2,bestelauto,fiets,Frontaal,"Kruispunt, 4 takken",Binnen,30.0,Brandend,Klinkers,Nat,Duisternis,Unknown,Rijswijkstraat,amsterdam,POINT (117773.33929999918 484825.75349999964),POINT (4.840835251320664 52.350076462023225),4.840835251320664,52.350076462023225
25341,20220054499,2022,Letsel,3,e-bike,fiets,Onbekend,Rechte weg,Binnen,30.0,Niet brandend,Klinkers,Droog,Daglicht,Droog,Amstel,amsterdam,POINT (121454.97500000149 486686.86199999973),POINT (4.894682324769206 52.3670399234467),4.894682324769206,52.3670399234467
25344,20220055718,2022,Uitsluitend materiele schade,1,bromfiets,unknown,Flank,"Kruispunt, 4 takken",Binnen,50.0,Brandend,Klinkers,Droog,Schemer,Unknown,Surinameplein,amsterdam,POINT (118352.61499999836 485718.2190000005),POINT (4.849239595326521 52.358136233650725),4.849239595326521,52.358136233650725
25373,20220054664,2022,Uitsluitend materiele schade,2,fiets,personenauto,Flank,"Kruispunt, 3 takken",Binnen,50.0,Niet brandend,Overig asfalt,Droog,Daglicht,Droog,L. van Sonsbeeckstraat,amsterdam,POINT (114957.32339999825 485857.3449999988),POINT (4.799384313513605 52.35914959593918),4.799384313513605,52.35914959593918
25427,20220102347,2022,Letsel,2,fiets,voetganger,Voetganger,Rechte weg,Binnen,Unknown,Niet brandend,Overig asfalt,Droog,Daglicht,Droog,Jodenbreestraat,amsterdam,POINT (121934.8350000009 486943.24500000104),POINT (4.901702367901421 52.369373214864645),4.901702367901421,52.369373214864645
25433,20220015381,2022,Uitsluitend materiele schade,2,personenauto,fiets,Flank,Bocht,Binnen,50.0,Niet brandend,Overig asfalt,Droog,Daglicht,Droog,Pontanusstraat,amsterdam,POINT (123895.82899999991 486118.2879999988),POINT (4.930571415683507 52.36207360530826),4.930571415683507,52.36207360530826
25477,20220054963,2022,Letsel,2,fiets,voetganger,Voetganger,Rechte weg,Binnen,30.0,Brandend,Overig asfalt,Droog,Duisternis,Droog,2e Hugo de Grootstraat,amsterdam,POINT (119832.35099999979 487591.7899999991),POINT (4.870764514073827 52.37507125370353),4.870764514073827,52.37507125370353
25564,20230066522,2023,Uitsluitend materiele schade,1,fiets,unknown,Onbekend,Unknown,Unknown,Unknown,Unknown,Unknown,Unknown,Daglicht,Unknown,Willemsstraat,amsterdam,POINT (120781.45100000128 488272.53599999845),POINT (4.884632278429857 52.381249268832995),4.884632278429857,52.381249268832995
25951,20230078525,2023,Dodelijk,2,fiets,bus,Onbekend,"Kruispunt, 4 takken",Binnen,50.0,Niet brandend,Overig asfalt,Droog,Daglicht,Droog,Prins Hendrikkade,amsterdam,POINT (122551.39339999855 487216.3929999992),POINT (4.910728738772377 52.37186485611704),4.910728738772377,52.37186485611704
25977,20230088310,2023,Dodelijk,2,bromfiets,voetganger,Voetganger,Rechte weg,Binnen,50.0,Niet brandend,Overig asfalt,Droog,Daglicht,Droog,Rustenburgerstraat,amsterdam,POINT (121216.34769999981 484949.9483000003),POINT (4.891353289119221 52.351415109399326),4.891353289119221,52.351415109399326
26224,20210039190,2021,Letsel,2,e-bike,fiets,Flank,Rechte weg,Binnen,50.0,Niet aanwezig,Overig asfalt,Droog,Daglicht,Droog,Churchill-laan,amsterdam,POINT (121036.32699999958 484508.4930000007),POINT (4.888755732347428 52.34743650804363),4.888755732347428,52.34743650804363