,accident_id,accident_year,outcome,num_parties,party1_type,party2_type,accident_nature,road_situation,built_up_area,speed_limit_kmh,street_lighting,road_surface,road_condition,light_condition,weather_condition,street_name,municipality,shape,geometry,longitude,latitude
26273,20230004327,2023,Letsel,2,fiets,fiets,Flank,Rechte weg,Binnen,50.0,Niet brandend,Overig asfalt,Droog,Daglicht,Droog,Rozenstraat,amsterdam,POINT (120572.5850000009 487349.98999999836),POINT (4.881659270620872 52.37294504065738),4.881659270620872,52.37294504065738
26282,20210090377,2021,Letsel,3,personenauto,fiets,Geparkeerd voertuig,Rechte weg,Binnen,50.0,Brandend,Overig asfalt,Droog,Duisternis,Droog,Haarlemmerweg,amsterdam,POINT (120343.68299999833 488750.05700000003),POINT (4.878153701703012 52.38551341165871),4.878153701703012,52.38551341165871
26339,20210065106,2021,Letsel,1,fiets,unknown,Eenzijdig,"Kruispunt, 4 takken",Binnen,30.0,Niet brandend,Overig asfalt,Droog,Daglicht,Droog,Frederiksplein,amsterdam,POINT (121774.99830000103 486013.9188000001),POINT (4.899447367725417 52.36101142438511),4.899447367725417,52.36101142438511
26398,20210056651,2021,Letsel,2,e-bike,e-bike,Frontaal,"Kruispunt, 4 takken",Binnen,50.0,Brandend,Overig asfalt,Droog,Duisternis,Unknown,Blauwhoedenveem,amsterdam,POINT (122936.74199999869 487791.8420000002),POINT (4.916332116306301 52.377059230259896),4.916332116306301,52.377059230259896
26435,20210045948,2021,Letsel,2,snorfiets,personenauto,Flank,Rechte weg,Binnen,50.0,Niet brandend,Overig asfalt,Droog,Daglicht,Droog,Distelweg,amsterdam,POINT (122437.03000000119 489345.43400000036),POINT (4.908843122488999 52.39099240010511),4.908843122488999,52.39099240010511
26453,20210092811,2021,Letsel,2,bestelauto,bromfiets,Flank,"Kruispunt, 3 takken",Buiten,70.0,Niet brandend,Overig asfalt,Droog,Daglicht,Droog,Verlengde Stellingweg,amsterdam,POINT (120260.1975999996 493288.8797999993),POINT (4.87645752436929 52.426299493373115),4.87645752436929,52.426299493373115
26493,20220177062,2022,Letsel,2,motor,fiets,Flank,Rechte weg,Binnen,50.0,Brandend,Unknown,Droog,Duisternis,Droog,Spaklerweg,amsterdam,POINT (123051.16699999943 484039.131000001),POINT (4.9183689563742785 52.34333900861394),4.9183689563742785,52.34333900861394
26531,20220178111,2022,Uitsluitend materiele schade,2,personenauto,fiets,Geparkeerd voertuig,Rechte weg,Binnen,50.0,Niet brandend,ZOAB,Nat,Daglicht,Droog,Ceintuurbaan,amsterdam,POINT (121317.03299999982 485132.77899999917),POINT (4.892812716135894 52.35306444999656),4.892812716135894,52.35306444999656
26564,20220177841,2022,Uitsluitend materiele schade,2,bestelauto,bromfiets,Kop/staart,"Kruispunt, 4 takken",Binnen,50.0,Brandend,Overig asfalt,Nat,Duisternis,Regen,Hobbemakade,amsterdam,POINT (120852.6363000013 485035.10990000144),POINT (4.886006559589672 52.352158001654814),4.886006559589672,52.352158001654814
26574,20220123386,2022,Letsel,2,bromfiets,personenauto,Flank,"Kruispunt, 4 takken",Binnen,30.0,Niet aanwezig,Klinkers,Nat,Daglicht,Droog,Marco Polostraat,amsterdam,POINT (118863.65190000087 486579.0208999999),POINT (4.856648542712502 52.36590634481794),4.856648542712502,52.36590634481794
26604,20220177897,2022,Uitsluitend materiele schade,3,bromfiets,personenauto,Onbekend,"Kruispunt, 3 takken",Binnen,50.0,Niet brandend,Beton,Nat,Daglicht,Regen,Hogewerf,amsterdam,POINT (120401.00459999964 483012.9351999983),POINT (4.8795858326842625 52.333955798875046),4.8795858326842625,52.333955798875046
26605,20220177923,2022,Uitsluitend materiele schade,2,bromfiets,personenauto,Flank,Rechte weg,Binnen,50.0,Niet brandend,Overig asfalt,Nat,Daglicht,Regen,Jan Evertsenstraat,amsterdam,POINT (118610.4459999986 487085.38500000164),POINT (4.852876303340045 52.370440449511406),4.852876303340045,52.370440449511406
26861,20220155504,2022,Uitsluitend materiele schade,2,snorfiets,fiets,Frontaal,Bocht,Binnen,30.0,Niet brandend,Overig asfalt,Droog,Daglicht,Droog,Overschiestraat,amsterdam,POINT (117644.62000000104 484184.6860000007),POINT (4.839017301511994 52.344306276992434),4.839017301511994,52.344306276992434
26884,20220124057,2022,Letsel,2,motor,fiets,Flank,Rechte weg,Binnen,50.0,Niet brandend,Overig asfalt,Droog,Daglicht,Droog,Linnaeusstraat,amsterdam,POINT (123649.32800000161 485609.1009999998),POINT (4.927000167250927 52.357483350519466),4.927000167250927,52.357483350519466
26924,20220141515,2022,Letsel,2,motor,fiets,Flank,"Kruispunt, 4 takken",Binnen,50.0,Niet brandend,ZOAB,Droog,Daglicht,Droog,Wibautstraat,amsterdam,POINT (122541.01099999994 485490.41800000146),POINT (4.910742896172171 52.35635234335688),4.910742896172171,52.35635234335688
27012,20220124237,2022,Uitsluitend materiele schade,2,personenauto,e-bike,Flank,"Kruispunt, 4 takken",Binnen,50.0,Niet brandend,Overig asfalt,Nat,Daglicht,Regen,Molukkenstraat,amsterdam,POINT (124498.82339999825 486389.1565999985),POINT (4.9393990017219735 52.36454180991482),4.9393990017219735,52.36454180991482
27023,20220141874,2022,Uitsluitend materiele schade,2,personenauto,fiets,Flank,Rechte weg,Buiten,Unknown,Niet brandend,Overig asfalt,Droog,Daglicht,Droog,Holterbergweg,amsterdam,POINT (124525.43600000069 480120.9679999985),POINT (4.940356950711218 52.3082085350318),4.940356950711218,52.3082085350318
27080,20230058742,2023,Uitsluitend materiele schade,2,fiets,bromfiets,Flank,Rechte weg,Binnen,50.0,Niet brandend,Overig asfalt,Droog,Daglicht,Droog,IJburglaan,amsterdam,POINT (127454.81199999899 486083.0320000015),POINT (4.98282154986992 52.36194673107993),4.98282154986992,52.36194673107993
27123,20230060032,2023,Uitsluitend materiele schade,3,overig wegmeubilair,fiets,Flank,Rechte weg,Binnen,50.0,Niet brandend,Unknown,Nat,Daglicht,Regen,Amstelveenseweg,amsterdam,POINT (118888.80600000173 482102.4470000006),POINT (4.857498144099965 52.32567569266292),4.857498144099965,52.32567569266292
27195,20230050360,2023,Uitsluitend materiele schade,1,bromfiets,unknown,Onbekend,Bocht,Binnen,50.0,Niet brandend,Overig asfalt,Nat,Daglicht,Regen,Amstelveenseweg,amsterdam,POINT (118758.21909999847 485674.4382000007),POINT (4.855198123772539 52.3577696713262),4.855198123772539,52.3577696713262
27219,20230059764,2023,Uitsluitend materiele schade,2,personenauto,fiets,Flank,Rotonde,Binnen,50.0,Niet brandend,ZOAB,Droog,Daglicht,Droog,Jan Tooropstraat,amsterdam,POINT (117541.6548999995 486995.7435999997),POINT (4.837193323345367 52.36956295951539),4.837193323345367,52.36956295951539
27220,20230059770,2023,Letsel,3,bestelauto,fiets,Eenzijdig,Rechte weg,Binnen,30.0,Niet brandend,Overig asfalt,Droog,Daglicht,Droog,Bronckhorststraat,amsterdam,POINT (120478.06100000069 485106.54399999976),POINT (4.880501608824894 52.352776596167196),4.880501608824894,52.352776596167196
27335,20230050568,2023,Uitsluitend materiele schade,2,bromfiets,personenauto,Flank,"Kruispunt, 3 takken",Binnen,50.0,Niet brandend,Overig asfalt,Nat,Daglicht,Regen,De Cuserstraat,amsterdam,POINT (118997.24029999971 481869.4373999983),POINT (4.859113572424516 52.32358866679159),4.859113572424516,52.32358866679159
27347,20230040672,2023,Uitsluitend materiele schade,2,bromfiets,personenauto,Flank,"Kruispunt, 4 takken",Binnen,50.0,Niet brandend,Overig asfalt,Droog,Daglicht,Droog,Radarweg,amsterdam,POINT (117451.67749999836 489691.0789999999),POINT (4.835570957901807 52.39378035401911),4.835570957901807,52.39378035401911
27431,20220210919,2022,Uitsluitend materiele schade,2,personenauto,fiets,Flank,"Kruispunt, 4 takken",Binnen,Unknown,Niet brandend,Overig asfalt,Droog,Daglicht,Unknown,Marnixstraat,amsterdam,POINT (120329.2864000015 486892.3123999983),POINT (4.8781339249591325 52.36881645776949),4.8781339249591325,52.36881645776949
27471,20220210947,2022,Uitsluitend materiele schade,2,personenauto,fiets,Flank,"Kruispunt, 4 takken",Binnen,50.0,Niet brandend,ZOAB,Droog,Daglicht,Droog,Stadionweg,amsterdam,POINT (119002.46449999884 484288.4321000017),POINT (4.858931627338862 52.34532929072533),4.858931627338862,52.34532929072533
27472,20220210982,2022,Letsel,2,fiets,scootmobiel,Frontaal,"Kruispunt, 4 takken",Binnen,50.0,Niet brandend,Beton,Nat,Daglicht,Regen,Middenweg,amsterdam,POINT (124394.77479999885 484670.3696999997),POINT (4.938027825308381 52.34908865401004),4.938027825308381,52.34908865401004
27543,20220211035,2022,Uitsluitend materiele schade,2,personenauto,fiets,Flank,"Kruispunt, 4 takken",Binnen,50.0,Brandend,Overig asfalt,Nat,Duisternis,Droog,0137 BRUG,amsterdam,POINT (120881 485308),POINT (4.886395178155366 52.35461231387614),4.886395178155366,52.35461231387614
27576,20220210178,2022,Letsel,2,snorfiets,bestelauto,Flank,"Kruispunt, 3 takken",Binnen,50.0,Niet brandend,Overig asfalt,Droog,Daglicht,Droog,Wagenaarstraat,amsterdam,POINT (123887.95039999858 486321.05959999934),POINT (4.930436995520372 52.363895538108515),4.930436995520372,52.363895538108515
27722,20220211914,2022,Letsel,2,personenauto,e-bike,Onbekend,"Kruispunt, 4 takken",Binnen,50.0,Brandend,Overig asfalt,Nat,Duisternis,Droog,President Kennedylaan,amsterdam,POINT (121787.54809999838 483707.3715999983),POINT (4.899859258667751 52.340282463728066),4.899859258667751,52.340282463728066
27757,20220211970,2022,Uitsluitend materiele schade,2,snorfiets,personenauto,Flank,"Kruispunt, 4 takken",Binnen,50.0,Brandend,Overig asfalt,Droog,Schemer,Droog,Kamperfoelieweg,amsterdam,POINT (122839.01190000027 489895.3326999992),POINT (4.914695507393506 52.39595819335602),4.914695507393506,52.39595819335602
27791,20220211343,2022,Uitsluitend materiele schade,2,personenauto,bromfiets,Onbekend,Rechte weg,Binnen,50.0,Brandend,Overig asfalt,Nat,Duisternis,Regen,Cissy van Marxveldtstr,amsterdam,POINT (115784.95199999958 488186.1620000005),POINT (4.811261488595838 52.38013884330938),4.811261488595838,52.38013884330938
27827,20220208745,2022,Uitsluitend materiele schade,2,personenauto,bromfiets,Flank,Rechte weg,Binnen,50.0,Brandend,Overig asfalt,Droog,Duisternis,Droog,Zuideinde,amsterdam,POINT (121219.51399999857 492866.84699999914),POINT (4.890603476291692 52.422566547857876),4.890603476291692,52.422566547857876
27828,20220210680,2022,Uitsluitend materiele schade,2,personenauto,fiets,Onbekend,Unknown,Unknown,50.0,Unknown,Unknown,Unknown,Daglicht,Unknown,Jan Tooropstraat,amsterdam,POINT (117554.82800000161 487050.2190000005),POINT (4.837380670658486 52.37005344090444),4.837380670658486,52.37005344090444
27861,20220211434,2022,Letsel,1,e-bike,unknown,Eenzijdig,Bocht,Binnen,30.0,Niet brandend,Overig asfalt,Droog,Daglicht,Droog,Rode Kruisstraat,amsterdam,POINT (124138.96999999881 489650.96400000155),POINT (4.933816355637585 52.39383662378539),4.933816355637585,52.39383662378539
27862,20220211437,2022,Uitsluitend materiele schade,2,bromfiets,fiets,Flank,"Kruispunt, 4 takken",Binnen,50.0,Niet brandend,Overig asfalt,Nat,Daglicht,Droog,Pieter Calandlaan,amsterdam,POINT (116541.75899999961 485513.8236999996),POINT (4.822681742571415 52.356175498923484),4.822681742571415,52.356175498923484
27863,20220212078,2022,Uitsluitend materiele schade,2,personenauto,fiets,Onbekend,"Kruispunt, 3 takken",Binnen,Unknown,Brandend,Unknown,Nat,Duisternis,Droog,Stadhouderskade,amsterdam,POINT (120914.51999999955 485922.936999999),POINT (4.886824863656835 52.36014102499891),4.886824863656835,52.36014102499891
28302,20230111838,2023,Uitsluitend materiele schade,2,personenauto,bromfiets,Kop/staart,"Kruispunt, 3 takken",Binnen,30.0,Brandend,Overig asfalt,Droog,Duisternis,Droog,Cornelis Lelylaan,amsterdam,POINT (117475.43200000003 485677.04729999974),POINT (4.836368159283677 52.357706996614056),4.836368159283677,52.357706996614056
28313,20230111323,2023,Letsel,3,overig wegmeubilair,fiets,Eenzijdig,"Kruispunt, 4 takken",Binnen,30.0,Brandend,ZOAB,Nat,Duisternis,Droog,Jozef Israëlskade,amsterdam,POINT (121483.39699999988 484593.3434000015),POINT (4.895308216744837 52.348226535804116),4.895308216744837,52.348226535804116
28314,20230111926,2023,Uitsluitend materiele schade,2,bromfiets,personenauto,Onbekend,Rechte weg,Binnen,30.0,Niet brandend,Unknown,Nat,Daglicht,Droog,Nassaukade,amsterdam,POINT (120259.34699999914 486653.3379999995),POINT (4.877131737955176 52.366664307714544),4.877131737955176,52.366664307714544
28385,20230020309,2023,Letsel,2,motor,fiets,Flank,"Kruispunt, 4 takken",Binnen,50.0,Niet brandend,Overig asfalt,Nat,Daglicht,Droog,Postjesweg,amsterdam,POINT (118984.82059999928 486457.4556000009),POINT (4.858440496710243 52.36482176401941),4.858440496710243,52.36482176401941
28407,20230023739,2023,Uitsluitend materiele schade,2,bromfiets,personenauto,Flank,"Kruispunt, 4 takken",Binnen,50.0,Niet brandend,Overig asfalt,Droog,Daglicht,Droog,Turbinestraat,amsterdam,POINT (118636.87000000104 489452.2745000012),POINT (4.853008095353933 52.391713979776824),4.853008095353933,52.391713979776824
28456,20230024420,2023,Letsel,2,fiets,scootmobiel,Onbekend,"Kruispunt, 4 takken",Binnen,30.0,Niet brandend,ZOAB,Droog,Daglicht,Droog,Ferdinand Bolstraat,amsterdam,POINT (121224.65199999884 484864.1429999992),POINT (4.8914837819115125 52.35064445949769),4.8914837819115125,52.35064445949769
28495,20230077263,2023,Uitsluitend materiele schade,2,fiets,fiets,Flank,"Kruispunt, 4 takken",Binnen,Unknown,Niet brandend,Overig asfalt,Droog,Daglicht,Droog,Christoffel Plantijnpad,amsterdam,POINT (116489.63259999827 484425.32349999994),POINT (4.822041207758902 52.34638922852248),4.822041207758902,52.34638922852248
28524,20230078609,2023,Uitsluitend materiele schade,2,bromfiets,bus,Flank,"Kruispunt, 3 takken",Binnen,50.0,Niet brandend,Overig asfalt,Droog,Daglicht,Droog,Rhôneweg,amsterdam,POINT (116332.75890000165 489315.41369999945),POINT (4.819176622928677 52.39032648886928),4.819176622928677,52.39032648886928
28572,20230022765,2023,Letsel,2,bromfiets,fiets,Flank,Rechte weg,Binnen,50.0,Niet brandend,Overig asfalt,Droog,Daglicht,Droog,Asterweg,amsterdam,POINT (122154.99599999934 489160.2749999985),POINT (4.904718196363629 52.38931152066029),4.904718196363629,52.38931152066029
28588,20230074662,2023,Letsel,2,bromfiets,fiets,Flank,"Kruispunt, 4 takken",Binnen,30.0,Niet brandend,Klinkers,Droog,Daglicht,Droog,0292 BRUG,amsterdam,POINT (121998.51669999957 487230.08139999956),POINT (4.902609225326773 52.371954931426764),4.902609225326773,52.371954931426764
28590,20230078800,2023,Letsel,2,fiets,fiets,Flank,Bocht,Binnen,Unknown,Niet brandend,Overig asfalt,Droog,Daglicht,Droog,Westerdokskade,amsterdam,POINT (121185.42799999937 488398.4750000015),POINT (4.890552647385483 52.38240614745445),4.890552647385483,52.38240614745445
28598,20230020597,2023,Letsel,3,personenauto,fiets,Onbekend,"Kruispunt, 3 takken",Binnen,50.0,Niet brandend,Overig asfalt,Nat,Daglicht,Droog,Loowaard,amsterdam,POINT (120392 482627),POINT (4.879493382718304 52.33048669793647),4.879493382718304,52.33048669793647
28683,20230020676,2023,Uitsluitend materiele schade,2,fiets,personenauto,Flank,Rechte weg,Binnen,50.0,Niet brandend,ZOAB,Droog,Daglicht,Droog,Sarphatistraat,amsterdam,POINT (121915.08999999985 485883.07499999925),POINT (4.901516772908468 52.35984394421563),4.901516772908468,52.35984394421563
28961,20230086554,2023,Letsel,2,personenauto,bromfiets,Flank,"Kruispunt, 4 takken",Binnen,50.0,Niet brandend,Overig asfalt,Nat,Daglicht,Regen,Olympiaweg,amsterdam,POINT (119206.79800000042 484587.3887999989),POINT (4.861898355299339 52.34802945120175),4.861898355299339,52.34802945120175
29023,20230087220,2023,Uitsluitend materiele schade,1,bromfiets,unknown,Onbekend,Rechte weg,Binnen,50.0,Brandend,ZOAB,Droog,Duisternis,Droog,Lutkemeerweg,amsterdam,POINT (113128.2890000008 486373.1490000002),POINT (4.772471611467818 52.36364884022717),4.772471611467818,52.36364884022717
29024,20230087831,2023,Letsel,2,bromfiets,fiets,Frontaal,Rechte weg,Buiten,30.0,Brandend,Overig asfalt,Droog,Duisternis,Droog,Oostzanerdijk,amsterdam,POINT (120400.75050000101 492721.98099999875),POINT (4.87858237745212 52.42121355958802),4.87858237745212,52.42121355958802
29083,20230087343,2023,Letsel,1,fiets,unknown,Eenzijdig,Rechte weg,Binnen,50.0,Niet brandend,Overig asfalt,Droog,Daglicht,Droog,Zuiderzeeweg,amsterdam,POINT (125787.62000000104 486535.75400000066),POINT (4.958307309378299 52.36592938744575),4.958307309378299,52.36592938744575
29084,20230087950,2023,Uitsluitend materiele schade,2,fiets,personenauto,Flank,Rotonde,Binnen,50.0,Brandend,Overig asfalt,Nat,Duisternis,Droog,Burgemeester Röellstraat,amsterdam,POINT (116353.815200001 487667.91000000015),POINT (4.8196754705497415 52.37552155087834),4.8196754705497415,52.37552155087834
29111,20230097334,2023,Uitsluitend materiele schade,1,bromfiets,unknown,Voetganger,Rechte weg,Binnen,30.0,Niet aanwezig,Overig asfalt,Nat,Daglicht,Regen,Slotermeerlaan,amsterdam,POINT (116362.0159999989 487797.0300000012),POINT (4.819781049102534 52.37668255504472),4.819781049102534,52.37668255504472
29131,20230087459,2023,Letsel,1,fiets,unknown,Eenzijdig,Rechte weg,Binnen,30.0,Niet brandend,Overig asfalt,Droog,Daglicht,Droog,Loenermark,amsterdam,POINT (123938.86199999973 490247.29399999976),POINT (4.930821425709911 52.39918472377961),4.930821425709911,52.39918472377961
29132,20230088072,2023,Uitsluitend materiele schade,1,bromfiets,unknown,Flank,Rechte weg,Binnen,50.0,Brandend,Overig asfalt,Droog,Duisternis,Droog,Stadhouderskade,amsterdam,POINT (120568.58150000125 486101.1112000011),POINT (4.8817283871144115 52.36172075619951),4.8817283871144115,52.36172075619951
29140,20230097984,2023,Uitsluitend materiele schade,2,fiets,bromfiets,Flank,Rechte weg,Binnen,15.0,Niet brandend,Klinkers,Nat,Daglicht,Harde windstoten/Regen,Stationsplein,amsterdam,POINT (131633.76700000092 480422.23000000045),POINT (5.044563150922939 52.31126392966444),5.044563150922939,52.31126392966444
29212,20210083089,2021,Uitsluitend materiele schade,2,personenauto,bromfiets,Flank,Rechte weg,Binnen,50.0,Niet brandend,Overig asfalt,Droog,Daglicht,Droog,H.J.E. Wenckebachweg,amsterdam,POINT (123536.71499999985 483608.20800000057),POINT (4.9255342120053625 52.33949414886975),4.9255342120053625,52.33949414886975
29252,20210081705,2021,Uitsluitend materiele schade,2,personenauto,bromfiets,Flank,"Kruispunt, 3 takken",Binnen,50.0,Brandend,ZOAB,Nat,Duisternis,Droog,Mauritskade,amsterdam,POINT (123369.21810000017 486304.37849999964),POINT (4.922823105291603 52.363715993548915),4.922823105291603,52.363715993548915
29294,20210087228,2021,Uitsluitend materiele schade,2,bromfiets,personenauto,Kop/staart,Rechte weg,Buiten,50.0,Niet brandend,Overig asfalt,Droog,Daglicht,Droog,Bilderdijkstraat,amsterdam,POINT (119812.01300000027 487130.80959999934),POINT (4.870514123435744 52.37092699775324),4.870514123435744,52.37092699775324
29304,20210085829,2021,Uitsluitend materiele schade,2,bromfiets,fiets,Flank,Rechte weg,Binnen,Unknown,Niet brandend,Overig asfalt,Droog,Daglicht,Droog,IJburglaan,amsterdam,POINT (126664.51399999857 486827.0700000003),POINT (4.971157010286846 52.36859349092747),4.971157010286846,52.36859349092747
29311,20210084835,2021,Letsel,2,unknown,fiets,Eenzijdig,"Kruispunt, 4 takken",Binnen,50.0,Niet brandend,Beton,Droog,Daglicht,Droog,Van Boshuizenstraat,amsterdam,POINT (120676.07699999958 482003.3817999996),POINT (4.883724268522848 52.32489982371762),4.883724268522848,52.32489982371762
29318,20210087391,2021,Uitsluitend materiele schade,1,bromfiets,unknown,Onbekend,Rechte weg,Binnen,50.0,Brandend,Overig asfalt,Droog,Duisternis,Droog,Jan Evertsenstraat,amsterdam,POINT (118926.35000000149 487180.7030000016),POINT (4.8575044765774305 52.37131793855779),4.8575044765774305,52.37131793855779
29425,20210013970,2021,Uitsluitend materiele schade,2,personenauto,fiets,Flank,"Kruispunt, 4 takken",Binnen,50.0,Niet brandend,Overig asfalt,Droog,Daglicht,Droog,Insulindeweg,amsterdam,POINT (124797 486121),POINT (4.943800661702887 52.36214826606816),4.943800661702887,52.36214826606816
29426,20210013973,2021,Uitsluitend materiele schade,2,bromfiets,personenauto,Flank,"Kruispunt, 4 takken",Binnen,50.0,Niet brandend,Overig asfalt,Droog,Daglicht,Droog,Radarweg,amsterdam,POINT (117504.69970000163 489689.12590000033),POINT (4.836350106208101 52.39376642639403),4.836350106208101,52.39376642639403
29467,20210033250,2021,Uitsluitend materiele schade,2,personenauto,fiets,Flank,"Kruispunt, 4 takken",Binnen,50.0,Niet brandend,Overig asfalt,Droog,Daglicht,Droog,Ceintuurbaan,amsterdam,POINT (121064.92700000107 485082.4221000001),POINT (4.889117569716555 52.352596363739295),4.889117569716555,52.352596363739295
29468,20210033253,2021,Letsel,2,bromfiets,personenauto,Kop/staart,Rechte weg,Binnen,50.0,Niet brandend,Overig asfalt,Droog,Daglicht,Droog,Plesmanlaan,amsterdam,POINT (115916.96299999952 484964.74500000104),POINT (4.8135746845423615 52.35119670928171),4.8135746845423615,52.35119670928171
29520,20210017903,2021,Letsel,2,fiets,fiets,Kop/staart,Rechte weg,Buiten,60.0,Niet brandend,Overig asfalt,Droog,Daglicht,Droog,Middenweg,amsterdam,POINT (125077.0940000005 483973.31500000134),POINT (4.948103540696577 52.342861523656744),4.948103540696577,52.342861523656744
29556,20210026721,2021,Uitsluitend materiele schade,2,personenauto,fiets,Flank,"Kruispunt, 3 takken",Binnen,50.0,Brandend,ZOAB,Droog,Schemer,Droog,Kruislaan,amsterdam,POINT (124148.54509999976 484146.4140999988),POINT (4.934462180543775 52.34436589677764),4.934462180543775,52.34436589677764
29557,20210027982,2021,Uitsluitend materiele schade,2,snorfiets,personenauto,Flank,"Kruispunt, 4 takken",Binnen,30.0,Niet brandend,Beton,Droog,Daglicht,Droog,Akbarstraat,amsterdam,POINT (117856.7809999995 488119.4461000003),POINT (4.841696005975023 52.37968333392889),4.841696005975023,52.37968333392889
29769,20210074227,2021,Uitsluitend materiele schade,1,fiets,unknown,Onbekend,Unknown,Unknown,Unknown,Unknown,Unknown,Unknown,Daglicht,Unknown,Plantage Middenlaan,amsterdam,POINT (122454.44530000165 486700.2925999984),POINT (4.909355165481826 52.367220762650206),4.909355165481826,52.367220762650206
29795,20210061060,2021,Uitsluitend materiele schade,2,personenauto,fiets,Flank,Rechte weg,Binnen,Unknown,Brandend,ZOAB,Droog,Duisternis,Droog,Sarphatistraat,amsterdam,POINT (122520.29300000146 486075.3299999982),POINT (4.91038230706839 52.36160791879016),4.91038230706839,52.36160791879016
29828,20210061856,2021,Uitsluitend materiele schade,2,snorfiets,personenauto,Flank,Rechte weg,Binnen,50.0,Niet aanwezig,Overig asfalt,Droog,Daglicht,Droog,Churchill-laan,amsterdam,POINT (121137.76000000164 484500.54100000113),POINT (4.890245102325915 52.34737130029922),4.890245102325915,52.34737130029922
29830,20210065462,2021,Uitsluitend materiele schade,2,personenauto,fiets,Flank,Rotonde,Binnen,50.0,Niet brandend,Overig asfalt,Droog,Daglicht,Unknown,Hoofddorpplein,amsterdam,POINT (118414.31500000134 484990.2659999989),POINT (4.850224448945632 52.35159803304186),4.850224448945632,52.35159803304186
29831,20210065667,2021,Letsel,2,fiets,bromfiets,Kop/staart,"Kruispunt, 4 takken",Binnen,50.0,Niet brandend,Overig asfalt,Droog,Daglicht,Droog,Westeinde,amsterdam,POINT (121762 485657),POINT (4.899291825636309 52.3578028939327),4.899291825636309,52.3578028939327
29834,20210035973,2021,Uitsluitend materiele schade,2,bromfiets,personenauto,Kop/staart,Rechte weg,Binnen,50.0,Brandend,Overig asfalt,Nat,Duisternis,Regen,Jan Evertsenstraat,amsterdam,POINT (117164.10500000045 487098.125),POINT (4.831638380911268 52.37045720219543),4.831638380911268,52.37045720219543
29835,20210035987,2021,Uitsluitend materiele schade,2,personenauto,bromfiets,Flank,Rechte weg,Binnen,50.0,Niet brandend,Overig asfalt,Droog,Daglicht,Droog,Stadhouderskade,amsterdam,POINT (120556.88199999928 486111.79399999976),POINT (4.881555543033918 52.361816032247795),4.881555543033918,52.361816032247795
29908,20210038598,2021,Uitsluitend materiele schade,2,snorfiets,fiets,Frontaal,Rechte weg,Binnen,50.0,Niet aanwezig,Klinkers,Droog,Daglicht,Droog,Scheepsbouwkade,amsterdam,POINT (121670.4290000014 490438.8999999985),POINT (4.897473316601186 52.400773638774844),4.897473316601186,52.400773638774844
29957,20210050912,2021,Uitsluitend materiele schade,2,bromfiets,bromfiets,Kop/staart,Rechte weg,Binnen,Unknown,Brandend,Overig asfalt,Droog,Duisternis,Droog,Lutmastraat,amsterdam,POINT (122029.76170000061 484972.3718000017),POINT (4.903289355523306 52.351666045735264),4.903289355523306,52.351666045735264
30011,20210057962,2021,Letsel,3,e-bike,fiets,Onbekend,Rechte weg,Binnen,30.0,Niet brandend,Overig asfalt,Nat,Daglicht,Regen,Loenermark,amsterdam,POINT (123955.96200000122 490190.64499999955),POINT (4.931077908610937 52.398676570880355),4.931077908610937,52.398676570880355
30080,20210072158,2021,Uitsluitend materiele schade,2,personenauto,snorfiets,Flank,"Kruispunt, 3 takken",Binnen,50.0,Niet brandend,Overig asfalt,Droog,Daglicht,Droog,Pieter Calandlaan,amsterdam,POINT (115713 485305),POINT (4.810541491127341 52.35424011313903),4.810541491127341,52.35424011313903
30124,20210050547,2021,Uitsluitend materiele schade,2,snorfiets,fiets,Frontaal,"Kruispunt, 3 takken",Binnen,50.0,Niet brandend,Overig asfalt,Nat,Daglicht,Unknown,Valeriusplein,amsterdam,POINT (119414 485008),POINT (4.864894677002915 52.35182306731872),4.864894677002915,52.35182306731872
30146,20210042642,2021,Uitsluitend materiele schade,1,bromfiets,unknown,Onbekend,Rechte weg,Binnen,50.0,Brandend,Overig asfalt,Droog,Duisternis,Droog,Prins Hendrikkade,amsterdam,POINT (122461.80799999833 487250.76300000027),POINT (4.90940998270715 52.37216844927016),4.90940998270715,52.37216844927016
30185,20210063755,2021,Uitsluitend materiele schade,2,bromfiets,fiets,Flank,Rechte weg,Binnen,Unknown,Niet brandend,Klinkers,Nat,Daglicht,Regen,Haarlemmerweg,amsterdam,POINT (119158.07200000063 488722.6719999984),POINT (4.860742423731373 52.38519116320545),4.860742423731373,52.38519116320545
30209,20210076903,2021,Letsel,2,bus,snorfiets,Flank,"Kruispunt, 3 takken",Binnen,50.0,Niet brandend,Overig asfalt,Droog,Schemer,Droog,Jan Tooropstraat,amsterdam,POINT (117560.83480000123 487073.0034000017),POINT (4.837466329482015 52.37025861911288),4.837466329482015,52.37025861911288
30211,20210076904,2021,Letsel,2,personenauto,fiets,Kop/staart,"Kruispunt, 4 takken",Binnen,50.0,Niet brandend,Overig asfalt,Sneeuw/ijzel,Daglicht,Droog,Nassaukade,amsterdam,POINT (120394.00340000167 488218.9061000012),POINT (4.878947525186063 52.380742997164816),4.878947525186063,52.380742997164816