,accident_id,accident_year,outcome,num_parties,party1_type,party2_type,accident_nature,road_situation,built_up_area,speed_limit_kmh,street_lighting,road_surface,road_condition,light_condition,weather_condition,street_name,municipality,shape,geometry,longitude,latitude
30255,20210051305,2021,Letsel,3,fiets,fiets,Onbekend,Rechte weg,Binnen,30.0,Niet brandend,Overig asfalt,Droog,Daglicht,Droog,Weteringschans,amsterdam,POINT (121384.2190000005 485847.78500000015),POINT (4.893727372319144 52.359494553321696),4.893727372319144,52.359494553321696
30481,20210076899,2021,Uitsluitend materiele schade,4,snorfiets,personenauto,Kop/staart,Rechte weg,Binnen,50.0,Niet aanwezig,Overig asfalt,Droog,Daglicht,Droog,Amstelveenseweg,amsterdam,POINT (118888.8471999988 482349.7846999988),POINT (4.8574722371151084 52.32789860158531),4.8574722371151084,52.32789860158531
30821,20210076684,2021,Uitsluitend materiele schade,2,personenauto,bromfiets,Flank,Rechte weg,Binnen,50.0,Niet brandend,Overig asfalt,Nat,Daglicht,Unknown,Hugo de Vrieslaan,amsterdam,POINT (123846.4450000003 484516.05700000003),POINT (4.9299948124033035 52.347670976440455),4.9299948124033035,52.347670976440455
30836,20220080500,2022,Uitsluitend materiele schade,2,personenauto,fiets,Flank,Rechte weg,Binnen,30.0,Brandend,Klinkers,Droog,Schemer,Droog,Laurierstraat,amsterdam,POINT (120523 487268),POINT (4.880939583513579 52.37220506284338),4.880939583513579,52.37220506284338
30909,20220016655,2022,Uitsluitend materiele schade,2,personenauto,bromfiets,Onbekend,"Kruispunt, 4 takken",Binnen,30.0,Brandend,Klinkers,Droog,Duisternis,Unknown,Brouwersgracht,amsterdam,POINT (121060.14979999885 488189.0923999995),POINT (4.888733842843301 52.38051663872209),4.888733842843301,52.38051663872209
30934,20220080899,2022,Uitsluitend materiele schade,2,personenauto,fiets,Flank,Rotonde,Binnen,50.0,Niet brandend,Klinkers,Droog,Daglicht,Droog,FIETSPAD,amsterdam,POINT (116263.27070000023 488546.88589999825),POINT (4.818244521606658 52.38341469397679),4.818244521606658,52.38341469397679
30958,20220055326,2022,Uitsluitend materiele schade,2,snorfiets,personenauto,Flank,"Kruispunt, 4 takken",Binnen,30.0,Niet brandend,Klinkers,Droog,Daglicht,Droog,Ogentrooststraat,amsterdam,POINT (122997.29580000043 490168.3099000007),POINT (4.9169949130528074 52.398420766907435),4.9169949130528074,52.398420766907435
31163,20220102098,2022,Uitsluitend materiele schade,2,bromfiets,personenauto,Onbekend,Rechte weg,Binnen,50.0,Niet brandend,Klinkers,Droog,Daglicht,Droog,Admiralengracht,amsterdam,POINT (118854.72300000116 487060.69299999997),POINT (4.856465665156466 52.37023466853756),4.856465665156466,52.37023466853756
31180,20220055216,2022,Letsel,2,motor,fiets,Flank,"Kruispunt, 4 takken",Binnen,50.0,Brandend,Overig asfalt,Droog,Duisternis,Droog,Lutmastraat,amsterdam,POINT (122020.80029999837 484970.310800001),POINT (4.903158032652614 52.351646985049044),4.903158032652614,52.351646985049044
31197,20220102791,2022,Letsel,2,fiets,voetganger,Voetganger,Bocht,Binnen,30.0,Niet aanwezig,Klinkers,Droog,Daglicht,Droog,'s-Gravelandseweg,amsterdam,POINT (134245.6700000018 478587.09899999946),POINT (5.082976265613849 52.29487525771233),5.082976265613849,52.29487525771233
31211,20220055845,2022,Uitsluitend materiele schade,2,bromfiets,personenauto,Flank,"Kruispunt, 4 takken",Binnen,50.0,Brandend,ZOAB,Nat,Daglicht,Regen,Middenweg,amsterdam,POINT (124202.16070000082 484858.3493999988),POINT (4.9351838119704 52.350767337380084),4.9351838119704,52.350767337380084
31227,20220102337,2022,Uitsluitend materiele schade,2,personenauto,e-bike,Onbekend,Rechte weg,Binnen,50.0,Niet aanwezig,Beton,Droog,Duisternis,Droog,Stadhouderskade,amsterdam,POINT (121090.69700000063 485726.936999999),POINT (4.8894308322638915 52.35839041515717),4.8894308322638915,52.35839041515717
31230,20220102902,2022,Uitsluitend materiele schade,2,personenauto,bromfiets,Flank,"Kruispunt, 3 takken",Binnen,30.0,Niet brandend,Overig asfalt,Nat,Daglicht,Droog,Gelrestraat,amsterdam,POINT (121362.59270000085 483747.2642999999),POINT (4.893619884247038 52.34061515184988),4.893619884247038,52.34061515184988
31270,20220015543,2022,Uitsluitend materiele schade,2,personenauto,e-bike,Flank,"Kruispunt, 4 takken",Binnen,50.0,Niet brandend,Overig asfalt,Droog,Daglicht,Droog,Dr. H. Colijnstraat,amsterdam,POINT (115465.48220000044 487972.89449999854),POINT (4.806594830589395 52.37819925807896),4.806594830589395,52.37819925807896
31589,20230004167,2023,Uitsluitend materiele schade,2,personenauto,fiets,Flank,"Kruispunt, 4 takken",Binnen,30.0,Brandend,Klinkers,Nat,Duisternis,Regen,Korte Prinsengracht,amsterdam,POINT (121113.73020000011 488283.90740000084),POINT (4.889511179878944 52.38137207660279),4.889511179878944,52.38137207660279
31620,20230004365,2023,Uitsluitend materiele schade,2,personenauto,fiets,Onbekend,Rechte weg,Binnen,30.0,Brandend,Klinkers,Droog,Duisternis,Droog,Singel,amsterdam,POINT (121208.65799999982 487651.9629999995),POINT (4.890968903372714 52.375698467731546),4.890968903372714,52.375698467731546
31679,20230004663,2023,Uitsluitend materiele schade,1,bromfiets,unknown,Onbekend,Rechte weg,Binnen,30.0,Niet brandend,Klinkers,Droog,Daglicht,Droog,Oudezijds Achterburgwal,amsterdam,POINT (121589.77899999917 487167.74599999934),POINT (4.896613710378546 52.37136998954701),4.896613710378546,52.37136998954701
31718,20230003918,2023,Uitsluitend materiele schade,2,fiets,personenauto,Flank,"Kruispunt, 4 takken",Binnen,50.0,Niet brandend,Overig asfalt,Nat,Daglicht,Droog,Ruyschstraat,amsterdam,POINT (122496.7659999989 485619.4990000017),POINT (4.9100809785506305 52.357509822159905),4.9100809785506305,52.357509822159905
31719,20230003921,2023,Uitsluitend materiele schade,2,bestelauto,fiets,Flank,Rechte weg,Binnen,30.0,Niet brandend,ZOAB,Droog,Daglicht,Droog,Sarphatistraat,amsterdam,POINT (122737.97700000182 486149.29399999976),POINT (4.913570840777726 52.3622854856006),4.913570840777726,52.3622854856006
31883,20230074658,2023,Uitsluitend materiele schade,1,snorfiets,unknown,Onbekend,Unknown,Unknown,50.0,Unknown,Unknown,Unknown,Daglicht,Unknown,De Ruijterkade,amsterdam,POINT (122256.60399999842 487904.95800000057),POINT (4.906333107383801 52.378035699686556),4.906333107383801,52.378035699686556
32006,20210037030,2021,Letsel,2,fiets,vrachtauto,Flank,"Kruispunt, 3 takken",Binnen,50.0,Niet brandend,Overig asfalt,Droog,Schemer,Droog,Europaboulevard,amsterdam,POINT (121099.19370000064 483091.3574000001),POINT (4.889821029607593 52.334704104252054),4.889821029607593,52.334704104252054
32251,20210032061,2021,Letsel,2,personenauto,e-bike,Flank,Rechte weg,Binnen,50.0,Niet brandend,Overig asfalt,Droog,Daglicht,Droog,Nassaukade,amsterdam,POINT (120201.82999999821 486842.8370000012),POINT (4.876267674084931 52.368363747450786),4.876267674084931,52.368363747450786
32310,20220176626,2022,Uitsluitend materiele schade,2,personenauto,fiets,Flank,"Kruispunt, 4 takken",Binnen,50.0,Niet brandend,Overig asfalt,Droog,Daglicht,Droog,Amsteldijk,amsterdam,POINT (122579.79830000177 484471.2318999991),POINT (4.911410432306046 52.34719485280371),4.911410432306046,52.34719485280371
32311,20220176699,2022,Letsel,2,fiets,fiets,Onbekend,Unknown,Binnen,50.0,Niet brandend,Overig asfalt,Droog,Daglicht,Droog,Prins Hendrikkade,amsterdam,POINT (122195.30900000036 487468.7250000015),POINT (4.905475540701325 52.374111484869886),4.905475540701325,52.374111484869886
32312,20220177636,2022,Uitsluitend materiele schade,2,personenauto,bromfiets,Frontaal,"Kruispunt, 4 takken",Binnen,50.0,Brandend,ZOAB,Droog,Schemer,Droog,Middenweg,amsterdam,POINT (124193.84560000151 484866.47300000116),POINT (4.93506103103388 52.35083988112621),4.93506103103388,52.35083988112621
32313,20220178002,2022,Letsel,3,motor,fiets,Flank,"Kruispunt, 3 takken",Binnen,50.0,Niet brandend,Overig asfalt,Nat,Daglicht,Droog,Wibautstraat,amsterdam,POINT (122949.15399999917 484752.94099999964),POINT (4.9168040330451195 52.34974833934168),4.9168040330451195,52.34974833934168
32342,20220177092,2022,Uitsluitend materiele schade,2,personenauto,bromfiets,Flank,Rechte weg,Binnen,50.0,Niet brandend,ZOAB,Droog,Daglicht,Droog,Europaplein,amsterdam,POINT (121263.5700000003 483979.8020000011),POINT (4.892143606121128 52.34269897976155),4.892143606121128,52.34269897976155
32366,20220142069,2022,Uitsluitend materiele schade,2,personenauto,fiets,Flank,Rechte weg,Binnen,30.0,Niet brandend,Overig asfalt,Droog,Daglicht,Droog,Spuistraat,amsterdam,POINT (121185.6799999997 487542.34800000116),POINT (4.890642506475638 52.37471191208126),4.890642506475638,52.37471191208126
32376,20220177795,2022,Letsel,2,fiets,fiets,Flank,"Kruispunt, 3 takken",Binnen,Unknown,Niet brandend,Overig asfalt,Droog,Daglicht,Droog,Vikingpad,amsterdam,POINT (122393.06819999963 491013.37779999897),POINT (4.908035301407057 52.40598003419621),4.908035301407057,52.40598003419621
32377,20220178099,2022,Uitsluitend materiele schade,2,personenauto,fiets,Onbekend,"Kruispunt, 3 takken",Binnen,Unknown,Niet brandend,ZOAB,Droog,Daglicht,Droog,Plesmanlaan,amsterdam,POINT (116644.3077000007 484970.7670999989),POINT (4.824248883156758 52.351302085683294),4.824248883156758,52.351302085683294
32398,20220142096,2022,Letsel,2,snorfiets,fiets,Frontaal,Rechte weg,Binnen,30.0,Brandend,Overig asfalt,Droog,Duisternis,Droog,Christoffel Plantijnpad,amsterdam,POINT (116500.24700000137 486190.71400000155),POINT (4.821994938494648 52.36225596135406),4.821994938494648,52.36225596135406
32407,20220177885,2022,Uitsluitend materiele schade,2,snorfiets,fiets,Frontaal,Rechte weg,Binnen,30.0,Brandend,Overig asfalt,Nat,Duisternis,Regen,Pieter Calandlaan,amsterdam,POINT (116744.15300000086 485513.89400000125),POINT (4.825652507364651 52.356190261505056),4.825652507364651,52.356190261505056
32442,20220123423,2022,Uitsluitend materiele schade,2,fiets,fiets,Onbekend,Rechte weg,Binnen,50.0,Niet brandend,Beton,Droog,Daglicht,Droog,Heemstedestraat,amsterdam,POINT (117626.58700000122 484994.54100000113),POINT (4.838662741006317 52.35158343864347),4.838662741006317,52.35158343864347
32459,20220178288,2022,Uitsluitend materiele schade,2,snorfiets,personenauto,Flank,"Kruispunt, 3 takken",Binnen,30.0,Brandend,Overig asfalt,Nat,Duisternis,Regen,Piet Heinkade,amsterdam,POINT (122939.57490000129 487801.5482000001),POINT (4.916372792101943 52.377146628285864),4.916372792101943,52.377146628285864
32469,20220123551,2022,Uitsluitend materiele schade,2,snorfiets,personenauto,Flank,"Kruispunt, 4 takken",Binnen,30.0,Niet brandend,ZOAB,Droog,Daglicht,Unknown,Haarlemmer Houttuinen,amsterdam,POINT (121263.15549999848 488275.80160000175),POINT (4.891706548766061 52.381308430254805),4.891706548766061,52.381308430254805
32476,20220142362,2022,Uitsluitend materiele schade,2,bromfiets,bromfiets,Flank,"Kruispunt, 4 takken",Binnen,30.0,Niet brandend,Overig asfalt,Droog,Daglicht,Droog,Ella Fitzgeraldstraat,amsterdam,POINT (116524.46319999918 484085.47309999913),POINT (4.822591193771389 52.343337344977954),4.822591193771389,52.343337344977954
32492,20220123693,2022,Letsel,2,snorfiets,fiets,Flank,"Kruispunt, 3 takken",Binnen,50.0,Niet brandend,ZOAB,Droog,Daglicht,Droog,Hoekenes,amsterdam,POINT (114920.2399000004 485972.26790000126),POINT (4.798826265596282 52.36017972675047),4.798826265596282,52.36017972675047
32600,20220142618,2022,Letsel,2,fiets,fiets,Kop/staart,Rechte weg,Buiten,30.0,Brandend,Overig asfalt,Droog,Duisternis,Droog,Theemsweg,amsterdam,POINT (115760.75299999863 489206.4629999995),POINT (4.810786903918186 52.38930673369077),4.810786903918186,52.38930673369077
32854,20230050674,2023,Uitsluitend materiele schade,2,fiets,fiets,Onbekend,Rechte weg,Binnen,50.0,Niet brandend,ZOAB,Droog,Daglicht,Droog,Pieter Calandlaan,amsterdam,POINT (114944.2509999983 485058.54300000146),POINT (4.79928754074287 52.35196964235521),4.79928754074287,52.35196964235521
32893,20230059980,2023,Uitsluitend materiele schade,1,bromfiets,unknown,Voetganger,Rechte weg,Binnen,Unknown,Niet brandend,Overig asfalt,Droog,Daglicht,Droog,Slotermeerlaan,amsterdam,POINT (116362.0159999989 487797.0300000012),POINT (4.819781049102534 52.37668255504472),4.819781049102534,52.37668255504472
32907,20230049609,2023,Uitsluitend materiele schade,2,personenauto,fiets,Flank,Rechte weg,Binnen,30.0,Brandend,Overig asfalt,Droog,Duisternis,Droog,Marnixstraat,amsterdam,POINT (120529.14299999923 486397.2989999987),POINT (4.881119063696781 52.36438020993506),4.881119063696781,52.36438020993506
32933,20230060046,2023,Uitsluitend materiele schade,1,fiets,unknown,Voetganger,Rechte weg,Binnen,30.0,Niet brandend,Klinkers,Nat,Daglicht,Droog,Amstel,amsterdam,POINT (121454.97500000149 486686.86199999973),POINT (4.894682324769206 52.3670399234467),4.894682324769206,52.3670399234467
32944,20230050813,2023,Letsel,2,bestelauto,fiets,Flank,"Kruispunt, 3 takken",Binnen,30.0,Niet aanwezig,Overig asfalt,Nat,Daglicht,Droog,Pieter Calandlaan,amsterdam,POINT (114100.61169999838 484793.11129999906),POINT (4.786937966709028 52.34952200334019),4.786937966709028,52.34952200334019
32953,20230040381,2023,Letsel,2,fiets,bromfiets,Flank,"Kruispunt, 3 takken",Binnen,50.0,Niet brandend,ZOAB,Droog,Daglicht,Droog,Ouderkerkerdijk,amsterdam,POINT (122030.97709999979 482494.1085000001),POINT (4.903549882736496 52.329393073739325),4.903549882736496,52.329393073739325
32998,20230039853,2023,Uitsluitend materiele schade,2,motor,fiets,Onbekend,Rechte weg,Binnen,50.0,Niet brandend,Overig asfalt,Droog,Daglicht,Droog,Mauritskade,amsterdam,POINT (122594.81300000101 485953.12999999896),POINT (4.911488044563223 52.36051406787703),4.911488044563223,52.36051406787703
32999,20230039875,2023,Uitsluitend materiele schade,2,personenauto,fiets,Flank,"Kruispunt, 3 takken",Binnen,50.0,Brandend,ZOAB,Droog,Schemer,Droog,Vlothavenweg,amsterdam,POINT (118874.52650000155 490960.33199999854),POINT (4.85633695804353 52.40528289122353),4.85633695804353,52.40528289122353
33035,20230059778,2023,Letsel,3,personenauto,e-bike,Flank,"Rechte weg, gescheiden rijbanen",Buiten,70.0,Niet brandend,Overig asfalt,Droog,Daglicht,Droog,Haarlemmerweg,amsterdam,POINT (116925.78840000182 488686.6559999995),POINT (4.827959200492279 52.384717185900534),4.827959200492279,52.384717185900534
33056,20230066071,2023,Uitsluitend materiele schade,2,bromfiets,personenauto,Onbekend,"Kruispunt, 4 takken",Binnen,30.0,Niet brandend,Overig asfalt,Nat,Daglicht,Droog,Kanaalstraat,amsterdam,POINT (119376.79410000145 486182.4365000017),POINT (4.864224235562163 52.362375653907435),4.864224235562163,52.362375653907435
33076,20230066469,2023,Uitsluitend materiele schade,2,personenauto,fiets,Flank,"Kruispunt, 4 takken",Binnen,50.0,Niet brandend,Klinkers,Droog,Daglicht,Droog,Bellamyplein,amsterdam,POINT (119650.22100000083 486819.0089999996),POINT (4.868171298481123 52.368114371229254),4.868171298481123,52.368114371229254
33079,20230040568,2023,Uitsluitend materiele schade,1,bromfiets,unknown,Onbekend,"Kruispunt, 4 takken",Binnen,50.0,Niet brandend,Overig asfalt,Droog,Daglicht,Droog,Rooseveltlaan,amsterdam,POINT (121576.16459999979 483989.82449999824),POINT (4.896729575607289 52.34280815398313),4.896729575607289,52.34280815398313
33135,20230039570,2023,Letsel,2,bromfiets,bromfiets,Flank,"Kruispunt, 4 takken",Binnen,30.0,Niet brandend,ZOAB,Droog,Daglicht,Droog,Tweede Bloemdwarsstraat,amsterdam,POINT (120434.06100000069 487442.88760000095),POINT (4.879615654499696 52.37377123481103),4.879615654499696,52.37377123481103
33204,20220211577,2022,Letsel,2,bromfiets,fiets,Flank,Rechte weg,Binnen,50.0,Brandend,ZOAB,Droog,Duisternis,Droog,Piet Heinkade,amsterdam,POINT (122814.61699999869 487814.3839999996),POINT (4.914536521344987 52.37725467710844),4.914536521344987,52.37725467710844
33438,20220211218,2022,Uitsluitend materiele schade,2,fiets,fiets,Flank,"Kruispunt, 4 takken",Binnen,Unknown,Brandend,Overig asfalt,Nat,Duisternis,Regen,Overtoom,amsterdam,POINT (120368.99819999933 486313.9556000009),POINT (4.878776563710008 52.36362110492843),4.878776563710008,52.36362110492843
33464,20220210538,2022,Uitsluitend materiele schade,2,fiets,personenauto,Kop/staart,Rechte weg,Binnen,30.0,Brandend,Overig asfalt,Droog,Duisternis,Droog,Sarphatistraat,amsterdam,POINT (123175.69000000134 486349.7529999986),POINT (4.919977656100965 52.36411261116759),4.919977656100965,52.36411261116759
33492,20220211284,2022,Uitsluitend materiele schade,1,bromfiets,unknown,Voetganger,Rechte weg,Binnen,50.0,Niet brandend,Overig asfalt,Droog,Daglicht,Droog,Jan van Galenstraat,amsterdam,POINT (117499.19900000095 487383.9450000003),POINT (4.836526647888305 52.37304891641212),4.836526647888305,52.37304891641212
33494,20220211314,2022,Letsel,2,bromfiets,personenauto,Flank,Rechte weg,Binnen,30.0,Niet brandend,Overig asfalt,Droog,Daglicht,Droog,Hogeweg,amsterdam,POINT (124169.97899999842 485451.54199999943),POINT (4.934657138814398 52.35609677396525),4.934657138814398,52.35609677396525
33530,20220212025,2022,Letsel,2,bestelauto,fiets,Frontaal,"Kruispunt, 3 takken",Binnen,30.0,Niet brandend,Overig asfalt,Nat,Daglicht,Regen,Reinwardtstraat,amsterdam,POINT (123894.1512000002 486090.76359999925),POINT (4.930549330889455 52.361826138885164),4.930549330889455,52.361826138885164
34002,20230111191,2023,Uitsluitend materiele schade,2,fiets,overig vast object,Vast voorwerp,Rechte weg,Binnen,30.0,Brandend,Overig asfalt,Nat,Duisternis,Regen,Rozengracht,amsterdam,POINT (120465.5 487384.5),POINT (4.8800833073852115 52.3732484675128),4.8800833073852115,52.3732484675128
34009,20230111805,2023,Letsel,3,bestelauto,fiets,Eenzijdig,"Kruispunt, 4 takken",Binnen,Unknown,Niet brandend,Overig asfalt,Nat,Daglicht,Regen,Arlandaweg,amsterdam,POINT (117908.03510000184 488823.59420000017),POINT (4.842370971216978 52.386015128574435),4.842370971216978,52.386015128574435
34155,20230020931,2023,Uitsluitend materiele schade,3,personenauto,fiets,Flank,Rotonde,Binnen,50.0,Niet brandend,Overig asfalt,Droog,Daglicht,Droog,Louis Davidsstraat,amsterdam,POINT (115749.59340000153 484933.36030000076),POINT (4.811121947351509 52.35090271724426),4.811121947351509,52.35090271724426
34188,20230067645,2023,Uitsluitend materiele schade,2,personenauto,bromfiets,Onbekend,Rotonde,Binnen,30.0,Niet brandend,Overig asfalt,Nat,Daglicht,Droog,Baden Powellweg,amsterdam,POINT (114172.81579999998 486280.7868999988),POINT (4.787817060554894 52.362897400459936),4.787817060554894,52.362897400459936
34206,20230020457,2023,Uitsluitend materiele schade,3,snorfiets,snorfiets,Onbekend,"Kruispunt, 3 takken",Binnen,30.0,Niet brandend,Overig asfalt,Droog,Daglicht,Droog,J.S. Ruppertstraat,amsterdam,POINT (114791.85579999909 485011.11349999905),POINT (4.797056547717964 52.351532252269074),4.797056547717964,52.351532252269074
34208,20230024450,2023,Uitsluitend materiele schade,2,personenauto,fiets,Flank,Bocht,Binnen,30.0,Niet brandend,Overig asfalt,Droog,Daglicht,Droog,Oostelijke Handelskade,amsterdam,POINT (124437.18200000003 487417.81799999997),POINT (4.9384005173667855 52.37378331848032),4.9384005173667855,52.37378331848032
34237,20230020479,2023,Uitsluitend materiele schade,3,fiets,fiets,Onbekend,Rechte weg,Binnen,Unknown,Brandend,Overig asfalt,Droog,Duisternis,Droog,Jachthavenweg,amsterdam,POINT (118733.70499999821 482904.6169999987),POINT (4.855136737835277 52.33287484820847),4.855136737835277,52.33287484820847
34278,20230024516,2023,Uitsluitend materiele schade,2,bromfiets,personenauto,Flank,Rechte weg,Binnen,30.0,Niet brandend,Klinkers,Droog,Daglicht,Droog,Torresstraat,amsterdam,POINT (118508.08700000122 487235.24599999934),POINT (4.851357102413637 52.37178049498732),4.851357102413637,52.37178049498732
34315,20230074663,2023,Letsel,2,trein/tram,fiets,Flank,"Kruispunt, 4 takken",Binnen,50.0,Niet brandend,Overig asfalt,Droog,Daglicht,Droog,Hobbemakade,amsterdam,POINT (120860.21770000085 485037.7597000003),POINT (4.88611756258688 52.35218228735945),4.88611756258688,52.35218228735945
34408,20230078023,2023,Letsel,2,vrachtauto,bromfiets,Kop/staart,"Kruispunt, 4 takken",Binnen,50.0,Niet brandend,ZOAB,Droog,Daglicht,Droog,Houtmankade,amsterdam,POINT (120811.4497999996 489318.49819999933),POINT (4.884966389733234 52.39065146960079),4.884966389733234,52.39065146960079
34415,20230020693,2023,Uitsluitend materiele schade,2,bestelauto,e-bike,Onbekend,Rotonde,Binnen,50.0,Niet brandend,Overig asfalt,Droog,Daglicht,Droog,Volendammerweg,amsterdam,POINT (125714.5522999987 489448.02739999816),POINT (4.956980734259642 52.392099102946545),4.956980734259642,52.392099102946545
34418,20230024724,2023,Uitsluitend materiele schade,2,fiets,fiets,Flank,Rechte weg,Binnen,15.0,Niet aanwezig,ZOAB,Droog,Daglicht,Droog,Marnixstraat,amsterdam,POINT (120529.14299999923 486397.2989999987),POINT (4.881119063696781 52.36438020993506),4.881119063696781,52.36438020993506
34464,20230020750,2023,Letsel,2,snorfiets,fiets,Flank,Rechte weg,Binnen,30.0,Niet brandend,Beton,Droog,Daglicht,Droog,De Ruijterkade,amsterdam,POINT (121488.5549999997 488398.7010000013),POINT (4.895004646066382 52.3824267658551),4.895004646066382,52.3824267658551
34465,20230020756,2023,Letsel,2,bromfiets,personenauto,Flank,Rechte weg,Binnen,50.0,Niet brandend,Overig asfalt,Nat,Daglicht,Droog,Wibautstraat,amsterdam,POINT (122440.73099999875 485822.5320000015),POINT (4.909238800412834 52.35933122959858),4.909238800412834,52.35933122959858
34520,20230020823,2023,Letsel,2,personenauto,e-bike,Flank,Rotonde,Binnen,50.0,Niet brandend,ZOAB,Nat,Daglicht,Droog,De Borcht,amsterdam,POINT (121126.69240000099 482059.58949999884),POINT (4.890328222211771 52.32543292517683),4.890328222211771,52.32543292517683
34540,20230088144,2023,Letsel,2,bromfiets,voetganger,Voetganger,"Kruispunt, 4 takken",Binnen,50.0,Niet brandend,Overig asfalt,Droog,Daglicht,Droog,Kerkstraat,amsterdam,POINT (121271.43510000035 486232.1684000008),POINT (4.892033222790585 52.362942213353975),4.892033222790585,52.362942213353975
34591,20230087007,2023,Uitsluitend materiele schade,2,personenauto,fiets,Flank,"Kruispunt, 3 takken",Binnen,30.0,Niet brandend,Klinkers,Nat,Daglicht,Droog,Joris Ivensstraat,amsterdam,POINT (127926.84970000014 485821.0221000016),POINT (4.989772324076786 52.35961540669219),4.989772324076786,52.35961540669219
34593,20230088203,2023,Uitsluitend materiele schade,2,personenauto,fiets,Flank,"Kruispunt, 4 takken",Binnen,30.0,Niet brandend,Overig asfalt,Droog,Daglicht,Droog,Beukenweg,amsterdam,POINT (123133.7751000002 485371.88379999995),POINT (4.919454952530148 52.355321735524925),4.919454952530148,52.355321735524925
34648,20230087663,2023,Uitsluitend materiele schade,2,personenauto,bromfiets,Flank,"Kruispunt, 4 takken",Binnen,50.0,Brandend,ZOAB,Droog,Duisternis,Droog,Mauritskade,amsterdam,POINT (122405.33480000123 485935.57609999925),POINT (4.908708251261734 52.36034509538456),4.908708251261734,52.36034509538456
34768,20230097817,2023,Letsel,2,personenauto,bromfiets,Flank,"Kruispunt, 4 takken",Binnen,50.0,Brandend,Overig asfalt,Nat,Daglicht,Droog,Hagedoornplein,amsterdam,POINT (122755.0876000002 488970.8825000003),POINT (4.91355130829117 52.38764497781065),4.91355130829117,52.38764497781065
34938,20210075204,2021,Letsel,2,personenauto,bromfiets,Flank,"Kruispunt, 4 takken",Binnen,50.0,Niet aanwezig,Overig asfalt,Nat,Duisternis,Droog,Spaarndammerdijk,amsterdam,POINT (119195.3898999989 489522.27910000086),POINT (4.861205290109658 52.39237984767924),4.861205290109658,52.39237984767924
34961,20210087360,2021,Uitsluitend materiele schade,2,bestelauto,fiets,Flank,"Kruispunt, 4 takken",Binnen,30.0,Niet brandend,Klinkers,Droog,Daglicht,Droog,Tussen Meer,amsterdam,POINT (114251.07030000165 485519.4288999997),POINT (4.789058108791467 52.35606074374265),4.789058108791467,52.35606074374265
34965,20210074694,2021,Uitsluitend materiele schade,1,fiets,unknown,Onbekend,Unknown,Unknown,30.0,Unknown,Unknown,Unknown,Daglicht,Unknown,Weesperzijde,amsterdam,POINT (122428.58399999887 485235.1649999991),POINT (4.909117362955078 52.354051644196744),4.909117362955078,52.354051644196744
35016,20210087305,2021,Uitsluitend materiele schade,3,bromfiets,bromfiets,Onbekend,"Kruispunt, 4 takken",Binnen,50.0,Niet brandend,Overig asfalt,Nat,Daglicht,Unknown,Willem de Zwijgerlaan,amsterdam,POINT (119316.14039999992 487595.97729999945),POINT (4.863183776150307 52.37507558190167),4.863183776150307,52.37507558190167
35017,20210087310,2021,Uitsluitend materiele schade,2,motor,fiets,Kop/staart,"Kruispunt, 4 takken",Binnen,50.0,Brandend,Unknown,Droog,Duisternis,Droog,Bestevâerstraat,amsterdam,POINT (119072.53489999846 487561.1832000017),POINT (4.859610273068408 52.3747469934787),4.859610273068408,52.3747469934787
35065,20210089315,2021,Uitsluitend materiele schade,2,personenauto,fiets,Flank,"Kruispunt, 4 takken",Binnen,50.0,Niet brandend,Overig asfalt,Droog,Daglicht,Droog,Coenhavenweg,amsterdam,POINT (118902.44550000131 491009.4519999996),POINT (4.856741929140689 52.40572617967393),4.856741929140689,52.40572617967393
35113,20210010559,2021,Uitsluitend materiele schade,2,bromfiets,bromfiets,Flank,Bocht,Binnen,30.0,Niet brandend,Overig asfalt,Nat,Daglicht,Regen,Adriaan Loosjesstraat,amsterdam,POINT (121502.4849999994 492475.16800000146),POINT (4.894802369303709 52.41906380829178),4.894802369303709,52.41906380829178
35162,20210020277,2021,Uitsluitend materiele schade,2,bromfiets,fiets,Flank,Rechte weg,Binnen,50.0,Brandend,Overig asfalt,Droog,Schemer,Droog,Zuiderzeeweg,amsterdam,POINT (125116.98600000143 486464.82499999925),POINT (4.94846761944537 52.36525584682647),4.94846761944537,52.36525584682647
35256,20210025343,2021,Uitsluitend materiele schade,2,personenauto,bromfiets,Flank,"Kruispunt, 4 takken",Binnen,50.0,Niet brandend,Overig asfalt,Droog,Daglicht,Droog,Zuideinde,amsterdam,POINT (121336 492661),POINT (4.89233652514385 52.420723723571555),4.89233652514385,52.420723723571555
35280,20210017919,2021,Uitsluitend materiele schade,1,bromfiets,unknown,Onbekend,"Kruispunt, 4 takken",Unknown,Unknown,Unknown,Unknown,Unknown,Daglicht,Unknown,Paulus Potterstraat,amsterdam,POINT (120344.5709999986 485696.9699999988),POINT (4.878481532552233 52.35807453200524),4.878481532552233,52.35807453200524
35529,20210073101,2021,Uitsluitend materiele schade,3,fiets,fiets,Onbekend,Rechte weg,Binnen,50.0,Niet brandend,Overig asfalt,Droog,Daglicht,Droog,Amsteldijk,amsterdam,POINT (122154.5 485449),POINT (4.905073585894549 52.35595713500371),4.905073585894549,52.35595713500371