,accident_id,accident_year,outcome,num_parties,party1_type,party2_type,accident_nature,road_situation,built_up_area,speed_limit_kmh,street_lighting,road_surface,road_condition,light_condition,weather_condition,street_name,municipality,shape,geometry,longitude,latitude
35554,20210059939,2021,Uitsluitend materiele schade,2,snorfiets,fiets,Frontaal,Rechte weg,Binnen,50.0,Niet brandend,Klinkers,Nat,Daglicht,Sneeuw/Hagel,Dr. H. Colijnstraat,amsterdam,POINT (115462.83639999852 488102.27600000054),POINT (4.8065407508469296 52.37936184190246),4.8065407508469296,52.37936184190246
35618,20210060261,2021,Uitsluitend materiele schade,2,personenauto,e-bike,Flank,"Kruispunt, 4 takken",Binnen,50.0,Niet brandend,Overig asfalt,Nat,Daglicht,Unknown,KINKERBRUG 0266,amsterdam,POINT (119116.25710000098 486427.7906999998),POINT (4.8603732945253935 52.36456376026658),4.8603732945253935,52.36456376026658
35724,20210038604,2021,Uitsluitend materiele schade,2,bromfiets,overig vast object,Vast voorwerp,"Kruispunt, 3 takken",Binnen,50.0,Brandend,Overig asfalt,Droog,Schemer,Droog,Meteorenweg,amsterdam,POINT (120301.90300000086 492226.3260000013),POINT (4.877180629583237 52.41675276956373),4.877180629583237,52.41675276956373
35737,20210056972,2021,Uitsluitend materiele schade,2,personenauto,fiets,Frontaal,Rechte weg,Binnen,30.0,Niet brandend,Klinkers,Droog,Schemer,Droog,Tugelaweg,amsterdam,POINT (123241.11499999836 485427.55900000036),POINT (4.921025238257541 52.35582832322368),4.921025238257541,52.35582832322368
35781,20210084838,2021,Letsel,1,bromfiets,unknown,Eenzijdig,Unknown,Buiten,60.0,Niet aanwezig,Overig asfalt,Droog,Duisternis,Droog,Buikslotermeerdijk,amsterdam,POINT (125130.77600000054 491192.313000001),POINT (4.948249667234113 52.40774405850592),4.948249667234113,52.40774405850592
35885,20210043795,2021,Uitsluitend materiele schade,2,fiets,fiets,Flank,"Kruispunt, 4 takken",Binnen,Unknown,Niet brandend,Overig asfalt,Droog,Daglicht,Droog,Prins Hendrikkade,amsterdam,POINT (122014.77499999851 487690.50400000066),POINT (4.902802766260774 52.37609386385047),4.902802766260774,52.37609386385047
35886,20210076685,2021,Letsel,2,snorfiets,bestelauto,Onbekend,Rechte weg,Binnen,50.0,Niet aanwezig,Overig asfalt,Unknown,Schemer,Droog,Nieuwezijds Voorburgwal,amsterdam,POINT (121288.65100000054 487610.46400000155),POINT (4.892147744094002 52.375330421362335),4.892147744094002,52.375330421362335
35939,20210048766,2021,Uitsluitend materiele schade,2,bromfiets,fiets,Flank,"Kruispunt, 3 takken",Binnen,50.0,Niet brandend,Overig asfalt,Droog,Daglicht,Droog,Marnixplein,amsterdam,POINT (120373.49579999968 487894.5238999985),POINT (4.878679772716584 52.37782639603906),4.878679772716584,52.37782639603906
35999,20210087280,2021,Letsel,2,snorfiets,fiets,Flank,"Kruispunt, 4 takken",Binnen,50.0,Niet brandend,ZOAB,Droog,Daglicht,Droog,Buiksloterweg,amsterdam,POINT (122264.9888000004 488634.7441000007),POINT (4.906385134222556 52.38459499869127),4.906385134222556,52.38459499869127
36004,20210043319,2021,Uitsluitend materiele schade,2,snorfiets,fiets,Flank,Rechte weg,Binnen,30.0,Niet aanwezig,Overig asfalt,Droog,Daglicht,Droog,Stadhouderskade,amsterdam,POINT (121122.63100000098 485704.55099999905),POINT (4.889901846885156 52.35819119532198),4.889901846885156,52.35819119532198
36053,20210069176,2021,Uitsluitend materiele schade,3,bromfiets,fiets,Onbekend,Rechte weg,Binnen,Unknown,Brandend,Overig asfalt,Nat,Duisternis,Regen,Cornelis Lelylaan,amsterdam,POINT (115625.1649999991 485544.14400000125),POINT (4.809224301751561 52.35638306559547),4.809224301751561,52.35638306559547
36057,20210087671,2021,Letsel,3,fiets,overig vast object,Vast voorwerp,Rechte weg,Binnen,50.0,Brandend,Overig asfalt,Droog,Duisternis,Droog,Van Heenvlietlaan,amsterdam,POINT (120598.3759999983 482590.1719999984),POINT (4.882524635070335 52.330168663230104),4.882524635070335,52.330168663230104
36064,20210071178,2021,Letsel,2,bromfiets,voetganger,Voetganger,Rechte weg,Binnen,30.0,Niet brandend,Klinkers,Droog,Daglicht,Droog,Amstel,amsterdam,POINT (121743.42500000075 486673.2569999993),POINT (4.898918665028053 52.36693519276456),4.898918665028053,52.36693519276456
36065,20210071179,2021,Letsel,2,motor,bromfiets,Flank,Rechte weg,Binnen,15.0,Niet brandend,Beton,Droog,Daglicht,Droog,Rokin,amsterdam,POINT (121306.4450000003 487021.91899999976),POINT (4.89246804227348 52.37004208878155),4.89246804227348,52.37004208878155
36245,20210092244,2021,Uitsluitend materiele schade,2,bromfiets,personenauto,Kop/staart,Rechte weg,Binnen,50.0,Niet brandend,Overig asfalt,Droog,Daglicht,Droog,Pieter Calandlaan,amsterdam,POINT (115346.25400000066 485174.1950000003),POINT (4.805173999904252 52.35303819234921),4.805173999904252,52.35303819234921
36622,20210093214,2021,Uitsluitend materiele schade,2,bromfiets,personenauto,Flank,"Kruispunt, 4 takken",Binnen,50.0,Niet brandend,Overig asfalt,Nat,Daglicht,Unknown,Kleine Houtstraat,amsterdam,POINT (120810.81799999997 488685.3920000009),POINT (4.885021560100082 52.38496154387928),4.885021560100082,52.38496154387928
36677,20220080681,2022,Uitsluitend materiele schade,2,personenauto,bromfiets,Kop/staart,Rechte weg,Binnen,50.0,Niet brandend,ZOAB,Droog,Daglicht,Droog,Prins Hendrikkade,amsterdam,POINT (122267.08199999854 487382.77800000086),POINT (4.906537844519559 52.373343336113784),4.906537844519559,52.373343336113784
36684,20220103358,2022,Letsel,2,bromfiets,voetganger,Voetganger,"Kruispunt, 4 takken",Binnen,50.0,Niet brandend,Overig asfalt,Droog,Daglicht,Droog,Molukkenstraat,amsterdam,POINT (124514.23200000077 486348.2470000014),POINT (4.939628926496702 52.36417499621828),4.939628926496702,52.36417499621828
36722,20220016678,2022,Uitsluitend materiele schade,1,bromfiets,unknown,Eenzijdig,Rechte weg,Binnen,30.0,Brandend,Overig asfalt,Droog,Duisternis,Droog,Prins Hendrikkade,amsterdam,POINT (122217.43299999833 487447.66600000113),POINT (4.9058024693212365 52.37392354251287),4.9058024693212365,52.37392354251287
36801,20220055404,2022,Uitsluitend materiele schade,1,fiets,unknown,Voetganger,Rechte weg,Binnen,30.0,Niet brandend,Overig asfalt,Droog,Daglicht,Droog,Haarlemmerplein,amsterdam,POINT (120746.47800000012 488610.6319999993),POINT (4.884084170077515 52.384285645407275),4.884084170077515,52.384285645407275
36850,20220081132,2022,Uitsluitend materiele schade,2,personenauto,e-bike,Flank,"Kruispunt, 4 takken",Binnen,Unknown,Niet brandend,Overig asfalt,Droog,Daglicht,Droog,Barentszplein,amsterdam,POINT (121232.38360000029 489178.9699999988),POINT (4.891163815192853 52.389423552746145),4.891163815192853,52.389423552746145
36886,20220081205,2022,Uitsluitend materiele schade,2,personenauto,snorfiets,Flank,"Kruispunt, 4 takken",Binnen,50.0,Niet brandend,Overig asfalt,Droog,Daglicht,Droog,Van der Boechorststraat,amsterdam,POINT (119186.0821999982 482343.71440000087),POINT (4.861832989618 52.32786348629177),4.861832989618,52.32786348629177
36952,20220081335,2022,Letsel,2,snorfiets,fiets,Flank,Rotonde,Binnen,50.0,Niet brandend,ZOAB,Droog,Daglicht,Droog,Louis Bouwmeesterstraat,amsterdam,POINT (116458.0524000004 485498.2930999994),POINT (4.821454863279112 52.3560300557057),4.821454863279112,52.3560300557057
36981,20220054500,2022,Uitsluitend materiele schade,2,bromfiets,bromfiets,Onbekend,"Kruispunt, 4 takken",Binnen,50.0,Unknown,Unknown,Droog,Daglicht,Droog,Molukkenstraat,amsterdam,POINT (124590.84230000153 485785.1141999997),POINT (4.94080456267877 52.35911816498534),4.94080456267877,52.35911816498534
37046,20220103083,2022,Uitsluitend materiele schade,1,fiets,unknown,Onbekend,Unknown,Unknown,50.0,Unknown,Unknown,Unknown,Daglicht,Unknown,Stadhouderskade,amsterdam,POINT (121845.47599999979 485686.08399999887),POINT (4.9005142904111265 52.35806932532612),4.9005142904111265,52.35806932532612
37101,20220102457,2022,Uitsluitend materiele schade,2,personenauto,fiets,Flank,Rotonde,Binnen,50.0,Niet brandend,Overig asfalt,Droog,Daglicht,Droog,Cornelis Krusemanstraat,amsterdam,POINT (118941.3759999983 484790.34540000185),POINT (4.857981397277775 52.349836129546695),4.857981397277775,52.349836129546695
37126,20220103261,2022,Uitsluitend materiele schade,3,personenauto,e-bike,Los voorwerp,Rechte weg,Binnen,50.0,Niet brandend,Beton,Droog,Daglicht,Droog,Elzenhagensingel,amsterdam,POINT (124073.97700000182 490931.06599999964),POINT (4.932743607207626 52.405337604580836),4.932743607207626,52.405337604580836
37518,20230004061,2023,Uitsluitend materiele schade,3,personenauto,snorfiets,Onbekend,"Kruispunt, 4 takken",Binnen,50.0,Niet brandend,Beton,Nat,Daglicht,Droog,Wijttenbachstraat,amsterdam,POINT (123888.11129999906 486035.0342000015),POINT (4.930465819285362 52.36132493717997),4.930465819285362,52.36132493717997
37519,20230004648,2023,Letsel,2,personenauto,fiets,Onbekend,Rechte weg,Binnen,30.0,Niet brandend,Klinkers,Droog,Daglicht,Droog,Eerste Marnixdwarsstraat,amsterdam,POINT (120597.94200000167 488516.0089999996),POINT (4.881912225930253 52.383425955663604),4.881912225930253,52.383425955663604
37557,20230004101,2023,Uitsluitend materiele schade,2,personenauto,fiets,Flank,"Kruispunt, 4 takken",Binnen,50.0,Niet brandend,Overig asfalt,Droog,Daglicht,Droog,Govert Flinckstraat,amsterdam,POINT (121793.74920000136 485535.1928999983),POINT (4.899769891763816 52.35671009371424),4.899769891763816,52.35671009371424
37584,20230004505,2023,Uitsluitend materiele schade,2,bromfiets,bromfiets,Voetganger,"Kruispunt, 4 takken",Binnen,30.0,Niet brandend,Klinkers,Droog,Duisternis,Droog,Egelantiersstraat,amsterdam,POINT (120610.31390000135 487759.05469999835),POINT (4.882171415762683 52.37662378169049),4.882171415762683,52.37662378169049
37630,20230020150,2023,Uitsluitend materiele schade,1,bromfiets,unknown,Onbekend,Unknown,Unknown,Unknown,Unknown,Unknown,Unknown,Daglicht,Unknown,Van Alphenstraat,amsterdam,POINT (119655.5549999997 486946.7049999982),POINT (4.868236187592661 52.36926235298669),4.868236187592661,52.36926235298669
37664,20230020408,2023,Letsel,2,fiets,bestelauto,Eenzijdig,Unknown,Unknown,30.0,Unknown,Unknown,Unknown,Daglicht,Unknown,Van Reigersbergenstraat,amsterdam,POINT (119875.16849999875 487582.1629000008),POINT (4.871394274352922 52.37498747306687),4.871394274352922,52.37498747306687
38205,20220177436,2022,Uitsluitend materiele schade,2,bestelauto,fiets,Frontaal,"Kruispunt, 3 takken",Binnen,30.0,Niet brandend,Klinkers,Droog,Daglicht,Unknown,Hemonystraat,amsterdam,POINT (121943.44330000132 485662.567400001),POINT (4.901954657496992 52.35786387744737),4.901954657496992,52.35786387744737
38235,20220177238,2022,Uitsluitend materiele schade,1,fiets,unknown,Eenzijdig,Rechte weg,Binnen,30.0,Brandend,Overig asfalt,Nat,Duisternis,Unknown,Marnixstraat,amsterdam,POINT (120316.61699999869 486883.66000000015),POINT (4.877948799779006 52.36873789625751),4.877948799779006,52.36873789625751
38316,20220142232,2022,Uitsluitend materiele schade,2,personenauto,bromfiets,Geparkeerd voertuig,Rechte weg,Binnen,30.0,Niet brandend,Klinkers,Nat,Daglicht,Regen,Louis Bouwmeesterstraat,amsterdam,POINT (116513.01999999955 485325.62999999896),POINT (4.82228143815836 52.35448214461555),4.82228143815836,52.35448214461555
38348,20220123600,2022,Uitsluitend materiele schade,2,bromfiets,fiets,Flank,Rechte weg,Binnen,50.0,Niet brandend,Overig asfalt,Droog,Daglicht,Droog,Vrijheidslaan,amsterdam,POINT (122362.98699999973 484442.1196000017),POINT (4.908231473023119 52.34692037705785),4.908231473023119,52.34692037705785
38459,20220123916,2022,Letsel,2,bromfiets,overig vast object,Vast voorwerp,Rechte weg,Binnen,50.0,Brandend,Overig asfalt,Droog,Duisternis,Droog,Dolingadreef,amsterdam,POINT (124551.71499999985 482041.8209999986),POINT (4.940568763633573 52.325473542148394),4.940568763633573,52.325473542148394
38486,20220124028,2022,Uitsluitend materiele schade,2,personenauto,bromfiets,Onbekend,Rotonde,Binnen,50.0,Brandend,Overig asfalt,Droog,Duisternis,Droog,Wibautstraat,amsterdam,POINT (123037.77039999887 484612.33769999817),POINT (4.918117940482802 52.34848984824561),4.918117940482802,52.34848984824561
38616,20220141806,2022,Uitsluitend materiele schade,2,fiets,personenauto,Frontaal,Rechte weg,Binnen,30.0,Niet brandend,ZOAB,Droog,Daglicht,Droog,Haarlemmer Houttuinen,amsterdam,POINT (121305.33300000057 488210.1970000006),POINT (4.8923325732140635 52.38072141391106),4.8923325732140635,52.38072141391106
38618,20220150376,2022,Uitsluitend materiele schade,2,personenauto,bromfiets,Onbekend,Unknown,Unknown,50.0,Unknown,Unknown,Unknown,Daglicht,Unknown,Overtoom,amsterdam,POINT (120130.33999999985 486227.08100000024),POINT (4.875281896046461 52.36282523913927),4.875281896046461,52.36282523913927
38621,20220155714,2022,Letsel,1,fiets,unknown,Eenzijdig,Unknown,Unknown,30.0,Unknown,Unknown,Unknown,Daglicht,Unknown,Spaarndammerstraat,amsterdam,POINT (120547.91299999878 488941.51000000164),POINT (4.881133790789254 52.38724690398588),4.881133790789254,52.38724690398588
38717,20230049004,2023,Uitsluitend materiele schade,2,personenauto,bromfiets,Flank,Rechte weg,Binnen,50.0,Niet brandend,Overig asfalt,Droog,Daglicht,Droog,IJdoornlaan,amsterdam,POINT (122870.49500000104 491358.78599999845),POINT (4.915017930561628 52.40911247210104),4.915017930561628,52.40911247210104
38815,20230039817,2023,Uitsluitend materiele schade,2,motor,fiets,Flank,Rechte weg,Binnen,50.0,Niet brandend,Overig asfalt,Droog,Daglicht,Droog,Marnixstraat,amsterdam,POINT (120286.07999999821 487679.1550000012),POINT (4.877418282525892 52.37588529859349),4.877418282525892,52.37588529859349
38843,20230048665,2023,Uitsluitend materiele schade,2,personenauto,fiets,Frontaal,Rechte weg,Binnen,30.0,Niet brandend,Overig asfalt,Droog,Daglicht,Droog,Eerste Helmersstraat,amsterdam,POINT (120154.03700000048 486315.45600000024),POINT (4.875620621096931 52.363620994566965),4.875620621096931,52.363620994566965
38857,20230039919,2023,Letsel,3,bromfiets,fiets,Onbekend,Rechte weg,Binnen,50.0,Niet brandend,ZOAB,Droog,Daglicht,Droog,De passage,amsterdam,POINT (124415.26799999923 480974.2259999998),POINT (4.938664211818704 52.31587103299015),4.938664211818704,52.31587103299015
38882,20230049293,2023,Uitsluitend materiele schade,2,bromfiets,personenauto,Onbekend,Bocht,Binnen,50.0,Niet brandend,Beton,Droog,Daglicht,Droog,Strawinskylaan,amsterdam,POINT (119647.24300000072 483770.2569999993),POINT (4.868447953978331 52.340714142611915),4.868447953978331,52.340714142611915
38884,20230050414,2023,Letsel,2,personenauto,fiets,Onbekend,"Kruispunt, 3 takken",Binnen,30.0,Niet brandend,Klinkers,Droog,Daglicht,Droog,Kattenburgerplein,amsterdam,POINT (122851.33199999854 487124.32979999855),POINT (4.91514170058188 52.37105509565361),4.91514170058188,52.37105509565361
38898,20230040530,2023,Uitsluitend materiele schade,2,snorfiets,bestelauto,Onbekend,"Kruispunt, 3 takken",Binnen,50.0,Niet brandend,Overig asfalt,Droog,Daglicht,Droog,'s-Gravesandeplein,amsterdam,POINT (122940.02199999988 485830.4840000011),POINT (4.916567324904368 52.35943206167372),4.916567324904368,52.35943206167372
38905,20230050466,2023,Letsel,2,bromfiets,unknown,Eenzijdig,Rechte weg,Binnen,50.0,Niet brandend,Klinkers,Droog,Daglicht,Droog,Damrak,amsterdam,POINT (121364.07999999821 487385.09699999914),POINT (4.89327794717244 52.373309608885506),4.89327794717244,52.373309608885506
38937,20230050553,2023,Letsel,2,bromfiets,fiets,Flank,"Kruispunt, 4 takken",Binnen,50.0,Brandend,Klinkers,Droog,Duisternis,Droog,Geldersekade,amsterdam,POINT (121929.85990000144 487464.3319000006),POINT (4.901578052209045 52.374056080656516),4.901578052209045,52.374056080656516
38976,20230040147,2023,Letsel,2,motor,e-bike,Flank,"Kruispunt, 4 takken",Binnen,50.0,Niet brandend,Overig asfalt,Droog,Daglicht,Droog,Westermarkt,amsterdam,POINT (120782 487475.53500000015),POINT (4.88472150316092 52.374086437866566),4.88472150316092,52.374086437866566
39013,20220210892,2022,Letsel,2,snorfiets,personenauto,Flank,"Kruispunt, 4 takken",Binnen,Unknown,Niet brandend,Overig asfalt,Nat,Daglicht,Droog,Koos Vorrinkweg,amsterdam,POINT (114996.14600000158 485075.0700000003),POINT (4.800047224167302 52.35212195488326),4.800047224167302,52.35212195488326
39014,20220211525,2022,Letsel,1,e-bike,unknown,Eenzijdig,"Kruispunt, 4 takken",Binnen,30.0,Niet aanwezig,Klinkers,Nat,Schemer,Droog,Quellijnstraat,amsterdam,POINT (121171.84380000085 485549.0238999985),POINT (4.890639880619272 52.35679645668271),4.890639880619272,52.35679645668271
39052,20220210945,2022,Uitsluitend materiele schade,2,personenauto,fiets,Flank,"Kruispunt, 4 takken",Binnen,50.0,Niet brandend,Overig asfalt,Nat,Daglicht,Droog,Van Baerlestraat,amsterdam,POINT (120359 485701),POINT (4.87869291933363 52.358111660850895),4.87869291933363,52.358111660850895
39089,20220211634,2022,Uitsluitend materiele schade,2,personenauto,fiets,Flank,"Kruispunt, 3 takken",Binnen,50.0,Niet brandend,Overig asfalt,Droog,Duisternis,Droog,Amsteldijk,amsterdam,POINT (122081.89689999819 485666.81500000134),POINT (4.90398658475481 52.35791036538376),4.90398658475481,52.35791036538376
39150,20220211029,2022,Uitsluitend materiele schade,2,personenauto,fiets,Flank,"Kruispunt, 4 takken",Binnen,50.0,Niet brandend,Overig asfalt,Droog,Daglicht,Droog,Weteringlaan,amsterdam,POINT (121185.9849999994 485686.30999999866),POINT (4.890833651413056 52.358031160813745),4.890833651413056,52.358031160813745
39151,20220211710,2022,Letsel,2,personenauto,snorfiets,Flank,Rechte weg,Binnen,50.0,Brandend,Unknown,Droog,Duisternis,Droog,Amstelveenseweg,amsterdam,POINT (118780.42720000073 485312.18780000135),POINT (4.855563115350352 52.35451549085114),4.855563115350352,52.35451549085114
39152,20220212411,2022,Letsel,2,personenauto,fiets,Frontaal,"Kruispunt, 4 takken",Binnen,50.0,Brandend,Beton,Nat,Duisternis,Droog,Bilderdijkstraat,amsterdam,POINT (119801.27290000021 487126.9803000018),POINT (4.87035682606685 52.37089189452103),4.87035682606685,52.37089189452103
39189,20220211754,2022,Uitsluitend materiele schade,2,personenauto,fiets,Flank,"Kruispunt, 4 takken",Binnen,30.0,Niet brandend,Klinkers,Nat,Schemer,Droog,Orteliusstraat,amsterdam,POINT (118271.51700000092 487326.375),POINT (4.847873497579089 52.37258372154524),4.847873497579089,52.37258372154524
39253,20220211848,2022,Uitsluitend materiele schade,2,fiets,fiets,Onbekend,"Kruispunt, 4 takken",Binnen,Unknown,Brandend,Overig asfalt,Nat,Duisternis,Regen,Gietersstraat,amsterdam,POINT (120463.97430000082 487995.7393999994),POINT (4.879998085930682 52.3787417453001),4.879998085930682,52.3787417453001
39376,20220212013,2022,Letsel,1,bromfiets,unknown,Eenzijdig,Rechte weg,Binnen,50.0,Brandend,Overig asfalt,Nat,Duisternis,Regen,Piet Heinkade,amsterdam,POINT (123183.61100000143 487736.6030000001),POINT (4.919962680799655 52.37657714037732),4.919962680799655,52.37657714037732
39447,20220210741,2022,Uitsluitend materiele schade,1,snorfiets,unknown,Voetganger,Bocht,Binnen,30.0,Niet brandend,Overig asfalt,Nat,Daglicht,Regen,Jan van Galenstraat,amsterdam,POINT (117521.37000000104 487346.13500000164),POINT (4.836856418165461 52.37271062309622),4.836856418165461,52.37271062309622
39850,20230111775,2023,Letsel,1,fiets,unknown,Eenzijdig,Rechte weg,Binnen,30.0,Brandend,Klinkers,Droog,Duisternis,Droog,Vijzelstraat,amsterdam,POINT (121350.13100000098 486615.3299999982),POINT (4.893150175780427 52.366390630293544),4.893150175780427,52.366390630293544
39876,20230111386,2023,Letsel,2,bromfiets,personenauto,Flank,"Kruispunt, 4 takken",Binnen,30.0,Niet brandend,ZOAB,Droog,Daglicht,Droog,Molukkenstraat,amsterdam,POINT (124547.82779999822 485890.00349999964),POINT (4.940163641253424 52.3600584606899),4.940163641253424,52.3600584606899
39953,20230020887,2023,Uitsluitend materiele schade,2,personenauto,fiets,Flank,"Kruispunt, 4 takken",Binnen,30.0,Brandend,Overig asfalt,Droog,Schemer,Droog,Piet Mondriaanstraat,amsterdam,POINT (117759.14189999923 486585.3691999987),POINT (4.840432063365826 52.36588961809934),4.840432063365826,52.36588961809934
40068,20230078483,2023,Uitsluitend materiele schade,2,personenauto,fiets,Flank,Rechte weg,Binnen,50.0,Niet brandend,Klinkers,Droog,Daglicht,Droog,Carolina MacGillavrylaan,amsterdam,POINT (124705.83999999985 485641.5170000009),POINT (4.942505587442915 52.357833957358544),4.942505587442915,52.357833957358544
40139,20230078981,2023,Letsel,1,fiets,unknown,Eenzijdig,Rechte weg,Binnen,50.0,Brandend,Overig asfalt,Droog,Duisternis,Droog,Reigersbospad,amsterdam,POINT (125665.64999999851 480707.64499999955),POINT (4.95702435861335 52.31354324854551),4.95702435861335,52.31354324854551
40146,20230024598,2023,Uitsluitend materiele schade,2,fiets,fiets,Frontaal,Rechte weg,Binnen,60.0,Niet brandend,Overig asfalt,Droog,Daglicht,Droog,Dammerweg,amsterdam,POINT (133344.3359999992 477516.26900000125),POINT (5.069832920621016 52.285216350102665),5.069832920621016,52.285216350102665
40184,20230077014,2023,Uitsluitend materiele schade,2,personenauto,fiets,Flank,"Kruispunt, 4 takken",Binnen,50.0,Niet brandend,Overig asfalt,Droog,Duisternis,Droog,Overtoom,amsterdam,POINT (119465.85209999979 485951.8203999996),POINT (4.865556000946601 52.36030881073797),4.865556000946601,52.36030881073797
40202,20230022868,2023,Letsel,2,snorfiets,personenauto,Flank,"Kruispunt, 3 takken",Binnen,30.0,Niet brandend,Overig asfalt,Nat,Daglicht,Droog,Ben van Meerendonkstraat,amsterdam,POINT (129093.67069999874 484932.06069999933),POINT (5.006969256760928 52.351682185288986),5.006969256760928,52.351682185288986
40221,20230022908,2023,Uitsluitend materiele schade,2,bromfiets,personenauto,Flank,"Kruispunt, 3 takken",Binnen,50.0,Niet brandend,Overig asfalt,Droog,Daglicht,Droog,Johan Jongkindstraat,amsterdam,POINT (117551.54520000145 485855.1576000005),POINT (4.837465571062538 52.3593129124571),4.837465571062538,52.3593129124571
40249,20230020179,2023,Uitsluitend materiele schade,2,bromfiets,personenauto,Flank,Rechte weg,Binnen,50.0,Niet brandend,Overig asfalt,Nat,Daglicht,Regen,Nassaukade,amsterdam,POINT (120358.93499999866 486509.73600000143),POINT (4.878608658653435 52.36538000554891),4.878608658653435,52.36538000554891
40250,20230020709,2023,Uitsluitend materiele schade,2,personenauto,fiets,Flank,Rechte weg,Binnen,50.0,Niet brandend,Overig asfalt,Droog,Daglicht,Droog,Amstel,amsterdam,POINT (122130.68560000136 485952.45710000023),POINT (4.904674834293164 52.360480445819),4.904674834293164,52.360480445819
40288,20230024173,2023,Letsel,2,bromfiets,overig vast object,Vast voorwerp,Rechte weg,Binnen,30.0,Brandend,Overig asfalt,Droog,Schemer,Droog,NESCIOBRUG,amsterdam,POINT (126478.14400000125 485423.27800000086),POINT (4.968539680939198 52.355967423196525),4.968539680939198,52.355967423196525
40422,20230087591,2023,Uitsluitend materiele schade,2,snorfiets,fiets,Flank,"Kruispunt, 4 takken",Binnen,50.0,Niet brandend,Overig asfalt,Nat,Daglicht,Regen,Plesmanlaan,amsterdam,POINT (115267.53599999845 484763.2349999994),POINT (4.804067178637002 52.349339116210025),4.804067178637002,52.349339116210025
40451,20230097602,2023,Uitsluitend materiele schade,2,fiets,bromfiets,Flank,Rechte weg,Binnen,30.0,Brandend,Overig asfalt,Nat,Schemer,Regen,Het Breed,amsterdam,POINT (124563.55750000104 489948.9844000004),POINT (4.940026888022908 52.39653873308499),4.940026888022908,52.39653873308499
40460,20230087692,2023,Uitsluitend materiele schade,3,personenauto,fiets,Flank,"Kruispunt, 4 takken",Binnen,50.0,Brandend,ZOAB,Droog,Duisternis,Droog,Korte Marnixstraat,amsterdam,POINT (120684.78669999912 488661.3931999989),POINT (4.8831728880669285 52.38473799655094),4.8831728880669285,52.38473799655094
40537,20230087246,2023,Letsel,4,bromfiets,bromfiets,Onbekend,Rechte weg,Binnen,50.0,Niet brandend,Overig asfalt,Droog,Daglicht,Droog,Burg De Vlugtlaan,amsterdam,POINT (116757.67399999872 488242.41000000015),POINT (4.8255405752711455 52.38071297497501),4.8255405752711455,52.38071297497501
40559,20230087863,2023,Letsel,2,personenauto,fiets,Flank,"Kruispunt, 4 takken",Binnen,30.0,Niet brandend,Klinkers,Nat,Daglicht,Regen,Valeriusplein,amsterdam,POINT (119357 485127),POINT (4.864045492727809 52.3528888608731),4.864045492727809,52.3528888608731
40580,20230087321,2023,Uitsluitend materiele schade,2,personenauto,bromfiets,Kop/staart,Rechte weg,Binnen,50.0,Niet brandend,Klinkers,Droog,Daglicht,Droog,Werengouw,amsterdam,POINT (125001.84299999848 489722.438000001),POINT (4.946486313923489 52.394526824761186),4.946486313923489,52.394526824761186
40621,20230087970,2023,Uitsluitend materiele schade,2,personenauto,fiets,Flank,"Kruispunt, 3 takken",Binnen,50.0,Niet brandend,ZOAB,Nat,Daglicht,Regen,Hobbemakade,amsterdam,POINT (120838.29670000076 484795.5667000003),POINT (4.885820417873746 52.350004258439235),4.885820417873746,52.350004258439235
40665,20230087492,2023,Uitsluitend materiele schade,1,fiets,unknown,Flank,Rotonde,Binnen,Unknown,Niet aanwezig,Overig asfalt,Nat,Daglicht,Regen,OOSTOEVER NOORDZIJDE,amsterdam,POINT (117149 487101),POINT (4.8314162718754226 52.370481999550314),4.8314162718754226,52.370481999550314
40720,20210088985,2021,Uitsluitend materiele schade,2,personenauto,e-bike,Frontaal,Rechte weg,Binnen,50.0,Brandend,Overig asfalt,Nat,Duisternis,Unknown,Hobbemakade,amsterdam,POINT (120872.09200000018 485535.7679999992),POINT (4.886241321591854 52.356658783234145),4.886241321591854,52.356658783234145
40862,20210077862,2021,Letsel,3,fiets,e-bike,Onbekend,Rechte weg,Binnen,30.0,Brandend,Overig asfalt,Nat,Duisternis,Droog,Weteringschans,amsterdam,POINT (120951.86699999869 486001.0329999998),POINT (4.887365196317711 52.360845213746),4.887365196317711,52.360845213746
40912,20210004670,2021,Letsel,2,bromfiets,los voorwerp,Los voorwerp,"Kruispunt, 4 takken",Binnen,30.0,Niet brandend,Klinkers,Droog,Daglicht,Droog,2e Jan vd Heijdenstr,amsterdam,POINT (121716.86730000004 485329.19249999896),POINT (4.898661763447369 52.35485404841697),4.898661763447369,52.35485404841697
41029,20210023735,2021,Uitsluitend materiele schade,2,personenauto,bromfiets,Flank,"Kruispunt, 4 takken",Binnen,50.0,Niet brandend,Klinkers,Droog,Daglicht,Droog,Singel,amsterdam,POINT (120970.70820000023 486880.7833000012),POINT (4.887552747151846 52.36875296042486),4.887552747151846,52.36875296042486