,accident_id,accident_year,outcome,num_parties,party1_type,party2_type,accident_nature,road_situation,built_up_area,speed_limit_kmh,street_lighting,road_surface,road_condition,light_condition,weather_condition,street_name,municipality,shape,geometry,longitude,latitude
41079,20210009523,2021,Uitsluitend materiele schade,2,bestelauto,bromfiets,Flank,"Kruispunt, 4 takken",Binnen,50.0,Brandend,Overig asfalt,Droog,Duisternis,Droog,Piet Heinkade,amsterdam,POINT (122934.9840000011 487782.35599999875),POINT (4.916307204803399 52.37697387399624),4.916307204803399,52.37697387399624
41210,20210018134,2021,Uitsluitend materiele schade,2,fiets,e-bike,Flank,Rechte weg,Binnen,50.0,Niet aanwezig,Overig asfalt,Droog,Daglicht,Droog,Jan van Galenstraat,amsterdam,POINT (119621.72399999946 487714.438000001),POINT (4.867658648827099 52.37615999248864),4.867658648827099,52.37615999248864
41246,20210011070,2021,Letsel,1,fiets,unknown,Eenzijdig,Rechte weg,Binnen,50.0,Brandend,Overig asfalt,Droog,Duisternis,Droog,Wijttenbachstraat,amsterdam,POINT (123652.36300000176 485943.2179999985),POINT (4.927013578126895 52.36048635075016),4.927013578126895,52.36048635075016
41306,20210073526,2021,Uitsluitend materiele schade,3,fiets,fiets,Flank,"Kruispunt, 4 takken",Binnen,50.0,Niet brandend,Overig asfalt,Droog,Daglicht,Droog,Marnixstraat,amsterdam,POINT (120175 487269),POINT (4.875829596971659 52.37219209135129),4.875829596971659,52.37219209135129
41316,20210073860,2021,Uitsluitend materiele schade,1,bromfiets,unknown,Voetganger,Rechte weg,Binnen,50.0,Niet brandend,Unknown,Droog,Daglicht,Droog,Weteringlaan,amsterdam,POINT (121185.9849999994 485686.30999999866),POINT (4.890833651413056 52.358031160813745),4.890833651413056,52.358031160813745
41410,20210061511,2021,Uitsluitend materiele schade,1,bromfiets,unknown,Onbekend,"Kruispunt, 4 takken",Binnen,50.0,Unknown,Unknown,Droog,Daglicht,Unknown,Hobbemakade,amsterdam,POINT (120858.83300000057 485051.83300000057),POINT (4.88609581135946 52.352308682576975),4.88609581135946,52.352308682576975
41444,20210062859,2021,Uitsluitend materiele schade,2,personenauto,fiets,Flank,"Kruispunt, 3 takken",Binnen,50.0,Niet brandend,Overig asfalt,Droog,Daglicht,Droog,Valeriusplein,amsterdam,POINT (119379.11199999973 484993.8969999999),POINT (4.8643841257361204 52.351694058860964),4.8643841257361204,52.351694058860964
41486,20210058387,2021,Letsel,2,bromfiets,voetganger,Voetganger,Rechte weg,Binnen,50.0,Niet brandend,Overig asfalt,Droog,Daglicht,Droog,Middenweg,amsterdam,POINT (123779.2190000005 485308.9470000006),POINT (4.928934666649785 52.35479315547352),4.928934666649785,52.35479315547352
41511,20210049147,2021,Uitsluitend materiele schade,2,personenauto,bromfiets,Flank,"Kruispunt, 4 takken",Binnen,30.0,Niet brandend,Klinkers,Nat,Daglicht,Droog,Trijn Hullemanlaan,amsterdam,POINT (113788.33749999851 485157.17229999974),POINT (4.782310477377567 52.35277055823527),4.782310477377567,52.35277055823527
41565,20210040612,2021,Uitsluitend materiele schade,3,personenauto,bromfiets,Onbekend,Rechte weg,Binnen,50.0,Niet aanwezig,Overig asfalt,Droog,Daglicht,Droog,Westerdokskade,amsterdam,POINT (121245.96200000122 488430.3379999995),POINT (4.8914385073581395 52.38269623410137),4.8914385073581395,52.38269623410137
41676,20210067936,2021,Uitsluitend materiele schade,2,personenauto,fiets,Flank,Rechte weg,Binnen,50.0,Niet brandend,Klinkers,Droog,Daglicht,Droog,Johannis de Rijkestraat,amsterdam,POINT (123680.59200000018 486763.80999999866),POINT (4.927351543974505 52.3678629025095),4.927351543974505,52.3678629025095
41721,20210038322,2021,Uitsluitend materiele schade,2,bromfiets,motor,Onbekend,Unknown,Unknown,30.0,Unknown,Unknown,Unknown,Daglicht,Unknown,Sportpark Kadoelen,amsterdam,POINT (122459.3049999997 492042.9930000007),POINT (4.908908760226826 52.415237363748204),4.908908760226826,52.415237363748204
41756,20210043325,2021,Uitsluitend materiele schade,3,fiets,trein/tram,Onbekend,"Kruispunt, 4 takken",Binnen,50.0,Niet brandend,Klinkers,Droog,Daglicht,Droog,Tussen Meer,amsterdam,POINT (114203.71499999985 485489.7989999987),POINT (4.788366618830963 52.355790939564365),4.788366618830963,52.355790939564365
41762,20210050058,2021,Uitsluitend materiele schade,2,personenauto,snorfiets,Flank,"Kruispunt, 3 takken",Binnen,50.0,Niet brandend,Overig asfalt,Nat,Schemer,Droog,Derkinderenstraat,amsterdam,POINT (117769.29930000007 485768.7972000018),POINT (4.840671594256056 52.358551570652054),4.840671594256056,52.358551570652054
41790,20210051298,2021,Letsel,2,fiets,fiets,Flank,Rechte weg,Binnen,50.0,Niet brandend,Overig asfalt,Droog,Daglicht,Droog,Wibautstraat,amsterdam,POINT (122546.13800000027 485526.90300000086),POINT (4.910814632320234 52.356680549314405),4.910814632320234,52.356680549314405
42437,20220080810,2022,Uitsluitend materiele schade,2,personenauto,fiets,Flank,"Kruispunt, 3 takken",Buiten,50.0,Niet brandend,Overig asfalt,Droog,Daglicht,Droog,IJburglaan,amsterdam,POINT (126482.74819999933 486959.1147999987),POINT (4.968477027352132 52.36977081949283),4.968477027352132,52.36977081949283
42568,20220036018,2022,Uitsluitend materiele schade,2,bromfiets,personenauto,Flank,"Kruispunt, 4 takken",Binnen,50.0,Niet brandend,ZOAB,Droog,Daglicht,Droog,Paasheuvelweg,amsterdam,POINT (125500.34099999815 478795.79100000113),POINT (4.954767421597924 52.296351668695735),4.954767421597924,52.296351668695735
42580,20220055543,2022,Uitsluitend materiele schade,2,snorfiets,personenauto,Flank,Rechte weg,Binnen,30.0,Brandend,Klinkers,Droog,Duisternis,Droog,Speelmanstraat,amsterdam,POINT (117100.98000000045 488025.6220000014),POINT (4.8306069246207395 52.378788463797974),4.8306069246207395,52.378788463797974
42612,20220054281,2022,Letsel,2,fiets,fiets,Flank,"Kruispunt, 3 takken",Binnen,Unknown,Niet brandend,Overig asfalt,Droog,Daglicht,Droog,Martelaarsgracht,amsterdam,POINT (121609.7910999991 487927.4294999987),POINT (4.89683207647422 52.37819870356688),4.89683207647422,52.37819870356688
42698,20220055807,2022,Letsel,2,snorfiets,fiets,Flank,Rechte weg,Binnen,50.0,Brandend,Overig asfalt,Droog,Duisternis,Droog,Eerste Van Swindenstraat,amsterdam,POINT (123452 486108),POINT (4.9240568364702035 52.36195583351931),4.9240568364702035,52.36195583351931
42738,20220102313,2022,Uitsluitend materiele schade,2,personenauto,e-bike,Onbekend,Unknown,Unknown,50.0,Unknown,Unknown,Unknown,Daglicht,Unknown,Jan Pieter Heijestraat,amsterdam,POINT (119463 485958),POINT (4.865513480250896 52.36036416404823),4.865513480250896,52.36036416404823
42762,20220103010,2022,Letsel,2,fiets,personenauto,Geparkeerd voertuig,Rechte weg,Binnen,30.0,Niet brandend,Overig asfalt,Nat,Daglicht,Regen,Palembangstraat,amsterdam,POINT (124258.3909999989 485935.43299999833),POINT (4.935910656348982 52.36045063162636),4.935910656348982,52.36045063162636
42795,20220103291,2022,Uitsluitend materiele schade,2,fiets,personenauto,Flank,Rechte weg,Binnen,50.0,Brandend,Overig asfalt,Droog,Duisternis,Droog,Spuistraat,amsterdam,POINT (121255.70800000057 487631.94200000167),POINT (4.89166183152478 52.375521426769986),4.89166183152478,52.375521426769986
42977,20230023465,2023,Uitsluitend materiele schade,3,bromfiets,personenauto,Onbekend,Unknown,Unknown,30.0,Unknown,Unknown,Unknown,Duisternis,Unknown,Rijnsburgstraat,amsterdam,POINT (118415.61699999869 484580.55999999866),POINT (4.850288101716535 52.34791597582889),4.850288101716535,52.34791597582889
43122,20230004572,2023,Letsel,2,personenauto,fiets,Flank,"Kruispunt, 4 takken",Binnen,50.0,Niet brandend,Overig asfalt,Droog,Daglicht,Droog,Victorieplein,amsterdam,POINT (122055.93870000169 484343.80900000036),POINT (4.9037350839147855 52.346018504647525),4.9037350839147855,52.346018504647525
43272,20230111177,2023,Uitsluitend materiele schade,1,fiets,unknown,Onbekend,Unknown,Unknown,30.0,Unknown,Unknown,Unknown,Duisternis,Unknown,Bos en Lommerplein,amsterdam,POINT (118141.13720000163 487910.76570000127),POINT (4.845894950661932 52.37782704042661),4.845894950661932,52.37782704042661
43312,20230111598,2023,Uitsluitend materiele schade,2,bromfiets,motor,Onbekend,Unknown,Unknown,30.0,Unknown,Unknown,Unknown,Daglicht,Unknown,Lijnbaansgracht,amsterdam,POINT (120564.50499999896 486453.16699999943),POINT (4.8816324913223355 52.3648845301045),4.8816324913223355,52.3648845301045
43804,20220177324,2022,Uitsluitend materiele schade,2,bus,bromfiets,Onbekend,"Kruispunt, 4 takken",Binnen,50.0,Niet brandend,Beton,Droog,Daglicht,Droog,De Boelelaan,amsterdam,POINT (118892.63479999825 483165.6057000011),POINT (4.857440339331325 52.335230898240134),4.857440339331325,52.335230898240134
43825,20220141986,2022,Uitsluitend materiele schade,2,personenauto,bromfiets,Flank,Rechte weg,Binnen,30.0,Niet brandend,Beton,Droog,Daglicht,Droog,Prins Hendrikkade,amsterdam,POINT (122033.55200000107 487672.05999999866),POINT (4.9030803141230805 52.375929229825466),4.9030803141230805,52.375929229825466
43871,20220177833,2022,Uitsluitend materiele schade,2,personenauto,bromfiets,Kop/staart,Rechte weg,Binnen,50.0,Brandend,Overig asfalt,Droog,Duisternis,Droog,Leonard Bernsteinstraat,amsterdam,POINT (119912.70699999854 483278.04199999943),POINT (4.872394439259616 52.33630745464662),4.872394439259616,52.33630745464662
43922,20220142198,2022,Letsel,2,snorfiets,fiets,Flank,"Kruispunt, 3 takken",Binnen,30.0,Niet brandend,Unknown,Droog,Daglicht,Droog,Prof. Tulpplein,amsterdam,POINT (122166.3975000009 485959.97740000114),POINT (4.905198341604917 52.36055016883334),4.905198341604917,52.36055016883334
43932,20220178190,2022,Uitsluitend materiele schade,2,bestelauto,bromfiets,Kop/staart,"Kruispunt, 4 takken",Binnen,50.0,Niet aanwezig,ZOAB,Droog,Daglicht,Droog,Kinkerstraat,amsterdam,POINT (119919.66899999976 486716.02899999917),POINT (4.872138135811316 52.36720613843117),4.872138135811316,52.36720613843117
43974,20220178266,2022,Letsel,3,motor,fiets,Los voorwerp,"Kruispunt, 3 takken",Binnen,30.0,Niet brandend,Klinkers,Droog,Daglicht,Droog,Harkstraat,amsterdam,POINT (124844.70760000125 483896.17179999873),POINT (4.944700417171944 52.34215550648341),4.944700417171944,52.34215550648341
43975,20220178279,2022,Uitsluitend materiele schade,2,fiets,fiets,Flank,"Kruispunt, 4 takken",Binnen,50.0,Niet aanwezig,Overig asfalt,Droog,Daglicht,Droog,Bosboom Toussaintstraat,amsterdam,POINT (120299.64249999821 486584.7351000011),POINT (4.87773042645124 52.36605030121163),4.87773042645124,52.36605030121163
43976,20220178295,2022,Letsel,3,motor,fiets,Flank,Rechte weg,Binnen,50.0,Niet brandend,Overig asfalt,Droog,Daglicht,Droog,Amsteldijk,amsterdam,POINT (122443.99500000104 484858.81799999997),POINT (4.909379974825271 52.35067019707771),4.909379974825271,52.35067019707771
44100,20220123773,2022,Uitsluitend materiele schade,2,personenauto,fiets,Flank,"Kruispunt, 4 takken",Binnen,30.0,Brandend,Klinkers,Droog,Duisternis,Droog,Daniël Stalpertstraat,amsterdam,POINT (121164.69929999858 485479.9772000015),POINT (4.89054195509839 52.35617547210663),4.89054195509839,52.35617547210663
44101,20220123774,2022,Uitsluitend materiele schade,3,personenauto,fiets,Los voorwerp,"Kruispunt, 4 takken",Binnen,50.0,Niet brandend,Overig asfalt,Droog,Daglicht,Unknown,Hoofdweg,amsterdam,POINT (118330.6400000006 487342.97300000116),POINT (4.848739827767922 52.37273684301068),4.848739827767922,52.37273684301068
44165,20220123987,2022,Uitsluitend materiele schade,2,bromfiets,personenauto,Flank,"Kruispunt, 4 takken",Binnen,15.0,Niet brandend,Overig asfalt,Droog,Daglicht,Droog,Ravensteinstraat,amsterdam,POINT (126754 478582),POINT (4.9731622800808815 52.29449598540241),4.9731622800808815,52.29449598540241
44171,20220141351,2022,Uitsluitend materiele schade,2,personenauto,e-bike,Flank,"Kruispunt, 4 takken",Binnen,50.0,Niet brandend,Overig asfalt,Droog,Daglicht,Droog,Marnixstraat,amsterdam,POINT (120318.07899999991 486880.1160000004),POINT (4.877970631111093 52.36870613765962),4.877970631111093,52.36870613765962
44205,20220141458,2022,Uitsluitend materiele schade,2,motor,fiets,Flank,Rechte weg,Binnen,30.0,Niet brandend,ZOAB,Droog,Daglicht,Droog,Sarphatistraat,amsterdam,POINT (123528.70399999991 486658.75400000066),POINT (4.925131324855314 52.366910046813075),4.925131324855314,52.366910046813075
44290,20220124170,2022,Uitsluitend materiele schade,2,snorfiets,personenauto,Geparkeerd voertuig,Rechte weg,Binnen,50.0,Niet brandend,ZOAB,Droog,Daglicht,Droog,Baden Powellweg,amsterdam,POINT (114736.01799999923 484658.26999999955),POINT (4.796279261776859 52.34835708282975),4.796279261776859,52.34835708282975
44304,20220155697,2022,Uitsluitend materiele schade,1,e-bike,unknown,Kop/staart,Rechte weg,Binnen,50.0,Niet brandend,Unknown,Droog,Daglicht,Droog,Amsteldijk,amsterdam,POINT (122421.88699999824 484928.6070000008),POINT (4.909048749855795 52.351296104807105),4.909048749855795,52.351296104807105
44415,20230058164,2023,Uitsluitend materiele schade,2,bestelauto,fiets,Flank,"Kruispunt, 4 takken",Binnen,50.0,Brandend,Overig asfalt,Droog,Duisternis,Droog,Keienbergweg,amsterdam,POINT (124223.42579999939 479936.2873999998),POINT (4.935945573187686 52.306531915994945),4.935945573187686,52.306531915994945
44590,20230059798,2023,Letsel,2,personenauto,fiets,Flank,"Kruispunt, 4 takken",Binnen,50.0,Niet brandend,Overig asfalt,Droog,Daglicht,Droog,Arent Janszoon Ernststr,amsterdam,POINT (119656.1667000018 482823.54399999976),POINT (4.868678260641223 52.33220629564608),4.868678260641223,52.33220629564608
44609,20230050472,2023,Uitsluitend materiele schade,2,snorfiets,personenauto,Flank,Rechte weg,Binnen,50.0,Brandend,Overig asfalt,Droog,Duisternis,Droog,Burg Rendorpstraat,amsterdam,POINT (116850.0309999995 487460.80999999866),POINT (4.826985697425674 52.373695001225144),4.826985697425674,52.373695001225144
44615,20230040562,2023,Letsel,2,bromfiets,voetganger,Voetganger,Rechte weg,Binnen,30.0,Niet brandend,Klinkers,Droog,Daglicht,Droog,Kloveniersburgwal,amsterdam,POINT (121563.28200000152 486796.79300000146),POINT (4.896261543740818 52.368034511031446),4.896261543740818,52.368034511031446
44735,20220210907,2022,Uitsluitend materiele schade,2,personenauto,fiets,Frontaal,Rechte weg,Binnen,50.0,Niet brandend,Overig asfalt,Droog,Daglicht,Droog,Humberweg,amsterdam,POINT (117116.5399999991 489360.993999999),POINT (4.830684820115984 52.39079078740947),4.830684820115984,52.39079078740947
44870,20220210177,2022,Uitsluitend materiele schade,1,bromfiets,unknown,Voetganger,Rechte weg,Binnen,30.0,Niet brandend,Overig asfalt,Nat,Daglicht,Regen,Czaar Peterstraat,amsterdam,POINT (123846.75 487032.61499999836),POINT (4.929766203628727 52.37028819330963),4.929766203628727,52.37028819330963
44872,20220212456,2022,Uitsluitend materiele schade,2,unknown,fiets,Onbekend,Bocht,Binnen,30.0,Niet brandend,Overig asfalt,Droog,Daglicht,Droog,NESCIOBRUG,amsterdam,POINT (126735.19200000167 485533.5069999993),POINT (4.972303462111612 52.35697137873848),4.972303462111612,52.35697137873848
44909,20220211164,2022,Letsel,2,personenauto,fiets,Flank,Rechte weg,Binnen,50.0,Niet brandend,Overig asfalt,Droog,Daglicht,Droog,Van der Boechorststraat,amsterdam,POINT (119188.81199999899 483071.5219999999),POINT (4.861795652204444 52.334404711307286),4.861795652204444,52.334404711307286
45044,20220211980,2022,Uitsluitend materiele schade,2,personenauto,e-bike,Flank,"Kruispunt, 3 takken",Binnen,Unknown,Brandend,Overig asfalt,Nat,Duisternis,Regen,Prins Hendrikkade,amsterdam,POINT (122326 487336),POINT (4.907407544187497 52.37292643674976),4.907407544187497,52.37292643674976
45077,20220212026,2022,Letsel,1,fiets,unknown,Eenzijdig,Rechte weg,Binnen,50.0,Brandend,Overig asfalt,Droog,Duisternis,Droog,Motorkade,amsterdam,POINT (123138.60399999842 488638.881000001),POINT (4.919216182944944 52.38468357772398),4.919216182944944,52.38468357772398
45136,20220211424,2022,Uitsluitend materiele schade,2,bromfiets,personenauto,Kop/staart,Rechte weg,Binnen,50.0,Brandend,Klinkers,Droog,Duisternis,Droog,Pretoriusstraat,amsterdam,POINT (123505.4840000011 485412.38699999824),POINT (4.924907129250111 52.35570718506245),4.924907129250111,52.35570718506245
45174,20220210767,2022,Letsel,2,personenauto,fiets,Onbekend,"Kruispunt, 3 takken",Binnen,50.0,Niet brandend,Overig asfalt,Droog,Schemer,Droog,Th. Weeversweg,amsterdam,POINT (124701 489888),POINT (4.942051662727154 52.395998253691985),4.942051662727154,52.395998253691985
45175,20220211455,2022,Letsel,1,bromfiets,unknown,Eenzijdig,"Kruispunt, 4 takken",Binnen,30.0,Brandend,Overig asfalt,Droog,Daglicht,Droog,FIETSPAD,amsterdam,POINT (122181.92579999939 487933.16230000183),POINT (4.90523366189504 52.37828472149816),4.90523366189504,52.37828472149816
45512,20230111685,2023,Uitsluitend materiele schade,2,bromfiets,personenauto,Kop/staart,Rechte weg,Binnen,30.0,Brandend,Overig asfalt,Nat,Duisternis,Droog,Zeilstraat,amsterdam,POINT (118680.16180000082 484897.09420000017),POINT (4.854136262152368 52.35077830834067),4.854136262152368,52.35077830834067
45520,20230111168,2023,Uitsluitend materiele schade,2,fiets,voetganger,Voetganger,Rechte weg,Binnen,30.0,Brandend,Klinkers,Nat,Schemer,Droog,Javastraat,amsterdam,POINT (124095.16600000113 486294.7710000016),POINT (4.933481527238447 52.36367097080379),4.933481527238447,52.36367097080379
45529,20230111821,2023,Uitsluitend materiele schade,2,bestelauto,e-bike,Onbekend,"Kruispunt, 4 takken",Binnen,50.0,Brandend,Overig asfalt,Nat,Duisternis,Droog,Radarweg,amsterdam,POINT (117514.67799999937 489633.0529999994),POINT (4.836502954481461 52.39326317043137),4.836502954481461,52.39326317043137
45624,20230036732,2023,Uitsluitend materiele schade,2,bromfiets,voetganger,Voetganger,"Kruispunt, 4 takken",Binnen,50.0,Niet brandend,Unknown,Droog,Daglicht,Droog,1e C Huygensstr,amsterdam,POINT (120165.43299999833 486121.21070000157),POINT (4.875808044414472 52.36187597862073),4.875808044414472,52.36187597862073
45640,20230023786,2023,Uitsluitend materiele schade,2,bromfiets,fiets,Flank,Rechte weg,Binnen,Unknown,Niet brandend,Overig asfalt,Unknown,Daglicht,Droog,Sloterdijkerweg,amsterdam,POINT (118147.66899999976 488973.67599999905),POINT (4.8458742666523005 52.38738008593347),4.8458742666523005,52.38738008593347
45677,20230020500,2023,Letsel,2,snorfiets,personenauto,Frontaal,"Kruispunt, 4 takken",Binnen,50.0,Niet brandend,ZOAB,Droog,Daglicht,Droog,Zuidermolenweg,amsterdam,POINT (113922.13010000065 485937.6264999993),POINT (4.7841788359105 52.35979466594669),4.7841788359105,52.35979466594669
45688,20230076998,2023,Uitsluitend materiele schade,2,bromfiets,fiets,Flank,"Kruispunt, 4 takken",Binnen,50.0,Niet brandend,Overig asfalt,Droog,Daglicht,Droog,Ooster Ringdijk,amsterdam,POINT (124590.83359999955 485686.2619000003),POINT (4.940813371815592 52.35822974266892),4.940813371815592,52.35822974266892
45710,20230067468,2023,Letsel,2,bromfiets,fiets,Flank,Rechte weg,Binnen,Unknown,Niet brandend,Overig asfalt,Droog,Daglicht,Droog,Cornelis Lelylaan,amsterdam,POINT (116746.52299999818 485681.4450000003),POINT (4.825668239869363 52.35769624763859),4.825668239869363,52.35769624763859
45752,20230023291,2023,Letsel,2,fiets,fiets,Onbekend,Rechte weg,Binnen,30.0,Niet brandend,Overig asfalt,Droog,Daglicht,Droog/Harde windstoten,Darlingstraat,amsterdam,POINT (125179.7349999994 481367.5639999993),POINT (4.9498403761571925 52.31944811210553),4.9498403761571925,52.31944811210553
45807,20230020593,2023,Uitsluitend materiele schade,2,motor,fiets,Frontaal,Rechte weg,Binnen,50.0,Niet brandend,Overig asfalt,Droog,Daglicht,Droog,Rijnstraat,amsterdam,POINT (122202.66000000015 484170.8969999999),POINT (4.905905061654983 52.344473258815455),4.905905061654983,52.344473258815455
45920,20230022954,2023,Uitsluitend materiele schade,3,personenauto,fiets,Onbekend,Rechte weg,Binnen,30.0,Brandend,Klinkers,Nat,Duisternis,Droog,Amstel,amsterdam,POINT (121563.0940000005 486684.05900000036),POINT (4.896269995596489 52.36702132487486),4.896269995596489,52.36702132487486
45951,20230020195,2023,Uitsluitend materiele schade,2,bestelauto,fiets,Kop/staart,Rechte weg,Binnen,30.0,Niet brandend,ZOAB,Droog,Daglicht,Droog,Westerstraat,amsterdam,POINT (120483.62999999896 487901.875),POINT (4.880296386788976 52.37789939697242),4.880296386788976,52.37789939697242
46008,20230023050,2023,Uitsluitend materiele schade,2,personenauto,fiets,Flank,"Kruispunt, 3 takken",Binnen,30.0,Niet brandend,ZOAB,Droog,Daglicht,Droog,Admiraal De Ruijterweg,amsterdam,POINT (119053.6959999986 487289.5870000012),POINT (4.859362684353805 52.37230485729369),4.859362684353805,52.37230485729369
46275,20230087359,2023,Uitsluitend materiele schade,2,e-bike,bestelauto,Flank,"Kruispunt, 4 takken",Binnen,50.0,Niet brandend,ZOAB,Droog,Daglicht,Droog,Pieter Calandlaan,amsterdam,POINT (114996.72679999843 485085.71119999886),POINT (4.8000544832067975 52.35221763193469),4.8000544832067975,52.35221763193469
46312,20230097970,2023,Uitsluitend materiele schade,2,fiets,overig vast object,Vast voorwerp,Rechte weg,Binnen,30.0,Niet brandend,Unknown,Droog,Daglicht,Regen,Pieter Calandlaan,amsterdam,POINT (114212.96799999848 484846.4840000011),POINT (4.788580425594984 52.35001002624067),4.788580425594984,52.35001002624067
46324,20230087448,2023,Uitsluitend materiele schade,1,snorfiets,unknown,Onbekend,Rechte weg,Binnen,50.0,Niet brandend,Overig asfalt,Nat,Daglicht,Droog,Jan Evertsenstraat,amsterdam,POINT (118806.8740000017 487139.69299999997),POINT (4.855754597749791 52.370941510045604),4.855754597749791,52.370941510045604
46507,20210087232,2021,Uitsluitend materiele schade,1,bromfiets,unknown,Frontaal,"Kruispunt, 4 takken",Binnen,50.0,Brandend,Overig asfalt,Nat,Duisternis,Droog,Rijnstraat,amsterdam,POINT (122163.84699999914 484384.743999999),POINT (4.90531464003991 52.346392859858305),4.90531464003991,52.346392859858305
46548,20210087674,2021,Uitsluitend materiele schade,2,personenauto,bromfiets,Onbekend,Unknown,Unknown,50.0,Unknown,Unknown,Unknown,Duisternis,Unknown,Westeinde,amsterdam,POINT (121732.7650000006 485771.88699999824),POINT (4.898851326780887 52.3588336510368),4.898851326780887,52.3588336510368
46588,20210018309,2021,Uitsluitend materiele schade,2,personenauto,fiets,Geparkeerd voertuig,Rechte weg,Binnen,30.0,Niet brandend,Overig asfalt,Droog,Daglicht,Droog,Elandsgracht,amsterdam,POINT (120261.69000000134 486858.9539999999),POINT (4.87714489119339 52.36851238497796),4.87714489119339,52.36851238497796
46721,20210023734,2021,Uitsluitend materiele schade,2,bromfiets,personenauto,Flank,Rechte weg,Binnen,50.0,Niet brandend,Overig asfalt,Droog,Daglicht,Droog,Nassaukade,amsterdam,POINT (120106.85700000077 487373.0320000015),POINT (4.874818214552559 52.37312272943847),4.874818214552559,52.37312272943847
46722,20210025348,2021,Uitsluitend materiele schade,2,bestelauto,bromfiets,Onbekend,Unknown,Unknown,50.0,Unknown,Unknown,Unknown,Daglicht,Unknown,Molukkenstraat,amsterdam,POINT (124507.23699999973 486346.9219999984),POINT (4.939526352891488 52.36416269970826),4.939526352891488,52.36416269970826
46854,20210013016,2021,Uitsluitend materiele schade,2,vrachtauto,e-bike,Flank,Rechte weg,Binnen,30.0,Niet brandend,Klinkers,Droog,Daglicht,Droog,Ketelmakerstraat,amsterdam,POINT (121148.58999999985 488491.8770000003),POINT (4.890002196498989 52.38324330609389),4.890002196498989,52.38324330609389
46865,20210029544,2021,Letsel,2,fiets,fiets,Frontaal,Rechte weg,Binnen,50.0,Brandend,Overig asfalt,Nat,Duisternis,Unknown,Ceintuurbaan,amsterdam,POINT (121317.03299999982 485132.77899999917),POINT (4.892812716135894 52.35306444999656),4.892812716135894,52.35306444999656
46879,20210013718,2021,Letsel,2,personenauto,fiets,Flank,Bocht,Binnen,30.0,Niet aanwezig,Klinkers,Droog,Daglicht,Droog,Kleine Pimpernelstraat,amsterdam,POINT (127451.15300000086 480868.7969999984),POINT (4.983194430737043 52.31508391147781),4.983194430737043,52.31508391147781
46909,20210020723,2021,Uitsluitend materiele schade,2,bromfiets,personenauto,Kop/staart,"Kruispunt, 4 takken",Binnen,50.0,Niet brandend,Overig asfalt,Droog,Daglicht,Droog,Louis Bouwmeesterstraat,amsterdam,POINT (116469.33419999853 485511.27650000155),POINT (4.821618971611537 52.356147531949226),4.821618971611537,52.356147531949226
46910,20210020726,2021,Uitsluitend materiele schade,2,snorfiets,fiets,Flank,Rechte weg,Binnen,50.0,Niet brandend,Beton,Droog,Daglicht,Droog,Willem de Zwijgerlaan,amsterdam,POINT (119295.17199999839 487810.8060000017),POINT (4.86285303992732 52.37700493818896),4.86285303992732,52.37700493818896
46997,20210058771,2021,Uitsluitend materiele schade,2,personenauto,fiets,Onbekend,Bocht,Binnen,50.0,Niet brandend,Overig asfalt,Droog,Daglicht,Droog,Koos Vorrinkweg,amsterdam,POINT (114996.14600000158 485075.0700000003),POINT (4.800047224167302 52.35212195488326),4.800047224167302,52.35212195488326
46999,20210058779,2021,Uitsluitend materiele schade,3,bromfiets,scootmobiel,Onbekend,Rechte weg,Binnen,50.0,Niet brandend,Overig asfalt,Nat,Daglicht,Regen,Berceusestraat,amsterdam,POINT (117739.2912000008 488361.0694000013),POINT (4.839943754877311 52.38184689309876),4.839943754877311,52.38184689309876
47025,20210052588,2021,Uitsluitend materiele schade,3,scootmobiel,bromfiets,Kop/staart,Rechte weg,Binnen,30.0,Niet brandend,ZOAB,Droog,Daglicht,Droog,De loper,amsterdam,POINT (124556.75899999961 480945.68499999866),POINT (4.9407417627320624 52.315622371318035),4.9407417627320624,52.315622371318035
47042,20210065640,2021,Uitsluitend materiele schade,3,bestelauto,fiets,Onbekend,"Kruispunt, 4 takken",Binnen,50.0,Niet brandend,Overig asfalt,Nat,Daglicht,Unknown,KOEKJESBRUG 0170,amsterdam,POINT (120308.97320000082 486589.253800001),POINT (4.877866949224664 52.36609150148132),4.877866949224664,52.36609150148132
47134,20210070116,2021,Letsel,2,bestelauto,fiets,Flank,Rechte weg,Binnen,50.0,Niet brandend,Overig asfalt,Droog,Daglicht,Droog,Oude Haagseweg,amsterdam,POINT (115981.83700000122 483260.618999999),POINT (4.814724347467973 52.33588591277299),4.814724347467973,52.33588591277299
47137,20210037355,2021,Uitsluitend materiele schade,1,fiets,unknown,Onbekend,Unknown,Unknown,Unknown,Unknown,Unknown,Unknown,Daglicht,Unknown,President Allendelaan,amsterdam,POINT (115452.42700000107 486673.31799999997),POINT (4.806556027463559 52.366518779588034),4.806556027463559,52.366518779588034
47154,20210055874,2021,Uitsluitend materiele schade,2,personenauto,fiets,Los voorwerp,"Kruispunt, 4 takken",Binnen,50.0,Niet brandend,Overig asfalt,Nat,Daglicht,Droog,Arent Janszoon Ernststr,amsterdam,POINT (119675 482809),POINT (4.8689560766995745 52.3320767942363),4.8689560766995745,52.3320767942363