,accident_id,accident_year,outcome,num_parties,party1_type,party2_type,accident_nature,road_situation,built_up_area,speed_limit_kmh,street_lighting,road_surface,road_condition,light_condition,weather_condition,street_name,municipality,shape,geometry,longitude,latitude
47185,20210049151,2021,Uitsluitend materiele schade,2,bestelauto,fiets,Onbekend,Unknown,Unknown,50.0,Unknown,Unknown,Unknown,Daglicht,Unknown,Amstelveenseweg,amsterdam,POINT (118780.7490000017 485293.9149999991),POINT (4.855569805910044 52.354351289272685),4.855569805910044,52.354351289272685
47191,20210056240,2021,Uitsluitend materiele schade,2,personenauto,fiets,Flank,Rechte weg,Binnen,50.0,Niet brandend,Overig asfalt,Droog,Daglicht,Droog,Stadhouderskade,amsterdam,POINT (121734.39799999818 485642.9299999997),POINT (4.8988880516220314 52.35767477164537),4.8988880516220314,52.35767477164537
47226,20210057940,2021,Uitsluitend materiele schade,1,bromfiets,unknown,Voetganger,Rechte weg,Binnen,30.0,Niet brandend,Klinkers,Droog,Daglicht,Droog,Olympiaplein,amsterdam,POINT (119517.5 484380.5),POINT (4.866479891090272 52.34619022762861),4.866479891090272,52.34619022762861
47317,20210072636,2021,Uitsluitend materiele schade,2,bromfiets,personenauto,Frontaal,"Kruispunt, 4 takken",Binnen,30.0,Niet aanwezig,Klinkers,Droog,Daglicht,Unknown,Cornelis de Rooijpad,amsterdam,POINT (116912.15480000153 488301.1700000018),POINT (4.827802663920749 52.38125180204596),4.827802663920749,52.38125180204596
47331,20210074219,2021,Letsel,2,fiets,fiets,Flank,Bocht,Binnen,30.0,Niet brandend,Overig asfalt,Droog,Daglicht,Droog,Prinses Irenestraat,amsterdam,POINT (120432.72700000182 483902.15900000185),POINT (4.879959940039245 52.34194955012349),4.879959940039245,52.34194955012349
47332,20210043788,2021,Uitsluitend materiele schade,2,motor,fiets,Flank,Unknown,Binnen,50.0,Niet brandend,Overig asfalt,Droog,Daglicht,Droog,KINKERBRUG 0266,amsterdam,POINT (119077.05180000141 486445.27849999815),POINT (4.859795852750195 52.36471836508999),4.859795852750195,52.36471836508999
47397,20210048762,2021,Uitsluitend materiele schade,2,bestelauto,fiets,Frontaal,Rechte weg,Buiten,30.0,Brandend,Overig asfalt,Nat,Daglicht,Regen,Govert Flinckstraat,amsterdam,POINT (121722.62299999967 485502.8779999986),POINT (4.898729063773132 52.356415365622695),4.898729063773132,52.356415365622695
47473,20210065584,2021,Uitsluitend materiele schade,2,personenauto,fiets,Frontaal,"Kruispunt, 4 takken",Binnen,50.0,Niet brandend,ZOAB,Droog,Daglicht,Unknown,Kamerlingh Onneslaan,amsterdam,POINT (123888.46400000155 485191.75499999896),POINT (4.930548991405342 52.35374610504436),4.930548991405342,52.35374610504436
47685,20210092803,2021,Uitsluitend materiele schade,2,personenauto,fiets,Onbekend,Rechte weg,Binnen,30.0,Niet brandend,Overig asfalt,Droog,Daglicht,Droog,Albert Cuypstraat,amsterdam,POINT (120970.4459999986 485304.4849999994),POINT (4.887708401449662 52.3545862706803),4.887708401449662,52.3545862706803
47686,20210092814,2021,Letsel,3,personenauto,fiets,Onbekend,"Kruispunt, 4 takken",Binnen,50.0,Niet brandend,Overig asfalt,Nat,Daglicht,Droog,Christoffel Plantijnpad,amsterdam,POINT (116413.40239999816 484975.1057999991),POINT (4.820859493375479 52.35132491158694),4.820859493375479,52.35132491158694
47900,20210090798,2021,Letsel,2,bromfiets,personenauto,Onbekend,"Kruispunt, 4 takken",Binnen,30.0,Brandend,Klinkers,Droog,Duisternis,Droog,Lumièrestraat,amsterdam,POINT (128678.72179999948 485161.04949999973),POINT (5.000861146200299 52.3537204882614),5.000861146200299,52.3537204882614
48052,20210090370,2021,Uitsluitend materiele schade,3,personenauto,fiets,Onbekend,"Kruispunt, 4 takken",Binnen,Unknown,Niet brandend,ZOAB,Droog,Duisternis,Droog,Krimpertplein,amsterdam,POINT (126425.76900000125 481108.875),POINT (4.968136986342121 52.317189298293655),4.968136986342121,52.317189298293655
48063,20220081377,2022,Uitsluitend materiele schade,2,personenauto,fiets,Flank,Rechte weg,Binnen,50.0,Brandend,Overig asfalt,Nat,Schemer,Regen,Amstelveenseweg,amsterdam,POINT (118780.7490000017 485293.9149999991),POINT (4.855569805910044 52.354351289272685),4.855569805910044,52.354351289272685
48142,20220081489,2022,Letsel,2,motor,fiets,Flank,"Kruispunt, 4 takken",Binnen,30.0,Brandend,Overig asfalt,Droog,Duisternis,Droog,Van Woustraat,amsterdam,POINT (121868.85200000182 485363.7569999993),POINT (4.900889171510809 52.355173876882766),4.900889171510809,52.355173876882766
48150,20220016643,2022,Letsel,2,motor,fiets,Flank,"Kruispunt, 4 takken",Binnen,50.0,Niet brandend,Overig asfalt,Nat,Daglicht,Droog,Weesperplein,amsterdam,POINT (122300.10229999945 486146.4818000011),POINT (4.907142962814173 52.36223431995201),4.907142962814173,52.36223431995201
48220,20220035796,2022,Uitsluitend materiele schade,2,personenauto,fiets,Flank,"Kruispunt, 4 takken",Binnen,30.0,Niet brandend,Klinkers,Nat,Daglicht,Unknown,Bethaniëndwarsstraat,amsterdam,POINT (121669.0346999988 487153.78009999916),POINT (4.8977788331380125 52.371249289891914),4.8977788331380125,52.371249289891914
48255,20220055467,2022,Uitsluitend materiele schade,2,bromfiets,personenauto,Kop/staart,"Kruispunt, 4 takken",Binnen,50.0,Niet brandend,ZOAB,Droog,Schemer,Droog,1e C Huygensstr,amsterdam,POINT (120133.75899999961 486228.48900000006),POINT (4.875331942567186 52.362838110272676),4.875331942567186,52.362838110272676
48277,20220036083,2022,Uitsluitend materiele schade,2,bestelauto,fiets,Los voorwerp,"Kruispunt, 3 takken",Binnen,Unknown,Niet brandend,ZOAB,Droog,Daglicht,Droog,Sarphatistraat,amsterdam,POINT (122577.87299999967 486108.2490000017),POINT (4.911224415052797 52.361907174204326),4.911224415052797,52.361907174204326
48289,20220055513,2022,Uitsluitend materiele schade,2,personenauto,fiets,Flank,Rotonde,Binnen,50.0,Brandend,Overig asfalt,Droog,Duisternis,Droog,Mosplein,amsterdam,POINT (122617.63219999894 489342.6658000015),POINT (4.911496410151092 52.39097820672522),4.911496410151092,52.39097820672522
48319,20220054305,2022,Uitsluitend materiele schade,2,personenauto,fiets,Flank,"Kruispunt, 4 takken",Binnen,Unknown,Niet brandend,Overig asfalt,Droog,Daglicht,Droog,IJburglaan,amsterdam,POINT (127984.0091000013 485582.29250000045),POINT (4.990630574101394 52.35747265884192),4.990630574101394,52.35747265884192
48328,20220081274,2022,Uitsluitend materiele schade,2,personenauto,fiets,Flank,"Kruispunt, 4 takken",Binnen,30.0,Niet brandend,Overig asfalt,Nat,Daglicht,Regen,Binnen Brouwersstraat,amsterdam,POINT (121215.16380000114 488190.59800000116),POINT (4.8910102814096605 52.380539730955306),4.8910102814096605,52.380539730955306
48415,20220054655,2022,Uitsluitend materiele schade,1,bromfiets,unknown,Voetganger,Bocht,Binnen,30.0,Niet brandend,Klinkers,Droog,Daglicht,Droog,Nieuwmarkt,amsterdam,POINT (121825.4990000017 487332.00499999896),POINT (4.9000586544348055 52.37286052458556),4.9000586544348055,52.37286052458556
48420,20220055813,2022,Letsel,2,fiets,fiets,Flank,"Kruispunt, 4 takken",Binnen,Unknown,Niet brandend,Overig asfalt,Droog,Daglicht,Droog,Commelinstraat,amsterdam,POINT (123640.32129999995 486315.00829999894),POINT (4.926802139240992 52.363827071523296),4.926802139240992,52.363827071523296
48436,20220102227,2022,Uitsluitend materiele schade,2,fiets,personenauto,Flank,Rechte weg,Binnen,50.0,Niet brandend,ZOAB,Droog,Schemer,Droog,Weesperstraat,amsterdam,POINT (122174.01700000092 486543.6499999985),POINT (4.905253217959722 52.36579627750205),4.905253217959722,52.36579627750205
48468,20220102639,2022,Uitsluitend materiele schade,2,bromfiets,personenauto,Flank,Rotonde,Binnen,50.0,Niet brandend,Overig asfalt,Droog,Daglicht,Unknown,FIETSPAD,amsterdam,POINT (114885.25299999863 484565.9704999998),POINT (4.798480366030788 52.34753848145908),4.798480366030788,52.34753848145908
48469,20220102640,2022,Uitsluitend materiele schade,2,bromfiets,e-bike,Kop/staart,"Kruispunt, 3 takken",Binnen,30.0,Niet brandend,Overig asfalt,Droog,Daglicht,Droog,Wijdesteeg,amsterdam,POINT (121096.51150000095 487191.3531000018),POINT (4.889368524500301 52.371551922254376),4.889368524500301,52.371551922254376
48472,20220102912,2022,Letsel,2,personenauto,fiets,Flank,"Kruispunt, 4 takken",Buiten,50.0,Niet brandend,Overig asfalt,Nat,Daglicht,Unknown,Seineweg,amsterdam,POINT (116323.5800999999 489187.1715000011),POINT (4.819056562064956 52.38917330740063),4.819056562064956,52.38917330740063
48474,20220103181,2022,Uitsluitend materiele schade,2,personenauto,fiets,Flank,Rotonde,Buiten,50.0,Niet brandend,ZOAB,Droog,Daglicht,Droog,Wibautstraat,amsterdam,POINT (123067.77939999849 484653.2520000003),POINT (4.918554464305465 52.34885930441973),4.918554464305465,52.34885930441973
48501,20220102724,2022,Letsel,2,snorfiets,fiets,Frontaal,Rechte weg,Binnen,50.0,Niet brandend,Overig asfalt,Droog,Duisternis,Droog,President Allendelaan,amsterdam,POINT (116122.02109999955 487115.45749999955),POINT (4.81633558492409 52.37054018655375),4.81633558492409,52.37054018655375
48815,20230004181,2023,Letsel,3,personenauto,fiets,Kop/staart,Rechte weg,Binnen,30.0,Brandend,Overig asfalt,Droog,Duisternis,Droog,Plantage Middenlaan,amsterdam,POINT (122532.53700000048 486650.66899999976),POINT (4.910506498555549 52.36677940132587),4.910506498555549,52.36677940132587
48818,20230024510,2023,Uitsluitend materiele schade,2,snorfiets,fiets,Onbekend,Unknown,Unknown,30.0,Unknown,Unknown,Unknown,Daglicht,Unknown,Haarlemmerstraat,amsterdam,POINT (121319.05700000003 488143.1810000017),POINT (4.892540847987033 52.38011996472273),4.892540847987033,52.38011996472273
49496,20210059151,2021,Letsel,2,personenauto,fiets,Flank,Rotonde,Binnen,50.0,Niet brandend,ZOAB,Nat,Daglicht,Unknown,Amstelplein,amsterdam,POINT (123042.83370000124 484111.943500001),POINT (4.918239760213388 52.34399291704775),4.918239760213388,52.34399291704775
49509,20220178006,2022,Letsel,3,fiets,fiets,Flank,Rechte weg,Binnen,30.0,Niet brandend,Beton,Droog,Daglicht,Droog,Sarphatistraat,amsterdam,POINT (122963.68200000003 486221.23000000045),POINT (4.916877418304584 52.362945208068446),4.916877418304584,52.362945208068446
49543,20220177148,2022,Letsel,2,bromfiets,fiets,Flank,Rechte weg,Binnen,30.0,Niet brandend,Overig asfalt,Droog,Daglicht,Droog,Strandvlietpad,amsterdam,POINT (124616.14299999923 481035.7010000013),POINT (4.941604514393958 52.31643466831903),4.941604514393958,52.31643466831903
49573,20220177208,2022,Uitsluitend materiele schade,3,personenauto,fiets,Onbekend,"Kruispunt, 4 takken",Binnen,50.0,Niet brandend,ZOAB,Droog,Daglicht,Droog,Jan Tooropstraat,amsterdam,POINT (117642.191300001 487324.7866999991),POINT (4.83863289066721 52.37252699401905),4.83863289066721,52.37252699401905
49642,20220177938,2022,Uitsluitend materiele schade,3,vrachtauto,fiets,Onbekend,Unknown,Unknown,30.0,Unknown,Unknown,Unknown,Daglicht,Unknown,Rokin,amsterdam,POINT (121310.9690000005 487077.95600000024),POINT (4.892528851564772 52.370545987352955),4.892528851564772,52.370545987352955
49643,20220178197,2022,Letsel,2,snorfiets,fiets,Onbekend,Rechte weg,Binnen,30.0,Niet brandend,Overig asfalt,Droog,Daglicht,Droog,Nassaukade,amsterdam,POINT (120353.65199999884 486402.7340000011),POINT (4.878542122843588 52.36441801444211),4.878542122843588,52.36441801444211
49692,20220123561,2022,Uitsluitend materiele schade,2,bromfiets,fiets,Frontaal,"Kruispunt, 3 takken",Binnen,Unknown,Niet brandend,Overig asfalt,Droog,Daglicht,Droog,Baldwinstraat,amsterdam,POINT (113447.16800000146 485650.6849000007),POINT (4.777242192856697 52.35718014876176),4.777242192856697,52.35718014876176
49848,20220142632,2022,Uitsluitend materiele schade,7,bestelauto,fiets,Los voorwerp,Rechte weg,Binnen,30.0,Niet brandend,Klinkers,Droog,Daglicht,Droog,Willemsstraat,amsterdam,POINT (120781.45100000128 488272.53599999845),POINT (4.884632278429857 52.381249268832995),4.884632278429857,52.381249268832995
49914,20220141449,2022,Uitsluitend materiele schade,1,bromfiets,unknown,Onbekend,Bocht,Buiten,60.0,Niet brandend,Overig asfalt,Droog,Daglicht,Droog,Dammerweg,amsterdam,POINT (133582.1453000009 477933.88259999827),POINT (5.073291556801151 52.28897899705989),5.073291556801151,52.28897899705989
49916,20220141463,2022,Letsel,2,vrachtauto,fiets,Flank,"Kruispunt, 3 takken",Binnen,50.0,Niet brandend,Overig asfalt,Droog,Daglicht,Unknown,Zaanstraat,amsterdam,POINT (119857.36840000004 489576.7617999986),POINT (4.870924212758755 52.392912284100866),4.870924212758755,52.392912284100866
49923,20220155579,2022,Uitsluitend materiele schade,2,snorfiets,fiets,Frontaal,"Kruispunt, 4 takken",Binnen,50.0,Niet brandend,Overig asfalt,Droog,Daglicht,Droog,Ringdijk,amsterdam,POINT (122952.64900000021 484775.46499999985),POINT (4.91685318134336 52.349950974424914),4.91685318134336,52.349950974424914
49996,20220124166,2022,Uitsluitend materiele schade,2,personenauto,fiets,Flank,Rechte weg,Binnen,50.0,Brandend,Overig asfalt,Nat,Duisternis,Regen,Hoofdweg,amsterdam,POINT (118165.98800000176 487911.6739999987),POINT (4.846259794427382 52.37783687126411),4.846259794427382,52.37783687126411
50175,20230050806,2023,Letsel,2,bromfiets,scootmobiel,Flank,"Kruispunt, 3 takken",Binnen,30.0,Niet brandend,Overig asfalt,Droog,Daglicht,Droog,FIETSPAD,amsterdam,POINT (123788.29610000178 489998.84750000015),POINT (4.928632321747498 52.39694332158265),4.928632321747498,52.39694332158265
50228,20230050271,2023,Letsel,2,fiets,fiets,Frontaal,Rechte weg,Binnen,Unknown,Niet brandend,Overig asfalt,Droog,Daglicht,Droog,Prins Hendrikkade,amsterdam,POINT (121565.63199999928 487992.97300000116),POINT (4.896177051982896 52.37878507433459),4.896177051982896,52.37878507433459
50234,20230059247,2023,Letsel,2,personenauto,fiets,Flank,"Kruispunt, 4 takken",Binnen,15.0,Niet brandend,Overig asfalt,Droog,Daglicht,Droog,Gulden Kruispad,amsterdam,POINT (126976.39799999818 481600.4609999992),POINT (4.976171389748521 52.32163574070604),4.976171389748521,52.32163574070604
50294,20230059371,2023,Uitsluitend materiele schade,2,e-bike,personenauto,Flank,"Kruispunt, 4 takken",Binnen,50.0,Niet brandend,Klinkers,Droog,Daglicht,Droog,Ookmeerweg,amsterdam,POINT (115145.5373999998 486586.95589999855),POINT (4.802060652505643 52.3657204425801),4.802060652505643,52.3657204425801
50325,20230049890,2023,Uitsluitend materiele schade,2,bestelauto,fiets,Flank,"Kruispunt, 4 takken",Binnen,50.0,Niet brandend,Overig asfalt,Droog,Daglicht,Droog,Alexanderplein,amsterdam,POINT (123106.36199999973 486281.7019999996),POINT (4.918966308299095 52.36349699299695),4.918966308299095,52.36349699299695
50396,20230040706,2023,Uitsluitend materiele schade,2,bestelauto,bromfiets,Flank,"Kruispunt, 3 takken",Binnen,50.0,Niet brandend,Overig asfalt,Droog,Daglicht,Droog,De Boelelaan,amsterdam,POINT (120915.42870000005 483120.5998999998),POINT (4.887122019396944 52.33495555413014),4.887122019396944,52.33495555413014
50554,20220210113,2022,Uitsluitend materiele schade,2,snorfiets,personenauto,Flank,"Kruispunt, 3 takken",Binnen,30.0,Brandend,Klinkers,Droog,Duisternis,Droog,Van Heenvlietlaan,amsterdam,POINT (120599 482277),POINT (4.88256576991503 52.32735411335156),4.88256576991503,52.32735411335156
50587,20220211080,2022,Uitsluitend materiele schade,1,snorfiets,unknown,Onbekend,Unknown,Unknown,15.0,Unknown,Unknown,Unknown,Daglicht,Unknown,Huntum,amsterdam,POINT (126041.45399999991 480028.4629999995),POINT (4.9625935956077285 52.30745902973865),4.9625935956077285,52.30745902973865
50701,20220211214,2022,Uitsluitend materiele schade,2,personenauto,fiets,Flank,"Kruispunt, 3 takken",Buiten,50.0,Niet brandend,Overig asfalt,Droog,Daglicht,Droog,Radarweg,amsterdam,POINT (117481.34160000086 490061.92819999903),POINT (4.83596529533993 52.39711527233439),4.83596529533993,52.39711527233439
50702,20220211237,2022,Uitsluitend materiele schade,2,fiets,trein/tram,Onbekend,"Kruispunt, 4 takken",Binnen,50.0,Niet brandend,Overig asfalt,Droog,Daglicht,Droog,Mr. Treublaan,amsterdam,POINT (123029.73279999942 484543.9017000012),POINT (4.918006483517224 52.34787432159893),4.918006483517224,52.34787432159893
50704,20220211903,2022,Uitsluitend materiele schade,2,bestelauto,fiets,Flank,"Kruispunt, 4 takken",Binnen,50.0,Brandend,ZOAB,Droog,Duisternis,Droog,Stadionweg,amsterdam,POINT (120660.4792000018 484660.2199999988),POINT (4.883224537588071 52.348776770629776),4.883224537588071,52.348776770629776
50781,20220210598,2022,Letsel,2,personenauto,fiets,Flank,"Kruispunt, 4 takken",Binnen,30.0,Niet brandend,Overig asfalt,Nat,Daglicht,Regen,Wolbrantskerkweg,amsterdam,POINT (114795.79399999976 485692.0210000016),POINT (4.797032970667487 52.357651997722186),4.797032970667487,52.357651997722186
50782,20220211310,2022,Letsel,2,fiets,bus,Frontaal,Rechte weg,Binnen,50.0,Brandend,Overig asfalt,Droog,Schemer,Droog,Beethovenstraat,amsterdam,POINT (120239.80700000003 484063.875),POINT (4.877112417423186 52.34339077776129),4.877112417423186,52.34339077776129
50888,20220211421,2022,Uitsluitend materiele schade,1,bromfiets,unknown,Onbekend,Unknown,Binnen,30.0,Niet brandend,Overig asfalt,Nat,Daglicht,Droog,Krugerstraat,amsterdam,POINT (123037.9290000014 485066.6730000004),POINT (4.918077113312563 52.352573131408654),4.918077113312563,52.352573131408654
50922,20220211456,2022,Uitsluitend materiele schade,1,bromfiets,unknown,Flank,"Kruispunt, 4 takken",Binnen,50.0,Brandend,Overig asfalt,Droog,Duisternis,Droog,De Clercqstraat,amsterdam,POINT (120053.28599999845 487229.0769999996),POINT (4.874046552655166 52.37182556032683),4.874046552655166,52.37182556032683
51418,20230023100,2023,Uitsluitend materiele schade,2,personenauto,fiets,Flank,"Kruispunt, 4 takken",Binnen,30.0,Niet brandend,Klinkers,Droog,Daglicht,Droog,Winkler Prinshof,amsterdam,POINT (117130.34739999846 486237.95160000026),POINT (4.83123961127883 52.362724299382386),4.83123961127883,52.362724299382386
51482,20230036759,2023,Uitsluitend materiele schade,2,bestelauto,fiets,Flank,"Kruispunt, 3 takken",Binnen,50.0,Niet brandend,Overig asfalt,Nat,Daglicht,Regen,Parnassusweg,amsterdam,POINT (119690.03220000118 483319.3568000011),POINT (4.869123092901245 52.33666450637485),4.869123092901245,52.33666450637485
51483,20230067203,2023,Letsel,2,fiets,voetganger,Voetganger,Rechte weg,Binnen,50.0,Niet brandend,Unknown,Droog,Daglicht,Droog,Burg De Vlugtlaan,amsterdam,POINT (116757.67399999872 488242.41000000015),POINT (4.8255405752711455 52.38071297497501),4.8255405752711455,52.38071297497501
51500,20230023805,2023,Uitsluitend materiele schade,1,bromfiets,unknown,Voetganger,Rechte weg,Binnen,30.0,Brandend,ZOAB,Droog,Duisternis,Droog,Westel Merwedekanaaldijk,amsterdam,POINT (125649.88800000027 486551.9279999994),POINT (4.956283767158959 52.366067406823326),4.956283767158959,52.366067406823326
51618,20230078846,2023,Letsel,2,personenauto,e-bike,Flank,"Kruispunt, 4 takken",Binnen,50.0,Niet brandend,Overig asfalt,Droog,Daglicht,Droog,Ringdijk,amsterdam,POINT (122946.12620000169 484772.8176999986),POINT (4.916757703078948 52.34992680174903),4.916757703078948,52.34992680174903
51635,20230023366,2023,Uitsluitend materiele schade,2,personenauto,bromfiets,Flank,"Kruispunt, 4 takken",Binnen,50.0,Brandend,Overig asfalt,Droog,Duisternis,Droog,Bilderdijkkade,amsterdam,POINT (119766.63159999996 486880.95230000094),POINT (4.869873970681 52.36867855299803),4.869873970681,52.36867855299803
51637,20230024600,2023,Uitsluitend materiele schade,2,personenauto,fiets,Geparkeerd voertuig,Rechte weg,Binnen,50.0,Brandend,Klinkers,Droog,Duisternis,Droog,Mauritskade,amsterdam,POINT (123172.62799999863 486206.6279999986),POINT (4.919946249382394 52.36282612122516),4.919946249382394,52.36282612122516
51665,20230024629,2023,Uitsluitend materiele schade,2,snorfiets,personenauto,Kop/staart,"Kruispunt, 4 takken",Binnen,30.0,Niet brandend,Overig asfalt,Droog,Daglicht,Droog,Agatha Christiesingel,amsterdam,POINT (124698.74159999937 481668.56010000035),POINT (4.942758948261539 52.32212700682274),4.942758948261539,52.32212700682274
51677,20230078375,2023,Uitsluitend materiele schade,2,snorfiets,fiets,Flank,"Kruispunt, 4 takken",Binnen,30.0,Niet brandend,Overig asfalt,Nat,Daglicht,Regen,Kruisherenpad,amsterdam,POINT (115135.09439999983 488227.5617999993),POINT (4.801712733080949 52.380464106107844),4.801712733080949,52.380464106107844
51740,20230078956,2023,Uitsluitend materiele schade,2,bromfiets,personenauto,Kop/staart,Rechte weg,Binnen,30.0,Niet brandend,Klinkers,Droog,Daglicht,Droog,Waterlandplein,amsterdam,POINT (125645.38599999994 489449.8500000015),POINT (4.955964501289822 52.3921117883685),4.955964501289822,52.3921117883685
51784,20230020204,2023,Uitsluitend materiele schade,2,personenauto,e-bike,Onbekend,Rotonde,Buiten,50.0,Niet brandend,Overig asfalt,Nat,Daglicht,Regen,Softwareweg,amsterdam,POINT (120922.76550000161 491403.07620000094),POINT (4.8863899312924595 52.40939298092994),4.8863899312924595,52.40939298092994
51867,20230087516,2023,Uitsluitend materiele schade,1,bromfiets,unknown,Onbekend,Bocht,Binnen,50.0,Niet brandend,Overig asfalt,Nat,Daglicht,Regen,1e C Huygensstr,amsterdam,POINT (120118.27400000021 486264.1319999993),POINT (4.875100918234655 52.36315746107091),4.875100918234655,52.36315746107091
52063,20230097171,2023,Uitsluitend materiele schade,2,personenauto,fiets,Flank,"Kruispunt, 3 takken",Binnen,50.0,Niet brandend,Overig asfalt,Nat,Daglicht,Regen,Parlevinkerpad,amsterdam,POINT (122918.24599999934 491060.7809999995),POINT (4.915748169634814 52.40643702122946),4.915748169634814,52.40643702122946
52104,20230087336,2023,Letsel,2,e-bike,fiets,Flank,"Kruispunt, 3 takken",Binnen,30.0,Niet brandend,ZOAB,Nat,Daglicht,Regen,Parnassusweg,amsterdam,POINT (119690.03220000118 483319.3568000011),POINT (4.869123092901245 52.33666450637485),4.869123092901245,52.33666450637485
52172,20230086328,2023,Uitsluitend materiele schade,2,bromfiets,bromfiets,Flank,Rechte weg,Binnen,50.0,Brandend,Klinkers,Droog,Duisternis,Droog,Dijkgraafplein,amsterdam,POINT (114068.94799999893 485489.4129999988),POINT (4.786388561527111 52.35577744638248),4.786388561527111,52.35577744638248
52227,20210089329,2021,Uitsluitend materiele schade,2,personenauto,bromfiets,Flank,"Kruispunt, 3 takken",Binnen,Unknown,Brandend,Overig asfalt,Nat,Duisternis,Unknown,Willem Heselaarsstraat,amsterdam,POINT (114892.35550000146 485042.01630000025),POINT (4.798527855177583 52.351817327612686),4.798527855177583,52.351817327612686
52272,20210087368,2021,Uitsluitend materiele schade,3,personenauto,fiets,Onbekend,"Kruispunt, 4 takken",Binnen,50.0,Brandend,Overig asfalt,Nat,Duisternis,Regen,Beemsterstraat,amsterdam,POINT (125350.33469999954 490036.73690000176),POINT (4.951578280684148 52.39737046382716),4.951578280684148,52.39737046382716
52297,20210082458,2021,Uitsluitend materiele schade,2,personenauto,fiets,Flank,"Kruispunt, 4 takken",Binnen,50.0,Niet brandend,Overig asfalt,Droog,Daglicht,Droog,Marnixstraat,amsterdam,POINT (120318.07899999991 486880.1160000004),POINT (4.877970631111093 52.36870613765962),4.877970631111093,52.36870613765962
52343,20210084849,2021,Uitsluitend materiele schade,2,bromfiets,fiets,Onbekend,Rechte weg,Binnen,50.0,Niet aanwezig,Overig asfalt,Droog,Daglicht,Droog,Weteringschans,amsterdam,POINT (121084.17500000075 485901.18400000036),POINT (4.889317525022164 52.35995602459551),4.889317525022164,52.35995602459551
52367,20210077869,2021,Uitsluitend materiele schade,2,personenauto,fiets,Flank,Rotonde,Binnen,50.0,Brandend,Overig asfalt,Droog,Duisternis,Droog,Burg De Vlugtlaan,amsterdam,POINT (116287.93389999866 488575.9506999999),POINT (4.818603404587621 52.383677644466474),4.818603404587621,52.383677644466474
52691,20210003721,2021,Uitsluitend materiele schade,1,bromfiets,unknown,Onbekend,Unknown,Unknown,50.0,Unknown,Unknown,Unknown,Duisternis,Unknown,Hogeweyselaan,amsterdam,POINT (130459.34899999946 480572.6770000011),POINT (5.027330929606576 52.312564946637146),5.027330929606576,52.312564946637146
52810,20210073109,2021,Uitsluitend materiele schade,2,bromfiets,personenauto,Flank,Rechte weg,Binnen,30.0,Niet brandend,Overig asfalt,Droog,Daglicht,Unknown,Van Woustraat,amsterdam,POINT (121771.49199999869 485621.7250000015),POINT (4.899434641907619 52.35748644022654),4.899434641907619,52.35748644022654
52889,20210065660,2021,Uitsluitend materiele schade,2,motor,fiets,Flank,"Kruispunt, 4 takken",Binnen,50.0,Brandend,Overig asfalt,Nat,Duisternis,Unknown,Van Nijenrodeweg,amsterdam,POINT (120596.20949999988 482342.5817000009),POINT (4.88251813944498 52.32794334511469),4.88251813944498,52.32794334511469
52901,20210047200,2021,Uitsluitend materiele schade,2,bromfiets,fiets,Frontaal,Rechte weg,Binnen,50.0,Brandend,Overig asfalt,Droog,Duisternis,Droog,Piet Heinkade,amsterdam,POINT (122814.61699999869 487814.3839999996),POINT (4.914536521344987 52.37725467710844),4.914536521344987,52.37725467710844
52909,20210045069,2021,Uitsluitend materiele schade,2,personenauto,fiets,Onbekend,Unknown,Binnen,Unknown,Unknown,Unknown,Droog,Daglicht,Unknown,Louis Bouwmeesterstraat,amsterdam,POINT (116857.31300000101 485109),POINT (4.827359396761114 52.352559247224214),4.827359396761114,52.352559247224214
52917,20210060256,2021,Uitsluitend materiele schade,2,bromfiets,personenauto,Flank,"Kruispunt, 4 takken",Binnen,50.0,Brandend,Overig asfalt,Unknown,Duisternis,Droog,Nassauplein,amsterdam,POINT (120568.64620000124 488656.0949999988),POINT (4.881467590542727 52.384683107915315),4.881467590542727,52.384683107915315
53082,20210040613,2021,Uitsluitend materiele schade,3,personenauto,fiets,Onbekend,Bocht,Binnen,50.0,Niet brandend,Unknown,Droog,Daglicht,Droog,Hertspieghelweg,amsterdam,POINT (118566.42799999937 488297.6099999994),POINT (4.852098560605539 52.38133208582843),4.852098560605539,52.38133208582843
53126,20210072634,2021,Uitsluitend materiele schade,2,bromfiets,personenauto,Kop/staart,Rechte weg,Binnen,30.0,Brandend,Klinkers,Droog,Duisternis,Droog,Muntplein,amsterdam,POINT (121329.83799999952 486705.09899999946),POINT (4.892843250457302 52.3671961677116),4.892843250457302,52.3671961677116
53165,20210036360,2021,Uitsluitend materiele schade,2,personenauto,bromfiets,Voetganger,Rechte weg,Binnen,30.0,Niet brandend,Klinkers,Droog,Schemer,Droog,Amstel,amsterdam,POINT (121915.86199999973 486326.3759999983),POINT (4.901484494572293 52.36382807859273),4.901484494572293,52.36382807859273