,accident_id,accident_year,outcome,num_parties,party1_type,party2_type,accident_nature,road_situation,built_up_area,speed_limit_kmh,street_lighting,road_surface,road_condition,light_condition,weather_condition,street_name,municipality,shape,geometry,longitude,latitude
53205,20210038886,2021,Uitsluitend materiele schade,2,personenauto,fiets,Flank,"Kruispunt, 4 takken",Binnen,50.0,Niet brandend,Overig asfalt,Droog,Daglicht,Droog,Van Leijenberghlaan,amsterdam,POINT (120193.90720000118 483500.7109000012),POINT (4.876497105979566 52.33832653138098),4.876497105979566,52.33832653138098
53219,20210065531,2021,Letsel,2,scootmobiel,fiets,Frontaal,Rechte weg,Buiten,50.0,Niet brandend,Beton,Nat,Daglicht,Regen,IJburglaan,amsterdam,POINT (126883.87799999863 486590.0549999997),POINT (4.974397651286951 52.36647461971184),4.974397651286951,52.36647461971184
53331,20210036544,2021,Uitsluitend materiele schade,1,bromfiets,unknown,Onbekend,Rechte weg,Buiten,50.0,Niet brandend,Klinkers,Nat,Daglicht,Unknown,Ben van Meerendonkstraat,amsterdam,POINT (129265.2809999995 484782.01099999994),POINT (5.009499454930598 52.350341685485795),5.009499454930598,52.350341685485795
53895,20210093210,2021,Uitsluitend materiele schade,2,snorfiets,overig wegmeubilair,Vast voorwerp,"Kruispunt, 3 takken",Binnen,50.0,Niet brandend,Overig asfalt,Droog,Daglicht,Droog,Spaklerweg,amsterdam,POINT (123268.45100000128 483453.21499999985),POINT (4.921612626705926 52.338085746926964),4.921612626705926,52.338085746926964
53906,20220081386,2022,Letsel,2,personenauto,fiets,Eenzijdig,"Kruispunt, 3 takken",Binnen,30.0,Niet brandend,Klinkers,Droog,Daglicht,Droog,Wildeman,amsterdam,POINT (114877.13210000098 486243.3570000008),POINT (4.798161123334406 52.36261291094201),4.798161123334406,52.36261291094201
53980,20220055221,2022,Uitsluitend materiele schade,2,snorfiets,personenauto,Onbekend,Rotonde,Binnen,50.0,Niet brandend,Overig asfalt,Droog,Daglicht,Droog,Postjesweg,amsterdam,POINT (117747.17599999905 486385.0720000006),POINT (4.840278579129367 52.36408868685661),4.840278579129367,52.36408868685661
54042,20220055416,2022,Uitsluitend materiele schade,1,fiets,unknown,Flank,"Kruispunt, 4 takken",Binnen,50.0,Brandend,Overig asfalt,Nat,Duisternis,Unknown,Ceintuurbaan,amsterdam,POINT (121892.76089999825 485313.4937000014),POINT (4.901245052327899 52.35472358513887),4.901245052327899,52.35472358513887
54137,20220054239,2022,Letsel,2,personenauto,fiets,Flank,"Kruispunt, 3 takken",Binnen,30.0,Niet brandend,Klinkers,Nat,Daglicht,Unknown,Vrijheidslaan,amsterdam,POINT (122372.97769999877 484397.15729999915),POINT (4.908382447896896 52.346516878162426),4.908382447896896,52.346516878162426
54168,20220055640,2022,Uitsluitend materiele schade,2,personenauto,fiets,Flank,"Kruispunt, 3 takken",Binnen,Unknown,Brandend,Unknown,Droog,Duisternis,Droog,FIETSPAD,amsterdam,POINT (120628.31540000066 488666.1301999986),POINT (4.882342967891399 52.384777036199985),4.882342967891399,52.384777036199985
54212,20220102138,2022,Uitsluitend materiele schade,1,bromfiets,unknown,Onbekend,Rechte weg,Binnen,50.0,Niet brandend,Overig asfalt,Droog,Daglicht,Droog,Julianaplein,amsterdam,POINT (123109.56899999827 484435.7329999991),POINT (4.919188376953401 52.34690680876096),4.919188376953401,52.34690680876096
54232,20220055803,2022,Letsel,2,bromfiets,e-bike,Kop/staart,Rechte weg,Binnen,50.0,Niet brandend,Overig asfalt,Droog,Daglicht,Droog,Oosterpark,amsterdam,POINT (123119.17399999872 485723.7989999987),POINT (4.919207284250064 52.35848367270951),4.919207284250064,52.35848367270951
54248,20220102565,2022,Uitsluitend materiele schade,2,personenauto,fiets,Onbekend,Rotonde,Binnen,50.0,Niet brandend,Overig asfalt,Droog,Daglicht,Droog,Schipluidenlaan,amsterdam,POINT (117453.10319999978 485535.7085000016),POINT (4.836056178542548 52.356435223432925),4.836056178542548,52.356435223432925
54249,20220103082,2022,Uitsluitend materiele schade,2,personenauto,fiets,Flank,"Kruispunt, 4 takken",Binnen,50.0,Niet brandend,Klinkers,Nat,Daglicht,Droog,President Kennedylaan,amsterdam,POINT (121621.7025000006 483728.8931000009),POINT (4.897423664448068 52.3404658391015),4.897423664448068,52.3404658391015
54310,20220103002,2022,Letsel,2,personenauto,bromfiets,Flank,Rechte weg,Binnen,50.0,Brandend,Overig asfalt,Droog,Duisternis,Droog,Rozengracht,amsterdam,POINT (120230.15500000119 487290.6160000004),POINT (4.876637233009597 52.37238985523643),4.876637233009597,52.37238985523643
54351,20220103315,2022,Uitsluitend materiele schade,2,personenauto,fiets,Flank,"Kruispunt, 4 takken",Binnen,50.0,Niet brandend,Klinkers,Droog,Daglicht,Droog,Bolstoen,amsterdam,POINT (114326.08199999854 489291.05150000006),POINT (4.789702678462885 52.389962497054825),4.789702678462885,52.389962497054825
54406,20230087796,2023,Uitsluitend materiele schade,1,fiets,unknown,Onbekend,Unknown,Unknown,50.0,Unknown,Unknown,Unknown,Daglicht,Unknown,Plantage Middenlaan,amsterdam,POINT (122931.17799999937 486423.3299999982),POINT (4.916380967025885 52.36475965123856),4.916380967025885,52.36475965123856
54510,20230024351,2023,Dodelijk,1,snorfiets,unknown,Eenzijdig,Rechte weg,Binnen,30.0,Niet brandend,Unknown,Droog,Daglicht,Droog,De Boelelaan,amsterdam,POINT (119497.92700000107 483116.8359999992),POINT (4.8663259158828405 52.334832012452765),4.8663259158828405,52.334832012452765
54777,20230003922,2023,Uitsluitend materiele schade,2,personenauto,e-bike,Flank,"Kruispunt, 3 takken",Binnen,50.0,Niet brandend,Overig asfalt,Nat,Daglicht,Regen,Amstelstroomlaan,amsterdam,POINT (122655.21880000085 483210.60539999977),POINT (4.912638372822146 52.33586958244822),4.912638372822146,52.33586958244822
55142,20210051689,2021,Letsel,3,fiets,fiets,Geparkeerd voertuig,Rechte weg,Binnen,30.0,Niet brandend,Overig asfalt,Droog,Daglicht,Droog,Vespuccistraat,amsterdam,POINT (118675.11800000072 487073.45600000024),POINT (4.853827167820322 52.37033752218228),4.853827167820322,52.37033752218228
55369,20220177651,2022,Uitsluitend materiele schade,2,bromfiets,overig vast object,Vast voorwerp,Rechte weg,Binnen,50.0,Brandend,Overig asfalt,Droog,Daglicht,Droog,Amstelveenseweg,amsterdam,POINT (118890.0309999995 482829.23800000176),POINT (4.857438204105738 52.33220768290733),4.857438204105738,52.33220768290733
55370,20220177688,2022,Uitsluitend materiele schade,2,personenauto,bromfiets,Flank,Unknown,Binnen,50.0,Brandend,Overig asfalt,Droog,Duisternis,Droog,Plesmanlaan,amsterdam,POINT (116646.02800000086 484849.1229999997),POINT (4.8242879971262695 52.35020895986218),4.8242879971262695,52.35020895986218
55410,20220123206,2022,Uitsluitend materiele schade,1,bromfiets,unknown,Voetganger,Rechte weg,Binnen,30.0,Brandend,Overig asfalt,Droog,Duisternis,Droog,Oosterdoksstraat,amsterdam,POINT (122248.53400000185 487756.36199999973),POINT (4.90622907809685 52.37669974203825),4.90622907809685,52.37669974203825
55427,20220177466,2022,Uitsluitend materiele schade,2,bromfiets,personenauto,Flank,"Kruispunt, 3 takken",Binnen,50.0,Niet brandend,Klinkers,Droog,Daglicht,Droog,Sportparklaan,amsterdam,POINT (117662.84299999848 484135.35449999943),POINT (4.8392901828684485 52.343864159309256),4.8392901828684485,52.343864159309256
55428,20220177472,2022,Letsel,2,bromfiets,fiets,Flank,"Kruispunt, 4 takken",Binnen,50.0,Niet brandend,Overig asfalt,Droog,Daglicht,Droog,Panamalaan,amsterdam,POINT (124116.19819999859 486649.99230000004),POINT (4.93375767100227 52.36686465092911),4.93375767100227,52.36686465092911
55444,20220142158,2022,Letsel,2,personenauto,bromfiets,Eenzijdig,"Kruispunt, 4 takken",Binnen,50.0,Niet brandend,Overig asfalt,Droog,Daglicht,Droog,President Allendelaan,amsterdam,POINT (115332.66789999977 486634.90040000156),POINT (4.804802311379114 52.36616487645111),4.804802311379114,52.36616487645111
55556,20220123503,2022,Uitsluitend materiele schade,2,bestelauto,fiets,Flank,"Kruispunt, 3 takken",Binnen,50.0,Niet brandend,Overig asfalt,Droog,Daglicht,Droog,Henk Gortzakstraat,amsterdam,POINT (114553 487979),POINT (4.793193935896563 52.37818766460751),4.793193935896563,52.37818766460751
55763,20220141422,2022,Uitsluitend materiele schade,2,personenauto,e-bike,Flank,"Kruispunt, 3 takken",Binnen,30.0,Brandend,Overig asfalt,Nat,Duisternis,Regen,Witte de Withstraat,amsterdam,POINT (119062.26410000026 486455.6853),POINT (4.859577641320399 52.36481092642981),4.859577641320399,52.36481092642981
55798,20220155645,2022,Letsel,2,snorfiets,los voorwerp,Los voorwerp,Rechte weg,Binnen,50.0,Niet brandend,Overig asfalt,Droog,Daglicht,Droog,Baden Powellweg,amsterdam,POINT (114539.57699999958 485064.2890000008),POINT (4.793347567094855 52.351991632221385),4.793347567094855,52.351991632221385
55858,20220124165,2022,Uitsluitend materiele schade,2,bromfiets,bromfiets,Flank,"Kruispunt, 4 takken",Binnen,Unknown,Niet brandend,Overig asfalt,Droog,Daglicht,Droog,Kimpoweg,amsterdam,POINT (117765.59499999881 488700),POINT (4.840292501500224 52.384894718333314),4.840292501500224,52.384894718333314
55866,20220155722,2022,Uitsluitend materiele schade,2,bromfiets,fiets,Kop/staart,Rechte weg,Binnen,30.0,Niet brandend,Beton,Droog,Daglicht,Droog,ZEEBURG 14,amsterdam,POINT (126697.13500000164 486640.1799999997),POINT (4.971651701966932 52.36691552153482),4.971651701966932,52.36691552153482
55880,20220124204,2022,Uitsluitend materiele schade,2,bestelauto,fiets,Flank,"Kruispunt, 4 takken",Binnen,50.0,Niet brandend,Overig asfalt,Droog,Daglicht,Droog,Stadionweg,amsterdam,POINT (120495.98059999943 484530.3757000007),POINT (4.880823697322203 52.347599514017254),4.880823697322203,52.347599514017254
55931,20230049562,2023,Uitsluitend materiele schade,2,fiets,bromfiets,Frontaal,Bocht,Binnen,50.0,Niet brandend,Overig asfalt,Droog,Daglicht,Droog,Westel Merwedekanaaldijk,amsterdam,POINT (126402.97300000116 485308.0170000009),POINT (4.967446092064269 52.354927619416486),4.967446092064269,52.354927619416486
55949,20230039643,2023,Letsel,2,fiets,fiets,Flank,Rechte weg,Binnen,30.0,Niet brandend,ZOAB,Droog,Daglicht,Droog,Rozengracht,amsterdam,POINT (120465.5 487384.5),POINT (4.8800833073852115 52.3732484675128),4.8800833073852115,52.3732484675128
55980,20230050188,2023,Uitsluitend materiele schade,2,personenauto,fiets,Flank,"Kruispunt, 4 takken",Binnen,50.0,Unknown,Klinkers,Droog,Daglicht,Unknown,Willem de Zwijgerlaan,amsterdam,POINT (118901.72159999982 488447.8530000001),POINT (4.857006724615454 52.38270450386245),4.857006724615454,52.38270450386245
56073,20230049807,2023,Uitsluitend materiele schade,2,bromfiets,personenauto,Kop/staart,Rechte weg,Binnen,Unknown,Niet brandend,Klinkers,Droog,Daglicht,Droog,Jephtastraat,amsterdam,POINT (118137.50499999896 488289.5709999986),POINT (4.84580004899911 52.38123120464317),4.84580004899911,52.38123120464317
56075,20230058638,2023,Uitsluitend materiele schade,2,personenauto,bromfiets,Geparkeerd voertuig,Rechte weg,Binnen,50.0,Niet brandend,Klinkers,Droog,Daglicht,Droog,Vierwindenstraat,amsterdam,POINT (120923.6799999997 488982.8579999991),POINT (4.886649076139075 52.38764196546782),4.886649076139075,52.38764196546782
56090,20230059356,2023,Letsel,2,fiets,bestelauto,Eenzijdig,"Kruispunt, 4 takken",Binnen,50.0,Niet brandend,Overig asfalt,Droog,Daglicht,Droog,Beethovenstraat,amsterdam,POINT (120184 484122),POINT (4.87628749145867 52.34390963361539),4.87628749145867,52.34390963361539
56111,20230048725,2023,Uitsluitend materiele schade,2,bromfiets,fiets,Onbekend,"Kruispunt, 4 takken",Binnen,50.0,Niet brandend,Overig asfalt,Droog,Daglicht,Unknown,Govert Flinckstraat,amsterdam,POINT (121156.55319999903 485298.006000001),POINT (4.890440691020274 52.3545395370589),4.890440691020274,52.3545395370589
56164,20230050544,2023,Letsel,2,bromfiets,bestelauto,Kop/staart,Rotonde,Binnen,50.0,Niet brandend,Beton,Droog,Daglicht,Droog,Volendammerweg,amsterdam,POINT (125734.36520000175 489470.4211000018),POINT (4.957269839964129 52.39230141911845),4.957269839964129,52.39230141911845
56207,20230040724,2023,Uitsluitend materiele schade,3,bromfiets,fiets,Onbekend,Rechte weg,Binnen,30.0,Niet brandend,Klinkers,Droog,Daglicht,Droog,Europaboulevard,amsterdam,POINT (121081.72800000012 482973.86100000143),POINT (4.8895766205722495 52.33364704491398),4.8895766205722495,52.33364704491398
56305,20220210963,2022,Uitsluitend materiele schade,2,fiets,personenauto,Flank,Rechte weg,Binnen,Unknown,Niet brandend,ZOAB,Nat,Daglicht,Droog,De Ruijterkade,amsterdam,POINT (121497.99599999934 488399.33100000024),POINT (4.895143243124019 52.38243300405771),4.895143243124019,52.38243300405771
56307,20220211637,2022,Uitsluitend materiele schade,2,personenauto,fiets,Frontaal,"Kruispunt, 4 takken",Binnen,50.0,Niet brandend,Overig asfalt,Droog,Daglicht,Droog,Haarlemmer Houttuinen,amsterdam,POINT (121028.44299999997 488463.22100000083),POINT (4.888240465437097 52.38297834518287),4.888240465437097,52.38297834518287
56308,20220211642,2022,Uitsluitend materiele schade,3,fiets,vrachtauto,Onbekend,Rechte weg,Binnen,30.0,Niet brandend,Klinkers,Nat,Daglicht,Mist,Wilhelminastraat,amsterdam,POINT (118982.16800000146 485966.0309999995),POINT (4.858454189327172 52.36040502460227),4.858454189327172,52.36040502460227
56416,20220211081,2022,Uitsluitend materiele schade,2,fiets,trein/tram,Flank,Rotonde,Binnen,30.0,Brandend,Overig asfalt,Droog,Duisternis,Droog,Hugo de Grootplein,amsterdam,POINT (119983.78860000148 487538.499499999),POINT (4.872993854220249 52.37460199602877),4.872993854220249,52.37460199602877
56418,20220211777,2022,Uitsluitend materiele schade,2,personenauto,fiets,Flank,"Kruispunt, 4 takken",Binnen,50.0,Niet brandend,Overig asfalt,Nat,Daglicht,Droog,FIETSPAD,amsterdam,POINT (127261.3685999997 480920.34329999983),POINT (4.980407028161816 52.3155376458319),4.980407028161816,52.3155376458319
56480,20220211857,2022,Uitsluitend materiele schade,2,bromfiets,fiets,Flank,"Kruispunt, 4 takken",Binnen,30.0,Brandend,Overig asfalt,Nat,Duisternis,Mist,Hoofddorpweg,amsterdam,POINT (118411.62200000137 484931.08300000057),POINT (4.850191360259789 52.35106595950772),4.850191360259789,52.35106595950772
56542,20220210532,2022,Uitsluitend materiele schade,2,bromfiets,bestelauto,Flank,"Kruispunt, 4 takken",Binnen,50.0,Brandend,Overig asfalt,Nat,Duisternis,Regen,Van Woustraat,amsterdam,POINT (121923.39440000057 485263.5421999991),POINT (4.901699596797216 52.3542764993919),4.901699596797216,52.3542764993919
56569,20220211305,2022,Uitsluitend materiele schade,2,bromfiets,bestelauto,Flank,"Kruispunt, 4 takken",Binnen,50.0,Niet brandend,Overig asfalt,Nat,Daglicht,Regen,Linnaeusstraat,amsterdam,POINT (123604.33720000088 485745.85069999844),POINT (4.926326993055342 52.358709799135),4.926326993055342,52.358709799135
56648,20220210682,2022,Uitsluitend materiele schade,1,e-bike,unknown,Voetganger,Rechte weg,Binnen,50.0,Brandend,Klinkers,Nat,Duisternis,Droog,Prins Hendrikkade,amsterdam,POINT (122267.08199999854 487382.77800000086),POINT (4.906537844519559 52.373343336113784),4.906537844519559,52.373343336113784
56747,20220212193,2022,Uitsluitend materiele schade,2,bromfiets,fiets,Onbekend,Rechte weg,Binnen,30.0,Brandend,ZOAB,Nat,Duisternis,Droog,Heemstedestraat,amsterdam,POINT (117629.65399999917 484984.2280000001),POINT (4.838708899808194 52.3514909615705),4.838708899808194,52.3514909615705
57170,20230112012,2023,Uitsluitend materiele schade,2,bromfiets,unknown,Flank,Rotonde,Binnen,50.0,Brandend,Overig asfalt,Nat,Duisternis,Droog,Plesmanlaan,amsterdam,POINT (114846.0476000011 484606.0144999996),POINT (4.797900238866014 52.347895502355485),4.797900238866014,52.347895502355485
57173,20230111456,2023,Letsel,2,bromfiets,personenauto,Kop/staart,"Kruispunt, 4 takken",Binnen,30.0,Brandend,Overig asfalt,Nat,Duisternis,Droog,Warmondstraat,amsterdam,POINT (118357.27499999851 484992.4670000002),POINT (4.849387050260182 52.35161401312277),4.849387050260182,52.35161401312277
57302,20230020415,2023,Uitsluitend materiele schade,2,bestelauto,fiets,Los voorwerp,"Kruispunt, 4 takken",Binnen,30.0,Brandend,Unknown,Nat,Duisternis,Unknown,Javastraat,amsterdam,POINT (124234.35190000013 486301.86620000005),POINT (4.935524245329461 52.36374255109933),4.935524245329461,52.36374255109933
57303,20230020960,2023,Uitsluitend materiele schade,2,fiets,personenauto,Flank,Rechte weg,Binnen,30.0,Brandend,Klinkers,Nat,Duisternis,Droog,Burgemeester Eliasstraat,amsterdam,POINT (116823.45199999958 488149.0929999985),POINT (4.8265172141668575 52.3798788946296),4.8265172141668575,52.3798788946296
57329,20230023243,2023,Letsel,2,personenauto,bromfiets,Kop/staart,Rechte weg,Binnen,50.0,Niet brandend,Overig asfalt,Droog,Daglicht,Droog,Jan Evertsenstraat,amsterdam,POINT (117164.72700000182 487112.561999999),POINT (4.831645888639217 52.3705869935899),4.831645888639217,52.3705869935899
57340,20230067687,2023,Letsel,2,fiets,personenauto,Flank,"Kruispunt, 4 takken",Binnen,50.0,Niet brandend,Overig asfalt,Droog,Daglicht,Droog,Kastrupstraat,amsterdam,POINT (117463.56940000132 489366.85539999977),POINT (4.835781905038983 52.39086730905018),4.835781905038983,52.39086730905018
57343,20230077615,2023,Letsel,2,brommobiel,fiets,Frontaal,"Kruispunt, 3 takken",Binnen,50.0,Niet brandend,Overig asfalt,Droog,Daglicht,Droog,Linnaeusstraat,amsterdam,POINT (123422.82620000094 486242.9673999995),POINT (4.92361588416779 52.363167155452544),4.92361588416779,52.363167155452544
57360,20230078747,2023,Uitsluitend materiele schade,2,fiets,bus,Flank,"Kruispunt, 4 takken",Binnen,50.0,Niet brandend,Overig asfalt,Droog,Daglicht,Droog,Van Baerlestraat,amsterdam,POINT (120359 485701),POINT (4.87869291933363 52.358111660850895),4.87869291933363,52.358111660850895
57395,20230020547,2023,Letsel,1,fiets,unknown,Eenzijdig,Rechte weg,Binnen,30.0,Brandend,Klinkers,Droog,Duisternis,Droog,Stationsplein,amsterdam,POINT (131633.76700000092 480422.23000000045),POINT (5.044563150922939 52.31126392966444),5.044563150922939,52.31126392966444
57400,20230024562,2023,Letsel,2,fiets,motor,Flank,Rechte weg,Binnen,50.0,Niet brandend,Overig asfalt,Droog,Daglicht,Droog,Burg Vening Meineszlaan,amsterdam,POINT (117606.82699999958 488396.43200000003),POINT (4.8379943577732085 52.382155697513845),4.8379943577732085,52.382155697513845
57428,20230024595,2023,Uitsluitend materiele schade,2,bromfiets,bromfiets,Flank,"Kruispunt, 4 takken",Binnen,50.0,Brandend,Klinkers,Droog,Daglicht,Droog,0024 BRUG,amsterdam,POINT (120956.86279999837 487270.6695000008),POINT (4.887309976743331 52.37225612216076),4.887309976743331,52.37225612216076
57446,20230079160,2023,Letsel,2,bromfiets,overig vast object,Vast voorwerp,Rechte weg,Binnen,30.0,Brandend,Klinkers,Droog,Duisternis,Droog,Buitenveldertselaan,amsterdam,POINT (119642.27600000054 482166.5949999988),POINT (4.8685434349466705 52.32630117761494),4.8685434349466705,52.32630117761494
57466,20230036470,2023,Letsel,2,fiets,fiets,Flank,Rechte weg,Binnen,30.0,Niet brandend,Overig asfalt,Droog,Daglicht,Droog,Beethovenstraat,amsterdam,POINT (120221.20199999958 484344.2120000012),POINT (4.876810440731425 52.345909080048585),4.876810440731425,52.345909080048585
57486,20230024693,2023,Uitsluitend materiele schade,2,snorfiets,personenauto,Flank,"Kruispunt, 4 takken",Binnen,50.0,Brandend,Overig asfalt,Droog,Duisternis,Droog,Langsom,amsterdam,POINT (114468.01289999858 483844.9461000003),POINT (4.792444093741501 52.34102785935589),4.792444093741501,52.34102785935589
57517,20230036536,2023,Uitsluitend materiele schade,2,personenauto,fiets,Los voorwerp,Rechte weg,Binnen,30.0,Niet brandend,Overig asfalt,Nat,Daglicht,Regen,Louis Couperusstraat,amsterdam,POINT (116703.07899999991 487733.58300000057),POINT (4.824796774077301 52.37613623914714),4.824796774077301,52.37613623914714
57556,20230024197,2023,Uitsluitend materiele schade,2,personenauto,bromfiets,Flank,"Kruispunt, 3 takken",Binnen,50.0,Niet brandend,Overig asfalt,Droog,Daglicht,Droog,C.K. Eloutstraat,amsterdam,POINT (115827.1024999991 485338.6523000002),POINT (4.812212311798036 52.3545507013409),4.812212311798036,52.3545507013409
57593,20230077639,2023,Letsel,2,snorfiets,fiets,Flank,"Kruispunt, 4 takken",Binnen,50.0,Niet brandend,ZOAB,Droog,Daglicht,Droog,FIETSPAD,amsterdam,POINT (117743.06010000035 488682.6785000004),POINT (4.839963436873867 52.3847375174008),4.839963436873867,52.3847375174008
57758,20230088317,2023,Letsel,2,trein/tram,fiets,Flank,"Kruispunt, 4 takken",Binnen,50.0,Niet brandend,Overig asfalt,Nat,Daglicht,Regen,Stadhouderskade,amsterdam,POINT (121188.7826000005 485690.95380000025),POINT (4.890874250323576 52.35807306829237),4.890874250323576,52.35807306829237
58092,20210082455,2021,Uitsluitend materiele schade,2,snorfiets,e-bike,Flank,"Kruispunt, 3 takken",Binnen,50.0,Niet brandend,Beton,Nat,Daglicht,Regen,Parnassusweg,amsterdam,POINT (119559.02180000022 484407.3060000017),POINT (4.867086398479331 52.346433820754),4.867086398479331,52.346433820754
58115,20210087309,2021,Uitsluitend materiele schade,2,personenauto,fiets,Flank,Rechte weg,Binnen,30.0,Niet brandend,Overig asfalt,Nat,Daglicht,Unknown,Prins Hendrikkade,amsterdam,POINT (121807.83399999887 487749.23699999973),POINT (4.899758056604381 52.37660924400087),4.899758056604381,52.37660924400087
58118,20210085606,2021,Uitsluitend materiele schade,2,snorfiets,bromfiets,Flank,"Kruispunt, 4 takken",Binnen,50.0,Brandend,Overig asfalt,Droog,Duisternis,Droog,Abcouderpad,amsterdam,POINT (125456.57800000161 480373.1860000007),POINT (4.953987767055762 52.31052612267274),4.953987767055762,52.31052612267274
58129,20210080097,2021,Uitsluitend materiele schade,1,snorfiets,unknown,Eenzijdig,Rechte weg,Binnen,50.0,Niet brandend,Overig asfalt,Nat,Daglicht,Droog,Verbindingsdam,amsterdam,POINT (124463.45699999854 487574.22300000116),POINT (4.938772133937909 52.3751904444241),4.938772133937909,52.3751904444241
58159,20210087672,2021,Uitsluitend materiele schade,2,bromfiets,bestelauto,Flank,Rechte weg,Binnen,50.0,Niet brandend,Overig asfalt,Nat,Daglicht,Droog,Wijttenbachstraat,amsterdam,POINT (123483.45300000161 485865.96599999815),POINT (4.924541255845194 52.35978239569637),4.924541255845194,52.35978239569637
58238,20210002635,2021,Uitsluitend materiele schade,2,bestelauto,fiets,Flank,Rechte weg,Buiten,50.0,Brandend,ZOAB,Nat,Schemer,Unknown,Radarweg,amsterdam,POINT (117504.72100000083 490176.2529999986),POINT (4.836296008825978 52.398144327795364),4.836296008825978,52.398144327795364
58268,20210004782,2021,Uitsluitend materiele schade,3,personenauto,fiets,Onbekend,"Kruispunt, 4 takken",Binnen,30.0,Niet brandend,Overig asfalt,Droog,Daglicht,Droog,Waalstraat,amsterdam,POINT (121810.30620000139 484496.18569999933),POINT (4.900115412743161 52.34737318740205),4.900115412743161,52.34737318740205
58350,20210017918,2021,Uitsluitend materiele schade,2,motor,fiets,Flank,Rechte weg,Binnen,50.0,Brandend,Overig asfalt,Droog,Duisternis,Droog,Nassaukade,amsterdam,POINT (120096.5850000009 487069.70899999887),POINT (4.874698879671393 52.37039603031758),4.874698879671393,52.37039603031758
58434,20210032856,2021,Uitsluitend materiele schade,2,personenauto,snorfiets,Flank,Rechte weg,Binnen,50.0,Niet brandend,Overig asfalt,Droog,Daglicht,Droog,Meer en Vaart,amsterdam,POINT (115308.22700000182 486461.34800000116),POINT (4.80446397259183 52.36460336087987),4.80446397259183,52.36460336087987
58476,20210016187,2021,Uitsluitend materiele schade,2,personenauto,fiets,Flank,"Kruispunt, 3 takken",Binnen,30.0,Niet brandend,Klinkers,Droog,Daglicht,Droog,Slotermeerlaan,amsterdam,POINT (116285.58469999954 487515.9248000011),POINT (4.818691045003971 52.374150823043365),4.818691045003971,52.374150823043365
58598,20210073847,2021,Uitsluitend materiele schade,2,bromfiets,personenauto,Flank,"Kruispunt, 4 takken",Binnen,50.0,Brandend,Overig asfalt,Droog,Duisternis,Droog,Hobbemakade,amsterdam,POINT (120852.6363000013 485035.10990000144),POINT (4.886006559589672 52.352158001654814),4.886006559589672,52.352158001654814
58791,20210071663,2021,Uitsluitend materiele schade,1,fiets,unknown,Eenzijdig,Rechte weg,Binnen,15.0,Niet brandend,ZOAB,Nat,Daglicht,Unknown,Linnaeusstraat,amsterdam,POINT (123563.76999999955 485800.5210000016),POINT (4.925726389755068 52.35919882047307),4.925726389755068,52.35919882047307
58838,20210040618,2021,Uitsluitend materiele schade,1,bromfiets,unknown,Onbekend,Unknown,Unknown,30.0,Unknown,Unknown,Unknown,Daglicht,Unknown,Derde Oosterparkstraat,amsterdam,POINT (123177.01000000164 485594.94200000167),POINT (4.920068455871214 52.357328943397356),4.920068455871214,52.357328943397356
58902,20210052330,2021,Letsel,2,bromfiets,e-bike,Flank,Rechte weg,Binnen,30.0,Niet brandend,Beton,Droog,Daglicht,Droog,Spaarndammerdijk,amsterdam,POINT (119065.71599999815 489399.2030000016),POINT (4.859313523340443 52.39126526081661),4.859313523340443,52.39126526081661
58942,20210053534,2021,Uitsluitend materiele schade,2,personenauto,bromfiets,Flank,"Kruispunt, 4 takken",Binnen,50.0,Niet aanwezig,Overig asfalt,Droog,Daglicht,Droog,Cruquiusweg,amsterdam,POINT (124121.05490000173 486828.49920000136),POINT (4.933812581454311 52.36846922674253),4.933812581454311,52.36846922674253
58962,20210047571,2021,Uitsluitend materiele schade,2,bromfiets,personenauto,Flank,"Kruispunt, 4 takken",Binnen,50.0,Niet brandend,Overig asfalt,Nat,Daglicht,Regen,Zuideinde,amsterdam,POINT (121336 492661),POINT (4.89233652514385 52.420723723571555),4.89233652514385,52.420723723571555
58980,20210065508,2021,Uitsluitend materiele schade,1,bromfiets,unknown,Onbekend,Unknown,Unknown,30.0,Unknown,Unknown,Unknown,Daglicht,Unknown,Ruiseveenpad,amsterdam,POINT (126910.37000000104 478879.8420000002),POINT (4.9754295692167645 52.297180845568455),4.9754295692167645,52.297180845568455
58990,20210038296,2021,Uitsluitend materiele schade,2,bromfiets,bestelauto,Flank,"Kruispunt, 3 takken",Binnen,50.0,Niet brandend,ZOAB,Droog,Daglicht,Droog,Nieuwe Westerdokstraat,amsterdam,POINT (121268.68070000038 488277.9904999994),POINT (4.891787475475881 52.381328441999536),4.891787475475881,52.381328441999536
59038,20210043324,2021,Uitsluitend materiele schade,2,personenauto,fiets,Flank,"Kruispunt, 4 takken",Binnen,50.0,Brandend,Overig asfalt,Droog,Duisternis,Droog,Weteringlaan,amsterdam,POINT (121185.9849999994 485686.30999999866),POINT (4.890833651413056 52.358031160813745),4.890833651413056,52.358031160813745