,accident_id,accident_year,outcome,num_parties,party1_type,party2_type,accident_nature,road_situation,built_up_area,speed_limit_kmh,street_lighting,road_surface,road_condition,light_condition,weather_condition,street_name,municipality,shape,geometry,longitude,latitude
59063,20210065585,2021,Uitsluitend materiele schade,2,bromfiets,vrachtauto,Kop/staart,Rechte weg,Binnen,50.0,Niet aanwezig,Overig asfalt,Nat,Daglicht,Regen,Haarlemmerweg,amsterdam,POINT (118566.52400000021 488707.3520000018),POINT (4.852055529743024 52.385014535646626),4.852055529743024,52.385014535646626
59074,20210068742,2021,Uitsluitend materiele schade,2,bromfiets,bestelauto,Kop/staart,Rechte weg,Binnen,50.0,Niet brandend,Overig asfalt,Droog,Daglicht,Droog,Ceintuurbaan,amsterdam,POINT (120986.11199999973 485052.77800000086),POINT (4.8879637906639015 52.3523250693587),4.8879637906639015,52.3523250693587
59658,20220081344,2022,Uitsluitend materiele schade,2,personenauto,fiets,Flank,Rechte weg,Binnen,50.0,Niet brandend,Overig asfalt,Droog,Daglicht,Droog,Eerste Van Swindenstraat,amsterdam,POINT (123573.45699999854 486148.48600000143),POINT (4.925836074137112 52.36232665706112),4.925836074137112,52.36232665706112
59734,20220080691,2022,Uitsluitend materiele schade,2,fiets,fiets,Frontaal,Rechte weg,Binnen,30.0,Niet brandend,ZOAB,Droog,Daglicht,Droog,Theophile de Bockstraat,amsterdam,POINT (118307.19900000095 485352.7529999986),POINT (4.8486128057271864 52.35484866078096),4.8486128057271864,52.35484866078096
59749,20220055226,2022,Letsel,2,personenauto,bromfiets,Flank,"Kruispunt, 4 takken",Binnen,50.0,Brandend,Overig asfalt,Droog,Duisternis,Droog,Nassauplein,amsterdam,POINT (120559.13949999958 488712.85080000013),POINT (4.881322139333081 52.38519259041791),4.881322139333081,52.38519259041791
59950,20220054366,2022,Letsel,2,snorfiets,trein/tram,Flank,Rechte weg,Binnen,50.0,Niet aanwezig,Overig asfalt,Nat,Daglicht,Droog,Overtoom,amsterdam,POINT (118981.67399999872 485768.94900000095),POINT (4.8584680436223815 52.35863376198994),4.8584680436223815,52.35863376198994
60012,20220102032,2022,Uitsluitend materiele schade,2,bromfiets,bestelauto,Flank,Rechte weg,Binnen,30.0,Niet brandend,Overig asfalt,Droog,Daglicht,Droog,President Allendelaan,amsterdam,POINT (115376.24599999934 486648.55099999905),POINT (4.805440491418929 52.36629070278436),4.805440491418929,52.36629070278436
60013,20220102158,2022,Uitsluitend materiele schade,2,personenauto,fiets,Onbekend,Rechte weg,Binnen,50.0,Niet brandend,Overig asfalt,Droog,Daglicht,Droog,Prinses Irenelaan,amsterdam,POINT (131021.66000000015 480006.34600000083),POINT (5.035616981812163 52.307499820654456),5.035616981812163,52.307499820654456
60109,20220015460,2022,Uitsluitend materiele schade,2,fiets,bromfiets,Frontaal,"Kruispunt, 4 takken",Binnen,50.0,Brandend,Overig asfalt,Nat,Duisternis,Droog,Haarlemmermeerstraat,amsterdam,POINT (118425.34540000185 485352.3557999991),POINT (4.850346975414561 52.3548529687905),4.850346975414561,52.3548529687905
60558,20230004110,2023,Uitsluitend materiele schade,2,personenauto,fiets,Flank,Rechte weg,Binnen,50.0,Brandend,Klinkers,Droog,Duisternis,Droog,Herengracht,amsterdam,POINT (121608.10799999908 486436.6279999986),POINT (4.896955459697514 52.364800324958004),4.896955459697514,52.364800324958004
60602,20230078198,2023,Letsel,1,fiets,unknown,Eenzijdig,Unknown,Unknown,Unknown,Unknown,Unknown,Unknown,Daglicht,Unknown,Kloveniersburgwal,amsterdam,POINT (121549.05000000075 486848.0399999991),POINT (4.896047487115438 52.36849421667335),4.896047487115438,52.36849421667335
60954,20210028963,2021,Letsel,2,personenauto,bromfiets,Onbekend,"Kruispunt, 4 takken",Binnen,50.0,Niet brandend,Overig asfalt,Droog,Daglicht,Droog,Middenweg,amsterdam,POINT (124536.9849999994 484519.09600000083),POINT (4.940128599771751 52.34773700082473),4.940128599771751,52.34773700082473
61086,20220177327,2022,Uitsluitend materiele schade,2,snorfiets,bromfiets,Frontaal,Rechte weg,Binnen,Unknown,Brandend,Overig asfalt,Droog,Duisternis,Droog,Brinkiepad,amsterdam,POINT (127031.06899999827 479207.9140000008),POINT (4.977171695196132 52.300135541747),4.977171695196132,52.300135541747
61116,20220176093,2022,Uitsluitend materiele schade,2,personenauto,fiets,Frontaal,Rechte weg,Binnen,50.0,Niet brandend,ZOAB,Droog,Daglicht,Droog,Burg Van de Pollstraat,amsterdam,POINT (117270.40900000185 487685.19999999925),POINT (4.833133327056248 52.37574068838552),4.833133327056248,52.37574068838552
61142,20220177830,2022,Letsel,2,bromfiets,fiets,Frontaal,Rechte weg,Binnen,Unknown,Brandend,ZOAB,Droog,Duisternis,Droog,Abcouderpad,amsterdam,POINT (124976.17000000179 481393.31599999964),POINT (4.9468525473659515 52.31966848234348),4.9468525473659515,52.31966848234348
61143,20220178112,2022,Uitsluitend materiele schade,2,personenauto,fiets,Flank,Rechte weg,Binnen,50.0,Niet brandend,Beton,Nat,Daglicht,Unknown,Beethovenstraat,amsterdam,POINT (120239.80700000003 484063.875),POINT (4.877112417423186 52.34339077776129),4.877112417423186,52.34339077776129
61188,20220123411,2022,Uitsluitend materiele schade,2,personenauto,fiets,Frontaal,"Kruispunt, 4 takken",Binnen,30.0,Niet brandend,Overig asfalt,Droog,Daglicht,Droog,Emmy Andriessestraat,amsterdam,POINT (129181.79089999944 484537.9956),POINT (5.008292827927852 52.34814469438117),5.008292827927852,52.34814469438117
61214,20220178199,2022,Letsel,2,fiets,bromfiets,Flank,"Kruispunt, 4 takken",Binnen,Unknown,Niet brandend,Beton,Droog,Daglicht,Droog,Hoofdweg,amsterdam,POINT (118331.56920000166 487340.02969999984),POINT (4.848753792973835 52.37271045291626),4.848753792973835,52.37271045291626
61336,20220142510,2022,Uitsluitend materiele schade,2,bromfiets,motor,Flank,Rechte weg,Binnen,50.0,Niet brandend,Overig asfalt,Droog,Daglicht,Droog,Stadhouderskade,amsterdam,POINT (121031.36499999836 485777.8200000003),POINT (4.888554757809845 52.35884405111401),4.888554757809845,52.35884405111401
61369,20220142583,2022,Letsel,2,personenauto,fiets,Flank,"Kruispunt, 4 takken",Binnen,30.0,Niet brandend,Overig asfalt,Droog,Daglicht,Droog,Tasmanstraat,amsterdam,POINT (120771.46920000017 489351.5480000004),POINT (4.884375717886675 52.39094600446237),4.884375717886675,52.39094600446237
61449,20220155461,2022,Letsel,3,fiets,fiets,Onbekend,Rechte weg,Binnen,Unknown,Niet aanwezig,ZOAB,Droog,Daglicht,Unknown,Vondelpark,amsterdam,POINT (119699.30999999866 485568.6550000012),POINT (4.869023288430105 52.35688024429024),4.869023288430105,52.35688024429024
61553,20220141663,2022,Uitsluitend materiele schade,2,personenauto,fiets,Onbekend,Unknown,Unknown,30.0,Unknown,Unknown,Unknown,Daglicht,Unknown,Jan Tooropstraat,amsterdam,POINT (131117.29899999872 480377.72100000083),POINT (5.036992983627786 52.31084172739218),5.036992983627786,52.31084172739218
61622,20220124233,2022,Uitsluitend materiele schade,1,bromfiets,unknown,Onbekend,"Kruispunt, 4 takken",Binnen,50.0,Niet brandend,Beton,Nat,Daglicht,Regen,Van Heenvlietlaan,amsterdam,POINT (120599 482277),POINT (4.88256576991503 52.32735411335156),4.88256576991503,52.32735411335156
61721,20230059984,2023,Uitsluitend materiele schade,2,personenauto,bromfiets,Flank,Rechte weg,Buiten,100.0,Brandend,ZOAB,Droog,Duisternis,Droog,Ringweg-Zuid,amsterdam,POINT (119487.93019999936 483590.4998999983),POINT (4.8661292966701 52.339088338128995),4.8661292966701,52.339088338128995
61748,20230060035,2023,Letsel,2,fiets,personenauto,Flank,Rechte weg,Binnen,50.0,Niet brandend,Klinkers,Droog,Daglicht,Droog,Amstel,amsterdam,POINT (121915.86199999973 486326.3759999983),POINT (4.901484494572293 52.36382807859273),4.901484494572293,52.36382807859273
61774,20230059620,2023,Uitsluitend materiele schade,2,fiets,fiets,Flank,"Kruispunt, 4 takken",Binnen,Unknown,Niet brandend,Klinkers,Droog,Daglicht,Droog,Sarphatistraat,amsterdam,POINT (122350.29199999943 486026.3500000015),POINT (4.907891427006411 52.361157641612415),4.907891427006411,52.361157641612415
61812,20230040391,2023,Uitsluitend materiele schade,2,personenauto,fiets,Kop/staart,Rechte weg,Binnen,50.0,Brandend,Beton,Droog,Daglicht,Droog,Purmerplein,amsterdam,POINT (124819.22300000116 489311.7989999987),POINT (4.943840338381557 52.39082627355909),4.943840338381557,52.39082627355909
61828,20230058315,2023,Uitsluitend materiele schade,2,bromfiets,fiets,Flank,Rechte weg,Binnen,30.0,Niet brandend,Beton,Droog,Daglicht,Droog,Meer en Vaart,amsterdam,POINT (115338.91000000015 486365.1479999982),POINT (4.804925774334418 52.36374100864167),4.804925774334418,52.36374100864167
61831,20230059700,2023,Letsel,2,bromfiets,fiets,Frontaal,Rechte weg,Binnen,30.0,Niet brandend,ZOAB,Droog,Daglicht,Droog/Harde windstoten,Piet Heinkade,amsterdam,POINT (123007.36300000176 487766.6229999997),POINT (4.917371604479668 52.376836698636424),4.917371604479668,52.376836698636424
61874,20230049812,2023,Uitsluitend materiele schade,2,bestelauto,fiets,Frontaal,Rotonde,Binnen,50.0,Niet brandend,Overig asfalt,Nat,Daglicht,Regen,Spaklerweg,amsterdam,POINT (123057.35929999873 484104.2441000007),POINT (4.918453644018363 52.3439245640915),4.918453644018363,52.3439245640915
61883,20230059788,2023,Letsel,2,bromfiets,personenauto,Geparkeerd voertuig,Rechte weg,Binnen,30.0,Niet brandend,Overig asfalt,Nat,Daglicht,Droog,Van Woustraat,amsterdam,POINT (121934.88199999928 485241.7199999988),POINT (4.901870352887828 52.35408106743031),4.901870352887828,52.35408106743031
61893,20230039356,2023,Uitsluitend materiele schade,2,personenauto,fiets,Flank,"Kruispunt, 4 takken",Binnen,50.0,Unknown,Klinkers,Droog,Schemer,Droog,Spaarndammerstraat,amsterdam,POINT (120363 489331),POINT (4.878377512592565 52.39073570866182),4.878377512592565,52.39073570866182
61931,20230066263,2023,Letsel,2,bromfiets,personenauto,Flank,"Kruispunt, 4 takken",Binnen,30.0,Niet brandend,Overig asfalt,Nat,Daglicht,Droog,FIETSPAD,amsterdam,POINT (126691 478697),POINT (4.97222917623273 52.295526312362014),4.97222917623273,52.295526312362014
62026,20220210870,2022,Uitsluitend materiele schade,2,bromfiets,bestelauto,Kop/staart,Rechte weg,Binnen,30.0,Niet brandend,Overig asfalt,Droog,Schemer,Droog,Sloterkade,amsterdam,POINT (118512.72899999842 484814.1490000002),POINT (4.851687939962919 52.350021763695864),4.851687939962919,52.350021763695864
62225,20220211154,2022,Uitsluitend materiele schade,1,e-bike,unknown,Voetganger,Rechte weg,Binnen,50.0,Niet brandend,Beton,Droog,Daglicht,Droog,Tussen Meer,amsterdam,POINT (115108.33100000024 485777.4079999998),POINT (4.801610450409611 52.358442172349946),4.801610450409611,52.358442172349946
62254,20220210483,2022,Uitsluitend materiele schade,2,fiets,motor,Flank,Rechte weg,Binnen,50.0,Niet brandend,ZOAB,Droog,Daglicht,Droog,Jan Evertsenstraat,amsterdam,POINT (118997.0700000003 487192.45600000024),POINT (4.858541616687803 52.37142820677431),4.858541616687803,52.37142820677431
62324,20220211928,2022,Letsel,2,snorfiets,personenauto,Frontaal,"Kruispunt, 4 takken",Binnen,50.0,Niet brandend,ZOAB,Droog,Daglicht,Droog,Nassauplein,amsterdam,POINT (120588.66149999946 488694.54850000143),POINT (4.881757630082881 52.38502995441208),4.881757630082881,52.38502995441208
62351,20220211967,2022,Uitsluitend materiele schade,2,personenauto,bromfiets,Onbekend,"Kruispunt, 3 takken",Binnen,50.0,Brandend,Overig asfalt,Nat,Duisternis,Droog,Laan van Vlaanderen,amsterdam,POINT (115287.26909999922 484780.5945000015),POINT (4.80435473013034 52.34949655647924),4.80435473013034,52.34949655647924
62394,20220210643,2022,Uitsluitend materiele schade,2,personenauto,fiets,Flank,"Kruispunt, 4 takken",Binnen,30.0,Niet brandend,ZOAB,Droog,Daglicht,Droog,Osdorperweg,amsterdam,POINT (114090.12550000101 486272.1688000001),POINT (4.78660418988145 52.362813795446094),4.78660418988145,52.362813795446094
62506,20220211447,2022,Letsel,2,bromfiets,fiets,Onbekend,Unknown,Unknown,30.0,Unknown,Unknown,Unknown,Daglicht,Unknown,Sarphatistraat,amsterdam,POINT (122019.67199999839 485902.38800000027),POINT (4.903050093448804 52.36002380496634),4.903050093448804,52.36002380496634
62508,20220212147,2022,Letsel,3,fiets,fiets,Onbekend,Bocht,Binnen,50.0,Niet aanwezig,Klinkers,Nat,Daglicht,Droog,Amstelveenseweg,amsterdam,POINT (118908.4990000017 483155.7039999999),POINT (4.857674149056168 52.33514295027657),4.857674149056168,52.33514295027657
62563,20220210808,2022,Uitsluitend materiele schade,2,personenauto,fiets,Flank,"Kruispunt, 3 takken",Binnen,Unknown,Niet brandend,Overig asfalt,Nat,Daglicht,Droog,Hemweg,amsterdam,POINT (116831.4162000008 492316.18279999867),POINT (4.826160302326346 52.417329771147095),4.826160302326346,52.417329771147095
63170,20230020484,2023,Uitsluitend materiele schade,2,personenauto,bromfiets,Geparkeerd voertuig,Rechte weg,Binnen,30.0,Brandend,Overig asfalt,Nat,Duisternis,Droog,Sarphatistraat,amsterdam,POINT (121915.08999999985 485883.07499999925),POINT (4.901516772908468 52.35984394421563),4.901516772908468,52.35984394421563
63173,20230023276,2023,Uitsluitend materiele schade,2,bromfiets,personenauto,Flank,"Kruispunt, 3 takken",Binnen,50.0,Niet brandend,Overig asfalt,Droog,Daglicht,Droog,Johan Huizingalaan,amsterdam,POINT (116863.39770000055 486172.6152999997),POINT (4.827328109126281 52.362118637429326),4.827328109126281,52.362118637429326
63195,20230078399,2023,Uitsluitend materiele schade,2,fiets,snorfiets,Flank,Rechte weg,Binnen,30.0,Niet brandend,Beton,Droog,Daglicht,Droog,Havenstraat,amsterdam,POINT (118759.73699999973 484710.5529999994),POINT (4.855324233164414 52.34910706271113),4.855324233164414,52.34910706271113
63254,20230079024,2023,Letsel,3,fiets,voetganger,Voetganger,Rechte weg,Binnen,50.0,Niet brandend,Unknown,Droog,Daglicht,Droog,Leidseplein,amsterdam,POINT (120572.01000000164 486290.31799999997),POINT (4.881759347085465 52.36342142875128),4.881759347085465,52.36342142875128
63261,20230020573,2023,Uitsluitend materiele schade,1,fiets,unknown,Flank,"Kruispunt, 4 takken",Binnen,30.0,Niet brandend,Overig asfalt,Droog,Duisternis,Droog,Wachterliedplantsoen,amsterdam,POINT (118597.02189999819 487867.47509999946),POINT (4.852594483827119 52.37746839307225),4.852594483827119,52.37746839307225
63301,20230078595,2023,Uitsluitend materiele schade,2,bus,fiets,Onbekend,"Kruispunt, 4 takken",Binnen,50.0,Niet brandend,Beton,Droog,Daglicht,Droog,Hobbemastraat,amsterdam,POINT (120605.58100000024 486097.1229999997),POINT (4.882271951793516 52.3616872309657),4.882271951793516,52.3616872309657
63319,20230023436,2023,Uitsluitend materiele schade,2,fiets,personenauto,Flank,"Kruispunt, 3 takken",Binnen,30.0,Niet brandend,Overig asfalt,Droog,Daglicht,Droog,Cruquiusweg,amsterdam,POINT (124944.31089999899 486833.08520000055),POINT (4.945899588801184 52.368556111223164),4.945899588801184,52.368556111223164
63343,20230022906,2023,Uitsluitend materiele schade,1,fiets,unknown,Voetganger,Rechte weg,Binnen,30.0,Niet brandend,Overig asfalt,Droog,Daglicht,Droog,Ooster Ringdijk,amsterdam,POINT (126135.96570000052 485432.10440000147),POINT (4.96351631219223 52.356028880251436),4.96351631219223,52.356028880251436
63374,20230024146,2023,Uitsluitend materiele schade,2,personenauto,fiets,Flank,Rechte weg,Binnen,50.0,Niet brandend,Overig asfalt,Droog,Daglicht,Droog,Admiraal De Ruijterweg,amsterdam,POINT (118192.39699999988 488661.81799999997),POINT (4.846565432375951 52.38458035286413),4.846565432375951,52.38458035286413
63400,20230066678,2023,Letsel,2,bromfiets,personenauto,Flank,Rechte weg,Binnen,30.0,Niet brandend,Klinkers,Droog,Daglicht,Droog,Rokin,amsterdam,POINT (121331.27100000158 487268.1570000015),POINT (4.892807895166933 52.37225662451333),4.892807895166933,52.37225662451333
63429,20230078312,2023,Letsel,2,scootmobiel,fiets,Kop/staart,Rechte weg,Binnen,50.0,Niet brandend,Overig asfalt,Nat,Daglicht,Regen,Klaprozenweg,amsterdam,POINT (122010.2899999991 490374.2650000006),POINT (4.90247327632831 52.400213286895024),4.90247327632831,52.400213286895024
63436,20230097451,2023,Uitsluitend materiele schade,3,bromfiets,fiets,Onbekend,Rechte weg,Binnen,Unknown,Brandend,Overig asfalt,Nat,Duisternis,Droog,Meer en Vaart,amsterdam,POINT (115411.45499999821 486231.8979999982),POINT (4.806006468545521 52.362548697260266),4.806006468545521,52.362548697260266
63493,20230086985,2023,Letsel,2,snorfiets,bestelauto,Flank,Rotonde,Binnen,50.0,Niet brandend,Overig asfalt,Droog,Schemer,Droog,Louis Davidsstraat,amsterdam,POINT (115749.59340000153 484933.36030000076),POINT (4.811121947351509 52.35090271724426),4.811121947351509,52.35090271724426
63722,20230086804,2023,Uitsluitend materiele schade,2,bromfiets,personenauto,Kop/staart,Rotonde,Binnen,50.0,Niet brandend,ZOAB,Droog,Daglicht,Droog,Vlaardingenlaan,amsterdam,POINT (117680.24689999968 484495.74920000136),POINT (4.839505608341718 52.34710430876716),4.839505608341718,52.34710430876716
63809,20210087324,2021,Letsel,2,bestelauto,snorfiets,Onbekend,Rechte weg,Binnen,50.0,Niet brandend,ZOAB,Droog,Daglicht,Droog,L. van Sonsbeeckstraat,amsterdam,POINT (114971.47899999842 485861.4299999997),POINT (4.799591618746789 52.35918734033244),4.799591618746789,52.35918734033244
63824,20210079151,2021,Uitsluitend materiele schade,2,bromfiets,overig wegmeubilair,Vast voorwerp,Rechte weg,Binnen,50.0,Brandend,ZOAB,Nat,Duisternis,Droog,Kamerlingh Onneslaan,amsterdam,POINT (123625.30700000003 484919.7509999983),POINT (4.926711854703516 52.35128654277131),4.926711854703516,52.35128654277131
63848,20210077477,2021,Letsel,2,fiets,fiets,Onbekend,Unknown,Unknown,Unknown,Unknown,Unknown,Unknown,Daglicht,Unknown,Ceintuurbaan,amsterdam,POINT (121892.76089999825 485313.4937000014),POINT (4.901245052327899 52.35472358513887),4.901245052327899,52.35472358513887
63857,20210083078,2021,Uitsluitend materiele schade,2,personenauto,snorfiets,Flank,"Kruispunt, 4 takken",Binnen,50.0,Niet brandend,Klinkers,Droog,Daglicht,Droog,Prins Hendrikkade,amsterdam,POINT (121464 488094),POINT (4.894674422645929 52.379686834014635),4.894674422645929,52.379686834014635
63858,20210089608,2021,Uitsluitend materiele schade,2,snorfiets,personenauto,Onbekend,Rotonde,Binnen,50.0,Brandend,ZOAB,Droog,Duisternis,Droog,Burgemeester Röellstraat,amsterdam,POINT (116354 487686),POINT (4.819676103839794 52.3756841423132),4.819676103839794,52.3756841423132
63884,20210087367,2021,Letsel,2,personenauto,fiets,Flank,"Kruispunt, 4 takken",Binnen,50.0,Brandend,Overig asfalt,Nat,Duisternis,Regen,Admiralengracht,amsterdam,POINT (118881.42300000042 487170.5170000009),POINT (4.8568458971599675 52.37122344132792),4.8568458971599675,52.37122344132792
63922,20210082456,2021,Uitsluitend materiele schade,2,brommobiel,fiets,Onbekend,"Kruispunt, 4 takken",Binnen,50.0,Niet brandend,Overig asfalt,Droog,Daglicht,Droog,Stadionweg,amsterdam,POINT (120660.4792000018 484660.2199999988),POINT (4.883224537588071 52.348776770629776),4.883224537588071,52.348776770629776
63961,20210084843,2021,Uitsluitend materiele schade,2,motor,fiets,Flank,Rechte weg,Binnen,30.0,Niet brandend,Overig asfalt,Droog,Daglicht,Droog,Mauritskade,amsterdam,POINT (123478.38399999961 486404.1970000006),POINT (4.92441639593386 52.36461937169924),4.92441639593386,52.36461937169924
63966,20210087395,2021,Uitsluitend materiele schade,1,fiets,unknown,Eenzijdig,Bocht,Binnen,30.0,Brandend,Overig asfalt,Droog,Schemer,Droog,Rozenburglaan,amsterdam,POINT (124437.1950000003 483597.2190000005),POINT (4.938747822317208 52.33944619086022),4.938747822317208,52.33944619086022
64091,20210019082,2021,Uitsluitend materiele schade,2,personenauto,e-bike,Flank,Rechte weg,Binnen,50.0,Niet brandend,Overig asfalt,Droog,Daglicht,Unknown,Raadhuisstraat,amsterdam,POINT (120875.23600000143 487435.26199999824),POINT (4.88609468955041 52.3737302951456),4.88609468955041,52.3737302951456
64167,20210014714,2021,Uitsluitend materiele schade,2,personenauto,bromfiets,Flank,"Kruispunt, 4 takken",Binnen,50.0,Niet brandend,Overig asfalt,Droog,Daglicht,Droog,Velserweg,amsterdam,POINT (118107.78390000015 488846.26520000026),POINT (4.845302408511265 52.38623233901139),4.845302408511265,52.38623233901139
64180,20210031869,2021,Uitsluitend materiele schade,2,bromfiets,fiets,Flank,"Kruispunt, 4 takken",Binnen,30.0,Niet brandend,Klinkers,Droog,Daglicht,Droog,Majanggracht,amsterdam,POINT (123866.86600000039 487962.26099999994),POINT (4.929975449697094 52.378644366438216),4.929975449697094,52.378644366438216
64206,20210026720,2021,Uitsluitend materiele schade,2,personenauto,fiets,Flank,"Kruispunt, 4 takken",Binnen,30.0,Niet brandend,Klinkers,Droog,Daglicht,Droog,Langsom,amsterdam,POINT (114468.01289999858 483844.9461000003),POINT (4.792444093741501 52.34102785935589),4.792444093741501,52.34102785935589
64297,20210003741,2021,Uitsluitend materiele schade,2,personenauto,fiets,Onbekend,"Kruispunt, 3 takken",Binnen,30.0,Niet brandend,Unknown,Droog,Daglicht,Droog,Amsteldijk,amsterdam,POINT (122546.94999999925 484542.7756999992),POINT (4.910921472879118 52.34783590357192),4.910921472879118,52.34783590357192
64436,20210073851,2021,Uitsluitend materiele schade,2,e-bike,personenauto,Onbekend,Bocht,Binnen,30.0,Niet brandend,Klinkers,Nat,Daglicht,Regen,Jekerstraat,amsterdam,POINT (121705.63300000131 484343.4629999995),POINT (4.898594400334061 52.34599428432054),4.898594400334061,52.34599428432054
64503,20210054760,2021,Uitsluitend materiele schade,3,snorfiets,fiets,Kop/staart,Rechte weg,Binnen,Unknown,Niet brandend,Overig asfalt,Droog,Daglicht,Droog,Julianaplein,amsterdam,POINT (123093.0549999997 484504.4670000002),POINT (4.918939513178438 52.34752358775505),4.918939513178438,52.34752358775505
64517,20210039197,2021,Uitsluitend materiele schade,1,bromfiets,unknown,Onbekend,Unknown,Unknown,30.0,Unknown,Unknown,Unknown,Daglicht,Unknown,Radioweg,amsterdam,POINT (124930.64499999955 484682.98099999875),POINT (4.945891151171833 52.34923157937344),4.945891151171833,52.34923157937344
64537,20210081690,2021,Letsel,3,e-bike,unknown,Eenzijdig,Rechte weg,Binnen,30.0,Brandend,Overig asfalt,Nat,Duisternis,Droog,De Ruijterkade,amsterdam,POINT (122208.43899999931 487925.36400000006),POINT (4.905623786185553 52.378216219978526),4.905623786185553,52.378216219978526
64694,20210071679,2021,Letsel,2,fiets,fiets,Frontaal,Rechte weg,Binnen,15.0,Niet brandend,Overig asfalt,Nat,Daglicht,Droog,Th. K. van Lohuizenlaan,amsterdam,POINT (124960.14999999851 486610.6000000015),POINT (4.946152024931442 52.36655742417337),4.946152024931442,52.36655742417337
64696,20210035029,2021,Letsel,2,bromfiets,voetganger,Voetganger,Rechte weg,Binnen,30.0,Niet brandend,Klinkers,Droog,Daglicht,Droog,Wigbolt Ripperdastraat,amsterdam,POINT (115348.54199999943 488363.9210000001),POINT (4.804831365040822 52.381705047367454),4.804831365040822,52.381705047367454
64766,20210064156,2021,Uitsluitend materiele schade,2,bestelauto,snorfiets,Kop/staart,"Kruispunt, 4 takken",Binnen,50.0,Niet brandend,Klinkers,Droog,Daglicht,Droog,Spiegelgracht,amsterdam,POINT (120913.81500000134 486110.4340999983),POINT (4.886795510991387 52.361826074930775),4.886795510991387,52.361826074930775
64772,20210045065,2021,Uitsluitend materiele schade,2,bestelauto,snorfiets,Flank,"Kruispunt, 3 takken",Binnen,50.0,Niet brandend,Overig asfalt,Droog,Daglicht,Droog,Wibautstraat,amsterdam,POINT (122963.8953000009 484758.3203999996),POINT (4.917019867368656 52.34979754553004),4.917019867368656,52.34979754553004
64823,20210065514,2021,Uitsluitend materiele schade,2,personenauto,fiets,Flank,"Kruispunt, 4 takken",Binnen,50.0,Niet brandend,Overig asfalt,Droog,Daglicht,Unknown,Jan Rebelstraat,amsterdam,POINT (113884.10399999842 486150.9210000001),POINT (4.783594562621035 52.36170873687493),4.783594562621035,52.36170873687493
64885,20210069660,2021,Letsel,1,bromfiets,unknown,Eenzijdig,Unknown,Unknown,30.0,Unknown,Unknown,Unknown,Duisternis,Unknown,De Rijpstraat,amsterdam,POINT (118988.17199999839 487833.83999999985),POINT (4.85834223703811 52.37719190071402),4.85834223703811,52.37719190071402
65368,20230004452,2023,Uitsluitend materiele schade,2,bestelauto,bromfiets,Onbekend,Unknown,Unknown,50.0,Unknown,Unknown,Unknown,Daglicht,Unknown,Molukkenstraat,amsterdam,POINT (124508.87900000066 486210.01199999824),POINT (4.939562873126265 52.36293233190786),4.939562873126265,52.36293233190786
65470,20220016389,2022,Uitsluitend materiele schade,2,fiets,fiets,Flank,Rechte weg,Binnen,50.0,Niet brandend,Klinkers,Nat,Daglicht,Regen,Stationsweg,amsterdam,POINT (131582.10500000045 480292.625500001),POINT (5.043814595514578 52.310096907353525),5.043814595514578,52.310096907353525
65554,20220080893,2022,Uitsluitend materiele schade,2,bestelauto,fiets,Frontaal,"Kruispunt, 4 takken",Binnen,50.0,Niet brandend,Overig asfalt,Droog,Daglicht,Droog,Keienbergweg,amsterdam,POINT (124238.15300000086 479944.29399999976),POINT (4.936160772631954 52.306604698517496),4.936160772631954,52.306604698517496
65579,20220055333,2022,Uitsluitend materiele schade,2,personenauto,bromfiets,Flank,Rechte weg,Binnen,50.0,Niet aanwezig,Overig asfalt,Droog,Daglicht,Droog,Burg Hogguerstraat,amsterdam,POINT (117084.41600000113 487338.4750000015),POINT (4.830441202137175 52.37261178428697),4.830441202137175,52.37261178428697
65620,20220055345,2022,Uitsluitend materiele schade,2,personenauto,snorfiets,Flank,"Kruispunt, 4 takken",Binnen,30.0,Niet brandend,Overig asfalt,Nat,Daglicht,Unknown,Tussen Meer,amsterdam,POINT (114599.40680000186 485614.0471000001),POINT (4.794159649077016 52.35693682314924),4.794159649077016,52.35693682314924
65653,20220055415,2022,Letsel,1,fiets,unknown,Eenzijdig,Rotonde,Binnen,50.0,Niet brandend,ZOAB,Nat,Daglicht,Regen,Mauritskade,amsterdam,POINT (123411.71689999849 486248.6097000018),POINT (4.9234522622704775 52.3632172259877),4.9234522622704775,52.3632172259877
65710,20220036089,2022,Uitsluitend materiele schade,2,bromfiets,personenauto,Onbekend,"Kruispunt, 4 takken",Binnen,50.0,Niet brandend,Overig asfalt,Droog,Daglicht,Droog,Johan Huizingalaan,amsterdam,POINT (116846.34299999848 485519.4160999991),POINT (4.827151843685751 52.356246996347956),4.827151843685751,52.356246996347956
65715,20220054237,2022,Uitsluitend materiele schade,1,bromfiets,unknown,Frontaal,Rechte weg,Binnen,50.0,Brandend,Overig asfalt,Droog,Duisternis,Droog,Stadhouderskade,amsterdam,POINT (120518.30299999937 486144.54100000113),POINT (4.880985840147014 52.36210791891622),4.880985840147014,52.36210791891622