,accident_id,accident_year,outcome,num_parties,party1_type,party2_type,accident_nature,road_situation,built_up_area,speed_limit_kmh,street_lighting,road_surface,road_condition,light_condition,weather_condition,street_name,municipality,shape,geometry,longitude,latitude
65721,20220055577,2022,Letsel,2,bromfiets,fiets,Flank,Rechte weg,Binnen,50.0,Brandend,Overig asfalt,Nat,Schemer,Regen,Scheldeplein,amsterdam,POINT (121199.96599999815 484158.6160000004),POINT (4.891192336453878 52.34430213448922),4.891192336453878,52.34430213448922
65762,20220081286,2022,Uitsluitend materiele schade,2,personenauto,bromfiets,Onbekend,Rechte weg,Binnen,50.0,Niet brandend,Overig asfalt,Droog,Daglicht,Droog,Schalk Burgerstraat,amsterdam,POINT (123235.23800000176 485097.8280000016),POINT (4.920970106340608 52.352864574257836),4.920970106340608,52.352864574257836
65822,20220055802,2022,Letsel,2,fiets,e-bike,Frontaal,"Kruispunt, 4 takken",Binnen,50.0,Niet brandend,Klinkers,Droog,Daglicht,Droog,Transvaalkade,amsterdam,POINT (123583.0177000016 485276.7727999985),POINT (4.9260578487600055 52.35449281067142),4.9260578487600055,52.35449281067142
65845,20220102293,2022,Letsel,2,fiets,personenauto,Flank,"Kruispunt, 4 takken",Binnen,50.0,Niet brandend,Klinkers,Droog,Daglicht,Droog,Gerard Doustraat,amsterdam,POINT (121155.9737999998 485397.81230000034),POINT (4.890422145991284 52.35543649253752),4.890422145991284,52.35543649253752
65948,20220103013,2022,Uitsluitend materiele schade,2,motor,fiets,Frontaal,"Kruispunt, 4 takken",Binnen,50.0,Niet brandend,Overig asfalt,Droog,Daglicht,Droog,Nassaukade,amsterdam,POINT (120108.51850000024 487020.8359000012),POINT (4.874879171849185 52.36995755264135),4.874879171849185,52.36995755264135
66356,20230004680,2023,Uitsluitend materiele schade,2,bestelauto,fiets,Flank,"Kruispunt, 4 takken",Binnen,30.0,Niet brandend,Klinkers,Droog,Daglicht,Droog,Burgemeester Röellstraat,amsterdam,POINT (116872.20160000026 487540.9070999995),POINT (4.827302162654373 52.37441639067602),4.827302162654373,52.37441639067602
66679,20210093644,2021,Letsel,2,personenauto,fiets,Flank,"Kruispunt, 3 takken",Binnen,50.0,Niet brandend,Beton,Nat,Daglicht,Droog,Willem Schermerhornstr,amsterdam,POINT (115234.17500000075 488440.76630000025),POINT (4.8031426091044676 52.38238739634391),4.8031426091044676,52.38238739634391
66988,20220176337,2022,Uitsluitend materiele schade,2,bestelauto,fiets,Flank,Rechte weg,Binnen,50.0,Niet brandend,Overig asfalt,Droog,Daglicht,Droog,Stadionweg,amsterdam,POINT (120031.04300000146 484440.02699999884),POINT (4.874009927604525 52.346758132873575),4.874009927604525,52.346758132873575
67002,20220123219,2022,Uitsluitend materiele schade,2,bromfiets,fiets,Flank,"Kruispunt, 4 takken",Binnen,50.0,Brandend,Overig asfalt,Droog,Duisternis,Droog,Weteringlaan,amsterdam,POINT (121185.9849999994 485686.30999999866),POINT (4.890833651413056 52.358031160813745),4.890833651413056,52.358031160813745
67116,20220178294,2022,Uitsluitend materiele schade,2,personenauto,fiets,Flank,"Kruispunt, 4 takken",Binnen,50.0,Niet brandend,Beton,Nat,Daglicht,Regen,Bilderdijkstraat,amsterdam,POINT (119812.01300000027 487130.80959999934),POINT (4.870514123435744 52.37092699775324),4.870514123435744,52.37092699775324
67160,20220123608,2022,Uitsluitend materiele schade,2,personenauto,fiets,Onbekend,Unknown,Unknown,30.0,Unknown,Unknown,Unknown,Daglicht,Unknown,Spuistraat,amsterdam,POINT (121054.69099999964 486941.30099999905),POINT (4.888779709610436 52.36930204797056),4.888779709610436,52.36930204797056
67250,20220155422,2022,Uitsluitend materiele schade,2,personenauto,fiets,Flank,Rechte weg,Binnen,50.0,Niet aanwezig,Overig asfalt,Droog,Daglicht,Droog,Rokin,amsterdam,POINT (121282.3200000003 486867.9970000014),POINT (4.892129256262454 52.36865726556306),4.892129256262454,52.36865726556306
67280,20220141388,2022,Uitsluitend materiele schade,2,snorfiets,personenauto,Onbekend,Unknown,Unknown,50.0,Unknown,Unknown,Unknown,Daglicht,Unknown,Haarlemmerweg,amsterdam,POINT (118254.5 488707),POINT (4.847472634497544 52.384990573917605),4.847472634497544,52.384990573917605
67304,20220124049,2022,Uitsluitend materiele schade,2,bromfiets,fiets,Flank,"Kruispunt, 4 takken",Binnen,50.0,Niet aanwezig,ZOAB,Droog,Daglicht,Droog,Weesperzijde,amsterdam,POINT (122285.63199999928 485521.87900000066),POINT (4.906991286489595 52.35661994682865),4.906991286489595,52.35661994682865
67329,20220124074,2022,Uitsluitend materiele schade,2,bromfiets,e-bike,Onbekend,"Kruispunt, 4 takken",Binnen,Unknown,Niet brandend,Unknown,Droog,Daglicht,Droog,Witte de Withstraat,amsterdam,POINT (119035.47610000148 487049.79140000045),POINT (4.859120808689121 52.37014856012723),4.859120808689121,52.37014856012723
67405,20220155696,2022,Uitsluitend materiele schade,2,personenauto,fiets,Onbekend,Unknown,Unknown,Unknown,Unknown,Unknown,Unknown,Daglicht,Unknown,Oudebrugsteeg,amsterdam,POINT (121661.5540000014 487599.6959999986),POINT (4.897624760147216 52.37525641350973),4.897624760147216,52.37525641350973
67406,20220155701,2022,Uitsluitend materiele schade,1,bromfiets,unknown,Eenzijdig,Rechte weg,Binnen,15.0,Niet brandend,Klinkers,Droog,Schemer,Droog,Wiborgeiland,amsterdam,POINT (120376.39799999818 489732.50400000066),POINT (4.87853292188769 52.3943449661206),4.87853292188769,52.3943449661206
67509,20230039644,2023,Uitsluitend materiele schade,2,bromfiets,personenauto,Kop/staart,"Kruispunt, 4 takken",Binnen,50.0,Niet brandend,Beton,Droog,Daglicht,Droog,Vijzelstraat,amsterdam,POINT (121288.50979999825 486316.9237000011),POINT (4.892275391659281 52.36370498343699),4.892275391659281,52.36370498343699
67603,20230050251,2023,Letsel,2,snorfiets,bestelauto,Flank,"Kruispunt, 3 takken",Binnen,50.0,Niet brandend,ZOAB,Droog,Daglicht,Droog,Basisweg,amsterdam,POINT (117019.25169999897 489507.6416000016),POINT (4.829239102000329 52.39210201204743),4.829239102000329,52.39210201204743
67634,20230059660,2023,Uitsluitend materiele schade,2,personenauto,fiets,Flank,"Kruispunt, 4 takken",Binnen,50.0,Niet brandend,Overig asfalt,Droog,Daglicht,Droog,Wijenburg,amsterdam,POINT (119886.41160000116 482807.3914999999),POINT (4.872057713645552 52.33207588117773),4.872057713645552,52.33207588117773
67650,20230049756,2023,Letsel,2,bromfiets,fiets,Frontaal,Rechte weg,Binnen,30.0,Niet aanwezig,Klinkers,Droog,Daglicht,Droog,Pieter Aertszstraat,amsterdam,POINT (121765.28299999982 485021.436999999),POINT (4.899402803744763 52.35209107813307),4.899402803744763,52.35209107813307
67684,20230040466,2023,Letsel,1,bromfiets,unknown,Eenzijdig,Rechte weg,Binnen,50.0,Brandend,Overig asfalt,Droog,Duisternis,Droog,Admiraal De Ruijterweg,amsterdam,POINT (118192.39699999988 488661.81799999997),POINT (4.846565432375951 52.38458035286413),4.846565432375951,52.38458035286413
67753,20230059862,2023,Letsel,1,fiets,unknown,Eenzijdig,Rechte weg,Binnen,50.0,Niet brandend,Overig asfalt,Droog,Daglicht,Droog,Marnixstraat,amsterdam,POINT (120529.14299999923 486397.2989999987),POINT (4.881119063696781 52.36438020993506),4.881119063696781,52.36438020993506
67816,20230048904,2023,Uitsluitend materiele schade,2,personenauto,fiets,Flank,"Kruispunt, 3 takken",Binnen,50.0,Niet aanwezig,Klinkers,Droog,Daglicht,Droog,Korte Prinsengracht,amsterdam,POINT (121113.73020000011 488283.90740000084),POINT (4.889511179878944 52.38137207660279),4.889511179878944,52.38137207660279
67886,20220210929,2022,Uitsluitend materiele schade,2,snorfiets,personenauto,Flank,"Kruispunt, 4 takken",Binnen,50.0,Niet brandend,Overig asfalt,Droog,Daglicht,Droog,Hoofdweg,amsterdam,POINT (118256.52569999918 487629.9081999995),POINT (4.847620185063566 52.37531064326198),4.847620185063566,52.37531064326198
67887,20220210932,2022,Letsel,2,motor,fiets,Flank,Rechte weg,Binnen,50.0,Niet brandend,Beton,Droog,Daglicht,Droog,Surinameplein,amsterdam,POINT (118500.40399999917 485668.7820000015),POINT (4.851414335004317 52.3577017689792),4.851414335004317,52.3577017689792
67888,20220211607,2022,Uitsluitend materiele schade,3,fiets,bromfiets,Onbekend,"Kruispunt, 4 takken",Binnen,50.0,Brandend,Overig asfalt,Nat,Duisternis,Regen,Willem de Zwijgerlaan,amsterdam,POINT (119276.68160000071 487617.6235000007),POINT (4.862602042522483 52.3752675560342),4.862602042522483,52.3752675560342
67982,20220212385,2022,Letsel,2,snorfiets,personenauto,Flank,"Kruispunt, 4 takken",Binnen,50.0,Niet brandend,Overig asfalt,Nat,Daglicht,Droog,FIETSPAD,amsterdam,POINT (124331.61459999904 485005.6581000015),POINT (4.937070326680163 52.352098496136065),4.937070326680163,52.352098496136065
68016,20220210292,2022,Uitsluitend materiele schade,2,bromfiets,personenauto,Onbekend,"Kruispunt, 4 takken",Binnen,Unknown,Brandend,Unknown,Droog,Duisternis,Droog,Zeeburgerdijk,amsterdam,POINT (124503.4375 486565.48270000145),POINT (4.939450749687961 52.36612677100302),4.939450749687961,52.36612677100302
68017,20220211076,2022,Uitsluitend materiele schade,2,personenauto,bromfiets,Onbekend,"Kruispunt, 4 takken",Binnen,50.0,Niet brandend,Klinkers,Droog,Daglicht,Droog,Buiksloterbreek,amsterdam,POINT (122256.10680000111 490533.7476999983),POINT (4.906069479703432 52.401661322369165),4.906069479703432,52.401661322369165
68080,20220211852,2022,Uitsluitend materiele schade,2,personenauto,bromfiets,Frontaal,"Kruispunt, 4 takken",Binnen,30.0,Brandend,ZOAB,Sneeuw/ijzel,Duisternis,Mist,Kerkstraat,amsterdam,POINT (121271.43510000035 486232.1684000008),POINT (4.892033222790585 52.362942213353975),4.892033222790585,52.362942213353975
68145,20220211272,2022,Letsel,2,fiets,personenauto,Flank,"Kruispunt, 4 takken",Binnen,50.0,Niet brandend,Overig asfalt,Nat,Daglicht,Unknown,Sloterweg,amsterdam,POINT (116504.3049999997 483949.63800000027),POINT (4.822310928330707 52.3421151477958),4.822310928330707,52.3421151477958
68289,20220211440,2022,Uitsluitend materiele schade,2,personenauto,fiets,Frontaal,Rotonde,Binnen,50.0,Niet brandend,Overig asfalt,Nat,Daglicht,Regen,Hoofddorpplein,amsterdam,POINT (118414.31500000134 484990.2659999989),POINT (4.850224448945632 52.35159803304186),4.850224448945632,52.35159803304186
68352,20220211483,2022,Uitsluitend materiele schade,2,personenauto,snorfiets,Flank,Rotonde,Binnen,Unknown,Brandend,Overig asfalt,Droog,Duisternis,Droog,OOSTOEVER NOORDZIJDE,amsterdam,POINT (117089.69289999828 487125.4210000001),POINT (4.830542716621068 52.37069738551568),4.830542716621068,52.37069738551568
68694,20230111125,2023,Uitsluitend materiele schade,2,personenauto,fiets,Flank,"Kruispunt, 4 takken",Binnen,30.0,Niet brandend,Klinkers,Nat,Daglicht,Droog,'s-Gravesandeplein,amsterdam,POINT (122844.68939999864 485763.2030000016),POINT (4.915174330457603 52.358821812758784),4.915174330457603,52.358821812758784
68695,20230111700,2023,Letsel,2,personenauto,bromfiets,Onbekend,"Kruispunt, 3 takken",Binnen,30.0,Unknown,Klinkers,Nat,Duisternis,Unknown,Kinkerstraat,amsterdam,POINT (119149.4979000017 486412.73959999904),POINT (4.8608629078865535 52.36443066262395),4.8608629078865535,52.36443066262395
68718,20230111870,2023,Uitsluitend materiele schade,2,personenauto,fiets,Geparkeerd voertuig,Rechte weg,Binnen,30.0,Brandend,Overig asfalt,Nat,Duisternis,Droog,Beemsterstraat,amsterdam,POINT (124974.51999999955 489276.23600000143),POINT (4.946124809528014 52.390515175059925),4.946124809528014,52.390515175059925
68771,20230067753,2023,Letsel,2,fiets,motor,Flank,"Kruispunt, 4 takken",Binnen,50.0,Brandend,Overig asfalt,Droog,Duisternis,Droog,Bijlmerdreef,amsterdam,POINT (126612.63929999992 481608.72300000116),POINT (4.970835441925317 52.321691340364765),4.970835441925317,52.321691340364765
68816,20230024326,2023,Letsel,2,fiets,fiets,Los voorwerp,"Kruispunt, 4 takken",Binnen,50.0,Niet aanwezig,Overig asfalt,Droog,Daglicht,Droog,Piet Heinkade,amsterdam,POINT (123295.44909999892 487719.89550000057),POINT (4.921606610702566 52.37643345375572),4.921606610702566,52.37643345375572
68840,20230020936,2023,Uitsluitend materiele schade,2,snorfiets,personenauto,Kop/staart,Rechte weg,Binnen,50.0,Niet brandend,Overig asfalt,Droog,Daglicht,Droog,Van Boshuizenstraat,amsterdam,POINT (120356.8590000011 481995.88899999857),POINT (4.879042770853065 52.32481246555879),4.879042770853065,52.32481246555879
68887,20230067677,2023,Uitsluitend materiele schade,2,bromfiets,overig vast object,Vast voorwerp,Rechte weg,Binnen,50.0,Brandend,ZOAB,Droog,Duisternis,Droog,Weteringschans,amsterdam,POINT (120914.3909999989 486054.6279999986),POINT (4.886809623000567 52.361324564275286),4.886809623000567,52.361324564275286
68911,20230036821,2023,Letsel,2,personenauto,bromfiets,Onbekend,Rechte weg,Binnen,50.0,Niet brandend,Klinkers,Nat,Daglicht,Droog,Cornelis Schuytstraat,amsterdam,POINT (119957.58900000155 485121.51999999955),POINT (4.8728610104140495 52.35287824259033),4.8728610104140495,52.35287824259033
68930,20230020464,2023,Letsel,2,personenauto,snorfiets,Flank,"Kruispunt, 4 takken",Binnen,50.0,Brandend,Overig asfalt,Nat,Duisternis,Droog,Tussen Meer,amsterdam,POINT (114599.40680000186 485614.0471000001),POINT (4.794159649077016 52.35693682314924),4.794159649077016,52.35693682314924
68987,20230023947,2023,Letsel,1,bromfiets,unknown,Eenzijdig,Rechte weg,Binnen,30.0,Niet brandend,Overig asfalt,Droog,Daglicht,Droog,J. Dunnebierstraat,amsterdam,POINT (116486.2349999994 487422.9360000007),POINT (4.821648072114001 52.373329223983376),4.821648072114001,52.373329223983376
69088,20230020674,2023,Uitsluitend materiele schade,2,e-bike,personenauto,Flank,"Kruispunt, 4 takken",Binnen,50.0,Niet brandend,Overig asfalt,Droog,Schemer,Droog,Molukkenstraat,amsterdam,POINT (124514.25930000097 486567.57360000163),POINT (4.939609442197178 52.36614616340264),4.939609442197178,52.36614616340264
69089,20230020677,2023,Uitsluitend materiele schade,2,snorfiets,personenauto,Flank,"Kruispunt, 4 takken",Binnen,50.0,Niet brandend,Overig asfalt,Droog,Daglicht,Droog,FIETSPAD,amsterdam,POINT (122594.57530000061 484484.95809999853),POINT (4.91162596843565 52.34731908660889),4.91162596843565,52.34731908660889
69146,20230023572,2023,Uitsluitend materiele schade,2,personenauto,fiets,Flank,"Kruispunt, 4 takken",Binnen,50.0,Niet brandend,Overig asfalt,Droog,Daglicht,Droog,Jan van Galenstraat,amsterdam,POINT (117653.15300000086 487369.1906000003),POINT (4.8387889137875435 52.37292680761561),4.8387889137875435,52.37292680761561
69188,20230077640,2023,Uitsluitend materiele schade,2,fiets,scootmobiel,Frontaal,Rechte weg,Binnen,50.0,Niet brandend,ZOAB,Droog,Daglicht,Droog,Jan Tooropstraat,amsterdam,POINT (131117.29899999872 480377.72100000083),POINT (5.036992983627786 52.31084172739218),5.036992983627786,52.31084172739218
69192,20230077972,2023,Uitsluitend materiele schade,3,vrachtauto,bromfiets,Onbekend,Rechte weg,Binnen,50.0,Brandend,Overig asfalt,Nat,Duisternis,Droog,Rijnstraat,amsterdam,POINT (122106.18699999899 484586.3429999985),POINT (4.904448771022686 52.348201252317864),4.904448771022686,52.348201252317864
69325,20230087082,2023,Uitsluitend materiele schade,2,bromfiets,fiets,Flank,"Kruispunt, 4 takken",Binnen,Unknown,Niet brandend,Unknown,Nat,Daglicht,Regen,Van Boshuizenstraat,amsterdam,POINT (119679 481977),POINT (4.869101992260821 52.32459958142004),4.869101992260821,52.32459958142004
69362,20230097656,2023,Uitsluitend materiele schade,2,fiets,personenauto,Flank,Rechte weg,Binnen,50.0,Niet aanwezig,Overig asfalt,Droog,Daglicht,Droog,Meer en Vaart,amsterdam,POINT (115508.07699999958 485892.5179999992),POINT (4.807464756848447 52.359505573409756),4.807464756848447,52.359505573409756
69496,20230087931,2023,Uitsluitend materiele schade,2,personenauto,bromfiets,Flank,"Kruispunt, 4 takken",Binnen,30.0,Niet brandend,Klinkers,Droog,Schemer,Droog,Prinsengracht,amsterdam,POINT (120771.44200000167 486478.4670000002),POINT (4.884667991560666 52.36512484339799),4.884667991560666,52.36512484339799
69524,20230097379,2023,Letsel,2,personenauto,fiets,Flank,Rechte weg,Binnen,70.0,Brandend,Overig asfalt,Nat,Schemer,Droog,Westpoortweg,amsterdam,POINT (115037.4990000017 490074.73900000006),POINT (4.8000596111063905 52.397057868413896),4.8000596111063905,52.397057868413896
69525,20230097978,2023,Letsel,2,fiets,fiets,Onbekend,"Kruispunt, 3 takken",Binnen,30.0,Brandend,Overig asfalt,Nat,Duisternis,Droog,Wibautstraat,amsterdam,POINT (122597.97179999948 485414.8781999983),POINT (4.9115862648239 52.35567680367733),4.9115862648239,52.35567680367733
69546,20230097988,2023,Letsel,2,personenauto,fiets,Flank,"Kruispunt, 4 takken",Binnen,50.0,Niet brandend,Overig asfalt,Nat,Daglicht,Droog,Haarlemmerweg,amsterdam,POINT (119576.72569999844 488728.93030000106),POINT (4.8668908881323025 52.38527458391931),4.8668908881323025,52.38527458391931
69581,20210087344,2021,Uitsluitend materiele schade,2,fiets,e-bike,Frontaal,Rechte weg,Binnen,30.0,Niet brandend,Overig asfalt,Droog,Daglicht,Droog,Valschermkade,amsterdam,POINT (118080.09800000116 483954.7320000008),POINT (4.845432849124722 52.34226904118996),4.845432849124722,52.34226904118996
69597,20210079164,2021,Letsel,2,bromfiets,fiets,Flank,Rechte weg,Binnen,50.0,Brandend,Overig asfalt,Nat,Schemer,Regen,Nieuwezijds Voorburgwal,amsterdam,POINT (121321.68400000036 487628.2809999995),POINT (4.892631036138207 52.37549257485705),4.892631036138207,52.37549257485705
69726,20210087398,2021,Letsel,2,bromfiets,voetganger,Voetganger,"Kruispunt, 3 takken",Binnen,50.0,Brandend,Overig asfalt,Nat,Schemer,Regen,Mozes en Aäronstraat,amsterdam,POINT (121184.87110000104 487419.87579999864),POINT (4.8906429509483065 52.373611169633655),4.8906429509483065,52.373611169633655
69727,20210087400,2021,Uitsluitend materiele schade,2,personenauto,snorfiets,Frontaal,"Kruispunt, 4 takken",Binnen,Unknown,Niet brandend,Klinkers,Droog,Daglicht,Droog,Alfred Döblinstraat,amsterdam,POINT (124658.7408999987 481335.8905000016),POINT (4.942202202040527 52.31913495492249),4.942202202040527,52.31913495492249
69861,20210024811,2021,Uitsluitend materiele schade,2,personenauto,bromfiets,Kop/staart,Rechte weg,Binnen,50.0,Brandend,Klinkers,Droog,Duisternis,Droog,Javastraat,amsterdam,POINT (124660.41560000181 486277.1405000016),POINT (4.9417814672542635 52.36354403032946),4.9417814672542635,52.36354403032946
69885,20210028752,2021,Uitsluitend materiele schade,2,bromfiets,personenauto,Kop/staart,Rechte weg,Binnen,50.0,Brandend,Overig asfalt,Droog,Schemer,Droog,Overtoom,amsterdam,POINT (119821.79600000009 486094.8020000011),POINT (4.870766166693942 52.361616736757576),4.870766166693942,52.361616736757576
69887,20210028966,2021,Uitsluitend materiele schade,3,personenauto,fiets,Flank,"Kruispunt, 4 takken",Binnen,Unknown,Niet brandend,Beton,Droog,Daglicht,Droog,Panamalaan,amsterdam,POINT (124128.89059999958 486649.7322999984),POINT (4.933944043477033 52.36686302775262),4.933944043477033,52.36686302775262
69978,20210033437,2021,Uitsluitend materiele schade,2,personenauto,fiets,Flank,"Kruispunt, 4 takken",Binnen,50.0,Niet brandend,Overig asfalt,Nat,Daglicht,Droog,Gelderlandplein,amsterdam,POINT (120392 482696.8770000003),POINT (4.879486203204481 52.33111470706803),4.879486203204481,52.33111470706803
70039,20210033046,2021,Uitsluitend materiele schade,2,bromfiets,bestelauto,Onbekend,Unknown,Unknown,50.0,Unknown,Unknown,Unknown,Daglicht,Unknown,Zeeburgerdijk,amsterdam,POINT (124115.5 486580.5),POINT (4.933753803468899 52.36624006039397),4.933753803468899,52.36624006039397
70056,20210025086,2021,Uitsluitend materiele schade,2,e-bike,fiets,Onbekend,"Kruispunt, 4 takken",Binnen,50.0,Niet aanwezig,Beton,Droog,Daglicht,Droog,Admiraal De Ruijterweg,amsterdam,POINT (118245.61659999937 488652.89290000126),POINT (4.847348077993196 52.3845037069841),4.847348077993196,52.3845037069841
70095,20210029546,2021,Uitsluitend materiele schade,1,fiets,unknown,Onbekend,Bocht,Binnen,15.0,Niet brandend,ZOAB,Droog,Daglicht,Droog,Frederiksplein,amsterdam,POINT (121813.96700000018 486025.9930000007),POINT (4.900018233244404 52.361122294627),4.900018233244404,52.361122294627
70291,20210060819,2021,Uitsluitend materiele schade,2,personenauto,bromfiets,Flank,"Kruispunt, 3 takken",Binnen,50.0,Brandend,ZOAB,Nat,Schemer,Droog,Tafelbergweg,amsterdam,POINT (125915.86549999937 477976.9305000007),POINT (4.960929009594575 52.289014272556265),4.960929009594575,52.289014272556265
70340,20210044779,2021,Uitsluitend materiele schade,2,fiets,fiets,Kop/staart,Rechte weg,Binnen,50.0,Niet brandend,Unknown,Droog,Daglicht,Droog,Mauritskade,amsterdam,POINT (122689.57499999925 486003.5020000003),POINT (4.9128742893211825 52.36097235959568),4.9128742893211825,52.36097235959568
70364,20210035483,2021,Uitsluitend materiele schade,2,personenauto,bromfiets,Frontaal,Bocht,Binnen,30.0,Niet brandend,Klinkers,Droog,Daglicht,Droog,Baarsjesweg,amsterdam,POINT (118995.86400000006 486301.6160000004),POINT (4.858619312580018 52.363421915891074),4.858619312580018,52.363421915891074
70378,20210050915,2021,Uitsluitend materiele schade,3,snorfiets,bestelauto,Onbekend,Unknown,Unknown,50.0,Unknown,Unknown,Unknown,Daglicht,Unknown,Apollolaan,amsterdam,POINT (120163.26999999955 484864.4360000007),POINT (4.875906443728978 52.350580828282595),4.875906443728978,52.350580828282595
70396,20210071187,2021,Uitsluitend materiele schade,2,personenauto,fiets,Onbekend,"Kruispunt, 3 takken",Binnen,50.0,Niet brandend,Unknown,Droog,Daglicht,Droog,Prins Hendrikkade,amsterdam,POINT (122710.16349999979 487112.6281000003),POINT (4.913070011303549 52.37094164666388),4.913070011303549,52.37094164666388
70449,20210057954,2021,Letsel,2,bestelauto,fiets,Los voorwerp,"Kruispunt, 4 takken",Binnen,50.0,Niet brandend,Overig asfalt,Nat,Daglicht,Unknown,Mauritskade,amsterdam,POINT (122394.72500000149 485902.6270000003),POINT (4.908555696796449 52.360048341315995),4.908555696796449,52.360048341315995
70551,20210040110,2021,Letsel,2,bromfiets,personenauto,Onbekend,Unknown,Unknown,50.0,Unknown,Unknown,Unknown,Daglicht,Unknown,Postjesweg,amsterdam,POINT (117735.20100000128 486385.8110000007),POINT (4.84010269447167 52.36409451611622),4.84010269447167,52.36409451611622
70556,20210045079,2021,Uitsluitend materiele schade,2,e-bike,e-bike,Frontaal,Rechte weg,Binnen,30.0,Niet brandend,Overig asfalt,Droog,Daglicht,Droog,Linnaeusstraat,amsterdam,POINT (123649.32800000161 485609.1009999998),POINT (4.927000167250927 52.357483350519466),4.927000167250927,52.357483350519466
70577,20210065491,2021,Uitsluitend materiele schade,2,personenauto,fiets,Frontaal,"Kruispunt, 4 takken",Binnen,50.0,Niet brandend,Overig asfalt,Droog,Daglicht,Unknown,Jozef Israëlskade,amsterdam,POINT (121211.10289999843 484617.87409999967),POINT (4.8913096568915595 52.348430326427284),4.8913096568915595,52.348430326427284
70602,20210065525,2021,Letsel,2,fiets,fiets,Onbekend,Rotonde,Binnen,50.0,Niet brandend,Overig asfalt,Nat,Daglicht,Unknown,Postjesweg,amsterdam,POINT (118021.87750000134 486395.41479999945),POINT (4.844310285568831 52.36420020264365),4.844310285568831,52.36420020264365
70652,20210058762,2021,Letsel,2,fiets,e-bike,Onbekend,Rechte weg,Binnen,50.0,Niet brandend,Unknown,Droog,Daglicht,Unknown,Jan Tooropstraat,amsterdam,POINT (117499.62799999863 486376.1330000013),POINT (4.836645371233007 52.36399150458975),4.836645371233007,52.36399150458975
70693,20210065612,2021,Letsel,2,personenauto,fiets,Flank,"Kruispunt, 4 takken",Binnen,50.0,Niet brandend,Klinkers,Nat,Daglicht,Unknown,Van Baerlestraat,amsterdam,POINT (120536.83799999952 485278.3524999991),POINT (4.881346688384406 52.354324382633216),4.881346688384406,52.354324382633216
71287,20220080546,2022,Uitsluitend materiele schade,1,bromfiets,unknown,Onbekend,Unknown,Unknown,Unknown,Unknown,Unknown,Unknown,Duisternis,Unknown,Wibautstraat,amsterdam,POINT (122541.01099999994 485490.41800000146),POINT (4.910742896172171 52.35635234335688),4.910742896172171,52.35635234335688
71288,20220081391,2022,Uitsluitend materiele schade,2,personenauto,fiets,Kop/staart,Rechte weg,Binnen,30.0,Niet brandend,Klinkers,Droog,Daglicht,Droog,Nieuwe Doelenstraat,amsterdam,POINT (121438.57999999821 486773.0769999996),POINT (4.894433008583255 52.36781376210308),4.894433008583255,52.36781376210308
71302,20220016448,2022,Uitsluitend materiele schade,2,fiets,personenauto,Flank,"Kruispunt, 4 takken",Binnen,50.0,Brandend,Beton,Droog,Duisternis,Unknown,Schinkelhavenstraat,amsterdam,POINT (118766.8740000017 485347.8289999999),POINT (4.855360347144712 52.35483491467672),4.855360347144712,52.35483491467672
71348,20220081469,2022,Letsel,2,personenauto,bromfiets,Flank,Rechte weg,Binnen,50.0,Niet brandend,ZOAB,Droog,Daglicht,Droog,President Allendelaan,amsterdam,POINT (115413.6035999991 486678.00659999996),POINT (4.8059854877314745 52.36655812001761),4.8059854877314745,52.36655812001761
71504,20220036084,2022,Uitsluitend materiele schade,2,bromfiets,bromfiets,Frontaal,"Kruispunt, 4 takken",Binnen,Unknown,Niet brandend,ZOAB,Droog,Daglicht,Droog,Gustav Mahlerlaan,amsterdam,POINT (120234.97700000182 483320.4891999997),POINT (4.877118304450581 52.336709417326986),4.877118304450581,52.336709417326986
71546,20220055588,2022,Letsel,2,fiets,voetganger,Voetganger,Unknown,Unknown,50.0,Unknown,Unknown,Unknown,Daglicht,Unknown,Prins Hendrikkade,amsterdam,POINT (122166.44099999964 487482.3269999996),POINT (4.90505030679101 52.374232004806984),4.90505030679101,52.374232004806984
71597,20220081338,2022,Uitsluitend materiele schade,2,personenauto,bromfiets,Kop/staart,Rechte weg,Binnen,30.0,Unknown,Klinkers,Droog,Daglicht,Droog,Linnaeusstraat,amsterdam,POINT (123649.32800000161 485609.1009999998),POINT (4.927000167250927 52.357483350519466),4.927000167250927,52.357483350519466
71649,20220102101,2022,Uitsluitend materiele schade,1,snorfiets,unknown,Onbekend,Rechte weg,Binnen,50.0,Niet brandend,Overig asfalt,Droog,Daglicht,Droog,Amstellandlaan,amsterdam,POINT (130868.39600000158 480311.1090000011),POINT (5.033347953235106 52.310232189336396),5.033347953235106,52.310232189336396
71682,20220102221,2022,Uitsluitend materiele schade,2,fiets,personenauto,Frontaal,"Kruispunt, 3 takken",Binnen,30.0,Niet brandend,Klinkers,Droog,Daglicht,Unknown,Den Burgstraat,amsterdam,POINT (126035.6678000018 489628.4008000009),POINT (4.961682460141365 52.39373721692484),4.961682460141365,52.39373721692484