,accident_id,accident_year,outcome,num_parties,party1_type,party2_type,accident_nature,road_situation,built_up_area,speed_limit_kmh,street_lighting,road_surface,road_condition,light_condition,weather_condition,street_name,municipality,shape,geometry,longitude,latitude
71748,20220102429,2022,Uitsluitend materiele schade,2,snorfiets,fiets,Onbekend,Rechte weg,Binnen,30.0,Niet brandend,Klinkers,Droog,Daglicht,Droog,Burgemeester Fockstraat,amsterdam,POINT (117184.0549999997 488021.2259999998),POINT (4.831827431035971 52.378754684383026),4.831827431035971,52.378754684383026
71792,20220103068,2022,Uitsluitend materiele schade,2,personenauto,fiets,Flank,Rechte weg,Binnen,50.0,Brandend,Klinkers,Nat,Duisternis,Regen,Kloveniersburgwal,amsterdam,POINT (121630.68800000101 486913.31799999997),POINT (4.897239647694738 52.36908585609797),4.897239647694738,52.36908585609797
72277,20230078788,2023,Letsel,2,personenauto,bromfiets,Onbekend,Unknown,Unknown,30.0,Unknown,Unknown,Unknown,Daglicht,Unknown,Diepenbeekplantsoen,amsterdam,POINT (116265.11199999973 484759.20699999854),POINT (4.818707955816616 52.34937414262886),4.818707955816616,52.34937414262886
72456,20210037055,2021,Letsel,2,vrachtauto,fiets,Flank,"Kruispunt, 4 takken",Binnen,50.0,Niet brandend,Klinkers,Droog,Daglicht,Droog,Rokin,amsterdam,POINT (121351 487315),POINT (4.893092898691044 52.37267882544752),4.893092898691044,52.37267882544752
72700,20230004322,2023,Uitsluitend materiele schade,2,snorfiets,personenauto,Kop/staart,"Kruispunt, 4 takken",Binnen,50.0,Brandend,Beton,Droog,Duisternis,Droog,Amstelveenseweg,amsterdam,POINT (118856.35799999908 484982.3660000004),POINT (4.856713035776248 52.35155628866749),4.856713035776248,52.35155628866749
72776,20210034478,2021,Letsel,2,fiets,fiets,Dier,Rechte weg,Binnen,50.0,Niet brandend,Klinkers,Droog,Daglicht,Droog,Volendammerweg,amsterdam,POINT (125690.33810000122 489437.13500000164),POINT (4.956625971162431 52.39199991692211),4.956625971162431,52.39199991692211
72780,20210092815,2021,Letsel,2,bromfiets,voetganger,Voetganger,Rechte weg,Binnen,50.0,Brandend,Overig asfalt,Nat,Daglicht,Droog,Amstelveenseweg,amsterdam,POINT (118780.7490000017 485293.9149999991),POINT (4.855569805910044 52.354351289272685),4.855569805910044,52.354351289272685
72785,20220155725,2022,Letsel,3,personenauto,e-bike,Onbekend,Rotonde,Binnen,50.0,Niet brandend,ZOAB,Droog,Daglicht,Droog,OOSTOEVER NOORDZIJDE,amsterdam,POINT (117108.2137000002 487083.82840000093),POINT (4.830819345915313 52.370324861832586),4.830819345915313,52.370324861832586
72795,20220176765,2022,Uitsluitend materiele schade,2,bestelauto,fiets,Flank,Rotonde,Binnen,50.0,Niet brandend,Overig asfalt,Droog,Daglicht,Droog,Hoofdweg,amsterdam,POINT (118617.46869999915 485933.96460000053),POINT (4.853104010262852 52.36009280188497),4.853104010262852,52.36009280188497
72796,20220176941,2022,Uitsluitend materiele schade,2,motor,snorfiets,Frontaal,"Kruispunt, 3 takken",Binnen,50.0,Niet brandend,Klinkers,Droog,Daglicht,Droog,Haarlemmer Houttuinen,amsterdam,POINT (121150 488350),POINT (4.890037201659656 52.38196830621541),4.890037201659656,52.38196830621541
72832,20220123220,2022,Letsel,2,bestelauto,fiets,Kop/staart,Rechte weg,Binnen,50.0,Brandend,Overig asfalt,Droog,Schemer,Droog,Nieuwezijds Voorburgwal,amsterdam,POINT (121340.76399999857 487648.80900000036),POINT (4.892909163951795 52.37567823577364),4.892909163951795,52.37567823577364
73074,20220123793,2022,Uitsluitend materiele schade,2,personenauto,fiets,Flank,Rotonde,Binnen,50.0,Niet brandend,ZOAB,Droog,Daglicht,Droog,Louis Davidsstraat,amsterdam,POINT (115748.15689999983 484944.3403000012),POINT (4.811099583810822 52.35100129444253),4.811099583810822,52.35100129444253
73075,20220123800,2022,Letsel,2,personenauto,fiets,Flank,"Kruispunt, 3 takken",Binnen,50.0,Brandend,Klinkers,Droog,Schemer,Droog,Mozes en Aäronstraat,amsterdam,POINT (121194.77439999953 487420.14510000125),POINT (4.890788344547464 52.37361419966423),4.890788344547464,52.37361419966423
73085,20220142568,2022,Letsel,2,bromfiets,personenauto,Onbekend,"Kruispunt, 4 takken",Binnen,50.0,Brandend,Overig asfalt,Droog,Duisternis,Droog,2e C Huygensstr,amsterdam,POINT (120050.03610000014 486072.95340000093),POINT (4.874119016025634 52.36143494623855),4.874119016025634,52.36143494623855
73086,20220142584,2022,Uitsluitend materiele schade,1,fiets,unknown,Voetganger,Rechte weg,Binnen,30.0,Niet brandend,Beton,Droog,Daglicht,Droog,Damstraat,amsterdam,POINT (121495.88899999857 487245.5799999982),POINT (4.895227334216948 52.37206378653994),4.895227334216948,52.37206378653994
73188,20220141465,2022,Letsel,2,personenauto,e-bike,Eenzijdig,"Kruispunt, 4 takken",Binnen,50.0,Niet brandend,Overig asfalt,Droog,Daglicht,Droog,Platanenweg,amsterdam,POINT (122677.32149999961 485189.04509999976),POINT (4.912772670235638 52.35365183763601),4.912772670235638,52.35365183763601
73216,20220124081,2022,Uitsluitend materiele schade,1,fiets,unknown,Onbekend,Rechte weg,Binnen,50.0,Niet aanwezig,Beton,Droog,Daglicht,Droog,Naritaweg,amsterdam,POINT (116614.99599999934 489041.8500000015),POINT (4.82335380663869 52.38788773488496),4.82335380663869,52.38788773488496
73273,20220124171,2022,Letsel,2,personenauto,fiets,Onbekend,Rotonde,Binnen,50.0,Niet brandend,Overig asfalt,Droog,Daglicht,Droog,Burg Van de Pollstraat,amsterdam,POINT (117131.49709999934 487142.56599999964),POINT (4.831154595465075 52.37085435575566),4.831154595465075,52.37085435575566
73283,20220155715,2022,Uitsluitend materiele schade,2,bromfiets,e-bike,Flank,Rechte weg,Binnen,30.0,Niet brandend,Overig asfalt,Droog,Daglicht,Droog,Wibautstraat,amsterdam,POINT (122677.67300000042 485122.1490000002),POINT (4.912784256042396 52.3530506398346),4.912784256042396,52.3530506398346
73359,20230049533,2023,Letsel,2,bromfiets,fiets,Flank,"Kruispunt, 3 takken",Binnen,50.0,Niet brandend,Overig asfalt,Droog,Daglicht,Droog,De Clercqstraat,amsterdam,POINT (119525.63980000094 487029.2404999994),POINT (4.866319987455948 52.36999574510904),4.866319987455948,52.36999574510904
73404,20230059979,2023,Letsel,3,personenauto,fiets,Onbekend,Rechte weg,Buiten,30.0,Niet brandend,Klinkers,Droog,Daglicht,Droog,Leimuidenstraat,amsterdam,POINT (118431.3200000003 484823.6020000018),POINT (4.850492139413826 52.3501013087367),4.850492139413826,52.3501013087367
73423,20230059548,2023,Uitsluitend materiele schade,2,bromfiets,bromfiets,Flank,"Kruispunt, 3 takken",Binnen,50.0,Niet brandend,Overig asfalt,Droog,Daglicht,Droog,Haarlemmerweg,amsterdam,POINT (119316.59699999914 488723.0903999992),POINT (4.863070770316578 52.385205251296256),4.863070770316578,52.385205251296256
73497,20230039267,2023,Uitsluitend materiele schade,2,fiets,fiets,Flank,Rechte weg,Binnen,50.0,Niet brandend,Overig asfalt,Droog,Daglicht,Droog,Overtoom,amsterdam,POINT (118981.67399999872 485768.94900000095),POINT (4.8584680436223815 52.35863376198994),4.8584680436223815,52.35863376198994
73509,20230059308,2023,Uitsluitend materiele schade,2,personenauto,fiets,Flank,"Kruispunt, 4 takken",Binnen,50.0,Niet brandend,Overig asfalt,Droog,Daglicht,Droog,Weissenbruchstraat,amsterdam,POINT (118425.29270000011 485194.3348999992),POINT (4.850363381469836 52.35343278791098),4.850363381469836,52.35343278791098
73528,20230050364,2023,Letsel,2,personenauto,fiets,Flank,"Kruispunt, 4 takken",Binnen,50.0,Niet brandend,Overig asfalt,Droog,Daglicht,Droog,Uiterwaardenstraat,amsterdam,POINT (122244.60379999876 483984.9415999986),POINT (4.906538658773734 52.342804512465065),4.906538658773734,52.342804512465065
73561,20230066376,2023,Uitsluitend materiele schade,2,personenauto,fiets,Flank,"Kruispunt, 4 takken",Binnen,50.0,Niet brandend,Overig asfalt,Droog,Daglicht,Droog,Panamalaan,amsterdam,POINT (124119 486578),POINT (4.933805419022737 52.36621778882073),4.933805419022737,52.36621778882073
73592,20230050468,2023,Letsel,2,bromfiets,fiets,Flank,"Kruispunt, 4 takken",Binnen,50.0,Brandend,Overig asfalt,Droog,Schemer,Droog,FIETSPAD,amsterdam,POINT (124869.11529999971 485670.10080000013),POINT (4.944899734210042 52.35809982940436),4.944899734210042,52.35809982940436
73956,20220211909,2022,Letsel,1,fiets,unknown,Eenzijdig,Unknown,Unknown,50.0,Unknown,Unknown,Unknown,Schemer,Unknown,Jan Evertsenstraat,amsterdam,POINT (118808.51799999923 487145.9699999988),POINT (4.855778060934928 52.37099803137127),4.855778060934928,52.37099803137127
73980,20220210528,2022,Letsel,2,snorfiets,voetganger,Voetganger,Rechte weg,Binnen,50.0,Niet brandend,Klinkers,Droog,Daglicht,Droog,Ruys de Beerenbrouckstr,amsterdam,POINT (115379.60099999979 488447.8220000006),POINT (4.805277619827098 52.38246132226787),4.805277619827098,52.38246132226787
74138,20220212121,2022,Uitsluitend materiele schade,2,personenauto,fiets,Flank,Rechte weg,Binnen,50.0,Brandend,Overig asfalt,Droog,Schemer,Droog,Jan Luijkenstraat,amsterdam,POINT (120736.87099999934 485970.91699999943),POINT (4.884212160591154 52.36056118432939),4.884212160591154,52.36056118432939
74516,20230111732,2023,Letsel,2,fiets,personenauto,Flank,"Kruispunt, 3 takken",Binnen,50.0,Niet brandend,Overig asfalt,Droog,Daglicht,Droog,Admiraal De Ruijterweg,amsterdam,POINT (118516.24100000039 488430.65300000086),POINT (4.851347037987908 52.38252444042549),4.851347037987908,52.38252444042549
74531,20230111932,2023,Uitsluitend materiele schade,2,fiets,vrachtauto,Flank,"Kruispunt, 4 takken",Binnen,30.0,Niet brandend,Overig asfalt,Nat,Daglicht,Regen,Nassauplein,amsterdam,POINT (120589.15289999917 488687.0965999998),POINT (4.881765611107521 52.384963013084764),4.881765611107521,52.384963013084764
74540,20230112025,2023,Uitsluitend materiele schade,2,bromfiets,personenauto,Flank,"Kruispunt, 4 takken",Binnen,30.0,Niet brandend,Overig asfalt,Droog,Daglicht,Droog,Beukenweg,amsterdam,POINT (122997 485674),POINT (4.917418617593776 52.358029008579194),4.917418617593776,52.358029008579194
74616,20230020338,2023,Uitsluitend materiele schade,2,bromfiets,personenauto,Flank,"Kruispunt, 4 takken",Binnen,50.0,Brandend,ZOAB,Droog,Schemer,Droog,Donauweg,amsterdam,POINT (117232.82699999958 489691.0080000013),POINT (4.832355913019758 52.39376469840235),4.832355913019758,52.39376469840235
74655,20230024365,2023,Uitsluitend materiele schade,1,bromfiets,unknown,Onbekend,Rechte weg,Binnen,50.0,Niet brandend,Overig asfalt,Nat,Daglicht,Regen,De Lairessestraat,amsterdam,POINT (119845.0709999986 485187.0249999985),POINT (4.871202720439713 52.35345976820632),4.871202720439713,52.35345976820632
74675,20230020400,2023,Letsel,2,snorfiets,voetganger,Voetganger,"Kruispunt, 4 takken",Binnen,50.0,Brandend,Overig asfalt,Nat,Schemer,Regen,Pieter Calandlaan,amsterdam,POINT (114277.85310000181 484825.19299999997),POINT (4.789535259324848 52.34982349216408),4.789535259324848,52.34982349216408
74691,20230076989,2023,Uitsluitend materiele schade,2,snorfiets,bestelauto,Flank,"Kruispunt, 3 takken",Binnen,50.0,Niet aanwezig,Overig asfalt,Droog,Daglicht,Droog,Wolbrantskerkweg,amsterdam,POINT (114935.62029999867 485252.6816000007),POINT (4.79913775137813 52.35371377819516),4.79913775137813,52.35371377819516
74698,20230020437,2023,Uitsluitend materiele schade,2,fiets,personenauto,Flank,"Kruispunt, 4 takken",Binnen,50.0,Niet brandend,Overig asfalt,Nat,Daglicht,Droog,Jan Tooropstraat,amsterdam,POINT (117486.56469999999 486582.66039999947),POINT (4.836430549478159 52.365846723702504),4.836430549478159,52.365846723702504
74724,20230077356,2023,Letsel,2,fiets,voetganger,Voetganger,Rechte weg,Binnen,30.0,Niet brandend,Klinkers,Droog,Daglicht,Droog,Warmoesstraat,amsterdam,POINT (121583.96200000122 487481.12099999934),POINT (4.896497141272079 52.37418602904772),4.896497141272079,52.37418602904772
74782,20230020551,2023,Uitsluitend materiele schade,2,fiets,fiets,Flank,"Kruispunt, 4 takken",Binnen,30.0,Niet brandend,Klinkers,Droog,Daglicht,Droog,Vrijheidslaan,amsterdam,POINT (122362.98699999973 484442.1196000017),POINT (4.908231473023119 52.34692037705785),4.908231473023119,52.34692037705785
74788,20230023336,2023,Uitsluitend materiele schade,2,fiets,fiets,Flank,Rechte weg,Binnen,50.0,Niet brandend,Overig asfalt,Droog,Daglicht,Droog,Beethovenstraat,amsterdam,POINT (120316.91200000048 484805.04100000113),POINT (4.878167479908081 52.350056745879044),4.878167479908081,52.350056745879044
74789,20230023959,2023,Uitsluitend materiele schade,2,personenauto,bromfiets,Flank,"Kruispunt, 4 takken",Binnen,50.0,Brandend,Klinkers,Droog,Schemer,Droog,Binnen Brouwersstraat,amsterdam,POINT (121165.81969999894 488103.1972000003),POINT (4.890294397945421 52.379751197289416),4.890294397945421,52.379751197289416
74810,20230078777,2023,Uitsluitend materiele schade,3,personenauto,fiets,Onbekend,Rechte weg,Binnen,30.0,Brandend,Klinkers,Droog,Duisternis,Droog,Termini,amsterdam,POINT (123985.6649999991 490584.69200000167),POINT (4.931477905873735 52.40221966133159),4.931477905873735,52.40221966133159
74865,20230078372,2023,Uitsluitend materiele schade,2,snorfiets,personenauto,Flank,Rechte weg,Binnen,50.0,Niet aanwezig,Overig asfalt,Droog,Daglicht,Droog,Jonas Daniël Meijerplein,amsterdam,POINT (122112.5390000008 486685.56599999964),POINT (4.904336747022143 52.36706804360523),4.904336747022143,52.36706804360523
74924,20230036559,2023,Uitsluitend materiele schade,2,personenauto,fiets,Flank,Rechte weg,Binnen,30.0,Niet brandend,Klinkers,Droog,Daglicht,Droog,Paltrok,amsterdam,POINT (120980.67500000075 492576.0520000011),POINT (4.887121981171824 52.41993835115861),4.887121981171824,52.41993835115861
75049,20230020260,2023,Uitsluitend materiele schade,3,personenauto,fiets,Onbekend,"Kruispunt, 4 takken",Binnen,50.0,Brandend,ZOAB,Droog,Duisternis,Droog,Aletta Jacobslaan,amsterdam,POINT (117218.72659999877 484481.8467999995),POINT (4.832734274479098 52.346947827761994),4.832734274479098,52.346947827761994
75288,20230102850,2023,Uitsluitend materiele schade,2,bestelauto,fiets,Flank,Rechte weg,Binnen,50.0,Brandend,Overig asfalt,Nat,Duisternis,Sneeuw/Hagel,Meeuwenlaan,amsterdam,POINT (123533.66600000113 489102.97100000083),POINT (4.924975291544342 52.388877280346215),4.924975291544342,52.388877280346215
75296,20230086737,2023,Uitsluitend materiele schade,1,bromfiets,unknown,Onbekend,Rechte weg,Binnen,Unknown,Niet brandend,ZOAB,Droog,Daglicht,Droog,Piet Heinkade,amsterdam,POINT (123007.36300000176 487766.6229999997),POINT (4.917371604479668 52.376836698636424),4.917371604479668,52.376836698636424
75380,20230087491,2023,Uitsluitend materiele schade,2,personenauto,fiets,Flank,Rechte weg,Binnen,30.0,Niet brandend,Klinkers,Droog,Daglicht,Droog,Nieuwezijds Voorburgwal,amsterdam,POINT (121371.95499999821 487709.17500000075),POINT (4.893361155319228 52.37622267334553),4.893361155319228,52.37622267334553
75478,20210074707,2021,Letsel,3,e-bike,fiets,Frontaal,Rechte weg,Binnen,50.0,Niet brandend,Klinkers,Droog,Daglicht,Droog,Amsteldijk,amsterdam,POINT (121580.74100000039 482397.7650000006),POINT (4.896954724703837 52.328500017571194),4.896954724703837,52.328500017571194
75534,20210080028,2021,Uitsluitend materiele schade,2,personenauto,fiets,Frontaal,"Kruispunt, 4 takken",Binnen,50.0,Niet brandend,Overig asfalt,Droog,Daglicht,Droog,Hendrik Jacobszstraat,amsterdam,POINT (119143.3702000007 484892.7831999995),POINT (4.860934976385988 52.35076998625011),4.860934976385988,52.35076998625011
75540,20210085168,2021,Letsel,2,fiets,vrachtauto,Frontaal,Rechte weg,Binnen,30.0,Niet brandend,Klinkers,Nat,Daglicht,Droog,Gerrit van der Veenstr,amsterdam,POINT (120340.3740000017 484676.51300000027),POINT (4.87852505211241 52.348903104403526),4.87852505211241,52.348903104403526
75550,20210087205,2021,Letsel,2,bromfiets,fiets,Flank,"Kruispunt, 3 takken",Binnen,30.0,Niet brandend,Overig asfalt,Droog,Daglicht,Droog,IJburglaan,amsterdam,POINT (126290.1649999991 487111.56599999964),POINT (4.965636324151632 52.37113092138675),4.965636324151632,52.37113092138675
75551,20210087207,2021,Letsel,3,e-bike,voetganger,Voetganger,Rechte weg,Binnen,50.0,Niet brandend,Unknown,Droog,Daglicht,Droog,Apollolaan,amsterdam,POINT (120265.66699999943 484901.4439999983),POINT (4.877405444546913 52.350919913021535),4.877405444546913,52.350919913021535
75552,20210087302,2021,Uitsluitend materiele schade,3,bromfiets,fiets,Onbekend,Rechte weg,Binnen,50.0,Brandend,Overig asfalt,Droog,Duisternis,Droog,Piet Heinkade,amsterdam,POINT (123007.36300000176 487766.6229999997),POINT (4.917371604479668 52.376836698636424),4.917371604479668,52.376836698636424
75571,20210087401,2021,Uitsluitend materiele schade,2,personenauto,fiets,Frontaal,"Kruispunt, 3 takken",Binnen,50.0,Niet brandend,Klinkers,Droog,Daglicht,Droog,Westzaanstraat,amsterdam,POINT (120523.0011 488994.8828999996),POINT (4.880762391669582 52.3877250154224),4.880762391669582,52.3877250154224
75585,20210088324,2021,Letsel,4,personenauto,fiets,Onbekend,Rechte weg,Binnen,50.0,Brandend,Overig asfalt,Droog,Duisternis,Droog,Van Baerlestraat,amsterdam,POINT (120471.14999999851 485435.1799999997),POINT (4.880366445603593 52.35572971559504),4.880366445603593,52.35572971559504
75630,20210018315,2021,Uitsluitend materiele schade,2,personenauto,fiets,Voetganger,Rechte weg,Binnen,30.0,Niet brandend,Beton,Droog,Daglicht,Droog,Westerstraat,amsterdam,POINT (120486.36400000006 487888.94200000167),POINT (4.88033786526293 52.37778333651051),4.88033786526293,52.37778333651051
75659,20210027412,2021,Uitsluitend materiele schade,2,personenauto,bromfiets,Kop/staart,Rechte weg,Binnen,50.0,Niet brandend,Overig asfalt,Droog,Daglicht,Droog,Nieuwezijds Voorburgwal,amsterdam,POINT (121422.3440000005 487735.7950000018),POINT (4.894098454578394 52.376464998578),4.894098454578394,52.376464998578
75667,20210006045,2021,Uitsluitend materiele schade,2,bromfiets,overig vast object,Vast voorwerp,Rechte weg,Binnen,30.0,Niet brandend,Overig asfalt,Droog,Daglicht,Droog,Pieter Calandlaan,amsterdam,POINT (114949.95600000024 485045.65900000185),POINT (4.799372805102581 52.35185426694417),4.799372805102581,52.35185426694417
75918,20210006406,2021,Uitsluitend materiele schade,2,personenauto,fiets,Flank,Rechte weg,Binnen,50.0,Brandend,Overig asfalt,Nat,Duisternis,Droog,De Boelelaan,amsterdam,POINT (119878.6090000011 483132),POINT (4.871909395634597 52.33499274897419),4.871909395634597,52.33499274897419
76042,20210074218,2021,Uitsluitend materiele schade,2,bromfiets,personenauto,Flank,Rechte weg,Binnen,50.0,Brandend,Overig asfalt,Droog,Duisternis,Droog,Stadhouderskade,amsterdam,POINT (121734.39799999818 485642.9299999997),POINT (4.8988880516220314 52.35767477164537),4.8988880516220314,52.35767477164537
76083,20210053176,2021,Letsel,1,fiets,unknown,Eenzijdig,Rechte weg,Binnen,30.0,Brandend,ZOAB,Droog,Duisternis,Droog,Plesmanlaan,amsterdam,POINT (115510.44099999964 484843.52600000054),POINT (4.807622597478745 52.35007822020736),4.807622597478745,52.35007822020736
76095,20210065662,2021,Uitsluitend materiele schade,2,snorfiets,fiets,Onbekend,"Kruispunt, 4 takken",Binnen,50.0,Niet brandend,Overig asfalt,Nat,Daglicht,Regen,Bloemgracht,amsterdam,POINT (120206.20100000128 487469.3680000007),POINT (4.8762669961352305 52.37399483073155),4.8762669961352305,52.37399483073155
76106,20210045963,2021,Letsel,3,fiets,e-bike,Onbekend,Rechte weg,Binnen,50.0,Niet brandend,Overig asfalt,Droog,Daglicht,Droog,Molukkenstraat,amsterdam,POINT (124541.13599999994 485971.9050000012),POINT (4.940057990722529 52.36079416817566),4.940057990722529,52.36079416817566
76175,20210055036,2021,Uitsluitend materiele schade,2,personenauto,bromfiets,Onbekend,Rechte weg,Binnen,50.0,Brandend,Overig asfalt,Droog,Duisternis,Droog,TORONTOBRUG 0350,amsterdam,POINT (122075.32770000026 485756.7972000018),POINT (4.90388134824263 52.358718671346416),4.90388134824263,52.358718671346416
76205,20210056986,2021,Uitsluitend materiele schade,2,bestelauto,fiets,Los voorwerp,Rechte weg,Binnen,50.0,Niet brandend,Overig asfalt,Nat,Daglicht,Droog,Gyroscoopweg,amsterdam,POINT (117762.80700000003 490272.8440000005),POINT (4.84007711706196 52.39902998364813),4.84007711706196,52.39902998364813
76312,20210062128,2021,Uitsluitend materiele schade,2,fiets,bromfiets,Flank,Rechte weg,Binnen,50.0,Niet brandend,Unknown,Nat,Daglicht,Droog,Admiraal De Ruijterweg,amsterdam,POINT (119204.39600000158 487156.8819999993),POINT (4.8615896320530565 52.37112204743675),4.8615896320530565,52.37112204743675
76357,20210051690,2021,Uitsluitend materiele schade,2,bromfiets,fiets,Flank,"Kruispunt, 3 takken",Binnen,30.0,Niet brandend,Overig asfalt,Droog,Daglicht,Droog,Admiraal De Ruijterweg,amsterdam,POINT (119053.6959999986 487289.5870000012),POINT (4.859362684353805 52.37230485729369),4.859362684353805,52.37230485729369
76419,20210054185,2021,Letsel,2,bromfiets,personenauto,Flank,"Kruispunt, 4 takken",Binnen,30.0,Niet brandend,Overig asfalt,Droog,Daglicht,Droog,Tefelenstraat,amsterdam,POINT (126599.45710000023 478471.9695999995),POINT (4.970906241421823 52.29349913386483),4.970906241421823,52.29349913386483
76441,20210037054,2021,Uitsluitend materiele schade,2,personenauto,fiets,Flank,"Kruispunt, 4 takken",Binnen,50.0,Niet brandend,Klinkers,Droog,Daglicht,Droog,Singel,amsterdam,POINT (121456.6708999984 488087.375),POINT (4.8945674482894255 52.37962684555959),4.8945674482894255,52.37962684555959
76452,20210047581,2021,Uitsluitend materiele schade,1,fiets,unknown,Onbekend,Rechte weg,Binnen,50.0,Niet brandend,ZOAB,Droog,Daglicht,Droog,Vijzelgracht,amsterdam,POINT (121222.34200000018 486026.8379999995),POINT (4.891333133637981 52.361093829060934),4.891333133637981,52.361093829060934
76527,20210067614,2021,Letsel,3,personenauto,fiets,Onbekend,Rechte weg,Binnen,30.0,Niet brandend,Klinkers,Droog,Daglicht,Droog,Kikkenstein,amsterdam,POINT (126955.2109999992 480961.56120000035),POINT (4.975913797421695 52.31589256744212),4.975913797421695,52.31589256744212
76651,20230004058,2023,Uitsluitend materiele schade,1,bromfiets,unknown,Onbekend,Unknown,Unknown,Unknown,Unknown,Unknown,Unknown,Daglicht,Unknown,Beethovenstraat,amsterdam,POINT (120244.69299999997 483321.5210000016),POINT (4.877260749456915 52.33671930483808),4.877260749456915,52.33671930483808
77148,20220081473,2022,Letsel,2,bromfiets,bestelauto,Flank,Rechte weg,Binnen,50.0,Brandend,Unknown,Droog,Daglicht,Droog,Amstelveenseweg,amsterdam,POINT (118890.36100000143 482700.6550000012),POINT (4.857456830575307 52.33105208747796),4.857456830575307,52.33105208747796
77208,20220055285,2022,Letsel,2,snorfiets,bromfiets,Flank,"Kruispunt, 4 takken",Binnen,50.0,Niet brandend,Overig asfalt,Droog,Daglicht,Droog,Nassaukade,amsterdam,POINT (120110.57609999925 487490.4536000006),POINT (4.87486063566982 52.3741782652281),4.87486063566982,52.3741782652281
77233,20220035825,2022,Uitsluitend materiele schade,2,fiets,personenauto,Kop/staart,"Kruispunt, 4 takken",Unknown,30.0,Niet brandend,Klinkers,Nat,Daglicht,Droog,Ceintuurbaan,amsterdam,POINT (121200.67799999937 485109.6319999993),POINT (4.891107268409261 52.35284927523217),4.891107268409261,52.35284927523217
77315,20220081188,2022,Uitsluitend materiele schade,2,personenauto,fiets,Flank,Rechte weg,Binnen,30.0,Brandend,Klinkers,Droog,Duisternis,Droog,Prinsengracht,amsterdam,POINT (120644.22300000116 486637.3929999992),POINT (4.882784019641919 52.366545215052135),4.882784019641919,52.366545215052135
77438,20220055784,2022,Letsel,1,e-bike,unknown,Eenzijdig,Rotonde,Binnen,50.0,Niet brandend,ZOAB,Nat,Daglicht,Droog,FIETSPAD,amsterdam,POINT (114844.98209999874 484563.8883999996),POINT (4.797889628859285 52.347516827910184),4.797889628859285,52.347516827910184
77455,20220102522,2022,Letsel,2,fiets,e-bike,Flank,Rechte weg,Binnen,50.0,Niet brandend,Klinkers,Droog,Daglicht,Droog,Parnassusweg,amsterdam,POINT (119663.3900000006 483615.86400000006),POINT (4.8687010860651325 52.33932760127261),4.8687010860651325,52.33932760127261
77483,20220103192,2022,Uitsluitend materiele schade,3,bromfiets,fiets,Onbekend,Rechte weg,Binnen,50.0,Niet brandend,ZOAB,Droog,Daglicht,Droog,Spaklerweg,amsterdam,POINT (123051.16699999943 484039.131000001),POINT (4.9183689563742785 52.34333900861394),4.9183689563742785,52.34333900861394
77501,20220054763,2022,Uitsluitend materiele schade,2,e-bike,brommobiel,Onbekend,Rechte weg,Binnen,50.0,Niet brandend,Overig asfalt,Nat,Daglicht,Regen,Jonas Daniël Meijerplein,amsterdam,POINT (122112.5390000008 486685.56599999964),POINT (4.904336747022143 52.36706804360523),4.904336747022143,52.36706804360523
77513,20220102997,2022,Uitsluitend materiele schade,2,fiets,personenauto,Frontaal,"Kruispunt, 4 takken",Binnen,50.0,Niet brandend,Overig asfalt,Droog,Daglicht,Droog,Stadionplein,amsterdam,POINT (118980.46570000052 484063.27650000155),POINT (4.858632897079659 52.34330430773589),4.858632897079659,52.34330430773589
77514,20220103240,2022,Letsel,2,personenauto,fiets,Flank,"Kruispunt, 4 takken",Binnen,50.0,Niet brandend,Overig asfalt,Nat,Daglicht,Regen,Haarlemmermeerstraat,amsterdam,POINT (118425.34540000185 485352.3557999991),POINT (4.850346975414561 52.3548529687905),4.850346975414561,52.3548529687905
77565,20220055052,2022,Uitsluitend materiele schade,2,bromfiets,fiets,Onbekend,Rechte weg,Binnen,30.0,Niet brandend,Overig asfalt,Droog,Daglicht,Droog,De Ruijterkade,amsterdam,POINT (122075.42199999839 487976.813000001),POINT (4.903665308764588 52.37867064683632),4.903665308764588,52.37867064683632
77809,20230003960,2023,Letsel,2,bromfiets,personenauto,Kop/staart,Rechte weg,Binnen,50.0,Niet brandend,Overig asfalt,Droog,Daglicht,Droog,Tussen Meer,amsterdam,POINT (115108.33100000024 485777.4079999998),POINT (4.801610450409611 52.358442172349946),4.801610450409611,52.358442172349946
77905,20230004064,2023,Uitsluitend materiele schade,2,bromfiets,personenauto,Flank,"Kruispunt, 3 takken",Binnen,50.0,Niet brandend,Overig asfalt,Nat,Daglicht,Regen,Haarlemmerweg,amsterdam,POINT (118871.33229999989 488698.3977999985),POINT (4.856533448919866 52.38495420818772),4.856533448919866,52.38495420818772
77906,20230004417,2023,Uitsluitend materiele schade,2,personenauto,bromfiets,Kop/staart,Rechte weg,Binnen,50.0,Niet brandend,Overig asfalt,Nat,Daglicht,Regen,Bernard Kochstraat,amsterdam,POINT (119046.13100000098 484698.48099999875),POINT (4.859528611224679 52.34901738126201),4.859528611224679,52.34901738126201
77971,20230004126,2023,Letsel,3,bromfiets,voetganger,Voetganger,"Kruispunt, 3 takken",Binnen,30.0,Niet aanwezig,Klinkers,Nat,Daglicht,Regen,Cuyperspassage,amsterdam,POINT (121784.16829999909 488181.9800999984),POINT (4.899367745232183 52.38049699937711),4.899367745232183,52.38049699937711