,accident_id,accident_year,outcome,num_parties,party1_type,party2_type,accident_nature,road_situation,built_up_area,speed_limit_kmh,street_lighting,road_surface,road_condition,light_condition,weather_condition,street_name,municipality,shape,geometry,longitude,latitude
99562,20210046804,2021,Uitsluitend materiele schade,2,personenauto,fiets,Flank,Rechte weg,Binnen,50.0,Niet brandend,Unknown,Nat,Daglicht,Regen,Hobbemakade,amsterdam,POINT (120880.37799999863 485205.811999999),POINT (4.8863964122211 52.35369387928567),4.8863964122211,52.35369387928567
99707,20210046339,2021,Uitsluitend materiele schade,2,fiets,fiets,Onbekend,Bocht,Binnen,Unknown,Niet brandend,Overig asfalt,Droog,Daglicht,Droog,Ceintuurbaan,amsterdam,POINT (121817.1959999986 485295.80799999833),POINT (4.900137668079076 52.35456007936856),4.900137668079076,52.35456007936856
99755,20210064797,2021,Uitsluitend materiele schade,2,personenauto,snorfiets,Flank,"Kruispunt, 4 takken",Binnen,50.0,Niet brandend,Overig asfalt,Droog,Daglicht,Droog,Van Leijenberghlaan,amsterdam,POINT (120331.74100000039 483138.3429999985),POINT (4.878556761798097 52.33507851837169),4.878556761798097,52.33507851837169
100222,20219013128,2021,Uitsluitend materiele schade,2,personenauto,bromfiets,Eenzijdig,Rechte weg,Binnen,50.0,Niet brandend,Beton,Droog,Daglicht,Droog,Mauritskade,amsterdam,POINT (122594.81300000101 485953.12999999896),POINT (4.911488044563223 52.36051406787703),4.911488044563223,52.36051406787703
100243,20210090802,2021,Letsel,2,fiets,fiets,Frontaal,Rechte weg,Binnen,Unknown,Niet brandend,Overig asfalt,Droog,Daglicht,Droog,Amstelbeststraat,amsterdam,POINT (123125.51700000092 483744.4910000004),POINT (4.91948787262032 52.34069528542488),4.91948787262032,52.34069528542488
100393,20220081381,2022,Letsel,3,bromfiets,fiets,Flank,Rechte weg,Binnen,50.0,Brandend,Overig asfalt,Droog,Duisternis,Droog,Amstelveenseweg,amsterdam,POINT (118908.4990000017 483155.7039999999),POINT (4.857674149056168 52.33514295027657),4.857674149056168,52.33514295027657
100411,20220016297,2022,Uitsluitend materiele schade,2,bromfiets,fiets,Frontaal,Rechte weg,Binnen,30.0,Brandend,Beton,Droog,Duisternis,Droog,Ookmeerweg,amsterdam,POINT (113950.76300000027 486203.4789999984),POINT (4.784566694998686 52.3621860705782),4.784566694998686,52.3621860705782
100551,20220055358,2022,Letsel,2,personenauto,bromfiets,Frontaal,Rechte weg,Binnen,50.0,Brandend,Overig asfalt,Nat,Schemer,Unknown,Amstelveenseweg,amsterdam,POINT (118791.19000000134 485245.05700000003),POINT (4.855728313516562 52.353912876846714),4.855728313516562,52.353912876846714
100590,20220081137,2022,Letsel,2,personenauto,fiets,Frontaal,"Kruispunt, 4 takken",Binnen,50.0,Niet brandend,Klinkers,Droog,Daglicht,Droog,Printerstraat,amsterdam,POINT (121006.46299999952 491327.5863999985),POINT (4.887627592329481 52.408719730740394),4.887627592329481,52.408719730740394
100669,20220081272,2022,Uitsluitend materiele schade,2,personenauto,fiets,Flank,Bocht,Binnen,30.0,Niet brandend,Klinkers,Droog,Daglicht,Droog,Ganzenweg,amsterdam,POINT (123110.83799999952 488741.0720000006),POINT (4.9187986602293385 52.38560038622742),4.9187986602293385,52.38560038622742
100697,20220054451,2022,Uitsluitend materiele schade,1,bromfiets,unknown,Voetganger,Rechte weg,Binnen,30.0,Brandend,Overig asfalt,Droog,Duisternis,Droog,Slotermeerlaan,amsterdam,POINT (116265.1959999986 487503.80099999905),POINT (4.818393052628006 52.374040426129156),4.818393052628006,52.374040426129156
100730,20220055200,2022,Uitsluitend materiele schade,2,personenauto,fiets,Flank,"Kruispunt, 4 takken",Binnen,50.0,Brandend,Beton,Droog,Duisternis,Droog,Hobbemakade,amsterdam,POINT (120858.83300000057 485051.83300000057),POINT (4.88609581135946 52.352308682576975),4.88609581135946,52.352308682576975
100755,20220054602,2022,Uitsluitend materiele schade,2,bromfiets,personenauto,Flank,"Kruispunt, 3 takken",Binnen,50.0,Niet brandend,Overig asfalt,Droog,Daglicht,Droog,Plesmanlaan,amsterdam,POINT (116647.74300000072 484727.4789999984),POINT (4.824327031272729 52.3491158343159),4.824327031272729,52.3491158343159
100772,20220102295,2022,Letsel,1,fiets,unknown,Eenzijdig,"Kruispunt, 4 takken",Binnen,30.0,Niet brandend,Overig asfalt,Droog,Daglicht,Droog,Amstel,amsterdam,POINT (121382 486694),POINT (4.893610199869524 52.36709961292831),4.893610199869524,52.36709961292831
100774,20220102535,2022,Uitsluitend materiele schade,1,snorfiets,unknown,Onbekend,Unknown,Unknown,Unknown,Unknown,Unknown,Unknown,Daglicht,Unknown,Wally Moespad,amsterdam,POINT (117376.28400000185 485793.3420000002),POINT (4.834899787546741 52.35874538479281),4.834899787546741,52.35874538479281
100788,20220054692,2022,Letsel,2,personenauto,fiets,Flank,"Kruispunt, 3 takken",Binnen,50.0,Niet brandend,Overig asfalt,Droog,Daglicht,Harde windstoten,Osdorper Ban,amsterdam,POINT (113754.59219999984 485853.57829999924),POINT (4.781729809023384 52.35902675572695),4.781729809023384,52.35902675572695
100829,20220103226,2022,Letsel,2,personenauto,fiets,Geparkeerd voertuig,Rechte weg,Binnen,50.0,Niet brandend,Overig asfalt,Unknown,Daglicht,Droog,Amsteldijk,amsterdam,POINT (122181.04600000009 485420.5370000005),POINT (4.905466011420652 52.35570291484003),4.905466011420652,52.35570291484003
100872,20220015824,2022,Uitsluitend materiele schade,1,bromfiets,unknown,Voetganger,Rechte weg,Binnen,50.0,Niet brandend,Overig asfalt,Droog,Daglicht,Droog,Kinkerstraat,amsterdam,POINT (119964.3209999986 486735.4439999983),POINT (4.8727916891622245 52.36738347666082),4.8727916891622245,52.36738347666082
100923,20220055105,2022,Uitsluitend materiele schade,3,fiets,fiets,Kop/staart,Rechte weg,Binnen,50.0,Brandend,ZOAB,Droog,Duisternis,Droog,Ceintuurbaan,amsterdam,POINT (120986.19299999997 485062.15100000054),POINT (4.887964031953818 52.352409312542996),4.887964031953818,52.352409312542996
101189,20230097738,2023,Uitsluitend materiele schade,3,bromfiets,personenauto,Onbekend,Unknown,Unknown,Unknown,Unknown,Unknown,Unknown,Daglicht,Unknown,Bilderdijkstraat,amsterdam,POINT (119978.97599999979 486574.91000000015),POINT (4.873023575454423 52.3659416474204),4.873023575454423,52.3659416474204
101265,20230004426,2023,Letsel,2,snorfiets,personenauto,Frontaal,"Kruispunt, 3 takken",Binnen,30.0,Niet brandend,Klinkers,Nat,Daglicht,Regen,Pieter Calandlaan,amsterdam,POINT (114889.76900000125 485050.7168999985),POINT (4.798488856730573 52.351895332962044),4.798488856730573,52.351895332962044
101884,20220176824,2022,Uitsluitend materiele schade,2,bromfiets,fiets,Kop/staart,"Kruispunt, 3 takken",Binnen,Unknown,Niet brandend,Overig asfalt,Droog,Daglicht,Droog,Abcouderpad,amsterdam,POINT (125028.52299999818 481298.81599999964),POINT (4.947628776467688 52.31882202428906),4.947628776467688,52.31882202428906
101918,20220177697,2022,Uitsluitend materiele schade,2,personenauto,e-bike,Flank,Rechte weg,Binnen,50.0,Niet brandend,Overig asfalt,Droog,Daglicht,Droog,Jan Tooropstraat,amsterdam,POINT (117554.82800000161 487050.2190000005),POINT (4.837380670658486 52.37005344090444),4.837380670658486,52.37005344090444
101919,20220177750,2022,Uitsluitend materiele schade,2,bromfiets,bestelauto,Flank,Rotonde,Binnen,50.0,Niet brandend,ZOAB,Droog,Daglicht,Droog,Baden Powellweg,amsterdam,POINT (114852.3583999984 484571.57229999825),POINT (4.797996961181265 52.34758642378495),4.797996961181265,52.34758642378495
101920,20220178014,2022,Uitsluitend materiele schade,2,personenauto,fiets,Onbekend,Unknown,Unknown,30.0,Unknown,Unknown,Unknown,Duisternis,Unknown,Utrechtsestraat,amsterdam,POINT (121657.91600000113 486526.4270000011),POINT (4.89767779417383 52.3656104021041),4.89767779417383,52.3656104021041
101959,20220177471,2022,Letsel,2,e-bike,e-bike,Frontaal,Bocht,Binnen,Unknown,Niet brandend,Unknown,Droog,Daglicht,Droog,Gulden Kruispad,amsterdam,POINT (126149.51199999824 481080.5929999985),POINT (4.9640879516798355 52.316920694663786),4.9640879516798355,52.316920694663786
102059,20220123513,2022,Letsel,2,fiets,fiets,Kop/staart,Rechte weg,Binnen,30.0,Niet brandend,Beton,Droog,Daglicht,Droog,Jan van Galenstraat,amsterdam,POINT (119172.09200000018 487578.7129999995),POINT (4.861070338899937 52.374911043173384),4.861070338899937,52.374911043173384
102068,20220142369,2022,Uitsluitend materiele schade,2,bromfiets,fiets,Flank,"Kruispunt, 4 takken",Binnen,50.0,Niet brandend,Overig asfalt,Droog,Daglicht,Droog,Voorm Stadstimmertuin,amsterdam,POINT (122316.39070000127 486098.84010000154),POINT (4.907386712010596 52.36180711785338),4.907386712010596,52.36180711785338
102093,20220123669,2022,Letsel,2,fiets,fiets,Flank,Rotonde,Binnen,Unknown,Brandend,ZOAB,Droog,Duisternis,Droog,Vijzelgracht,amsterdam,POINT (121216.69990000129 486080.7675999999),POINT (4.891244890572841 52.36157816411387),4.891244890572841,52.36157816411387
102101,20220142406,2022,Uitsluitend materiele schade,2,fiets,bromfiets,Flank,"Kruispunt, 4 takken",Binnen,50.0,Niet brandend,Overig asfalt,Droog,Daglicht,Droog,Minervaplein,amsterdam,POINT (119915.25800000131 484444.1640000008),POINT (4.872310334831201 52.346787933569175),4.872310334831201,52.346787933569175
102102,20220142467,2022,Uitsluitend materiele schade,2,personenauto,fiets,Flank,"Kruispunt, 3 takken",Binnen,50.0,Niet brandend,Overig asfalt,Droog,Daglicht,Droog,Schellingwouderdijk,amsterdam,POINT (125342.22679999843 488777.68719999865),POINT (4.951570361688627 52.386054547640825),4.951570361688627,52.386054547640825
102170,20220123892,2022,Letsel,3,motor,fiets,Onbekend,"Kruispunt, 4 takken",Binnen,50.0,Niet brandend,Overig asfalt,Droog,Daglicht,Droog,Westeinde,amsterdam,POINT (121762 485657),POINT (4.899291825636309 52.3578028939327),4.899291825636309,52.3578028939327
102219,20220155404,2022,Uitsluitend materiele schade,2,fiets,bromfiets,Frontaal,Rechte weg,Binnen,50.0,Niet brandend,Klinkers,Droog,Daglicht,Droog,Prinses Irenestraat,amsterdam,POINT (120121.11600000039 483886.26000000164),POINT (4.875389144610225 52.34178697442712),4.875389144610225,52.34178697442712
102267,20220124032,2022,Uitsluitend materiele schade,2,personenauto,e-bike,Flank,"Kruispunt, 4 takken",Binnen,50.0,Niet brandend,Beton,Droog,Daglicht,Droog,Ruyschstraat,amsterdam,POINT (122515.16200000048 485618.28500000015),POINT (4.910351126411883 52.35749999957362),4.910351126411883,52.35749999957362
102268,20220124065,2022,Uitsluitend materiele schade,2,bromfiets,fiets,Flank,"Kruispunt, 3 takken",Binnen,50.0,Brandend,Overig asfalt,Droog,Schemer,Droog,Parnassusweg,amsterdam,POINT (119654.90799999982 483478.2870000005),POINT (4.868591074820032 52.33809060676702),4.868591074820032,52.33809060676702
102280,20220155554,2022,Letsel,4,fiets,fiets,Frontaal,Rechte weg,Binnen,Unknown,Niet brandend,Overig asfalt,Droog,Daglicht,Droog,Spaarndammerdijk,amsterdam,POINT (120246.79500000179 489564.4849999994),POINT (4.876646328257293 52.39282674798189),4.876646328257293,52.39282674798189
102292,20220124072,2022,Uitsluitend materiele schade,2,snorfiets,unknown,Frontaal,Rechte weg,Binnen,50.0,Niet brandend,Unknown,Droog,Daglicht,Droog,Bos en Lommerplein,amsterdam,POINT (117937.99100000039 487919.6279999986),POINT (4.842910696042923 52.3778930125552),4.842910696042923,52.3778930125552
102321,20220124152,2022,Uitsluitend materiele schade,3,bestelauto,fiets,Frontaal,"Kruispunt, 4 takken",Binnen,50.0,Niet brandend,Overig asfalt,Droog,Daglicht,Droog,Theodorus Dobbestraat,amsterdam,POINT (117476.56010000035 488051.62629999965),POINT (4.836119666915804 52.37904796766395),4.836119666915804,52.37904796766395
102526,20230049097,2023,Uitsluitend materiele schade,2,personenauto,fiets,Flank,"Kruispunt, 4 takken",Binnen,30.0,Niet brandend,Klinkers,Droog,Daglicht,Droog,Naritaweg,amsterdam,POINT (117327.97370000184 489044.7547999993),POINT (4.833826183456309 52.38796323883239),4.833826183456309,52.38796323883239
102552,20230039741,2023,Uitsluitend materiele schade,2,fiets,fiets,Frontaal,Rechte weg,Binnen,Unknown,Niet brandend,Overig asfalt,Droog,Daglicht,Droog,Delflandlaan,amsterdam,POINT (117772.35200000182 484902.6550000012),POINT (4.840812253364385 52.35076752973598),4.840812253364385,52.35076752973598
102624,20230040443,2023,Uitsluitend materiele schade,2,bromfiets,scootmobiel,Flank,"Kruispunt, 4 takken",Binnen,50.0,Niet brandend,Overig asfalt,Droog,Daglicht,Droog,Willem de Zwijgerlaan,amsterdam,POINT (119283.52529999986 487619.7917000018),POINT (4.862702308805389 52.37528748739535),4.862702308805389,52.37528748739535
102632,20230050366,2023,Letsel,2,personenauto,fiets,Flank,"Kruispunt, 3 takken",Binnen,50.0,Niet brandend,Overig asfalt,Droog,Daglicht,Droog,Dollardpad,amsterdam,POINT (124614.04050000012 490184.5223999992),POINT (4.940747250630038 52.39865838013339),4.940747250630038,52.39865838013339
102779,20230048930,2023,Uitsluitend materiele schade,2,personenauto,bromfiets,Flank,Rechte weg,Binnen,30.0,Niet brandend,Overig asfalt,Droog,Daglicht,Droog,Dick Hilleniuspad,amsterdam,POINT (127171.95499999821 485542.41899999976),POINT (4.9787138375370334 52.35707376971534),4.9787138375370334,52.35707376971534
102911,20220211681,2022,Uitsluitend materiele schade,2,personenauto,bromfiets,Flank,Rechte weg,Binnen,30.0,Brandend,Klinkers,Droog,Duisternis,Unknown,Tussen Meer,amsterdam,POINT (114494.14799999818 485595.43200000003),POINT (4.792616865264366 52.356761774689),4.792616865264366,52.356761774689
102912,20220211693,2022,Uitsluitend materiele schade,2,personenauto,fiets,Frontaal,"Kruispunt, 3 takken",Binnen,50.0,Niet aanwezig,ZOAB,Nat,Daglicht,Droog,Jan Vroegopsingel,amsterdam,POINT (122421.90069999918 483129.1666000001),POINT (4.909223098889698 52.33512388419338),4.909223098889698,52.33512388419338
102934,20220212392,2022,Uitsluitend materiele schade,3,bromfiets,personenauto,Flank,Rechte weg,Binnen,50.0,Niet brandend,Overig asfalt,Nat,Daglicht,Regen,Wibautstraat,amsterdam,POINT (122677.67300000042 485122.1490000002),POINT (4.912784256042396 52.3530506398346),4.912784256042396,52.3530506398346
103075,20220211210,2022,Uitsluitend materiele schade,2,personenauto,fiets,Flank,"Kruispunt, 4 takken",Binnen,30.0,Brandend,Klinkers,Nat,Duisternis,Droog,Daniël Stalpertstraat,amsterdam,POINT (121038.9552000016 485492.5729999989),POINT (4.888694975249352 52.35628091615882),4.888694975249352,52.35628091615882
103076,20220211243,2022,Uitsluitend materiele schade,2,fiets,personenauto,Frontaal,"Kruispunt, 4 takken",Binnen,50.0,Brandend,Overig asfalt,Droog,Duisternis,Droog,Ferdinand Bolstraat,amsterdam,POINT (121202.09600000083 485096.61100000143),POINT (4.8911293886755605 52.35273233850009),4.8911293886755605,52.35273233850009
103144,20220211984,2022,Letsel,2,personenauto,bromfiets,Geparkeerd voertuig,"Kruispunt, 3 takken",Binnen,30.0,Brandend,Klinkers,Nat,Duisternis,Droog,IJdoornlaan,amsterdam,POINT (125658.56030000001 489560.27369999886),POINT (4.9561483864569285 52.39310490585849),4.9561483864569285,52.39310490585849
103245,20220211406,2022,Letsel,3,bromfiets,fiets,Los voorwerp,Rechte weg,Binnen,30.0,Niet brandend,Overig asfalt,Droog,Daglicht,Droog,Jodenbreestraat,amsterdam,POINT (122090.31899999827 486850.8900000006),POINT (4.9039943313273495 52.36855253097672),4.9039943313273495,52.36855253097672
103318,20220210865,2022,Letsel,4,fiets,fiets,Onbekend,Rechte weg,Binnen,30.0,Niet brandend,ZOAB,Droog,Daglicht,Droog,Zuider IJdijk,amsterdam,POINT (125753.56300000101 486692.05700000003),POINT (4.957793701151831 52.36733232778445),4.957793701151831,52.36733232778445
103716,20230024273,2023,Letsel,2,bromfiets,bromfiets,Frontaal,"Kruispunt, 4 takken",Binnen,30.0,Niet brandend,Klinkers,Droog,Daglicht,Droog,Polderweg,amsterdam,POINT (124300.32899999991 485564.9070000015),POINT (4.936560115314614 52.35712292560313),4.936560115314614,52.35712292560313
103735,20230067306,2023,Letsel,2,personenauto,fiets,Flank,"Kruispunt, 4 takken",Binnen,50.0,Niet brandend,Overig asfalt,Droog,Daglicht,Droog,Kastrupstraat,amsterdam,POINT (117463.56940000132 489366.85539999977),POINT (4.835781905038983 52.39086730905018),4.835781905038983,52.39086730905018
103769,20230024319,2023,Uitsluitend materiele schade,3,bromfiets,personenauto,Flank,Rechte weg,Binnen,50.0,Brandend,ZOAB,Nat,Duisternis,Regen,Ruys de Beerenbrouckstr,amsterdam,POINT (115379.60099999979 488447.8220000006),POINT (4.805277619827098 52.38246132226787),4.805277619827098,52.38246132226787
103812,20230068027,2023,Letsel,2,bromfiets,personenauto,Kop/staart,Rechte weg,Binnen,30.0,Niet brandend,ZOAB,Droog,Daglicht,Droog,Rozengracht,amsterdam,POINT (120256.19099999964 487308.08300000057),POINT (4.877017730511699 52.37254848383814),4.877017730511699,52.37254848383814
103859,20230067469,2023,Uitsluitend materiele schade,3,personenauto,fiets,Los voorwerp,Rechte weg,Binnen,50.0,Niet aanwezig,Overig asfalt,Droog,Daglicht,Droog,Nieuwe Amstelstraat,amsterdam,POINT (122063.5399999991 486713.30900000036),POINT (4.9036146297571515 52.36731444243939),4.9036146297571515,52.36731444243939
103866,20230077515,2023,Uitsluitend materiele schade,1,fiets,unknown,Los voorwerp,Rechte weg,Binnen,50.0,Niet brandend,Klinkers,Droog,Daglicht,Droog,Van Baerlestraat,amsterdam,POINT (120379.52100000158 485623.21400000155),POINT (4.87900215146136 52.35741386813664),4.87900215146136,52.35741386813664
103981,20230079100,2023,Letsel,2,bromfiets,voetganger,Voetganger,Rechte weg,Binnen,30.0,Brandend,Overig asfalt,Nat,Duisternis,Regen,Spuistraat,amsterdam,POINT (121255.70800000057 487631.94200000167),POINT (4.89166183152478 52.375521426769986),4.89166183152478,52.375521426769986
104016,20230078508,2023,Letsel,2,personenauto,fiets,Geparkeerd voertuig,"Kruispunt, 4 takken",Binnen,30.0,Niet brandend,Overig asfalt,Droog,Daglicht,Droog,Admiraal Helfrichstraat,amsterdam,POINT (118075.31129999831 487172.67550000176),POINT (4.84500936943576 52.371189229448696),4.84500936943576,52.371189229448696
104044,20230020694,2023,Uitsluitend materiele schade,2,personenauto,fiets,Flank,Rotonde,Binnen,50.0,Brandend,Overig asfalt,Droog,Duisternis,Droog,Derkinderenstraat,amsterdam,POINT (117768.49190000072 485843.2520000003),POINT (4.840651500506079 52.35922066022825),4.840651500506079,52.35922066022825
104045,20230020702,2023,Uitsluitend materiele schade,1,bromfiets,unknown,Onbekend,Rechte weg,Binnen,50.0,Niet brandend,Overig asfalt,Droog,Duisternis,Droog,Weesperstraat,amsterdam,POINT (122211.5 486415),POINT (4.9058160700852165 52.3646422978627),4.9058160700852165,52.3646422978627
104123,20230020787,2023,Uitsluitend materiele schade,1,snorfiets,unknown,Voetganger,"Kruispunt, 4 takken",Binnen,30.0,Brandend,Beton,Nat,Duisternis,Regen,Wibautstraat,amsterdam,POINT (122949.15399999917 484752.94099999964),POINT (4.9168040330451195 52.34974833934168),4.9168040330451195,52.34974833934168
104144,20230078290,2023,Letsel,2,personenauto,fiets,Flank,"Kruispunt, 4 takken",Binnen,50.0,Niet brandend,Overig asfalt,Droog,Daglicht,Droog,Willem de Zwijgerlaan,amsterdam,POINT (119323.05900000036 487127.9290000014),POINT (4.863335056278083 52.37086956125721),4.863335056278083,52.37086956125721
104208,20230088190,2023,Letsel,1,fiets,unknown,Eenzijdig,Rechte weg,Binnen,Unknown,Brandend,ZOAB,Nat,Duisternis,Regen,Zuiderzeeweg,amsterdam,POINT (126109.79899999872 486967.3819999993),POINT (4.963000335931756 52.36982562851249),4.963000335931756,52.36982562851249
104214,20230097545,2023,Letsel,2,fiets,fiets,Onbekend,Rechte weg,Binnen,30.0,Brandend,ZOAB,Nat,Duisternis,Droog,Overtoom,amsterdam,POINT (119274.30299999937 485884.45800000057),POINT (4.86275129071644 52.359690982019806),4.86275129071644,52.359690982019806
104227,20230087650,2023,Uitsluitend materiele schade,2,bestelauto,fiets,Flank,Rotonde,Binnen,50.0,Niet aanwezig,Beton,Droog,Daglicht,Droog,OOSTOEVER NOORDZIJDE,amsterdam,POINT (117093.45389999822 487134.7364999987),POINT (4.830596888774499 52.37078136560078),4.830596888774499,52.37078136560078
104273,20230088336,2023,Uitsluitend materiele schade,2,personenauto,fiets,Kop/staart,Rechte weg,Binnen,50.0,Brandend,Klinkers,Nat,Duisternis,Regen,Dammerweg,amsterdam,POINT (133344.3359999992 477516.26900000125),POINT (5.069832920621016 52.285216350102665),5.069832920621016,52.285216350102665
104415,20230087928,2023,Uitsluitend materiele schade,2,personenauto,fiets,Flank,"Kruispunt, 4 takken",Binnen,50.0,Brandend,Beton,Droog,Duisternis,Droog,De Ruijterkade,amsterdam,POINT (122510.54800000042 487876.7479999997),POINT (4.910065145435032 52.37779725321885),4.910065145435032,52.37779725321885
104470,20230097417,2023,Uitsluitend materiele schade,2,bromfiets,bestelauto,Flank,Rechte weg,Binnen,50.0,Niet brandend,Overig asfalt,Nat,Daglicht,Droog,Tussen Meer,amsterdam,POINT (114698.6409999989 485647.1499999985),POINT (4.795612277692562 52.3572416143508),4.795612277692562,52.3572416143508
104554,20210077478,2021,Uitsluitend materiele schade,2,personenauto,fiets,Onbekend,"Kruispunt, 4 takken",Binnen,70.0,Niet brandend,Overig asfalt,Droog,Daglicht,Droog,Radarweg,amsterdam,POINT (117499.48209999874 489446.0610000007),POINT (4.836300604955259 52.39158159989846),4.836300604955259,52.39158159989846
104612,20210090037,2021,Uitsluitend materiele schade,3,bromfiets,personenauto,Flank,Rechte weg,Binnen,50.0,Brandend,Beton,Droog,Duisternis,Unknown,Stadionweg,amsterdam,POINT (120031.04300000146 484440.02699999884),POINT (4.874009927604525 52.346758132873575),4.874009927604525,52.346758132873575
104633,20210078285,2021,Uitsluitend materiele schade,2,personenauto,snorfiets,Flank,"Kruispunt, 3 takken",Binnen,50.0,Niet brandend,Overig asfalt,Nat,Daglicht,Regen,Burgemeester Röellstraat,amsterdam,POINT (115458.7340000011 487843.6629999988),POINT (4.806510938524299 52.37703734557144),4.806510938524299,52.37703734557144
104645,20210080057,2021,Letsel,2,bromfiets,bestelauto,Flank,Rechte weg,Binnen,50.0,Niet brandend,Klinkers,Droog,Daglicht,Droog,Prins Hendriklaan,amsterdam,POINT (119172.03599999845 485197.52600000054),POINT (4.8613232377853 52.35351066867067),4.8613232377853,52.35351066867067
104661,20210080099,2021,Uitsluitend materiele schade,2,personenauto,bromfiets,Flank,"Kruispunt, 4 takken",Binnen,50.0,Brandend,Beton,Nat,Duisternis,Droog,Van Woustraat,amsterdam,POINT (121825.87180000171 485466.751699999),POINT (4.900248152401557 52.35609693075951),4.900248152401557,52.35609693075951
104695,20210088336,2021,Uitsluitend materiele schade,2,personenauto,bromfiets,Flank,"Kruispunt, 4 takken",Binnen,50.0,Niet brandend,Overig asfalt,Droog,Daglicht,Unknown,Wibautstraat,amsterdam,POINT (122669.10000000149 485185.8830000013),POINT (4.9126523030690095 52.35362293504048),4.9126523030690095,52.35362293504048
104752,20210027233,2021,Letsel,2,personenauto,bromfiets,Kop/staart,Rechte weg,Binnen,50.0,Niet brandend,Overig asfalt,Droog,Daglicht,Droog,Amstelveenseweg,amsterdam,POINT (118814.00800000131 485135.0700000003),POINT (4.856075054130451 52.35292589576932),4.856075054130451,52.35292589576932
104935,20210020525,2021,Uitsluitend materiele schade,2,snorfiets,fiets,Onbekend,"Kruispunt, 3 takken",Binnen,Unknown,Niet brandend,Overig asfalt,Droog,Daglicht,Droog,Mauritskade,amsterdam,POINT (123399.09299999848 486301.58900000155),POINT (4.92326195618566 52.363692642872394),4.92326195618566,52.363692642872394
104968,20210032854,2021,Uitsluitend materiele schade,2,snorfiets,personenauto,Flank,"Kruispunt, 4 takken",Binnen,50.0,Niet brandend,Overig asfalt,Droog,Daglicht,Droog,Willem Heselaarsstraat,amsterdam,POINT (114892.35550000146 485042.01630000025),POINT (4.798527855177583 52.351817327612686),4.798527855177583,52.351817327612686
104974,20210010287,2021,Uitsluitend materiele schade,2,bromfiets,personenauto,Geparkeerd voertuig,Rechte weg,Binnen,50.0,Niet brandend,Klinkers,Droog,Daglicht,Droog,Maassluisstraat,amsterdam,POINT (117480.99799999967 484670.1319999993),POINT (4.836562151343453 52.348657966656305),4.836562151343453,52.348657966656305
105006,20210014287,2021,Uitsluitend materiele schade,3,personenauto,fiets,Onbekend,"Kruispunt, 4 takken",Binnen,50.0,Niet aanwezig,ZOAB,Nat,Daglicht,Droog,Surinameplein,amsterdam,POINT (118640 485818),POINT (4.85344729572974 52.35905208858135),4.85344729572974,52.35905208858135
105056,20210006490,2021,Letsel,2,bromfiets,personenauto,Frontaal,"Rechte weg, gescheiden rijbanen",Binnen,70.0,Niet brandend,Overig asfalt,Droog,Daglicht,Droog,Westpoortweg,amsterdam,POINT (115042.15100000054 490090.51900000125),POINT (4.800126078206962 52.397200024164974),4.800126078206962,52.397200024164974
105078,20210030000,2021,Letsel,2,fiets,personenauto,Frontaal,"Kruispunt, 3 takken",Binnen,50.0,Niet brandend,Klinkers,Droog,Daglicht,Droog,Doornburg,amsterdam,POINT (119183.60649999976 481760.2250000015),POINT (4.861858700556739 52.32261930706378),4.861858700556739,52.32261930706378
105083,20210032055,2021,Uitsluitend materiele schade,1,bromfiets,unknown,Onbekend,Unknown,Unknown,30.0,Unknown,Unknown,Unknown,Schemer,Unknown,Oeverzeggestraat,amsterdam,POINT (127689.45199999958 485611.1270000003),POINT (4.986304465426119 52.35771724369773),4.986304465426119,52.35771724369773
105132,20210073534,2021,Letsel,2,fiets,bromfiets,Onbekend,Unknown,Unknown,50.0,Unknown,Unknown,Unknown,Duisternis,Unknown,Nassaukade,amsterdam,POINT (120201.82999999821 486842.8370000012),POINT (4.876267674084931 52.368363747450786),4.876267674084931,52.368363747450786
105141,20210073850,2021,Letsel,1,fiets,unknown,Eenzijdig,"Kruispunt, 4 takken",Binnen,30.0,Brandend,Klinkers,Droog,Schemer,Droog,Eerste Tuindwarsstraat,amsterdam,POINT (120709.19069999829 487891.7646000013),POINT (4.883609883478709 52.37782266562146),4.883609883478709,52.37782266562146
105175,20210074699,2021,Letsel,2,fiets,e-bike,Frontaal,Rechte weg,Binnen,50.0,Niet aanwezig,Overig asfalt,Nat,Daglicht,Droog,Linnaeusstraat,amsterdam,POINT (123423.30299999937 486207.41800000146),POINT (4.923626221977457 52.36284768827744),4.923626221977457,52.36284768827744
105191,20210059449,2021,Letsel,3,personenauto,bromfiets,Onbekend,"Kruispunt, 4 takken",Binnen,50.0,Niet brandend,Overig asfalt,Droog,Daglicht,Droog,Willem van Weldammelaan,amsterdam,POINT (120134.45800000057 482806.7324000001),POINT (4.875696695809716 52.332085743853135),4.875696695809716,52.332085743853135