,accident_id,accident_year,outcome,num_parties,party1_type,party2_type,accident_nature,road_situation,built_up_area,speed_limit_kmh,street_lighting,road_surface,road_condition,light_condition,weather_condition,street_name,municipality,shape,geometry,longitude,latitude
116686,20210045949,2021,Letsel,2,fiets,fiets,Onbekend,Rechte weg,Binnen,50.0,Niet brandend,Overig asfalt,Droog,Daglicht,Droog,Nassaukade,amsterdam,POINT (120330.3759999983 486566.3370000012),POINT (4.87818353860736 52.3658868930514),4.87818353860736,52.3658868930514
116696,20210057271,2021,Letsel,2,fiets,voetganger,Voetganger,Rechte weg,Binnen,50.0,Niet brandend,Klinkers,Droog,Daglicht,Droog,Van Leijenberghlaan,amsterdam,POINT (120302.46200000122 483191.96599999815),POINT (4.8781216759637305 52.33555859938058),4.8781216759637305,52.33555859938058
116706,20210065638,2021,Uitsluitend materiele schade,3,bestelauto,fiets,Onbekend,"Kruispunt, 4 takken",Binnen,50.0,Niet brandend,Overig asfalt,Droog,Daglicht,Droog,Klaprozenweg,amsterdam,POINT (122124.98299999908 490329.5993000008),POINT (4.9041628243968605 52.39981874863832),4.9041628243968605,52.39981874863832
116720,20210045378,2021,Uitsluitend materiele schade,2,fiets,fiets,Frontaal,Rechte weg,Binnen,50.0,Niet brandend,Overig asfalt,Droog,Daglicht,Droog,Parnassusweg,amsterdam,POINT (119646.28700000048 483871.01000000164),POINT (4.868423345781327 52.34161958057754),4.868423345781327,52.34161958057754
116722,20210048391,2021,Uitsluitend materiele schade,1,bromfiets,unknown,Onbekend,Unknown,Unknown,50.0,Unknown,Unknown,Unknown,Schemer,Unknown,Beethovenstraat,amsterdam,POINT (120209.22199999914 484340.7899999991),POINT (4.876634989509551 52.34587756716028),4.876634989509551,52.34587756716028
116752,20210039187,2021,Uitsluitend materiele schade,1,bromfiets,unknown,Onbekend,Unknown,Unknown,30.0,Unknown,Unknown,Unknown,Duisternis,Unknown,Witte de Withstraat,amsterdam,POINT (119035.2899999991 486743.2270000018),POINT (4.859150873850679 52.36739337413274),4.859150873850679,52.36739337413274
116919,20210068259,2021,Letsel,1,bromfiets,unknown,Eenzijdig,Unknown,Unknown,30.0,Unknown,Unknown,Unknown,Duisternis,Unknown,Lodewijk van Deysselstr,amsterdam,POINT (115723.5 487923.5),POINT (4.810389705680608 52.37777385943365),4.810389705680608,52.37777385943365
116941,20210046802,2021,Letsel,2,motor,fiets,Flank,"Kruispunt, 4 takken",Binnen,50.0,Niet brandend,ZOAB,Nat,Daglicht,Droog,Schinkelhavenstraat,amsterdam,POINT (118766.8740000017 485347.8289999999),POINT (4.855360347144712 52.35483491467672),4.855360347144712,52.35483491467672
116988,20210051697,2021,Letsel,1,snorfiets,unknown,Eenzijdig,"Kruispunt, 4 takken",Binnen,50.0,Niet brandend,ZOAB,Droog,Daglicht,Droog,Surinameplein,amsterdam,POINT (118644 485719),POINT (4.853516713518186 52.35816261346271),4.853516713518186,52.35816261346271
117005,20210064151,2021,Uitsluitend materiele schade,2,personenauto,bromfiets,Flank,Rotonde,Binnen,50.0,Brandend,Overig asfalt,Droog,Schemer,Droog,Koningin Wilhelminaplein,amsterdam,POINT (117448.99069999903 485509.65199999884),POINT (4.835998722895116 52.35620076596408),4.835998722895116,52.35620076596408
117027,20210050531,2021,Uitsluitend materiele schade,2,snorfiets,personenauto,Flank,Rotonde,Binnen,50.0,Niet brandend,Beton,Droog,Daglicht,Droog,Slotermeerlaan,amsterdam,POINT (116330.87700000033 488547.5513000004),POINT (4.819237390372949 52.38342544055114),4.819237390372949,52.38342544055114
117028,20210050538,2021,Uitsluitend materiele schade,2,snorfiets,snorfiets,Flank,Rechte weg,Binnen,50.0,Niet aanwezig,Overig asfalt,Nat,Daglicht,Droog,Basisweg,amsterdam,POINT (117200.67700000107 489501.2170000002),POINT (4.831904976836158 52.39205679860203),4.831904976836158,52.39205679860203
117037,20210068297,2021,Letsel,2,bromfiets,personenauto,Flank,Rechte weg,Binnen,50.0,Brandend,Overig asfalt,Droog,Duisternis,Droog,Admiraal De Ruijterweg,amsterdam,POINT (118627.35000000149 488329.6070000008),POINT (4.852989830290551 52.38162368987951),4.852989830290551,52.38162368987951
117064,20210075835,2021,Letsel,2,fiets,fiets,Onbekend,"Kruispunt, 4 takken",Binnen,50.0,Niet brandend,Overig asfalt,Nat,Daglicht,Regen,Plantage Middenlaan,amsterdam,POINT (122884.35559999943 486450.66000000015),POINT (4.9156909487442375 52.36500253929555),4.9156909487442375,52.36500253929555
117075,20210048769,2021,Uitsluitend materiele schade,2,fiets,scootmobiel,Flank,"Kruispunt, 3 takken",Binnen,50.0,Niet aanwezig,Overig asfalt,Droog,Daglicht,Droog,Donker Curtiusstraat,amsterdam,POINT (119912.66120000184 488070.55959999934),POINT (4.871893837250116 52.379379217741054),4.871893837250116,52.379379217741054
117095,20210065530,2021,Letsel,2,personenauto,snorfiets,Flank,Rechte weg,Binnen,50.0,Niet brandend,Overig asfalt,Droog,Daglicht,Unknown,Vlaardingenlaan,amsterdam,POINT (117546.88899999857 484483.1579999998),POINT (4.83754995694466 52.346982075484206),4.83754995694466,52.346982075484206
117137,20210038330,2021,Letsel,2,fiets,fiets,Flank,"Kruispunt, 4 takken",Binnen,50.0,Niet brandend,Klinkers,Droog,Daglicht,Droog,Oetewalerpad,amsterdam,POINT (123619 485686),POINT (4.926547814909961 52.35817273755225),4.926547814909961,52.35817273755225
117351,20210092801,2021,Uitsluitend materiele schade,1,bromfiets,unknown,Eenzijdig,Rechte weg,Binnen,50.0,Niet brandend,Overig asfalt,Nat,Daglicht,Droog,Baldwinstraat,amsterdam,POINT (113287.8200000003 485371.69999999925),POINT (4.774937815696627 52.35466078635911),4.774937815696627,52.35466078635911
117385,20210091715,2021,Uitsluitend materiele schade,2,snorfiets,fiets,Frontaal,Rechte weg,Binnen,50.0,Niet brandend,Overig asfalt,Droog,Daglicht,Droog,Prins Hendrikkade,amsterdam,POINT (122177.65100000054 487490.2129999995),POINT (4.9052141475735995 52.37430354882777),4.9052141475735995,52.37430354882777
117783,20220016464,2022,Uitsluitend materiele schade,2,fiets,snorfiets,Flank,"Kruispunt, 4 takken",Binnen,50.0,Brandend,Overig asfalt,Droog,Duisternis,Droog,FIETSPAD,amsterdam,POINT (123311.31199999899 487755.49240000173),POINT (4.9218362014687225 52.37675428998372),4.9218362014687225,52.37675428998372
117843,20220080835,2022,Uitsluitend materiele schade,3,personenauto,fiets,Onbekend,"Kruispunt, 4 takken",Binnen,50.0,Niet brandend,Overig asfalt,Droog,Daglicht,Droog,Amsteldijk,amsterdam,POINT (122466.36459999904 484740.8112999983),POINT (4.909719691430416 52.34961095445832),4.909719691430416,52.34961095445832
117844,20220080885,2022,Uitsluitend materiele schade,1,snorfiets,unknown,Onbekend,Rechte weg,Binnen,30.0,Brandend,Overig asfalt,Droog,Duisternis,Droog,Jan Pieter Heijestraat,amsterdam,POINT (119307.0309999995 486365.1000000015),POINT (4.863180703961379 52.36401277216781),4.863180703961379,52.36401277216781
117966,20220081211,2022,Uitsluitend materiele schade,2,snorfiets,bestelauto,Flank,Rechte weg,Binnen,50.0,Niet brandend,Overig asfalt,Droog,Daglicht,Droog,Burg Van de Pollstraat,amsterdam,POINT (117208.4840000011 487448.2049999982),POINT (4.832250630880684 52.37360650440111),4.832250630880684,52.37360650440111
117994,20220102578,2022,Uitsluitend materiele schade,1,bromfiets,unknown,Onbekend,Unknown,Unknown,50.0,Unknown,Unknown,Unknown,Schemer,Unknown,Jan Evertsenstraat,amsterdam,POINT (118695.19999999925 487119.51199999824),POINT (4.8541170556927105 52.370752766947874),4.8541170556927105,52.370752766947874
118035,20220055689,2022,Uitsluitend materiele schade,1,snorfiets,unknown,Voetganger,Rechte weg,Binnen,30.0,Brandend,Klinkers,Droog,Duisternis,Droog,Vijzelstraat,amsterdam,POINT (121281.02199999988 486274.75400000066),POINT (4.892169693424016 52.363325531810226),4.892169693424016,52.363325531810226
118146,20220102346,2022,Letsel,2,personenauto,fiets,Onbekend,"Kruispunt, 4 takken",Binnen,50.0,Niet brandend,Overig asfalt,Droog,Daglicht,Droog,Tollensstraat,amsterdam,POINT (119739.29529999942 486633.33210000023),POINT (4.8694985796096795 52.36645136806584),4.8694985796096795,52.36645136806584
118157,20220015378,2022,Letsel,2,motor,fiets,Flank,"Kruispunt, 3 takken",Binnen,50.0,Brandend,Overig asfalt,Droog,Duisternis,Droog,Oosterpark,amsterdam,POINT (122974.22899999842 485747.34600000083),POINT (4.917077379736809 52.35868686728299),4.917077379736809,52.35868686728299
118191,20220102711,2022,Uitsluitend materiele schade,3,personenauto,fiets,Onbekend,Rechte weg,Binnen,50.0,Niet brandend,ZOAB,Droog,Daglicht,Droog,Notweg,amsterdam,POINT (115107.8590000011 486292.19900000095),POINT (4.801542456661083 52.36306866912723),4.801542456661083,52.36306866912723
118192,20220103004,2022,Letsel,2,personenauto,e-bike,Flank,"Kruispunt, 4 takken",Binnen,50.0,Niet brandend,Overig asfalt,Droog,Daglicht,Droog,Nassaukade,amsterdam,POINT (120267.4112999998 486638.03440000117),POINT (4.877251716862735 52.36652727994181),4.877251716862735,52.36652727994181
118212,20220054896,2022,Letsel,2,snorfiets,fiets,Flank,Rechte weg,Binnen,30.0,Niet brandend,Overig asfalt,Droog,Daglicht,Droog,Meer en Vaart,amsterdam,POINT (115572.22100000083 485671.6970000006),POINT (4.808432227703182 52.357525615132296),4.808432227703182,52.357525615132296
118263,20220015999,2022,Letsel,1,fiets,unknown,Eenzijdig,"Kruispunt, 3 takken",Unknown,30.0,Niet brandend,Overig asfalt,Droog,Daglicht,Droog,Weteringschans,amsterdam,POINT (120908.42610000074 486041.3977999985),POINT (4.886723399498962 52.36120529028042),4.886723399498962,52.36120529028042
118282,20220055163,2022,Uitsluitend materiele schade,2,fiets,personenauto,Onbekend,Unknown,Unknown,Unknown,Unknown,Unknown,Unknown,Duisternis,Unknown,Rijnstraat,amsterdam,POINT (122157.8040000014 484392.5949999988),POINT (4.905225192418026 52.34646305845877),4.905225192418026,52.34646305845877
118637,20230004103,2023,Letsel,2,snorfiets,voetganger,Voetganger,Rechte weg,Binnen,30.0,Brandend,Klinkers,Nat,Duisternis,Droog,Leibnizstraat,amsterdam,POINT (115918.66000000015 487612.25499999896),POINT (4.813291886116848 52.374990568203586),4.813291886116848,52.374990568203586
119107,20210091249,2021,Letsel,2,bromfiets,voetganger,Voetganger,Rechte weg,Binnen,Unknown,Niet brandend,Overig asfalt,Nat,Daglicht,Unknown,Australiehavenweg,amsterdam,POINT (114653.66899999976 489277.41099999845),POINT (4.794516337476736 52.38986408746798),4.794516337476736,52.38986408746798
119159,20230004220,2023,Letsel,2,bromfiets,fiets,Flank,"Kruispunt, 4 takken",Binnen,50.0,Brandend,Klinkers,Droog,Duisternis,Droog,Nieuwe Leliestraat,amsterdam,POINT (120647.36800000072 487656.9510000013),POINT (4.882725994681627 52.37570846737773),4.882725994681627,52.37570846737773
119164,20210092045,2021,Letsel,2,personenauto,e-bike,Flank,"Kruispunt, 4 takken",Binnen,50.0,Brandend,Unknown,Droog,Daglicht,Droog,Postjesweg,amsterdam,POINT (118764.15909999982 486402.6748000011),POINT (4.855206849468911 52.364314921309855),4.855206849468911,52.364314921309855
119229,20220175971,2022,Letsel,2,fiets,fiets,Kop/staart,Rechte weg,Binnen,50.0,Niet brandend,Overig asfalt,Droog,Daglicht,Droog,Piet Heinkade,amsterdam,POINT (122814.61699999869 487814.3839999996),POINT (4.914536521344987 52.37725467710844),4.914536521344987,52.37725467710844
119230,20220177682,2022,Letsel,3,personenauto,bromfiets,Onbekend,Rechte weg,Binnen,50.0,Niet brandend,Overig asfalt,Droog,Daglicht,Droog,Nassaukade,amsterdam,POINT (120286.50600000098 486611.7890000008),POINT (4.877534769206453 52.36629261223195),4.877534769206453,52.36629261223195
119231,20220177987,2022,Uitsluitend materiele schade,2,bromfiets,personenauto,Onbekend,Rechte weg,Binnen,30.0,Niet brandend,Klinkers,Nat,Daglicht,Regen,Sneeuwbalweg,amsterdam,POINT (123053.20199999958 490197.2659999989),POINT (4.917813549590162 52.398684260810974),4.917813549590162,52.398684260810974
119233,20220178325,2022,Uitsluitend materiele schade,2,personenauto,fiets,Flank,Rotonde,Binnen,50.0,Brandend,Overig asfalt,Droog,Daglicht,Droog,Comeniusstraat,amsterdam,POINT (116856.06920000166 485848.067400001),POINT (4.827257336370175 52.35920134013993),4.827257336370175,52.35920134013993
119263,20220177432,2022,Uitsluitend materiele schade,2,personenauto,fiets,Onbekend,"Kruispunt, 4 takken",Binnen,30.0,Niet brandend,Overig asfalt,Droog,Daglicht,Droog,Osdorper Ban,amsterdam,POINT (115083 486213),POINT (4.801186918190664 52.36235508596854),4.801186918190664,52.36235508596854
119264,20220177455,2022,Uitsluitend materiele schade,2,bromfiets,fiets,Los voorwerp,"Kruispunt, 4 takken",Binnen,50.0,Niet brandend,ZOAB,Droog,Daglicht,Droog,Slotermeerlaan,amsterdam,POINT (116262.3925999999 487504.6020999998),POINT (4.818351794978621 52.37404742800875),4.818351794978621,52.37404742800875
119300,20220177235,2022,Uitsluitend materiele schade,3,bromfiets,overig wegmeubilair,Vast voorwerp,"Kruispunt, 4 takken",Binnen,50.0,Brandend,Overig asfalt,Nat,Duisternis,Regen,Kinkerstraat,amsterdam,POINT (120204.75600000098 486839.66800000146),POINT (4.876310962492559 52.3683354521464),4.876310962492559,52.3683354521464
119301,20220177812,2022,Letsel,2,vrachtauto,fiets,Flank,"Kruispunt, 4 takken",Binnen,30.0,Niet aanwezig,Klinkers,Droog,Daglicht,Droog,Kinkerstraat,amsterdam,POINT (119844.90819999948 486694.9514000006),POINT (4.871042708726843 52.367011927953364),4.871042708726843,52.367011927953364
119302,20220178103,2022,Uitsluitend materiele schade,2,bromfiets,bromfiets,Flank,Rechte weg,Binnen,50.0,Niet brandend,Overig asfalt,Droog,Daglicht,Droog,Amstelveenseweg,amsterdam,POINT (118908.4990000017 483155.7039999999),POINT (4.857674149056168 52.33514295027657),4.857674149056168,52.33514295027657
119314,20220142123,2022,Uitsluitend materiele schade,2,scootmobiel,fiets,Flank,"Kruispunt, 4 takken",Binnen,50.0,Niet brandend,Overig asfalt,Droog,Daglicht,Droog,Havikslaan,amsterdam,POINT (123007.7303000018 488655.7652999982),POINT (4.917292330940824 52.38482771045422),4.917292330940824,52.38482771045422
119326,20220177592,2022,Letsel,3,bromfiets,voetganger,Voetganger,Rechte weg,Binnen,Unknown,Brandend,Overig asfalt,Nat,Duisternis,Regen,NESCIOBRUG,amsterdam,POINT (126735.19200000167 485533.5069999993),POINT (4.972303462111612 52.35697137873848),4.972303462111612,52.35697137873848
119329,20220178167,2022,Uitsluitend materiele schade,2,bromfiets,e-bike,Frontaal,Rechte weg,Binnen,Unknown,Brandend,Overig asfalt,Droog,Duisternis,Droog,Buiksloterweg,amsterdam,POINT (122141.38899999857 488441.8269999996),POINT (4.904588604850377 52.382853813739274),4.904588604850377,52.382853813739274
119345,20220123350,2022,Uitsluitend materiele schade,2,personenauto,fiets,Voetganger,"Kruispunt, 3 takken",Binnen,30.0,Niet brandend,Overig asfalt,Droog,Daglicht,Droog,Amstel,amsterdam,POINT (122130.68560000136 485952.45710000023),POINT (4.904674834293164 52.360480445819),4.904674834293164,52.360480445819
119383,20220123426,2022,Uitsluitend materiele schade,2,personenauto,fiets,Frontaal,"Kruispunt, 3 takken",Binnen,30.0,Niet brandend,Klinkers,Droog,Daglicht,Unknown,Ingelandenweg,amsterdam,POINT (114050.83700000122 485548.2432000004),POINT (4.786115567402869 52.356304814976575),4.786115567402869,52.356304814976575
119512,20220142569,2022,Letsel,2,bromfiets,personenauto,Onbekend,Rechte weg,Binnen,50.0,Niet brandend,Overig asfalt,Droog,Schemer,Droog,Rijnstraat,amsterdam,POINT (122106.18699999899 484586.3429999985),POINT (4.904448771022686 52.348201252317864),4.904448771022686,52.348201252317864
119521,20220155280,2022,Letsel,2,bromfiets,personenauto,Geparkeerd voertuig,Rechte weg,Binnen,50.0,Niet brandend,ZOAB,Droog,Schemer,Droog,Hoofdweg,amsterdam,POINT (118555.48699999973 486833.2710000016),POINT (4.852096676564455 52.36817099340358),4.852096676564455,52.36817099340358
119522,20220155346,2022,Uitsluitend materiele schade,2,snorfiets,personenauto,Kop/staart,Rechte weg,Binnen,50.0,Niet brandend,Beton,Droog,Daglicht,Droog,Keizersgracht,amsterdam,POINT (121186.58199999854 486338.15300000086),POINT (4.890776876864781 52.36388951251385),4.890776876864781,52.36388951251385
119636,20220141616,2022,Uitsluitend materiele schade,2,fiets,fiets,Onbekend,Rechte weg,Binnen,50.0,Niet brandend,Klinkers,Unknown,Daglicht,Droog,Dam,amsterdam,POINT (121333.65399999917 487388.3299999982),POINT (4.892830848931043 52.37333680027043),4.892830848931043,52.37333680027043
119672,20220141654,2022,Uitsluitend materiele schade,2,bromfiets,fiets,Flank,Rechte weg,Binnen,30.0,Niet brandend,Overig asfalt,Droog,Daglicht,Droog,Nieuwezijds Voorburgwal,amsterdam,POINT (121110.80999999866 486990.6739999987),POINT (4.889598706953138 52.369749243385144),4.889598706953138,52.369749243385144
119771,20230058124,2023,Uitsluitend materiele schade,2,personenauto,fiets,Frontaal,"Kruispunt, 4 takken",Binnen,50.0,Brandend,Overig asfalt,Droog,Duisternis,Unknown,Amstelveenseweg,amsterdam,POINT (118901.58650000021 484255.4041999988),POINT (4.857454820991227 52.3450258421602),4.857454820991227,52.3450258421602
119791,20230049586,2023,Uitsluitend materiele schade,2,fiets,personenauto,Flank,"Kruispunt, 3 takken",Binnen,30.0,Niet brandend,Klinkers,Droog,Daglicht,Droog,Reguliersbreestraat,amsterdam,POINT (121376 486677),POINT (4.893523808571701 52.36694646151095),4.893523808571701,52.36694646151095
119824,20230058772,2023,Letsel,2,bromfiets,fiets,Flank,Rechte weg,Binnen,30.0,Niet brandend,Unknown,Droog,Daglicht,Droog,Ferdinand Bolstraat,amsterdam,POINT (121219.59200000018 484929.9219999984),POINT (4.891402915318194 52.35123532593569),4.891402915318194,52.35123532593569
119846,20230049653,2023,Letsel,2,fiets,fiets,Frontaal,Rotonde,Binnen,30.0,Niet brandend,ZOAB,Droog,Daglicht,Droog,Rozenburglaan,amsterdam,POINT (124454.71510000154 483577.35649999976),POINT (4.939006693907846 52.33926865247979),4.939006693907846,52.33926865247979
119913,20230040398,2023,Letsel,3,fiets,fiets,Onbekend,Rechte weg,Binnen,30.0,Niet brandend,Overig asfalt,Droog,Daglicht,Droog,Sarphatistraat,amsterdam,POINT (121915.08999999985 485883.07499999925),POINT (4.901516772908468 52.35984394421563),4.901516772908468,52.35984394421563
119945,20230059337,2023,Uitsluitend materiele schade,2,personenauto,bromfiets,Geparkeerd voertuig,Rechte weg,Binnen,50.0,Niet brandend,Klinkers,Droog,Daglicht,Droog,Herengracht,amsterdam,POINT (121238.41600000113 486482.3599999994),POINT (4.891523364473424 52.365188733089475),4.891523364473424,52.365188733089475
119960,20230049276,2023,Letsel,2,bromfiets,fiets,Flank,"Kruispunt, 4 takken",Binnen,Unknown,Niet brandend,Overig asfalt,Droog,Daglicht,Droog,Nieuwe Leeuwarderweg,amsterdam,POINT (123419.14400000125 489537.19900000095),POINT (4.923252219443248 52.392773236117044),4.923252219443248,52.392773236117044
119995,20230059866,2023,Uitsluitend materiele schade,2,personenauto,fiets,Onbekend,Unknown,Binnen,Unknown,Unknown,Unknown,Droog,Duisternis,Unknown,Hogevecht,amsterdam,POINT (125746.61300000176 480228.52800000086),POINT (4.958253191815753 52.30924151153099),4.958253191815753,52.30924151153099
120003,20230040018,2023,Letsel,2,bromfiets,fiets,Flank,"Kruispunt, 4 takken",Binnen,50.0,Brandend,ZOAB,Droog,Duisternis,Droog,Schinkelhavenstraat,amsterdam,POINT (118766.8740000017 485347.8289999999),POINT (4.855360347144712 52.35483491467672),4.855360347144712,52.35483491467672
120044,20230040096,2023,Letsel,3,fiets,fiets,Onbekend,Rechte weg,Binnen,30.0,Niet brandend,Klinkers,Droog,Daglicht,Droog,P Cornelisz Hooftstr,amsterdam,POINT (120465.35200000182 485925.20899999887),POINT (4.880231029825749 52.360133390499236),4.880231029825749,52.360133390499236
120061,20230039546,2023,Letsel,2,fiets,fiets,Kop/staart,Rechte weg,Binnen,30.0,Niet brandend,Overig asfalt,Droog,Daglicht,Droog,Nieuwe Keizersgracht,amsterdam,POINT (122093.26099999994 486424.88899999857),POINT (4.904079221571647 52.36472410254741),4.904079221571647,52.36472410254741
120257,20220211750,2022,Letsel,3,fiets,personenauto,Onbekend,"Kruispunt, 4 takken",Binnen,50.0,Niet brandend,Overig asfalt,Nat,Daglicht,Droog,President Kennedylaan,amsterdam,POINT (121625.32919999957 483783.2291000001),POINT (4.897471492907235 52.34095439615934),4.897471492907235,52.34095439615934
120282,20220211773,2022,Letsel,2,bromfiets,voetganger,Voetganger,Rechte weg,Binnen,50.0,Niet brandend,Overig asfalt,Nat,Daglicht,Regen,Carolina MacGillavrylaan,amsterdam,POINT (125290.56799999997 485236.68499999866),POINT (4.951124527544798 52.354227508780056),4.951124527544798,52.354227508780056
120283,20220211781,2022,Uitsluitend materiele schade,1,bromfiets,unknown,Onbekend,Bocht,Binnen,50.0,Brandend,Overig asfalt,Nat,Duisternis,Droog,Ecuplein,amsterdam,POINT (114120.37099999934 484766.8680000007),POINT (4.787231140145388 52.349287619825134),4.787231140145388,52.349287619825134
120285,20220212479,2022,Letsel,2,bromfiets,fiets,Flank,"Kruispunt, 3 takken",Binnen,50.0,Brandend,Overig asfalt,Nat,Duisternis,Regen,Albert Cuypstraat,amsterdam,POINT (121151.86890000105 485346.85269999877),POINT (4.890367021408049 52.35497824944599),4.890367021408049,52.35497824944599
120459,20220211956,2022,Letsel,2,personenauto,fiets,Frontaal,Rechte weg,Binnen,30.0,Niet brandend,Beton,Nat,Duisternis,Regen,Oostelijke Handelskade,amsterdam,POINT (124326.18600000069 487454.3779999986),POINT (4.93676729323489 52.37410570667194),4.93676729323489,52.37410570667194
120491,20220210654,2022,Uitsluitend materiele schade,2,bromfiets,fiets,Flank,Rechte weg,Binnen,50.0,Niet brandend,Overig asfalt,Droog,Daglicht,Droog,Amstelveenseweg,amsterdam,POINT (118747.50800000131 485433.3669999987),POINT (4.855066879210849 52.35560239106678),4.855066879210849,52.35560239106678
120493,20220211995,2022,Uitsluitend materiele schade,2,personenauto,fiets,Flank,Rechte weg,Binnen,50.0,Brandend,ZOAB,Nat,Duisternis,Droog,Plesmanlaan,amsterdam,POINT (114734.10700000077 484399.0709999986),POINT (4.79628222977935 52.34602746432386),4.79628222977935,52.34602746432386
120562,20220210729,2022,Letsel,3,fiets,fiets,Flank,Rechte weg,Binnen,50.0,Brandend,Overig asfalt,Droog,Duisternis,Regen,Stadhouderskade,amsterdam,POINT (121031.36499999836 485777.8200000003),POINT (4.888554757809845 52.35884405111401),4.888554757809845,52.35884405111401
120563,20220212110,2022,Uitsluitend materiele schade,2,personenauto,fiets,Onbekend,Rechte weg,Binnen,50.0,Unknown,Unknown,Droog,Daglicht,Droog,Tweede Jan Steenstraat,amsterdam,POINT (121754.38199999928 485433.8720000014),POINT (4.899202054421544 52.35579710880751),4.899202054421544,52.35579710880751
120595,20220211473,2022,Uitsluitend materiele schade,2,bromfiets,personenauto,Frontaal,"Kruispunt, 3 takken",Binnen,50.0,Brandend,Klinkers,Nat,Schemer,Mist,Maassluisstraat,amsterdam,POINT (117478.3638000004 484788.1871000007),POINT (4.8365103289942954 52.34971877958209),4.8365103289942954,52.34971877958209
120596,20220212134,2022,Uitsluitend materiele schade,2,personenauto,fiets,Flank,"Kruispunt, 4 takken",Binnen,Unknown,Brandend,Overig asfalt,Nat,Schemer,Regen,Gabriël Metsustraat,amsterdam,POINT (120455 485475),POINT (4.880125304703771 52.356086574937564),4.880125304703771,52.356086574937564
120623,20220211515,2022,Uitsluitend materiele schade,3,personenauto,fiets,Onbekend,Rechte weg,Binnen,30.0,Niet aanwezig,ZOAB,Unknown,Daglicht,Regen,Sixhavenweg,amsterdam,POINT (122539.16099999845 488480.2980000004),POINT (4.910427027885013 52.38322322770163),4.910427027885013,52.38322322770163
120975,20230111305,2023,Uitsluitend materiele schade,2,personenauto,bromfiets,Flank,"Kruispunt, 4 takken",Binnen,30.0,Niet brandend,Overig asfalt,Nat,Daglicht,Droog,De Alpen,amsterdam,POINT (113177.81419999897 485203.17379999906),POINT (4.773344150404733 52.35313784846286),4.773344150404733,52.35313784846286
121084,20230066913,2023,Uitsluitend materiele schade,1,fiets,unknown,Voetganger,Rechte weg,Binnen,30.0,Brandend,ZOAB,Droog,Duisternis,Regen,Wiltzanghlaan,amsterdam,POINT (117958.41699999943 488345.2049999982),POINT (4.843163739160383 52.38171914522986),4.843163739160383,52.38171914522986
121102,20230020933,2023,Letsel,2,bromfiets,fiets,Flank,"Kruispunt, 4 takken",Binnen,50.0,Niet brandend,Overig asfalt,Droog,Daglicht,Droog,Ferdinand Bolstraat,amsterdam,POINT (121224.65199999884 484864.1429999992),POINT (4.8914837819115125 52.35064445949769),4.8914837819115125,52.35064445949769
121114,20230036768,2023,Uitsluitend materiele schade,2,snorfiets,personenauto,Flank,"Kruispunt, 4 takken",Binnen,50.0,Niet brandend,ZOAB,Droog,Daglicht,Droog,President Steynplantsoen,amsterdam,POINT (122886.44750000164 484888.06489999965),POINT (4.915870843867834 52.35095908495948),4.915870843867834,52.35095908495948
121143,20230067439,2023,Letsel,1,fiets,unknown,Eenzijdig,Rechte weg,Binnen,50.0,Niet brandend,Beton,Nat,Daglicht,Regen,Haarlemmerweg,amsterdam,POINT (120343.68299999833 488750.05700000003),POINT (4.878153701703012 52.38551341165871),4.878153701703012,52.38551341165871
121173,20230077473,2023,Uitsluitend materiele schade,3,fiets,fiets,Onbekend,Rechte weg,Binnen,50.0,Niet brandend,Overig asfalt,Droog,Daglicht,Droog,Admiraal De Ruijterweg,amsterdam,POINT (118367.58799999952 488548.08999999985),POINT (4.849150973831041 52.38356997338708),4.849150973831041,52.38356997338708
121216,20230068032,2023,Uitsluitend materiele schade,2,fiets,motor,Flank,"Kruispunt, 4 takken",Binnen,50.0,Niet brandend,Overig asfalt,Droog,Daglicht,Droog,Assumburg,amsterdam,POINT (119595.92799999937 482340.6790000014),POINT (4.8678452908706085 52.327862748280225),4.8678452908706085,52.327862748280225
121258,20230024605,2023,Uitsluitend materiele schade,2,bromfiets,bromfiets,Kop/staart,Rechte weg,Binnen,30.0,Niet brandend,ZOAB,Droog,Daglicht,Droog,Meer en Vaart,amsterdam,POINT (115393.42889999971 486309.59750000015),POINT (4.805732689310797 52.363245699029235),4.805732689310797,52.363245699029235
121327,20230024730,2023,Uitsluitend materiele schade,2,snorfiets,personenauto,Kop/staart,Rechte weg,Binnen,50.0,Niet brandend,ZOAB,Droog,Daglicht,Droog,Baarsjesweg,amsterdam,POINT (118938.78229999915 486445.8546000011),POINT (4.8577658483870945 52.3647144820596),4.8577658483870945,52.3647144820596
121353,20230020711,2023,Uitsluitend materiele schade,2,bromfiets,personenauto,Frontaal,"Kruispunt, 4 takken",Binnen,30.0,Niet brandend,Klinkers,Droog,Daglicht,Droog,Waarschapsstraat,amsterdam,POINT (130643.17220000178 480478.39189999923),POINT (5.030033340856173 52.311725725401864),5.030033340856173,52.311725725401864