,accident_id,accident_year,outcome,num_parties,party1_type,party2_type,accident_nature,road_situation,built_up_area,speed_limit_kmh,street_lighting,road_surface,road_condition,light_condition,weather_condition,street_name,municipality,shape,geometry,longitude,latitude
121382,20230022977,2023,Uitsluitend materiele schade,1,fiets,unknown,Voetganger,Rechte weg,Buiten,Unknown,Niet brandend,Overig asfalt,Droog,Daglicht,Droog,Westpoortweg,amsterdam,POINT (110832.80999999866 492977.12000000104),POINT (4.7379041224491765 52.42281930826377),4.7379041224491765,52.42281930826377
121459,20230097497,2023,Letsel,2,personenauto,fiets,Frontaal,"Kruispunt, 4 takken",Binnen,50.0,Niet brandend,Beton,Nat,Daglicht,Droog,Arent Janszoon Ernststr,amsterdam,POINT (120200.5159999989 482806.3590000011),POINT (4.876665825128346 52.332086573183346),4.876665825128346,52.332086573183346
121475,20230087579,2023,Uitsluitend materiele schade,2,bromfiets,fiets,Flank,"Kruispunt, 4 takken",Binnen,Unknown,Niet brandend,Overig asfalt,Droog,Daglicht,Droog,Entabeni,amsterdam,POINT (126001.71420000121 481756.89169999957),POINT (4.961862245507063 52.32299112753534),4.961862245507063,52.32299112753534
121505,20230102613,2023,Letsel,2,fiets,fiets,Kop/staart,Rechte weg,Binnen,30.0,Niet brandend,Klinkers,Droog,Daglicht,Droog,Panamalaan,amsterdam,POINT (124119 486578),POINT (4.933805419022737 52.36621778882073),4.933805419022737,52.36621778882073
121769,20210079149,2021,Uitsluitend materiele schade,2,fiets,e-bike,Onbekend,Rechte weg,Binnen,30.0,Niet brandend,Overig asfalt,Droog,Daglicht,Droog,Jan Pieter Heijestraat,amsterdam,POINT (119329.24300000072 486306.56799999997),POINT (4.863513003874354 52.3634881720036),4.863513003874354,52.3634881720036
121792,20210078631,2021,Uitsluitend materiele schade,2,bromfiets,bestelauto,Flank,Rechte weg,Binnen,50.0,Niet brandend,Overig asfalt,Droog,Daglicht,Droog,Herculesstraat,amsterdam,POINT (119294.94000000134 484609.36199999973),POINT (4.863189555971554 52.34823266500407),4.863189555971554,52.34823266500407
121896,20210085167,2021,Uitsluitend materiele schade,2,bromfiets,personenauto,Flank,Rechte weg,Binnen,50.0,Niet brandend,ZOAB,Droog,Daglicht,Droog,Kamerlingh Onneslaan,amsterdam,POINT (123790.28979999945 485081.7762000002),POINT (4.929118235882755 52.35275211789823),4.929118235882755,52.35275211789823
121959,20210023483,2021,Uitsluitend materiele schade,3,fiets,bromfiets,Onbekend,Rechte weg,Binnen,50.0,Niet brandend,Beton,Droog,Daglicht,Droog,Heemstedestraat,amsterdam,POINT (118180.26399999857 484991.0179999992),POINT (4.8467892713222716 52.35158915753174),4.8467892713222716,52.35158915753174
121971,20210004665,2021,Uitsluitend materiele schade,2,fiets,personenauto,Flank,Rechte weg,Binnen,50.0,Brandend,ZOAB,Droog,Duisternis,Droog,Zuiderzeeweg,amsterdam,POINT (126400.34600000083 487948.88500000164),POINT (4.96718289992932 52.378661959382114),4.96718289992932,52.378661959382114
122049,20210020279,2021,Uitsluitend materiele schade,2,bromfiets,personenauto,Flank,"Kruispunt, 3 takken",Binnen,50.0,Niet brandend,Overig asfalt,Droog,Daglicht,Droog,Majoor Fransweg,amsterdam,POINT (117779 488351),POINT (4.840528061616333 52.38175909096163),4.840528061616333,52.38175909096163
122150,20210021724,2021,Letsel,3,fiets,overig wegmeubilair,Vast voorwerp,Rechte weg,Binnen,Unknown,Brandend,Overig asfalt,Droog,Schemer,Droog,Linnaeusstraat,amsterdam,POINT (123649.32800000161 485609.1009999998),POINT (4.927000167250927 52.357483350519466),4.927000167250927,52.357483350519466
122233,20210005081,2021,Letsel,2,personenauto,fiets,Geparkeerd voertuig,Rechte weg,Binnen,30.0,Brandend,Klinkers,Nat,Duisternis,Droog,Haarlemmerweg,amsterdam,POINT (118421 488689),POINT (4.84992010608058 52.38483992425116),4.84992010608058,52.38483992425116
122241,20210011583,2021,Uitsluitend materiele schade,3,snorfiets,personenauto,Onbekend,Rotonde,Binnen,50.0,Niet brandend,Overig asfalt,Droog,Daglicht,Droog,Burgemeester Röellstraat,amsterdam,POINT (116314 487728),POINT (4.819083884160802 52.37605878778799),4.819083884160802,52.37605878778799
122453,20210054761,2021,Uitsluitend materiele schade,2,snorfiets,personenauto,Frontaal,"Kruispunt, 3 takken",Binnen,50.0,Niet brandend,Overig asfalt,Droog,Daglicht,Droog,Kamerlingh Onneslaan,amsterdam,POINT (123790.28979999945 485081.7762000002),POINT (4.929118235882755 52.35275211789823),4.929118235882755,52.35275211789823
122461,20210059670,2021,Uitsluitend materiele schade,2,personenauto,bromfiets,Onbekend,"Kruispunt, 4 takken",Binnen,30.0,Niet brandend,Klinkers,Droog,Daglicht,Droog,Dintelstraat,amsterdam,POINT (121331.95089999959 484154.8599999994),POINT (4.893129507250903 52.34427647922891),4.893129507250903,52.34427647922891
122558,20210070834,2021,Uitsluitend materiele schade,2,personenauto,fiets,Flank,Rechte weg,Binnen,30.0,Niet brandend,Overig asfalt,Nat,Daglicht,Regen,Van Woustraat,amsterdam,POINT (121808.75 485500.4600000009),POINT (4.8999935078594 52.35639884421478),4.8999935078594,52.35639884421478
122590,20210036188,2021,Letsel,2,bromfiets,fiets,Flank,"Kruispunt, 4 takken",Binnen,30.0,Brandend,Overig asfalt,Nat,Schemer,Droog,Haarlemmermeerstraat,amsterdam,POINT (118425.34540000185 485352.3557999991),POINT (4.850346975414561 52.3548529687905),4.850346975414561,52.3548529687905
122680,20210072167,2021,Uitsluitend materiele schade,2,bestelauto,bromfiets,Flank,"Kruispunt, 3 takken",Binnen,50.0,Niet brandend,Overig asfalt,Nat,Daglicht,Regen,Daniël Goedkoopstraat,amsterdam,POINT (123350.73889999837 483053.6209000014),POINT (4.9228575407353565 52.33449918348598),4.9228575407353565,52.33449918348598
122749,20210053533,2021,Uitsluitend materiele schade,1,bromfiets,unknown,Voetganger,Rechte weg,Binnen,50.0,Niet brandend,Beton,Droog,Daglicht,Droog,Slotermeerlaan,amsterdam,POINT (116277.04699999839 487667.9210000001),POINT (4.81854816230481 52.375516241098694),4.81854816230481,52.375516241098694
122764,20210065490,2021,Uitsluitend materiele schade,3,bromfiets,fiets,Onbekend,Rechte weg,Binnen,30.0,Niet brandend,Beton,Droog,Daglicht,Unknown,Kormelinkweg,amsterdam,POINT (126632.15100000054 480982.19099999964),POINT (4.971174350273626 52.31606141187379),4.971174350273626,52.31606141187379
122780,20210048755,2021,Uitsluitend materiele schade,2,fiets,fiets,Frontaal,Bocht,Binnen,30.0,Brandend,Overig asfalt,Droog,Duisternis,Droog,Varenweg,amsterdam,POINT (122937.68600000069 489206.7989999987),POINT (4.916210928550861 52.38977592303519),4.916210928550861,52.38977592303519
122815,20210063740,2021,Uitsluitend materiele schade,2,personenauto,fiets,Flank,"Kruispunt, 4 takken",Binnen,50.0,Brandend,ZOAB,Droog,Duisternis,Droog,Van Leijenberghlaan,amsterdam,POINT (120388.19200000167 482347.38800000027),POINT (4.879466249768331 52.327973486253214),4.879466249768331,52.327973486253214
122817,20210065543,2021,Uitsluitend materiele schade,2,fiets,e-bike,Flank,"Kruispunt, 3 takken",Binnen,50.0,Niet brandend,Klinkers,Droog,Daglicht,Unknown,Polderweg,amsterdam,POINT (123841.57569999993 485647.7740999982),POINT (4.929818548996935 52.357841856186624),4.929818548996935,52.357841856186624
122869,20210042122,2021,Uitsluitend materiele schade,2,personenauto,fiets,Kop/staart,"Kruispunt, 4 takken",Binnen,50.0,Niet brandend,Overig asfalt,Droog,Daglicht,Droog,Rustenburgerstraat,amsterdam,POINT (121216.34769999981 484949.9483000003),POINT (4.891353289119221 52.351415109399326),4.891353289119221,52.351415109399326
123063,20210076302,2021,Uitsluitend materiele schade,2,snorfiets,fiets,Flank,Rechte weg,Binnen,30.0,Niet brandend,Overig asfalt,Droog,Daglicht,Droog,Leidseplein,amsterdam,POINT (120652.5 486412.5),POINT (4.8829285141420735 52.36452455351917),4.8829285141420735,52.36452455351917
123434,20220080675,2022,Letsel,2,personenauto,e-bike,Flank,"Kruispunt, 4 takken",Binnen,30.0,Niet brandend,Overig asfalt,Droog,Daglicht,Droog,Afrikanerplein,amsterdam,POINT (123019.4792000018 485051.45699999854),POINT (4.917807769132837 52.35243530632158),4.917807769132837,52.35243530632158
123500,20220016754,2022,Uitsluitend materiele schade,2,personenauto,e-bike,Flank,"Kruispunt, 4 takken",Binnen,50.0,Niet brandend,Overig asfalt,Droog,Daglicht,Droog,Ruyschstraat,amsterdam,POINT (122496.7659999989 485619.4990000017),POINT (4.9100809785506305 52.357509822159905),4.9100809785506305,52.357509822159905
123521,20220080954,2022,Uitsluitend materiele schade,2,personenauto,fiets,Flank,"Kruispunt, 4 takken",Binnen,50.0,Niet brandend,Klinkers,Droog,Daglicht,Droog,Jan Evertsenstraat,amsterdam,POINT (118425.80900000036 487041.5069999993),POINT (4.850170063932973 52.3700338413985),4.850170063932973,52.3700338413985
123522,20220080986,2022,Uitsluitend materiele schade,1,bromfiets,unknown,Onbekend,Bocht,Binnen,30.0,Brandend,Klinkers,Droog,Duisternis,Droog,Herengracht,amsterdam,POINT (120894.59600000083 486819.00400000066),POINT (4.886441501321419 52.3681930105821),4.886441501321419,52.3681930105821
123583,20220035918,2022,Uitsluitend materiele schade,2,bromfiets,personenauto,Flank,"Kruispunt, 4 takken",Binnen,50.0,Brandend,Overig asfalt,Nat,Duisternis,Regen,Kamperfoelieweg,amsterdam,POINT (122589.36230000108 490351.14730000123),POINT (4.910983767772451 52.40004003191468),4.910983767772451,52.40004003191468
123589,20220055422,2022,Uitsluitend materiele schade,2,bromfiets,personenauto,Kop/staart,Rechte weg,Binnen,50.0,Niet brandend,Overig asfalt,Droog,Daglicht,Droog,Van Nijenrodeweg,amsterdam,POINT (119653.70389999822 482350.77109999955),POINT (4.86869174035377 52.32795716652212),4.86869174035377,52.32795716652212
123695,20220055673,2022,Letsel,2,bromfiets,motor,Flank,"Kruispunt, 4 takken",Binnen,50.0,Brandend,Overig asfalt,Droog,Duisternis,Droog,De Ruijterkade,amsterdam,POINT (122163.30579999834 487921.1838000007),POINT (4.904961385935026 52.37817595393588),4.904961385935026,52.37817595393588
123752,20220102028,2022,Uitsluitend materiele schade,3,personenauto,fiets,Los voorwerp,Rechte weg,Binnen,30.0,Brandend,Klinkers,Droog,Duisternis,Droog,Herengracht,amsterdam,POINT (121608.10799999908 486436.6279999986),POINT (4.896955459697514 52.364800324958004),4.896955459697514,52.364800324958004
123763,20220054626,2022,Letsel,1,bromfiets,unknown,Eenzijdig,Rechte weg,Binnen,30.0,Brandend,Klinkers,Droog,Duisternis,Droog,Marnixstraat,amsterdam,POINT (120316.61699999869 486883.66000000015),POINT (4.877948799779006 52.36873789625751),4.877948799779006,52.36873789625751
123774,20220102191,2022,Uitsluitend materiele schade,1,bromfiets,unknown,Voetganger,Rechte weg,Binnen,Unknown,Brandend,Overig asfalt,Droog,Duisternis,Droog,Plein '40-'45,amsterdam,POINT (116426.8535999991 488096.2952999994),POINT (4.820698829662089 52.37937666977862),4.820698829662089,52.37937666977862
123775,20220102527,2022,Letsel,1,bromfiets,unknown,Eenzijdig,Bocht,Binnen,Unknown,Brandend,Overig asfalt,Droog,Duisternis,Droog,IJplein,amsterdam,POINT (122413.92700000107 488313.9600000009),POINT (4.908603815912748 52.381720880595445),4.908603815912748,52.381720880595445
123787,20220054706,2022,Uitsluitend materiele schade,2,snorfiets,fiets,Flank,Rechte weg,Binnen,Unknown,Brandend,Overig asfalt,Droog,Schemer,Droog,Slotermeerlaan,amsterdam,POINT (116275.90900000185 487587.43299999833),POINT (4.818540726190668 52.374792799227045),4.818540726190668,52.374792799227045
123808,20220102634,2022,Uitsluitend materiele schade,2,bromfiets,personenauto,Frontaal,Rechte weg,Binnen,50.0,Niet brandend,Overig asfalt,Droog,Daglicht,Droog,Slijterstraat,amsterdam,POINT (125166.37299999967 486889.9279999994),POINT (4.94915496870452 52.369079084791416),4.94915496870452,52.369079084791416
123818,20220015358,2022,Uitsluitend materiele schade,1,bromfiets,unknown,Voetganger,Rechte weg,Binnen,50.0,Niet brandend,Overig asfalt,Nat,Daglicht,Droog,Zeilstraat,amsterdam,POINT (118748.24599999934 484932.73900000006),POINT (4.855131655489611 52.35110315443822),4.855131655489611,52.35110315443822
123827,20220054846,2022,Uitsluitend materiele schade,2,personenauto,bromfiets,Flank,"Kruispunt, 3 takken",Binnen,50.0,Niet brandend,Overig asfalt,Droog,Daglicht,Droog,President Steynstraat,amsterdam,POINT (122842.98369999975 484861.5267000012),POINT (4.915235478772073 52.35071803493982),4.915235478772073,52.35071803493982
123840,20220102479,2022,Uitsluitend materiele schade,1,e-bike,unknown,Flank,Rechte weg,Binnen,30.0,Niet brandend,Overig asfalt,Droog,Daglicht,Droog,Vondelpark,amsterdam,POINT (120029.1259999983 485835.31799999997),POINT (4.873836765510185 52.35929791677497),4.873836765510185,52.35929791677497
123842,20220103003,2022,Uitsluitend materiele schade,2,bromfiets,fiets,Kop/staart,Rechte weg,Binnen,30.0,Niet brandend,Overig asfalt,Droog,Daglicht,Droog,Plesmanlaan,amsterdam,POINT (117242.42700000107 484980.4149999991),POINT (4.833026138911778 52.351430220446595),4.833026138911778,52.351430220446595
123844,20220103233,2022,Uitsluitend materiele schade,1,bromfiets,unknown,Voetganger,Rechte weg,Binnen,50.0,Niet brandend,Unknown,Droog,Daglicht,Droog,Tussen Meer,amsterdam,POINT (114389.29699999839 485548.91699999943),POINT (4.79108344789713 52.35633599438581),4.79108344789713,52.35633599438581
123845,20220103247,2022,Uitsluitend materiele schade,2,personenauto,fiets,Flank,"Kruispunt, 4 takken",Binnen,50.0,Niet brandend,Overig asfalt,Droog,Daglicht,Droog,Radarweg,amsterdam,POINT (117451.67749999836 489691.0789999999),POINT (4.835570957901807 52.39378035401911),4.835570957901807,52.39378035401911
123879,20220103324,2022,Uitsluitend materiele schade,2,bromfiets,fiets,Kop/staart,Rechte weg,Binnen,Unknown,Niet aanwezig,ZOAB,Droog,Daglicht,Droog,Troelstralaan,amsterdam,POINT (115038.85300000012 487014.9439999983),POINT (4.800443515017261 52.36955910053329),4.800443515017261,52.36955910053329
123915,20220016052,2022,Uitsluitend materiele schade,2,e-bike,personenauto,Kop/staart,Rechte weg,Binnen,30.0,Brandend,Klinkers,Nat,Duisternis,Droog,Pieter Calandlaan,amsterdam,POINT (116558.54300000146 485511.99500000104),POINT (4.8229283098146745 52.35616023862477),4.8229283098146745,52.35616023862477
124130,20230003945,2023,Uitsluitend materiele schade,3,personenauto,bromfiets,Geparkeerd voertuig,Rechte weg,Binnen,30.0,Brandend,Klinkers,Nat,Duisternis,Droog,Raamplein,amsterdam,POINT (120471.6950000003 486615.8819999993),POINT (4.880253223511688 52.36634107045159),4.880253223511688,52.36634107045159
124159,20230004580,2023,Letsel,2,bromfiets,personenauto,Onbekend,"Kruispunt, 3 takken",Binnen,50.0,Brandend,Overig asfalt,Droog,Duisternis,Droog,Marnixplein,amsterdam,POINT (120373.49579999968 487894.5238999985),POINT (4.878679772716584 52.37782639603906),4.878679772716584,52.37782639603906
124227,20230006122,2023,Uitsluitend materiele schade,2,fiets,personenauto,Flank,"Kruispunt, 4 takken",Binnen,50.0,Niet brandend,Overig asfalt,Nat,Daglicht,Regen,Overtoom,amsterdam,POINT (118903.65509999916 485719.13599999994),POINT (4.8573281466550835 52.35818095797707),4.8573281466550835,52.35818095797707
124282,20230004128,2023,Uitsluitend materiele schade,2,bromfiets,fiets,Flank,"Kruispunt, 4 takken",Binnen,50.0,Brandend,ZOAB,Nat,Duisternis,Regen,Oostenburgervoorstraat,amsterdam,POINT (123314 486872),POINT (4.921958964128099 52.36881421481327),4.921958964128099,52.36881421481327
124528,20210037341,2021,Letsel,2,bestelauto,fiets,Flank,"Kruispunt, 4 takken",Binnen,50.0,Niet brandend,Unknown,Droog,Daglicht,Droog,Pieter Baststraat,amsterdam,POINT (120794.30790000036 485057.25549999997),POINT (4.885148225004016 52.35235340324413),4.885148225004016,52.35235340324413
124819,20210092243,2021,Letsel,1,snorfiets,unknown,Eenzijdig,Rechte weg,Binnen,50.0,Niet brandend,Overig asfalt,Droog,Daglicht,Unknown,Osdorperweg,amsterdam,POINT (114744.16600000113 484243.89400000125),POINT (4.796448403434373 52.34463359086023),4.796448403434373,52.34463359086023
124885,20220176077,2022,Uitsluitend materiele schade,2,snorfiets,motor,Kop/staart,"Kruispunt, 4 takken",Binnen,50.0,Brandend,Unknown,Droog,Duisternis,Droog,Stadhouderskade,amsterdam,POINT (121764.0485999994 485649.38699999824),POINT (4.899322648948649 52.35773459736638),4.899322648948649,52.35773459736638
124932,20220142077,2022,Uitsluitend materiele schade,2,personenauto,fiets,Onbekend,Unknown,Unknown,30.0,Unknown,Unknown,Unknown,Daglicht,Unknown,Nieuwezijds Voorburgwal,amsterdam,POINT (121340.76399999857 487648.80900000036),POINT (4.892909163951795 52.37567823577364),4.892909163951795,52.37567823577364
124946,20220177593,2022,Uitsluitend materiele schade,2,bromfiets,e-bike,Flank,"Kruispunt, 4 takken",Binnen,50.0,Brandend,Overig asfalt,Droog,Duisternis,Droog,Pieter Calandlaan,amsterdam,POINT (115651.51830000058 485277.59059999883),POINT (4.809642299779437 52.35398937885913),4.809642299779437,52.35398937885913
125053,20220123665,2022,Uitsluitend materiele schade,2,personenauto,fiets,Flank,Rotonde,Binnen,50.0,Niet brandend,Overig asfalt,Droog,Daglicht,Droog,Ookmeerweg,amsterdam,POINT (114136.15909999982 486261.9305000007),POINT (4.787281220336844 52.36272520867678),4.787281220336844,52.36272520867678
125173,20220155375,2022,Letsel,3,personenauto,fiets,Vast voorwerp,"Kruispunt, 4 takken",Binnen,50.0,Niet brandend,Overig asfalt,Droog,Daglicht,Droog,Nassaukade,amsterdam,POINT (120049.61780000106 487217.34760000184),POINT (4.873993910507227 52.37171991157909),4.873993910507227,52.37171991157909
125199,20220155507,2022,Uitsluitend materiele schade,2,fiets,fiets,Frontaal,Rechte weg,Binnen,30.0,Niet brandend,Klinkers,Droog,Daglicht,Droog,De Ruijterkade,amsterdam,POINT (122344.08199999854 487857.875),POINT (4.907622346415534 52.377617760564576),4.907622346415534,52.377617760564576
125349,20220141875,2022,Letsel,2,personenauto,e-bike,Flank,Rotonde,Binnen,50.0,Niet brandend,Overig asfalt,Droog,Daglicht,Droog,FIETSPAD,amsterdam,POINT (114844.98209999874 484563.8883999996),POINT (4.797889628859285 52.347516827910184),4.797889628859285,52.347516827910184
125371,20230050059,2023,Letsel,2,motor,bromfiets,Eenzijdig,"Kruispunt, 4 takken",Binnen,50.0,Niet brandend,ZOAB,Droog,Daglicht,Droog,Duivendrechtselaan,amsterdam,POINT (124556.94739999995 483484.76000000164),POINT (4.940515098563718 52.33844212185402),4.940515098563718,52.33844212185402
125390,20230040744,2023,Uitsluitend materiele schade,2,bromfiets,snorfiets,Flank,Rechte weg,Binnen,50.0,Niet brandend,ZOAB,Droog,Daglicht,Droog,Nobelweg,amsterdam,POINT (123607.88599999994 484692.5029999986),POINT (4.9264773709416065 52.34924318662679),4.9264773709416065,52.34924318662679
125400,20230050112,2023,Uitsluitend materiele schade,2,bromfiets,personenauto,Kop/staart,Rechte weg,Binnen,50.0,Niet brandend,Overig asfalt,Droog,Daglicht,Droog,Methaanweg,amsterdam,POINT (117834.61300000176 491275.41099999845),POINT (4.841021077784735 52.40804509581559),4.841021077784735,52.40804509581559
125401,20230050113,2023,Letsel,3,fiets,fiets,Onbekend,"Kruispunt, 4 takken",Binnen,30.0,Niet brandend,Klinkers,Droog,Daglicht,Droog,Nieuwezijds Voorburgwal,amsterdam,POINT (121186 487310),POINT (4.890670582121924 52.37262375374616),4.890670582121924,52.37262375374616
125409,20230059473,2023,Uitsluitend materiele schade,2,personenauto,e-bike,Flank,"Kruispunt, 4 takken",Binnen,50.0,Niet brandend,Overig asfalt,Droog,Daglicht,Droog,Beemsterstraat,amsterdam,POINT (125350.33469999954 490036.73690000176),POINT (4.951578280684148 52.39737046382716),4.951578280684148,52.39737046382716
125415,20230040800,2023,Uitsluitend materiele schade,2,personenauto,fiets,Onbekend,"Kruispunt, 4 takken",Binnen,50.0,Brandend,Overig asfalt,Droog,Duisternis,Droog,FIETSPAD,amsterdam,POINT (116453.0064000003 488318.14339999855),POINT (4.821057451187852 52.38137229807358),4.821057451187852,52.38137229807358
125455,20230059549,2023,Uitsluitend materiele schade,2,personenauto,fiets,Flank,"Kruispunt, 4 takken",Binnen,30.0,Niet brandend,Overig asfalt,Droog,Daglicht,Droog,De Clercqstraat,amsterdam,POINT (119643.39600000158 487069.2061999999),POINT (4.868044777318915 52.370362521439),4.868044777318915,52.370362521439
125475,20230058815,2023,Uitsluitend materiele schade,2,fiets,fiets,Kop/staart,"Kruispunt, 4 takken",Binnen,30.0,Niet brandend,ZOAB,Droog,Daglicht,Droog,Frederiksplein,amsterdam,POINT (121774.99830000103 486013.9188000001),POINT (4.899447367725417 52.36101142438511),4.899447367725417,52.36101142438511
125476,20230059568,2023,Letsel,2,bromfiets,fiets,Voetganger,"Kruispunt, 3 takken",Binnen,50.0,Niet brandend,Overig asfalt,Droog,Daglicht,Droog,Zeilstraat,amsterdam,POINT (118680.16180000082 484897.09420000017),POINT (4.854136262152368 52.35077830834067),4.854136262152368,52.35077830834067
125477,20230060026,2023,Uitsluitend materiele schade,2,motor,fiets,Flank,Rechte weg,Binnen,50.0,Niet brandend,Beton,Droog,Daglicht,Droog,Wethouder Frankeweg,amsterdam,POINT (124209.94799999893 484876.56700000167),POINT (4.935296435959113 52.35093150217412),4.935296435959113,52.35093150217412
125563,20230048664,2023,Uitsluitend materiele schade,2,bestelauto,bromfiets,Flank,"Kruispunt, 3 takken",Binnen,50.0,Niet brandend,ZOAB,Droog,Daglicht,Droog,Willem Schermerhornstr,amsterdam,POINT (115233.85350000113 488454.8407999985),POINT (4.803136221159709 52.38251386291044),4.803136221159709,52.38251386291044
125596,20230066182,2023,Letsel,2,personenauto,fiets,Flank,Rechte weg,Binnen,50.0,Niet brandend,Overig asfalt,Nat,Daglicht,Droog,Amsteldijk,amsterdam,POINT (122252.83100000024 485255.54399999976),POINT (4.906535743925911 52.354224350348595),4.906535743925911,52.354224350348595
125607,20230049850,2023,Uitsluitend materiele schade,2,personenauto,snorfiets,Kop/staart,Rechte weg,Binnen,50.0,Niet brandend,Overig asfalt,Droog,Daglicht,Droog,Schipmolen,amsterdam,POINT (121160.52600000054 492395.0720000006),POINT (4.8897839520439135 52.41832297515711),4.8897839520439135,52.41832297515711
125624,20230050454,2023,Letsel,3,fiets,fiets,Onbekend,Rechte weg,Binnen,15.0,Niet brandend,Klinkers,Droog,Daglicht,Droog,Van Baerlestraat,amsterdam,POINT (120525.9059999995 485303.6710000001),POINT (4.881183637721097 52.35455124204226),4.881183637721097,52.35455124204226
125705,20230039576,2023,Uitsluitend materiele schade,2,bromfiets,fiets,Flank,"Kruispunt, 4 takken",Binnen,50.0,Brandend,Beton,Droog,Duisternis,Droog,Slatuinenweg,amsterdam,POINT (119321 487114.9770000018),POINT (4.863306198563006 52.37075302448818),4.863306198563006,52.37075302448818
125890,20220211050,2022,Letsel,2,personenauto,fiets,Frontaal,"Kruispunt, 4 takken",Binnen,50.0,Brandend,Overig asfalt,Droog,Duisternis,Droog,Weteringlaan,amsterdam,POINT (121185.9849999994 485686.30999999866),POINT (4.890833651413056 52.358031160813745),4.890833651413056,52.358031160813745
125954,20220210388,2022,Uitsluitend materiele schade,2,snorfiets,personenauto,Flank,"Kruispunt, 4 takken",Binnen,50.0,Niet brandend,Beton,Droog,Daglicht,Droog,Burgemeester Fockstraat,amsterdam,POINT (117201.97720000148 488087.54659999907),POINT (4.832083169231522 52.37935195557156),4.832083169231522,52.37935195557156
125955,20220211168,2022,Letsel,2,bestelauto,fiets,Flank,"Kruispunt, 3 takken",Binnen,Unknown,Brandend,ZOAB,Droog,Schemer,Droog,Wibautstraat,amsterdam,POINT (122714.36470000073 484990.3808000013),POINT (4.913335434990385 52.35186855015265),4.913335434990385,52.35186855015265
126027,20220211228,2022,Uitsluitend materiele schade,3,personenauto,fiets,Onbekend,Rechte weg,Binnen,30.0,Brandend,Overig asfalt,Nat,Duisternis,Regen,Bellamyplein,amsterdam,POINT (119619.80900000036 486840.73999999836),POINT (4.86772249636632 52.36830771528997),4.86772249636632,52.36830771528997
126028,20220211233,2022,Letsel,1,fiets,unknown,Eenzijdig,Rechte weg,Binnen,50.0,Niet brandend,Overig asfalt,Nat,Daglicht,Regen,Amsteldijk,amsterdam,POINT (122103.35599999875 485634.4070000015),POINT (4.904304750009503 52.35762038936029),4.904304750009503,52.35762038936029
126088,20220211964,2022,Uitsluitend materiele schade,2,personenauto,fiets,Flank,"Kruispunt, 4 takken",Binnen,50.0,Brandend,Overig asfalt,Nat,Duisternis,Regen,Van Nijenrodeweg,amsterdam,POINT (119678.19689999893 482324.7846999988),POINT (4.8690537509197815 52.327725191748144),4.8690537509197815,52.327725191748144
126208,20220211450,2022,Uitsluitend materiele schade,3,personenauto,fiets,Kop/staart,"Kruispunt, 4 takken",Binnen,50.0,Brandend,Klinkers,Nat,Duisternis,Droog,Koningsplein,amsterdam,POINT (121070 486678),POINT (4.889031060127168 52.36693663029024),4.889031060127168,52.36693663029024
126250,20220211500,2022,Uitsluitend materiele schade,2,snorfiets,personenauto,Flank,Rechte weg,Binnen,50.0,Niet brandend,Overig asfalt,Nat,Daglicht,Regen,Buikslotermeerplein,amsterdam,POINT (124548.75899999961 490127.76099999994),POINT (4.9397932548730115 52.39814463008229),4.9397932548730115,52.39814463008229
126646,20230112053,2023,Letsel,2,personenauto,fiets,Geparkeerd voertuig,Rechte weg,Binnen,30.0,Brandend,Overig asfalt,Nat,Duisternis,Regen,Vijzelgracht,amsterdam,POINT (121215.10500000045 485983.3289999999),POINT (4.891231265846725 52.36070235513075),4.891231265846725,52.36070235513075
126679,20230066782,2023,Uitsluitend materiele schade,3,personenauto,bromfiets,Kop/staart,"Kruispunt, 4 takken",Binnen,30.0,Brandend,Overig asfalt,Droog,Duisternis,Unknown,FIETSPAD,amsterdam,POINT (122066.34710000083 490733.54190000147),POINT (4.903261660662016 52.403445565037444),4.903261660662016,52.403445565037444
126680,20230067282,2023,Uitsluitend materiele schade,2,bromfiets,personenauto,Kop/staart,Rechte weg,Binnen,50.0,Niet brandend,Overig asfalt,Droog,Daglicht,Droog,Stationsplein,amsterdam,POINT (131546.90799999982 480394.9279999994),POINT (5.04329137683816 52.311014856211955),5.04329137683816,52.311014856211955
126711,20230066996,2023,Uitsluitend materiele schade,2,personenauto,fiets,Flank,"Kruispunt, 3 takken",Binnen,50.0,Brandend,Beton,Droog,Duisternis,Droog,Pieter Langendijkstraat,amsterdam,POINT (119212.83740000054 485863.68279999867),POINT (4.861851223066347 52.359500268710114),4.861851223066347,52.359500268710114
126746,20230023789,2023,Letsel,2,personenauto,fiets,Flank,Rechte weg,Binnen,30.0,Brandend,Overig asfalt,Nat,Duisternis,Droog,Rustenburgerstraat,amsterdam,POINT (121985.01729999855 485136.73910000175),POINT (4.902616521571107 52.353140583639664),4.902616521571107,52.353140583639664