,accident_id,accident_year,outcome,num_parties,party1_type,party2_type,accident_nature,road_situation,built_up_area,speed_limit_kmh,street_lighting,road_surface,road_condition,light_condition,weather_condition,street_name,municipality,shape,geometry,longitude,latitude
126748,20230024362,2023,Letsel,2,personenauto,fiets,Flank,"Kruispunt, 3 takken",Binnen,50.0,Niet brandend,Overig asfalt,Nat,Daglicht,Droog,Oostenburgervoorstraat,amsterdam,POINT (123314 486872),POINT (4.921958964128099 52.36881421481327),4.921958964128099,52.36881421481327
126805,20230020425,2023,Letsel,2,personenauto,fiets,Flank,"Kruispunt, 4 takken",Binnen,50.0,Niet brandend,Overig asfalt,Droog,Daglicht,Droog,Van Nijenrodeweg,amsterdam,POINT (119653.63360000029 482322.14020000026),POINT (4.868693713128946 52.327699846255506),4.868693713128946,52.327699846255506
126822,20230077452,2023,Uitsluitend materiele schade,2,bromfiets,fiets,Frontaal,"Kruispunt, 3 takken",Binnen,50.0,Brandend,Overig asfalt,Droog,Duisternis,Droog,Nassaukade,amsterdam,POINT (120108.51850000024 487020.8359000012),POINT (4.874879171849185 52.36995755264135),4.874879171849185,52.36995755264135
126846,20230036330,2023,Uitsluitend materiele schade,2,personenauto,bromfiets,Flank,"Kruispunt, 4 takken",Binnen,50.0,Niet aanwezig,Overig asfalt,Droog,Daglicht,Droog,1e C Huygensstr,amsterdam,POINT (120121.46299999952 486223.42599999905),POINT (4.87515195666482 52.36279182700701),4.87515195666482,52.36279182700701
126850,20230078246,2023,Uitsluitend materiele schade,2,bromfiets,motor,Onbekend,Rotonde,Binnen,50.0,Niet brandend,Overig asfalt,Droog,Daglicht,Droog,Hoofddorpweg,amsterdam,POINT (118411.62200000137 484931.08300000057),POINT (4.850191360259789 52.35106595950772),4.850191360259789,52.35106595950772
126887,20230024558,2023,Uitsluitend materiele schade,2,personenauto,fiets,Voetganger,Rechte weg,Binnen,50.0,Brandend,Klinkers,Droog,Duisternis,Droog,Huidenstraat,amsterdam,POINT (120842.08900000155 486889.06599999964),POINT (4.885663461097022 52.36881941498595),4.885663461097022,52.36881941498595
126888,20230024565,2023,Letsel,2,bestelauto,bromfiets,Flank,"Kruispunt, 3 takken",Binnen,50.0,Niet brandend,Overig asfalt,Nat,Daglicht,Regen,Amsteldijk,amsterdam,POINT (122112.77400000021 485558.9970000014),POINT (4.9044503676480415 52.35694321856703),4.9044503676480415,52.35694321856703
126900,20230036398,2023,Uitsluitend materiele schade,2,personenauto,fiets,Flank,"Kruispunt, 4 takken",Binnen,50.0,Niet brandend,Klinkers,Droog,Daglicht,Droog,Dolingadreef,amsterdam,POINT (124778.72089999914 481873.32290000096),POINT (4.9439136514110595 52.32397169948627),4.9439136514110595,52.32397169948627
127024,20230020736,2023,Letsel,2,fiets,fiets,Onbekend,Rechte weg,Binnen,50.0,Brandend,Overig asfalt,Droog,Duisternis,Droog,Max Euweplein,amsterdam,POINT (120644.55200000107 486159.6169999987),POINT (4.882837665645626 52.362251321955355),4.882837665645626,52.362251321955355
127070,20230074533,2023,Uitsluitend materiele schade,2,snorfiets,bestelauto,Flank,Rechte weg,Binnen,50.0,Niet aanwezig,Klinkers,Droog,Daglicht,Droog,Tussen Meer,amsterdam,POINT (114989.5390000008 485756.1196000017),POINT (4.7998692512885155 52.35824220996628),4.7998692512885155,52.35824220996628
127084,20230020804,2023,Uitsluitend materiele schade,2,personenauto,fiets,Frontaal,"Kruispunt, 4 takken",Binnen,50.0,Brandend,Overig asfalt,Droog,Duisternis,Droog,Geldersekade,amsterdam,POINT (122024.31199999899 487694.05099999905),POINT (4.902942468163898 52.37612631461478),4.902942468163898,52.37612631461478
127109,20230023644,2023,Uitsluitend materiele schade,2,fiets,bestelauto,Onbekend,Rotonde,Binnen,50.0,Brandend,ZOAB,Droog,Schemer,Droog,Ookmeerweg,amsterdam,POINT (114162.7873999998 486256.7879999988),POINT (4.787672755076778 52.3626809725063),4.787672755076778,52.3626809725063
127189,20230097563,2023,Letsel,2,personenauto,fiets,Flank,"Kruispunt, 4 takken",Binnen,50.0,Brandend,ZOAB,Droog,Schemer,Droog,FIETSPAD,amsterdam,POINT (120513.70930000022 492603.3729999997),POINT (4.8802550525892805 52.42015472283193),4.8802550525892805,52.42015472283193
127209,20230086487,2023,Letsel,3,fiets,fiets,Onbekend,Rechte weg,Binnen,30.0,Brandend,Klinkers,Droog,Duisternis,Droog,Geldersekade,amsterdam,POINT (121870.03599999845 487420.0560000017),POINT (4.900703948889536 52.373654553922876),4.900703948889536,52.373654553922876
127214,20230087649,2023,Letsel,2,fiets,fiets,Onbekend,Rechte weg,Binnen,Unknown,Brandend,ZOAB,Nat,Duisternis,Regen,Sarphatistraat,amsterdam,POINT (121915.08999999985 485883.07499999925),POINT (4.901516772908468 52.35984394421563),4.901516772908468,52.35984394421563
127226,20230097003,2023,Uitsluitend materiele schade,2,fiets,personenauto,Flank,"Kruispunt, 3 takken",Binnen,50.0,Niet brandend,Overig asfalt,Nat,Duisternis,Regen,FIETSPAD,amsterdam,POINT (116453.0064000003 488318.14339999855),POINT (4.821057451187852 52.38137229807358),4.821057451187852,52.38137229807358
127227,20230097014,2023,Uitsluitend materiele schade,2,bromfiets,fiets,Flank,Rechte weg,Binnen,30.0,Niet brandend,Klinkers,Droog,Daglicht,Droog,Burg Van Leeuwenlaan,amsterdam,POINT (115837.42500000075 487628.9470000006),POINT (4.812097056282616 52.375134794400424),4.812097056282616,52.375134794400424
127229,20230097568,2023,Uitsluitend materiele schade,2,bromfiets,bromfiets,Flank,Rechte weg,Binnen,50.0,Unknown,Overig asfalt,Nat,Daglicht,Droog,Overtoom,amsterdam,POINT (119260.66600000113 485869.01399999857),POINT (4.8625527488289 52.35955129543026),4.8625527488289,52.35955129543026
127230,20230097570,2023,Uitsluitend materiele schade,2,bromfiets,personenauto,Flank,Rechte weg,Binnen,50.0,Brandend,Beton,Nat,Duisternis,Regen,Jan Tooropstraat,amsterdam,POINT (117488.54100000113 486530.41899999976),POINT (4.836465392813916 52.3653773527881),4.836465392813916,52.3653773527881
127231,20230097577,2023,Uitsluitend materiele schade,2,bromfiets,personenauto,Kop/staart,"Kruispunt, 3 takken",Binnen,50.0,Brandend,Overig asfalt,Droog,Duisternis,Droog,Meer en Vaart,amsterdam,POINT (115629.45969999954 485545.36300000176),POINT (4.809287197548424 52.35639432880896),4.809287197548424,52.35639432880896
127317,20230087784,2023,Uitsluitend materiele schade,2,personenauto,bromfiets,Flank,"Kruispunt, 3 takken",Binnen,50.0,Brandend,ZOAB,Nat,Duisternis,Droog,Bos en Lommerplein,amsterdam,POINT (118147.39400000125 487921.0753999986),POINT (4.845985703367559 52.37792011604297),4.845985703367559,52.37792011604297
127338,20230087834,2023,Uitsluitend materiele schade,2,e-bike,bromfiets,Kop/staart,Rechte weg,Binnen,30.0,Niet brandend,Klinkers,Droog,Daglicht,Droog,Sneeuwbalweg,amsterdam,POINT (123134.06399999931 490237.39400000125),POINT (4.918997798565373 52.39904960373521),4.918997798565373,52.39904960373521
127385,20230087335,2023,Uitsluitend materiele schade,2,bromfiets,voetganger,Voetganger,Rechte weg,Binnen,30.0,Brandend,Overig asfalt,Nat,Schemer,Droog,FIETSPAD,amsterdam,POINT (112819.76000000164 485060.7259999998),POINT (4.76810683376913 52.3518302735393),4.76810683376913,52.3518302735393
127437,20230086857,2023,Uitsluitend materiele schade,2,personenauto,fiets,Flank,"Kruispunt, 4 takken",Binnen,50.0,Niet brandend,Overig asfalt,Droog,Daglicht,Droog,Transformatorweg,amsterdam,POINT (118224.29989999905 489455.33779999986),POINT (4.846947113327064 52.391714019788765),4.846947113327064,52.391714019788765
127486,20210087327,2021,Uitsluitend materiele schade,2,snorfiets,personenauto,Onbekend,Unknown,Unknown,30.0,Unknown,Unknown,Unknown,Daglicht,Unknown,Viermasterstraat,amsterdam,POINT (122589.73640000075 490824.02870000154),POINT (4.910943595795047 52.40428996014597),4.910943595795047,52.40428996014597
127493,20210080804,2021,Letsel,2,trekker,fiets,Flank,"Kruispunt, 3 takken",Binnen,50.0,Niet brandend,Overig asfalt,Droog,Daglicht,Droog,Anton Schleperspad,amsterdam,POINT (115648.48070000112 482767.52160000056),POINT (4.809891153204743 52.331430554555325),4.809891153204743,52.331430554555325
127546,20210087371,2021,Uitsluitend materiele schade,2,bromfiets,fiets,Kop/staart,Rechte weg,Binnen,50.0,Niet brandend,Overig asfalt,Droog,Daglicht,Droog,Westerdoksdijk,amsterdam,POINT (121355.32200000063 488530.86300000176),POINT (4.8930346178994695 52.383606392674956),4.8930346178994695,52.383606392674956
127553,20210081703,2021,Uitsluitend materiele schade,2,e-bike,personenauto,Onbekend,Rechte weg,Binnen,30.0,Niet brandend,Overig asfalt,Droog,Daglicht,Droog,Weteringschans,amsterdam,POINT (120791.8440000005 486125.0089999996),POINT (4.885003475602133 52.361949481826684),4.885003475602133,52.361949481826684
127579,20210078276,2021,Uitsluitend materiele schade,1,bromfiets,unknown,Eenzijdig,Bocht,Binnen,50.0,Brandend,Overig asfalt,Nat,Duisternis,Regen,Stadionweg,amsterdam,POINT (119022.2650000006 484289.03599999845),POINT (4.859222128111923 52.345336014761756),4.859222128111923,52.345336014761756
127595,20210087289,2021,Letsel,3,bromfiets,fiets,Flank,"Kruispunt, 4 takken",Binnen,30.0,Niet brandend,Overig asfalt,Nat,Daglicht,Droog,IJburglaan,amsterdam,POINT (126717.84109999985 486882.866799999),POINT (4.971935293496908 52.36909770641528),4.971935293496908,52.36909770641528
127602,20210086176,2021,Uitsluitend materiele schade,2,motor,fiets,Flank,"Kruispunt, 4 takken",Binnen,50.0,Niet brandend,ZOAB,Droog,Daglicht,Droog,Eerste Sweelinckstraat,amsterdam,POINT (121653.75659999996 485467.24500000104),POINT (4.89772174854386 52.3560909446924),4.89772174854386,52.3560909446924
127603,20210086179,2021,Letsel,2,bestelauto,fiets,Onbekend,Unknown,Unknown,30.0,Unknown,Unknown,Unknown,Daglicht,Unknown,Leidseplein,amsterdam,POINT (120652.5 486412.5),POINT (4.8829285141420735 52.36452455351917),4.8829285141420735,52.36452455351917
127664,20210009882,2021,Letsel,2,bromfiets,personenauto,Flank,"Kruispunt, 4 takken",Binnen,50.0,Brandend,ZOAB,Nat,Duisternis,Regen,Diemerparklaan,amsterdam,POINT (128302.99379999936 485338.41149999946),POINT (4.99533226877749 52.35529638970587),4.99533226877749,52.35529638970587
127695,20210020920,2021,Uitsluitend materiele schade,1,fiets,unknown,Voetganger,Rechte weg,Binnen,50.0,Niet brandend,Overig asfalt,Droog,Daglicht,Droog,Borneolaan,amsterdam,POINT (124311.64999999851 487122.3049999997),POINT (4.936584161206899 52.37112044262807),4.936584161206899,52.37112044262807
127770,20210028964,2021,Letsel,2,personenauto,e-bike,Flank,Rotonde,Binnen,50.0,Niet brandend,Overig asfalt,Droog,Daglicht,Droog,Louis Bouwmeesterstraat,amsterdam,POINT (116442.85300000012 485511.07840000093),POINT (4.821230299325375 52.35614389370124),4.821230299325375,52.35614389370124
127879,20210033829,2021,Uitsluitend materiele schade,2,personenauto,snorfiets,Flank,"Kruispunt, 4 takken",Binnen,50.0,Niet brandend,Overig asfalt,Droog,Daglicht,Droog,Daguerrestraat,amsterdam,POINT (128256.1688000001 485892.69739999995),POINT (4.994600896956952 52.360275711803354),4.994600896956952,52.360275711803354
127927,20210029325,2021,Letsel,3,snorfiets,snorfiets,Frontaal,Rechte weg,Binnen,50.0,Brandend,Overig asfalt,Droog,Duisternis,Droog,Heemstedestraat,amsterdam,POINT (118055.53299999982 484997.4389999993),POINT (4.844957928198967 52.35163849240632),4.844957928198967,52.35163849240632
127980,20210005190,2021,Uitsluitend materiele schade,2,personenauto,bromfiets,Onbekend,"Kruispunt, 3 takken",Binnen,30.0,Niet brandend,ZOAB,Droog,Daglicht,Droog,Ookmeerweg,amsterdam,POINT (114802.13369999826 486470.83249999955),POINT (4.797032934595274 52.36465179331012),4.797032934595274,52.36465179331012
128009,20210009801,2021,Uitsluitend materiele schade,2,bromfiets,personenauto,Frontaal,Bocht,Binnen,50.0,Niet brandend,Overig asfalt,Droog,Daglicht,Unknown,Galantstraat,amsterdam,POINT (127134.05099999905 481707.41800000146),POINT (4.978474845415501 52.32260502345704),4.978474845415501,52.32260502345704
128082,20210045952,2021,Letsel,2,motor,fiets,Flank,"Kruispunt, 4 takken",Binnen,50.0,Niet brandend,Overig asfalt,Droog,Daglicht,Droog,Nassauplein,amsterdam,POINT (120559.26000000164 488705.3819999993),POINT (4.881324675050844 52.38512547396809),4.881324675050844,52.38512547396809
128083,20210045959,2021,Uitsluitend materiele schade,2,personenauto,fiets,Flank,Rechte weg,Binnen,50.0,Niet brandend,Overig asfalt,Droog,Daglicht,Droog,2e Van der Helststraat,amsterdam,POINT (121441.1640000008 484892.0309999995),POINT (4.894658632188892 52.35090836373685),4.894658632188892,52.35090836373685
128095,20210055412,2021,Uitsluitend materiele schade,2,bromfiets,bromfiets,Flank,"Kruispunt, 4 takken",Binnen,30.0,Niet brandend,Klinkers,Nat,Daglicht,Droog,Noordzijde,amsterdam,POINT (116534.10300000012 487492.66699999943),POINT (4.822342976942089 52.37395926613725),4.822342976942089,52.37395926613725
128112,20210065653,2021,Letsel,2,bromfiets,voetganger,Voetganger,Bocht,Binnen,30.0,Niet brandend,Overig asfalt,Droog,Daglicht,Droog,Gentiaanplein,amsterdam,POINT (122687.52299999818 489314.1400000006),POINT (4.91252584086585 52.390725956498734),4.91252584086585,52.390725956498734
128152,20210053853,2021,Uitsluitend materiele schade,2,fiets,scootmobiel,Onbekend,"Kruispunt, 4 takken",Binnen,Unknown,Niet brandend,Overig asfalt,Droog,Daglicht,Droog,Admiraal De Ruijterweg,amsterdam,POINT (118729 488220),POINT (4.85449456192187 52.38064535173815),4.85449456192187,52.38064535173815
128177,20210044766,2021,Uitsluitend materiele schade,2,personenauto,fiets,Flank,"Kruispunt, 4 takken",Binnen,50.0,Niet brandend,Overig asfalt,Droog,Daglicht,Droog,Jan Tooropstraat,amsterdam,POINT (117515.29540000111 486881.8187999986),POINT (4.836819000451435 52.36853729231404),4.836819000451435,52.36853729231404
128274,20210056647,2021,Uitsluitend materiele schade,1,bromfiets,unknown,Eenzijdig,"Kruispunt, 4 takken",Binnen,Unknown,Brandend,Overig asfalt,Droog,Duisternis,Unknown,Admiralengracht,amsterdam,POINT (118883.23800000176 487159.80900000036),POINT (4.856873697763763 52.371127325200916),4.856873697763763,52.371127325200916
128366,20210043793,2021,Letsel,2,personenauto,fiets,Flank,"Kruispunt, 4 takken",Binnen,50.0,Niet brandend,Overig asfalt,Droog,Daglicht,Droog,Houtmankade,amsterdam,POINT (120873.65480000153 489283.816300001),POINT (4.885883687201126 52.39034364597169),4.885883687201126,52.39034364597169
128466,20210064801,2021,Letsel,2,bromfiets,overig wegmeubilair,Vast voorwerp,"Kruispunt, 4 takken",Binnen,50.0,Niet brandend,Overig asfalt,Nat,Duisternis,Droog,Insulindeweg,amsterdam,POINT (124523.59800000116 486050.33900000155),POINT (4.9397934270504384 52.3614981101613),4.9397934270504384,52.3614981101613
128470,20210065553,2021,Uitsluitend materiele schade,2,personenauto,fiets,Flank,"Kruispunt, 3 takken",Binnen,50.0,Niet brandend,Overig asfalt,Droog,Daglicht,Unknown,Baden Powellweg,amsterdam,POINT (114521.12000000104 485113.3740000017),POINT (4.793070773390239 52.35243140981168),4.793070773390239,52.35243140981168
128530,20210069168,2021,Letsel,2,bestelauto,fiets,Flank,"Kruispunt, 4 takken",Binnen,30.0,Niet brandend,Klinkers,Nat,Daglicht,Droog,George Gershwinlaan,amsterdam,POINT (119977.14759999886 483239.22679999843),POINT (4.873343928766941 52.33596271878683),4.873343928766941,52.33596271878683
128687,20230004348,2023,Letsel,1,fiets,unknown,Eenzijdig,Unknown,Unknown,50.0,Unknown,Unknown,Unknown,Daglicht,Unknown,Olympiaplein,amsterdam,POINT (119395.4028000012 484808.2083999999),POINT (4.8646428704878035 52.350026275881106),4.8646428704878035,52.350026275881106
128818,20210091240,2021,Uitsluitend materiele schade,2,bromfiets,fiets,Onbekend,Rechte weg,Binnen,50.0,Niet brandend,Overig asfalt,Nat,Daglicht,Droog,Weesperstraat,amsterdam,POINT (122249.77499999851 486341.8020000011),POINT (4.906385119283961 52.36398672742521),4.906385119283961,52.36398672742521
129124,20220080571,2022,Letsel,1,bromfiets,unknown,Eenzijdig,"Kruispunt, 4 takken",Binnen,50.0,Niet brandend,Beton,Nat,Daglicht,Regen,Beethovenstraat,amsterdam,POINT (120218.59899999946 484457.38899999857),POINT (4.876760545924537 52.34692607325218),4.876760545924537,52.34692607325218
129125,20220081373,2022,Uitsluitend materiele schade,1,bromfiets,unknown,Voetganger,Rechte weg,Binnen,50.0,Unknown,Unknown,Droog,Daglicht,Droog,De Ruijterkade,amsterdam,POINT (121488.5549999997 488398.7010000013),POINT (4.895004646066382 52.3824267658551),4.895004646066382,52.3824267658551
129157,20220080579,2022,Uitsluitend materiele schade,2,bromfiets,personenauto,Flank,"Kruispunt, 4 takken",Binnen,50.0,Niet brandend,Overig asfalt,Droog,Daglicht,Droog,Burgemeester Röellstraat,amsterdam,POINT (116866.16279999912 487520.4884000011),POINT (4.827215804601285 52.374232464164),4.827215804601285,52.374232464164
129248,20220035713,2022,Uitsluitend materiele schade,2,personenauto,fiets,Flank,"Kruispunt, 3 takken",Unknown,50.0,Niet brandend,Klinkers,Droog,Schemer,Droog,Zuid-Hollandstraat,amsterdam,POINT (119853.59299999848 482234.0432999991),POINT (4.871636076692238 52.326920906403444),4.871636076692238,52.326920906403444
129322,20220055460,2022,Uitsluitend materiele schade,2,bromfiets,bromfiets,Flank,Bocht,Binnen,Unknown,Niet brandend,ZOAB,Droog,Daglicht,Droog,De Ruijterkade,amsterdam,POINT (121497.99599999934 488399.33100000024),POINT (4.895143243124019 52.38243300405771),4.895143243124019,52.38243300405771
129428,20220055668,2022,Uitsluitend materiele schade,2,personenauto,fiets,Kop/staart,Rechte weg,Binnen,30.0,Unknown,Unknown,Droog,Daglicht,Droog,Kadoelenweg,amsterdam,POINT (122320.87200000137 492460.3680000007),POINT (4.906833412820625 52.41898017541491),4.906833412820625,52.41898017541491
129552,20220103232,2022,Letsel,2,personenauto,fiets,Onbekend,Rechte weg,Binnen,50.0,Niet brandend,Overig asfalt,Droog,Daglicht,Droog,De Lairessestraat,amsterdam,POINT (119995.83900000155 485251.4670000002),POINT (4.8734088919797545 52.354048553887445),4.8734088919797545,52.354048553887445
129571,20220103015,2022,Letsel,2,bromfiets,personenauto,Geparkeerd voertuig,Rechte weg,Binnen,30.0,Niet brandend,Overig asfalt,Droog,Daglicht,Droog,IJplein,amsterdam,POINT (122678.37900000066 488404.73000000045),POINT (4.912479033124014 52.38255229014262),4.912479033124014,52.38255229014262
129623,20220015935,2022,Uitsluitend materiele schade,2,bromfiets,personenauto,Flank,"Kruispunt, 4 takken",Binnen,50.0,Brandend,Beton,Droog,Duisternis,Droog,Jacob Marisstraat,amsterdam,POINT (131167.88159999996 480465.85170000046),POINT (5.037728475093458 52.31163599856853),5.037728475093458,52.31163599856853
129693,20230022871,2023,Uitsluitend materiele schade,2,personenauto,bromfiets,Onbekend,Unknown,Unknown,Unknown,Unknown,Unknown,Unknown,Daglicht,Unknown,Jan Tooropstraat,amsterdam,POINT (117496.66000000015 485891.16600000113),POINT (4.836655883461319 52.35963278465537),4.836655883461319,52.35963278465537
129849,20230003974,2023,Uitsluitend materiele schade,2,bromfiets,fiets,Flank,"Kruispunt, 4 takken",Binnen,50.0,Niet brandend,Overig asfalt,Droog,Schemer,Droog,Van Woustraat,amsterdam,POINT (121923.39440000057 485263.5421999991),POINT (4.901699596797216 52.3542764993919),4.901699596797216,52.3542764993919
129931,20230006078,2023,Uitsluitend materiele schade,2,personenauto,fiets,Flank,"Kruispunt, 4 takken",Binnen,50.0,Brandend,Overig asfalt,Droog,Duisternis,Droog,Heemstedestraat,amsterdam,POINT (117772.19090000167 484979.4098000005),POINT (4.840801396720831 52.35145733489363),4.840801396720831,52.35145733489363
129964,20230004070,2023,Uitsluitend materiele schade,3,bromfiets,fiets,Onbekend,Rechte weg,Binnen,30.0,Niet brandend,Overig asfalt,Droog,Daglicht,Droog,Bos en Lommerweg,amsterdam,POINT (117750.21299999952 488002.94099999964),POINT (4.840143867264719 52.37862905708369),4.840143867264719,52.37862905708369
129999,20230004117,2023,Uitsluitend materiele schade,2,personenauto,bromfiets,Flank,Rechte weg,Binnen,50.0,Brandend,Overig asfalt,Nat,Duisternis,Regen,Nassaukade,amsterdam,POINT (120259.34699999914 486653.3379999995),POINT (4.877131737955176 52.366664307714544),4.877131737955176,52.366664307714544
130192,20230004286,2023,Letsel,2,personenauto,e-bike,Onbekend,Rotonde,Binnen,50.0,Brandend,Overig asfalt,Droog,Duisternis,Droog,Oostoever,amsterdam,POINT (117099.53539999947 487087.6383999996),POINT (4.830691494056684 52.37035850428278),4.830691494056684,52.37035850428278
130603,20220178312,2022,Letsel,2,fiets,fiets,Onbekend,Rechte weg,Binnen,50.0,Niet brandend,Overig asfalt,Droog,Daglicht,Droog,Meeuwenlaan,amsterdam,POINT (123347.80200000107 488771.14499999955),POINT (4.922276374740152 52.38588437571849),4.922276374740152,52.38588437571849
130707,20220123384,2022,Uitsluitend materiele schade,2,personenauto,bromfiets,Geparkeerd voertuig,Rechte weg,Binnen,30.0,Niet brandend,Overig asfalt,Droog,Daglicht,Droog,Keienbergweg,amsterdam,POINT (124260.16099999845 480235.68299999833),POINT (4.936456893796312 52.30922477315801),4.936456893796312,52.30922477315801
130835,20220123762,2022,Letsel,1,fiets,unknown,Eenzijdig,Rechte weg,Binnen,50.0,Brandend,Overig asfalt,Droog,Duisternis,Droog,Casparuslaan,amsterdam,POINT (131000.8471999988 480181.0956000015),POINT (5.035299381062217 52.309069482258046),5.035299381062217,52.309069482258046
130841,20220142503,2022,Uitsluitend materiele schade,3,fiets,fiets,Onbekend,Rechte weg,Binnen,30.0,Niet brandend,ZOAB,Droog,Daglicht,Droog,Middenweg,amsterdam,POINT (124949.69399999827 484071.4690000005),POINT (4.94622531322626 52.343736722326234),4.94622531322626,52.343736722326234
130902,20220141231,2022,Uitsluitend materiele schade,2,personenauto,fiets,Kop/staart,"Kruispunt, 4 takken",Binnen,30.0,Niet brandend,Klinkers,Droog,Daglicht,Droog,Radboud,amsterdam,POINT (119481.48570000008 482104.2767999992),POINT (4.866191472959905 52.325730739957066),4.866191472959905,52.325730739957066
130943,20220155442,2022,Uitsluitend materiele schade,2,personenauto,e-bike,Flank,"Kruispunt, 4 takken",Buiten,70.0,Niet brandend,Overig asfalt,Droog,Daglicht,Droog,FIETSPAD,amsterdam,POINT (115062.72789999843 490077.96599999815),POINT (4.800429881445288 52.39708870668471),4.800429881445288,52.39708870668471
131091,20220141855,2022,Uitsluitend materiele schade,2,personenauto,fiets,Flank,Rechte weg,Binnen,30.0,Niet brandend,Klinkers,Droog,Daglicht,Droog,Louis Couperusstraat,amsterdam,POINT (116780.00899999961 487705.1090000011),POINT (4.825929712378789 52.375885697860554),4.825929712378789,52.375885697860554
131118,20230058668,2023,Uitsluitend materiele schade,2,fiets,fiets,Flank,Rechte weg,Binnen,30.0,Brandend,ZOAB,Droog,Duisternis,Droog,Amstelveenseweg,amsterdam,POINT (118814.00800000131 485135.0700000003),POINT (4.856075054130451 52.35292589576932),4.856075054130451,52.35292589576932
131170,20230050705,2023,Uitsluitend materiele schade,2,bromfiets,personenauto,Flank,"Kruispunt, 3 takken",Binnen,30.0,Niet brandend,Overig asfalt,Droog,Daglicht,Droog,Wibautstraat,amsterdam,POINT (122597.97179999948 485414.8781999983),POINT (4.9115862648239 52.35567680367733),4.9115862648239,52.35567680367733
131194,20230049043,2023,Uitsluitend materiele schade,2,fiets,personenauto,Geparkeerd voertuig,Rechte weg,Binnen,50.0,Niet brandend,Klinkers,Droog,Daglicht,Droog,Admiralengracht,amsterdam,POINT (118854.72300000116 487060.69299999997),POINT (4.856465665156466 52.37023466853756),4.856465665156466,52.37023466853756
131205,20230059134,2023,Uitsluitend materiele schade,2,snorfiets,fiets,Onbekend,Rechte weg,Binnen,50.0,Niet brandend,Overig asfalt,Droog,Daglicht,Droog,Pieter Calandlaan,amsterdam,POINT (116195.69999999925 485456.4120000005),POINT (4.81760885892028 52.35563519267615),4.81760885892028,52.35563519267615
131235,20230059192,2023,Letsel,3,fiets,fiets,Onbekend,Rechte weg,Binnen,Unknown,Niet brandend,ZOAB,Droog,Daglicht,Droog,Jan van Galenstraat,amsterdam,POINT (117458.12200000137 487363.2289999984),POINT (4.835925796558241 52.37285993028366),4.835925796558241,52.37285993028366
131256,20230058851,2023,Uitsluitend materiele schade,2,fiets,personenauto,Flank,"Kruispunt, 4 takken",Binnen,50.0,Niet brandend,Overig asfalt,Droog,Daglicht,Droog,Postjesweg,amsterdam,POINT (118631.1259999983 486402.3440000005),POINT (4.853253837492571 52.36430315579455),4.853253837492571,52.36430315579455
131276,20230048618,2023,Uitsluitend materiele schade,2,fiets,personenauto,Flank,"Kruispunt, 4 takken",Binnen,50.0,Niet brandend,Overig asfalt,Droog,Daglicht,Droog,Sarphatistraat,amsterdam,POINT (122346.43189999834 486036.90890000015),POINT (4.907833735646644 52.361252308468266),4.907833735646644,52.361252308468266
131300,20230039833,2023,Letsel,3,personenauto,fiets,Onbekend,"Kruispunt, 4 takken",Binnen,30.0,Niet brandend,Overig asfalt,Droog,Daglicht,Droog,WILHELMUS JOHANNES KRAANST,amsterdam,POINT (116674.58359999955 488264.63049999997),POINT (4.824317750803116 52.38090688065899),4.824317750803116,52.38090688065899
131355,20230049286,2023,Uitsluitend materiele schade,2,bestelauto,e-bike,Onbekend,"Kruispunt, 4 takken",Binnen,30.0,Niet brandend,Overig asfalt,Droog,Daglicht,Droog,Rozengracht,amsterdam,POINT (120155.35099999979 487268.7289999984),POINT (4.875541107682565 52.37218840937125),4.875541107682565,52.37218840937125
131434,20230049954,2023,Uitsluitend materiele schade,2,personenauto,fiets,Geparkeerd voertuig,Rechte weg,Binnen,30.0,Niet brandend,Klinkers,Droog,Daglicht,Droog,Buziaustraat,amsterdam,POINT (115815.25 485239.8040000014),POINT (4.812049859119862 52.35366148389691),4.812049859119862,52.35366148389691
131437,20230050542,2023,Uitsluitend materiele schade,2,vrachtauto,bromfiets,Geparkeerd voertuig,Rechte weg,Binnen,30.0,Niet brandend,Klinkers,Droog,Daglicht,Droog,Gerard Douplein,amsterdam,POINT (121300.03400000185 485455.9270000011),POINT (4.89253084708061 52.35596764320783),4.89253084708061,52.35596764320783
131754,20220210515,2022,Uitsluitend materiele schade,3,bromfiets,personenauto,Frontaal,"Kruispunt, 3 takken",Binnen,50.0,Niet brandend,ZOAB,Droog,Daglicht,Droog,Willem de Zwijgerlaan,amsterdam,POINT (119323.05900000036 487127.9290000014),POINT (4.863335056278083 52.37086956125721),4.863335056278083,52.37086956125721
131812,20220211288,2022,Letsel,2,bestelauto,bromfiets,Geparkeerd voertuig,Rechte weg,Binnen,50.0,Niet brandend,Overig asfalt,Droog,Daglicht,Droog,De Clercqstraat,amsterdam,POINT (119614.0549999997 487061.811999999),POINT (4.867614743419443 52.370294177983176),4.867614743419443,52.370294177983176