,accident_id,accident_year,outcome,num_parties,party1_type,party2_type,accident_nature,road_situation,built_up_area,speed_limit_kmh,street_lighting,road_surface,road_condition,light_condition,weather_condition,street_name,municipality,shape,geometry,longitude,latitude
131846,20220211327,2022,Uitsluitend materiele schade,3,fiets,trein/tram,Onbekend,Rechte weg,Binnen,50.0,Niet brandend,ZOAB,Droog,Daglicht,Droog,Overtoom,amsterdam,POINT (119153.44000000134 485837.86499999836),POINT (4.860982060294046 52.359264364266295),4.860982060294046,52.359264364266295
131887,20220212043,2022,Letsel,2,bromfiets,bromfiets,Frontaal,Rechte weg,Binnen,50.0,Niet brandend,Overig asfalt,Nat,Daglicht,Droog,Oostoever,amsterdam,POINT (116861.52400000021 486604.4050000012),POINT (4.827251627201176 52.365999100448974),4.827251627201176,52.365999100448974
132365,20230111423,2023,Uitsluitend materiele schade,2,fiets,personenauto,Kop/staart,"Kruispunt, 3 takken",Binnen,30.0,Brandend,Overig asfalt,Nat,Duisternis,Droog,Johan Huizingalaan,amsterdam,POINT (116863.84340000153 485762.6383000016),POINT (4.827381141760638 52.358434108150625),4.827381141760638,52.358434108150625
132390,20230023655,2023,Uitsluitend materiele schade,2,personenauto,fiets,Onbekend,Rotonde,Buiten,50.0,Unknown,Overig asfalt,Nat,Daglicht,Regen,Liergouw,amsterdam,POINT (126685.20199999958 488390.2842000015),POINT (4.971329059740767 52.38264373424684),4.971329059740767,52.38264373424684
132549,20230023898,2023,Uitsluitend materiele schade,2,bromfiets,personenauto,Kop/staart,Rechte weg,Binnen,50.0,Niet brandend,Overig asfalt,Droog,Daglicht,Droog,Linnaeusstraat,amsterdam,POINT (123649.32800000161 485609.1009999998),POINT (4.927000167250927 52.357483350519466),4.927000167250927,52.357483350519466
132584,20230020506,2023,Uitsluitend materiele schade,2,fiets,fiets,Flank,Rechte weg,Binnen,50.0,Brandend,Overig asfalt,Droog,Duisternis,Droog,Haarlemmerweg,amsterdam,POINT (120343.68299999833 488750.05700000003),POINT (4.878153701703012 52.38551341165871),4.878153701703012,52.38551341165871
132615,20230036406,2023,Letsel,2,personenauto,e-bike,Flank,Rotonde,Binnen,50.0,Niet brandend,Overig asfalt,Nat,Daglicht,Regen,FIETSPAD,amsterdam,POINT (114884.39759999886 484602.1548999995),POINT (4.798463499439148 52.34786361625463),4.798463499439148,52.34786361625463
132643,20230079056,2023,Letsel,2,personenauto,fiets,Flank,"Kruispunt, 4 takken",Binnen,50.0,Brandend,Overig asfalt,Droog,Duisternis,Droog,Ruyschstraat,amsterdam,POINT (122515.16200000048 485618.28500000015),POINT (4.910351126411883 52.35749999957362),4.910351126411883,52.35749999957362
132669,20230077019,2023,Uitsluitend materiele schade,2,bromfiets,personenauto,Frontaal,"Kruispunt, 4 takken",Binnen,60.0,Niet brandend,ZOAB,Droog,Daglicht,Droog,Hoofdweg,amsterdam,POINT (118330.6400000006 487342.97300000116),POINT (4.848739827767922 52.37273684301068),4.848739827767922,52.37273684301068
132738,20230020170,2023,Uitsluitend materiele schade,3,bromfiets,fiets,Onbekend,Rechte weg,Binnen,30.0,Niet brandend,Beton,Nat,Schemer,Droog,Stadhouderskade,amsterdam,POINT (120491.23930000141 486171.28649999946),POINT (4.880585794069666 52.36234658910481),4.880585794069666,52.36234658910481
132739,20230020735,2023,Uitsluitend materiele schade,2,bestelauto,fiets,Flank,"Kruispunt, 3 takken",Binnen,50.0,Niet aanwezig,Overig asfalt,Droog,Daglicht,Droog,Zeeburgerdijk,amsterdam,POINT (124312.73440000042 486555.28180000186),POINT (4.936651841671581 52.36602447053929),4.936651841671581,52.36602447053929
132815,20230078207,2023,Letsel,1,fiets,unknown,Eenzijdig,Rechte weg,Binnen,30.0,Niet aanwezig,Klinkers,Droog,Daglicht,Regen,Stromarkt,amsterdam,POINT (121432.58999999985 487967.9120000005),POINT (4.8942257295926 52.37855172631021),4.8942257295926,52.37855172631021
132913,20230097012,2023,Uitsluitend materiele schade,2,snorfiets,bestelauto,Flank,"Kruispunt, 3 takken",Binnen,50.0,Niet brandend,Overig asfalt,Nat,Daglicht,Regen,Velserweg,amsterdam,POINT (118107.6015000008 488848.50670000166),POINT (4.8452994831748 52.3862524715857),4.8452994831748,52.3862524715857
132930,20230087687,2023,Uitsluitend materiele schade,2,bestelauto,fiets,Flank,"Kruispunt, 3 takken",Binnen,50.0,Niet brandend,Klinkers,Nat,Daglicht,Regen,Joan Muyskenweg,amsterdam,POINT (122775 482668),POINT (4.914447674037143 52.331000013550984),4.914447674037143,52.331000013550984
133041,20230097175,2023,Uitsluitend materiele schade,3,bromfiets,personenauto,Kop/staart,"Kruispunt, 4 takken",Binnen,50.0,Niet brandend,ZOAB,Unknown,Daglicht,Droog,Johan Huizingalaan,amsterdam,POINT (116848.79369999841 485537.30889999866),POINT (4.827185786180342 52.35640797348618),4.827185786180342,52.35640797348618
133062,20230097830,2023,Letsel,2,bromfiets,voetganger,Voetganger,"Kruispunt, 3 takken",Binnen,50.0,Brandend,Overig asfalt,Nat,Duisternis,Droog,Meer en Vaart,amsterdam,POINT (115508.65300000086 485875.9594999999),POINT (4.807475156408206 52.359356800057014),4.807475156408206,52.359356800057014
133140,20230098017,2023,Uitsluitend materiele schade,2,personenauto,bromfiets,Flank,"Kruispunt, 4 takken",Binnen,30.0,Niet brandend,Overig asfalt,Droog,Daglicht,Droog,Amstelveenseweg,amsterdam,POINT (118904.997299999 482345.8847000003),POINT (4.8577095588882635 52.32786461141353),4.8577095588882635,52.32786461141353
133181,20210080787,2021,Letsel,3,personenauto,e-bike,Onbekend,Rechte weg,Binnen,30.0,Niet brandend,Klinkers,Droog,Daglicht,Droog,De Rijpgracht,amsterdam,POINT (119175.14299999923 487879.1499999985),POINT (4.861083111600513 52.377611344096835),4.861083111600513,52.377611344096835
133201,20210088980,2021,Uitsluitend materiele schade,3,bromfiets,fiets,Flank,Unknown,Binnen,15.0,Niet brandend,Unknown,Droog,Daglicht,Droog,Oostenburgergracht,amsterdam,POINT (123457.48999999836 486790.9310000017),POINT (4.9240733670102985 52.3680938804744),4.9240733670102985,52.3680938804744
133203,20210080841,2021,Uitsluitend materiele schade,2,personenauto,snorfiets,Frontaal,"Kruispunt, 4 takken",Binnen,50.0,Brandend,Overig asfalt,Nat,Duisternis,Droog,Burg Rendorpstraat,amsterdam,POINT (116861.63019999862 487505.94469999894),POINT (4.827150897716152 52.37410144206497),4.827150897716152,52.37410144206497
133224,20210089613,2021,Letsel,2,fiets,voetganger,Voetganger,Rechte weg,Binnen,50.0,Niet brandend,Overig asfalt,Nat,Daglicht,Droog,Haarlemmerplein,amsterdam,POINT (120758.66099999845 488656.1499999985),POINT (4.884258468872214 52.38469548754357),4.884258468872214,52.38469548754357
133230,20210087311,2021,Letsel,2,bestelauto,bromfiets,Flank,"Kruispunt, 4 takken",Binnen,50.0,Niet brandend,Overig asfalt,Droog,Daglicht,Droog,Nieuwe Kerkstraat,amsterdam,POINT (122227 486374),POINT (4.906047623547992 52.36427474278235),4.906047623547992,52.36427474278235
133244,20210081689,2021,Letsel,2,bromfiets,overig vast object,Vast voorwerp,Rechte weg,Binnen,Unknown,Niet brandend,Klinkers,Droog,Daglicht,Droog,Abcouderpad,amsterdam,POINT (125373.33799999952 480569.80099999905),POINT (4.95274991774183 52.3122887162532),4.95274991774183,52.3122887162532
133262,20210090039,2021,Uitsluitend materiele schade,1,snorfiets,unknown,Onbekend,Unknown,Unknown,30.0,Unknown,Unknown,Unknown,Daglicht,Unknown,De Ruijterkade,amsterdam,POINT (121891.53500000015 488105.2120000012),POINT (4.900952136476769 52.37981354772939),4.900952136476769,52.37981354772939
133321,20210084846,2021,Uitsluitend materiele schade,2,bromfiets,personenauto,Kop/staart,Rechte weg,Binnen,50.0,Niet brandend,Klinkers,Droog,Schemer,Droog,Cornelis Schuytstraat,amsterdam,POINT (119829.63699999824 485429.26900000125),POINT (4.870950865020331 52.35563589972981),4.870950865020331,52.35563589972981
133381,20210007891,2021,Uitsluitend materiele schade,2,bromfiets,personenauto,Frontaal,"Kruispunt, 3 takken",Binnen,30.0,Niet brandend,Klinkers,Droog,Daglicht,Droog,Bijlmerdreef,amsterdam,POINT (126071.61620000005 481300.07510000095),POINT (4.962926739529487 52.31888919022789),4.962926739529487,52.31888919022789
133392,20210021482,2021,Uitsluitend materiele schade,2,bromfiets,personenauto,Onbekend,Unknown,Unknown,30.0,Unknown,Unknown,Unknown,Daglicht,Unknown,Holbeinstraat,amsterdam,POINT (120131.02100000158 484260.9770000018),POINT (4.8754956694715395 52.34515530600266),4.8754956694715395,52.34515530600266
133468,20210023979,2021,Uitsluitend materiele schade,2,personenauto,fiets,Flank,"Kruispunt, 3 takken",Binnen,30.0,Niet brandend,Klinkers,Droog,Daglicht,Droog,Stadionkade,amsterdam,POINT (119417.86290000007 484095.84319999814),POINT (4.865047814978194 52.34362548671909),4.865047814978194,52.34362548671909
133482,20210010698,2021,Letsel,1,fiets,unknown,Eenzijdig,Rechte weg,Binnen,30.0,Niet brandend,Klinkers,Sneeuw/ijzel,Daglicht,Regen,Zuidelijke Wandelweg,amsterdam,POINT (121432.60700000077 483497.4699999988),POINT (4.894672119161969 52.338374442639335),4.894672119161969,52.338374442639335
133492,20210016537,2021,Uitsluitend materiele schade,2,motor,e-bike,Flank,"Kruispunt, 4 takken",Binnen,50.0,Niet brandend,Overig asfalt,Droog,Daglicht,Droog,Stadionweg,amsterdam,POINT (118936.43400000036 484280.85500000045),POINT (4.857963465146955 52.34525686398905),4.857963465146955,52.34525686398905
133547,20210004886,2021,Uitsluitend materiele schade,2,personenauto,fiets,Flank,"Kruispunt, 3 takken",Binnen,50.0,Niet brandend,Overig asfalt,Nat,Daglicht,Droog,Radarweg,amsterdam,POINT (117375.74670000002 488692.50189999864),POINT (4.834567368340611 52.38480074920092),4.834567368340611,52.38480074920092
133805,20210074233,2021,Letsel,2,fiets,fiets,Flank,Rechte weg,Binnen,50.0,Niet brandend,Overig asfalt,Droog,Daglicht,Droog,Admiraal De Ruijterweg,amsterdam,POINT (118627.35000000149 488329.6070000008),POINT (4.852989830290551 52.38162368987951),4.852989830290551,52.38162368987951
133825,20210034681,2021,Uitsluitend materiele schade,2,snorfiets,personenauto,Onbekend,Bocht,Binnen,50.0,Brandend,Overig asfalt,Nat,Schemer,Droog,Insulindeweg,amsterdam,POINT (125129.37700000033 486439.5920000002),POINT (4.948651778171193 52.36502974268755),4.948651778171193,52.36502974268755
133977,20210050925,2021,Uitsluitend materiele schade,2,bromfiets,fiets,Flank,"Kruispunt, 3 takken",Binnen,15.0,Niet brandend,Klinkers,Nat,Daglicht,Droog,Hoekenrode,amsterdam,POINT (125055.22500000149 480645.95699999854),POINT (4.948078381127792 52.31295594134433),4.948078381127792,52.31295594134433
134048,20210056252,2021,Uitsluitend materiele schade,2,personenauto,fiets,Onbekend,"Kruispunt, 3 takken",Binnen,50.0,Brandend,Unknown,Droog,Duisternis,Droog,Wilhelmina Druckerstraat,amsterdam,POINT (116867.12669999897 484820.29630000144),POINT (4.827536151874678 52.349965275253155),4.827536151874678,52.349965275253155
134062,20210066128,2021,Uitsluitend materiele schade,2,personenauto,fiets,Flank,Rotonde,Binnen,50.0,Niet brandend,Overig asfalt,Nat,Daglicht,Regen,OOSTOEVER NOORDZIJDE,amsterdam,POINT (117149 487101),POINT (4.8314162718754226 52.370481999550314),4.8314162718754226,52.370481999550314
134102,20210052869,2021,Letsel,2,e-bike,bromfiets,Onbekend,Unknown,Unknown,30.0,Unknown,Unknown,Unknown,Daglicht,Unknown,Leidseplein,amsterdam,POINT (120652.5 486412.5),POINT (4.8829285141420735 52.36452455351917),4.8829285141420735,52.36452455351917
134170,20210050539,2021,Uitsluitend materiele schade,2,personenauto,bromfiets,Kop/staart,Rechte weg,Binnen,50.0,Niet brandend,Overig asfalt,Droog,Daglicht,Droog,Mauritskade,amsterdam,POINT (122689.57499999925 486003.5020000003),POINT (4.9128742893211825 52.36097235959568),4.9128742893211825,52.36097235959568
134190,20210075861,2021,Letsel,2,bromfiets,personenauto,Onbekend,Rechte weg,Binnen,50.0,Brandend,Overig asfalt,Nat,Duisternis,Droog,Burg Vening Meineszlaan,amsterdam,POINT (117479.57200000063 488428.9290000014),POINT (4.836121760647047 52.38243907209076),4.836121760647047,52.38243907209076
134192,20210048753,2021,Uitsluitend materiele schade,2,snorfiets,bestelauto,Flank,"Kruispunt, 3 takken",Binnen,Unknown,Niet brandend,Overig asfalt,Droog,Daglicht,Droog,President Kennedylaan,amsterdam,POINT (121621.47619999945 483722.64389999956),POINT (4.897420963489852 52.34040966158747),4.897420963489852,52.34040966158747
134200,20210054184,2021,Uitsluitend materiele schade,2,bromfiets,personenauto,Frontaal,"Kruispunt, 3 takken",Binnen,50.0,Niet brandend,ZOAB,Nat,Daglicht,Regen,Cornelis Lelylaan,amsterdam,POINT (116454.9653000012 485728.0929999985),POINT (4.821383217052673 52.35809510477066),4.821383217052673,52.35809510477066
134223,20210038291,2021,Uitsluitend materiele schade,2,personenauto,fiets,Flank,"Kruispunt, 4 takken",Binnen,50.0,Brandend,Overig asfalt,Droog,Schemer,Droog,Wibautstraat,amsterdam,POINT (122541.01099999994 485490.41800000146),POINT (4.910742896172171 52.35635234335688),4.910742896172171,52.35635234335688
134301,20210087210,2021,Letsel,2,personenauto,fiets,Frontaal,"Kruispunt, 4 takken",Binnen,50.0,Niet brandend,Klinkers,Droog,Daglicht,Droog,Christoffel Plantijnpad,amsterdam,POINT (116413.40239999816 484975.1057999991),POINT (4.820859493375479 52.35132491158694),4.820859493375479,52.35132491158694
134931,20220080668,2022,Uitsluitend materiele schade,2,motor,fiets,Flank,"Kruispunt, 4 takken",Binnen,50.0,Brandend,Overig asfalt,Nat,Duisternis,Regen,Hemonystraat,amsterdam,POINT (121928.95279999822 485715.1671999991),POINT (4.9017367817279744 52.35833573695349),4.9017367817279744,52.35833573695349
134945,20220016509,2022,Letsel,2,fiets,voetganger,Voetganger,"Kruispunt, 4 takken",Binnen,30.0,Brandend,Klinkers,Droog,Duisternis,Droog,Berenstraat,amsterdam,POINT (120661.00059999898 487068.5938999988),POINT (4.882986298252985 52.37042159068884),4.882986298252985,52.37042159068884
135129,20220054190,2022,Uitsluitend materiele schade,3,bromfiets,dier,Dier,Rechte weg,Binnen,30.0,Niet brandend,Klinkers,Droog,Daglicht,Droog,Burg Van Tienhovengracht,amsterdam,POINT (117044.31599999964 487843.063000001),POINT (4.829795398649352 52.37714385381395),4.829795398649352,52.37714385381395
135229,20220054552,2022,Uitsluitend materiele schade,2,personenauto,fiets,Onbekend,Bocht,Binnen,30.0,Unknown,Unknown,Unknown,Duisternis,Unknown,Bloemstraat,amsterdam,POINT (120609.54100000113 487506.63599999994),POINT (4.882185897169418 52.374355177338465),4.882185897169418,52.374355177338465
135260,20220055773,2022,Uitsluitend materiele schade,1,fiets,unknown,Onbekend,Unknown,Unknown,30.0,Unknown,Unknown,Unknown,Daglicht,Unknown,Jasonstraat,amsterdam,POINT (119048.96499999985 484297.2670000009),POINT (4.859613062048678 52.34541173652505),4.859613062048678,52.34541173652505
135274,20220102298,2022,Uitsluitend materiele schade,1,bromfiets,unknown,Voetganger,Rechte weg,Binnen,30.0,Niet brandend,Klinkers,Unknown,Daglicht,Droog,Binnen Oranjestraat,amsterdam,POINT (120927.72800000012 488353.91600000113),POINT (4.886772334496998 52.38198975041753),4.886772334496998,52.38198975041753
135311,20220102587,2022,Uitsluitend materiele schade,1,fiets,unknown,Onbekend,Rechte weg,Binnen,30.0,Niet brandend,Overig asfalt,Droog,Daglicht,Droog,De Ruijterkade,amsterdam,POINT (121488.5549999997 488398.7010000013),POINT (4.895004646066382 52.3824267658551),4.895004646066382,52.3824267658551
135329,20220102480,2022,Letsel,2,personenauto,e-bike,Flank,"Kruispunt, 4 takken",Binnen,50.0,Niet brandend,Overig asfalt,Droog,Daglicht,Droog,Th. Weeversweg,amsterdam,POINT (124803.65320000052 490042.45259999856),POINT (4.943545906483335 52.3973920233973),4.943545906483335,52.3973920233973
135332,20220102744,2022,Uitsluitend materiele schade,2,personenauto,fiets,Frontaal,"Kruispunt, 4 takken",Binnen,30.0,Niet aanwezig,Klinkers,Droog,Daglicht,Droog,Burg Van de Pollstraat,amsterdam,POINT (117286.28610000014 487564.2917999998),POINT (4.833380045929362 52.37465515095209),4.833380045929362,52.37465515095209
135350,20220054964,2022,Uitsluitend materiele schade,2,personenauto,fiets,Flank,"Kruispunt, 3 takken",Binnen,30.0,Niet brandend,Overig asfalt,Droog,Daglicht,Droog,Aalbersestraat,amsterdam,POINT (114870.38919999823 488095.9182999991),POINT (4.797840956918358 52.37926171915457),4.797840956918358,52.37926171915457
135418,20230087735,2023,Letsel,1,fiets,unknown,Eenzijdig,Unknown,Unknown,Unknown,Unknown,Unknown,Unknown,Daglicht,Unknown,Rijnstraat,amsterdam,POINT (122230.56799999997 484048.0379999988),POINT (4.906326556643306 52.34337074579366),4.906326556643306,52.34337074579366
135740,20230004436,2023,Uitsluitend materiele schade,2,bromfiets,bestelauto,Flank,Rechte weg,Binnen,50.0,Niet brandend,Overig asfalt,Droog,Daglicht,Droog,Ceintuurbaan,amsterdam,POINT (121319.80999999866 485122.8660000004),POINT (4.892854467245355 52.35297552886028),4.892854467245355,52.35297552886028
136087,20210071666,2021,Letsel,2,e-bike,fiets,Frontaal,"Kruispunt, 4 takken",Binnen,30.0,Niet brandend,Overig asfalt,Nat,Daglicht,Unknown,Haarlemmermeerstraat,amsterdam,POINT (118425.34540000185 485352.3557999991),POINT (4.850346975414561 52.3548529687905),4.850346975414561,52.3548529687905
136110,20220123645,2022,Letsel,1,fiets,unknown,Eenzijdig,Unknown,Unknown,30.0,Unknown,Unknown,Unknown,Daglicht,Unknown,Vijzelgracht,amsterdam,POINT (121212.40100000054 486060.62999999896),POINT (4.891183805565125 52.36139691687524),4.891183805565125,52.36139691687524
136372,20220178008,2022,Letsel,2,personenauto,bromfiets,Frontaal,"Kruispunt, 4 takken",Binnen,30.0,Niet brandend,ZOAB,Droog,Daglicht,Droog,Dolingadreef,amsterdam,POINT (124832.85300000012 481742.3583999984),POINT (4.944719371129678 52.322797636890364),4.944719371129678,52.322797636890364
136416,20220141997,2022,Uitsluitend materiele schade,2,bestelauto,fiets,Flank,"Kruispunt, 4 takken",Binnen,50.0,Niet brandend,Overig asfalt,Droog,Daglicht,Droog,Bloemgracht,amsterdam,POINT (120206.20100000128 487469.3680000007),POINT (4.8762669961352305 52.37399483073155),4.8762669961352305,52.37399483073155
136438,20220177461,2022,Uitsluitend materiele schade,2,personenauto,bromfiets,Geparkeerd voertuig,Rechte weg,Binnen,30.0,Niet brandend,Overig asfalt,Droog,Daglicht,Droog,De Ruijterkade,amsterdam,POINT (122075.42199999839 487976.813000001),POINT (4.903665308764588 52.37867064683632),4.903665308764588,52.37867064683632
136458,20220142082,2022,Uitsluitend materiele schade,2,personenauto,fiets,Kop/staart,"Kruispunt, 4 takken",Binnen,50.0,Niet brandend,Overig asfalt,Droog,Daglicht,Droog,Spuistraat,amsterdam,POINT (121119.07019999996 487385.3942999989),POINT (4.889680202496798 52.37329721858644),4.889680202496798,52.37329721858644
136464,20220178160,2022,Uitsluitend materiele schade,1,snorfiets,unknown,Eenzijdig,Rechte weg,Binnen,30.0,Niet brandend,Overig asfalt,Droog,Daglicht,Droog,Broekzijdschepad,amsterdam,POINT (126572.17500000075 477554.63899999857),POINT (4.970583596894739 52.285253201332274),4.970583596894739,52.285253201332274
136560,20220123554,2022,Uitsluitend materiele schade,2,fiets,snorfiets,Flank,Rechte weg,Binnen,50.0,Niet brandend,Klinkers,Droog,Daglicht,Droog,Amstel,amsterdam,POINT (121454.97500000149 486686.86199999973),POINT (4.894682324769206 52.3670399234467),4.894682324769206,52.3670399234467
136667,20220142594,2022,Letsel,1,snorfiets,unknown,Eenzijdig,Unknown,Unknown,50.0,Unknown,Unknown,Unknown,Daglicht,Unknown,Wolbrantskerkweg,amsterdam,POINT (114800.86199999973 485687.23699999973),POINT (4.797107933552035 52.35760937382095),4.797107933552035,52.35760937382095
136845,20220141656,2022,Letsel,2,bestelauto,fiets,Flank,"Kruispunt, 4 takken",Binnen,30.0,Niet brandend,Klinkers,Droog,Daglicht,Droog,Korte Prinsengracht,amsterdam,POINT (121087.87220000103 488308.40019999817),POINT (4.889128940581713 52.38159060336896),4.889128940581713,52.38159060336896
136846,20220141669,2022,Uitsluitend materiele schade,2,bestelauto,bromfiets,Flank,Rechte weg,Binnen,50.0,Niet brandend,ZOAB,Droog,Daglicht,Droog,Willem de Zwijgerlaan,amsterdam,POINT (119317.80299999937 487377.19999999925),POINT (4.863231418875118 52.37310948266224),4.863231418875118,52.37310948266224
136883,20220155704,2022,Letsel,2,bromfiets,snorfiets,Kop/staart,"Kruispunt, 3 takken",Binnen,50.0,Niet brandend,Overig asfalt,Nat,Daglicht,Droog,Zeilstraat,amsterdam,POINT (118680.16180000082 484897.09420000017),POINT (4.854136262152368 52.35077830834067),4.854136262152368,52.35077830834067
136973,20230048988,2023,Uitsluitend materiele schade,1,fiets,unknown,Voetganger,Rechte weg,Binnen,30.0,Brandend,Klinkers,Droog,Duisternis,Droog,Nieuwendijk,amsterdam,POINT (121509.52800000086 487674.2809999995),POINT (4.8953848835923885 52.37591747918243),4.8953848835923885,52.37591747918243
136996,20230040233,2023,Uitsluitend materiele schade,2,personenauto,fiets,Flank,"Kruispunt, 4 takken",Binnen,50.0,Brandend,Overig asfalt,Droog,Duisternis,Droog,Westeinde,amsterdam,POINT (121762 485657),POINT (4.899291825636309 52.3578028939327),4.899291825636309,52.3578028939327
137081,20230050249,2023,Letsel,3,fiets,personenauto,Onbekend,"Kruispunt, 4 takken",Binnen,50.0,Niet aanwezig,ZOAB,Droog,Daglicht,Droog,Insulindeweg,amsterdam,POINT (124798.65080000088 486111.02809999883),POINT (4.9438257915562405 52.36205873574254),4.9438257915562405,52.36205873574254
137133,20230058340,2023,Letsel,2,personenauto,fiets,Onbekend,"Kruispunt, 4 takken",Binnen,50.0,Niet aanwezig,Klinkers,Droog,Daglicht,Droog,Johan Huizingalaan,amsterdam,POINT (116864.49969999865 486235.9646999985),POINT (4.827337102408386 52.362688049727915),4.827337102408386,52.362688049727915
137146,20230049224,2023,Letsel,3,fiets,personenauto,Onbekend,Rechte weg,Buiten,50.0,Niet brandend,Overig asfalt,Droog,Daglicht,Droog,Abcouderstraatweg,amsterdam,POINT (125974.23299999908 477833.70699999854),POINT (4.961796771100796 52.287730130404995),4.961796771100796,52.287730130404995
137185,20230039348,2023,Uitsluitend materiele schade,2,bromfiets,personenauto,Flank,"Kruispunt, 4 takken",Binnen,50.0,Niet brandend,ZOAB,Droog,Daglicht,Droog,Baden Powellweg,amsterdam,POINT (114565.1783999987 484942.62370000035),POINT (4.793737933019001 52.35090008538153),4.793737933019001,52.35090008538153
137211,20230050474,2023,Uitsluitend materiele schade,2,fiets,fiets,Flank,"Kruispunt, 4 takken",Binnen,30.0,Niet brandend,Beton,Droog,Daglicht,Droog,Weesperzijde,amsterdam,POINT (122284 485532),POINT (4.906966346896057 52.35671081046688),4.906966346896057,52.35671081046688
137322,20220211519,2022,Letsel,2,bromfiets,bestelauto,Eenzijdig,"Kruispunt, 4 takken",Binnen,50.0,Niet brandend,Overig asfalt,Nat,Daglicht,Droog,President Kennedylaan,amsterdam,POINT (121925.9162000008 483755.73739999905),POINT (4.9018847900627955 52.340725487753694),4.9018847900627955,52.340725487753694
137353,20220211586,2022,Uitsluitend materiele schade,2,fiets,bromfiets,Flank,"Kruispunt, 4 takken",Binnen,50.0,Niet brandend,ZOAB,Droog,Daglicht,Droog,Willem de Zwijgerlaan,amsterdam,POINT (119280.27749999985 487595.18829999864),POINT (4.862657231386361 52.3750661591738),4.862657231386361,52.3750661591738
137390,20220212322,2022,Uitsluitend materiele schade,2,personenauto,fiets,Flank,"Kruispunt, 4 takken",Binnen,50.0,Niet brandend,Overig asfalt,Nat,Daglicht,Droog,Slotermeerlaan,amsterdam,POINT (116421.39999999851 488106.1713999994),POINT (4.820617604947702 52.379465045004245),4.820617604947702,52.379465045004245
137466,20220210120,2022,Letsel,1,e-bike,unknown,Eenzijdig,Unknown,Unknown,Unknown,Unknown,Unknown,Unknown,Daglicht,Unknown,Holterbergweg,amsterdam,POINT (124514.28299999982 480148.314100001),POINT (4.9401909475329715 52.30845368900841),4.9401909475329715,52.30845368900841
137535,20220211161,2022,Uitsluitend materiele schade,2,snorfiets,personenauto,Flank,"Kruispunt, 4 takken",Binnen,30.0,Niet aanwezig,Klinkers,Nat,Daglicht,Droog,Trijn Hullemanlaan,amsterdam,POINT (113788.33749999851 485157.17229999974),POINT (4.782310477377567 52.35277055823527),4.782310477377567,52.35277055823527
137600,20220210505,2022,Uitsluitend materiele schade,2,personenauto,e-bike,Flank,"Kruispunt, 4 takken",Binnen,50.0,Niet brandend,Klinkers,Droog,Daglicht,Droog,Isaäc Asscherpad,amsterdam,POINT (122971.28420000151 483021.7023999989),POINT (4.91729353104297 52.33419034387411),4.91729353104297,52.33419034387411
137601,20220211896,2022,Uitsluitend materiele schade,2,personenauto,fiets,Frontaal,"Kruispunt, 4 takken",Binnen,50.0,Brandend,ZOAB,Nat,Duisternis,Regen,Beethovenstraat,amsterdam,POINT (120222.46240000054 483892.6114999987),POINT (4.876875595634456 52.34185047941958),4.876875595634456,52.34185047941958
137639,20220211271,2022,Uitsluitend materiele schade,3,personenauto,fiets,Flank,Rechte weg,Binnen,50.0,Niet brandend,Overig asfalt,Nat,Daglicht,Droog,Zeilstraat,amsterdam,POINT (118748.24599999934 484932.73900000006),POINT (4.855131655489611 52.35110315443822),4.855131655489611,52.35110315443822
137714,20220211325,2022,Letsel,2,fiets,fiets,Flank,Rechte weg,Binnen,30.0,Niet brandend,Klinkers,Droog,Daglicht,Droog,Damrak,amsterdam,POINT (121725.39600000158 487823.48699999973),POINT (4.898540096384547 52.37727156062918),4.898540096384547,52.37727156062918
138181,20230111203,2023,Uitsluitend materiele schade,2,bromfiets,unknown,Kop/staart,Rechte weg,Binnen,50.0,Brandend,Overig asfalt,Droog,Duisternis,Droog,Marcantilaan,amsterdam,POINT (119658.06100000069 487640.17599999905),POINT (4.868200062923961 52.37549492086593),4.868200062923961,52.37549492086593
138191,20230111284,2023,Uitsluitend materiele schade,2,fiets,personenauto,Flank,"Kruispunt, 3 takken",Binnen,50.0,Brandend,Overig asfalt,Nat,Duisternis,Droog,Marnixstraat,amsterdam,POINT (120418.5262000002 486647.1046999991),POINT (4.879469407092087 52.36661833275288),4.879469407092087,52.36661833275288
138251,20230036649,2023,Letsel,2,bromfiets,fiets,Flank,"Kruispunt, 4 takken",Binnen,50.0,Niet brandend,Overig asfalt,Droog,Daglicht,Droog,Buiksloterweg,amsterdam,POINT (122273.28649999946 488631.8984999992),POINT (4.906507285844107 52.384569919216716),4.906507285844107,52.384569919216716
138254,20230066962,2023,Uitsluitend materiele schade,2,bromfiets,personenauto,Kop/staart,"Kruispunt, 4 takken",Binnen,50.0,Niet brandend,Overig asfalt,Droog,Daglicht,Droog,1e C Huygensstr,amsterdam,POINT (120126.92139999941 486225.67350000143),POINT (4.875231855375166 52.36281237250374),4.875231855375166,52.36281237250374
138374,20230077145,2023,Uitsluitend materiele schade,2,personenauto,fiets,Frontaal,"Kruispunt, 4 takken",Binnen,50.0,Niet brandend,Beton,Droog,Daglicht,Droog,Ruyschstraat,amsterdam,POINT (122496.7659999989 485619.4990000017),POINT (4.9100809785506305 52.357509822159905),4.9100809785506305,52.357509822159905