,accident_id,accident_year,outcome,num_parties,party1_type,party2_type,accident_nature,road_situation,built_up_area,speed_limit_kmh,street_lighting,road_surface,road_condition,light_condition,weather_condition,street_name,municipality,shape,geometry,longitude,latitude
138382,20230020442,2023,Uitsluitend materiele schade,3,fiets,bus,Los voorwerp,"Kruispunt, 3 takken",Binnen,30.0,Niet brandend,ZOAB,Droog,Daglicht,Droog,Haparandaweg,amsterdam,POINT (120164.49179999903 489754.7008000016),POINT (4.8754175246450675 52.39453104366427),4.8754175246450675,52.39453104366427
138403,20230077614,2023,Uitsluitend materiele schade,2,personenauto,fiets,Flank,Rechte weg,Binnen,50.0,Brandend,Overig asfalt,Droog,Duisternis,Droog,Seineweg,amsterdam,POINT (116309.26999999955 489207.69099999964),POINT (4.818843995637801 52.38935671110991),4.818843995637801,52.38935671110991
138441,20230023906,2023,Uitsluitend materiele schade,2,fiets,overig vast object,Vast voorwerp,Rechte weg,Binnen,50.0,Niet brandend,Beton,Droog,Daglicht,Droog,Marnixplein,amsterdam,POINT (120371.56700000167 487957.21400000155),POINT (4.878644986716202 52.378389686931705),4.878644986716202,52.378389686931705
138484,20230074668,2023,Uitsluitend materiele schade,1,fiets,unknown,Flank,Unknown,Binnen,50.0,Niet brandend,Overig asfalt,Droog,Daglicht,Droog,Werengouw,amsterdam,POINT (125645.17500000075 489175.22199999914),POINT (4.955985408604679 52.38964360673766),4.955985408604679,52.38964360673766
138498,20230022803,2023,Letsel,2,fiets,personenauto,Flank,Rechte weg,Binnen,30.0,Niet brandend,Beton,Nat,Daglicht,Regen,Sarphatistraat,amsterdam,POINT (121972.13399999961 485888.4519999996),POINT (4.902353623797501 52.35989570159833),4.902353623797501,52.35989570159833
138517,20230077184,2023,Uitsluitend materiele schade,2,bestelauto,e-bike,Flank,"Kruispunt, 3 takken",Binnen,30.0,Niet brandend,Unknown,Droog,Daglicht,Droog,Raamplein,amsterdam,POINT (120438.01429999992 486638.08260000125),POINT (4.879756453538558 52.36653847523284),4.879756453538558,52.36653847523284
138521,20230020636,2023,Letsel,3,bestelauto,fiets,Onbekend,"Kruispunt, 4 takken",Binnen,30.0,Brandend,Klinkers,Droog,Duisternis,Droog,Robert Scottstraat,amsterdam,POINT (118127.65610000119 487508.98970000073),POINT (4.845741061135738 52.374215281811),4.845741061135738,52.374215281811
138522,20230022852,2023,Uitsluitend materiele schade,2,snorfiets,fiets,Flank,Rechte weg,Binnen,50.0,Niet brandend,Overig asfalt,Droog,Daglicht,Droog,Europaboulevard,amsterdam,POINT (121180.1259999983 483263.4670000002),POINT (4.890991118182184 52.33625589925066),4.890991118182184,52.33625589925066
138523,20230022860,2023,Uitsluitend materiele schade,2,personenauto,bromfiets,Flank,"Kruispunt, 4 takken",Binnen,Unknown,Brandend,Overig asfalt,Nat,Schemer,Regen,Zuiderzeeweg,amsterdam,POINT (125118.73279999942 486473.6810000017),POINT (4.948492477904325 52.36533553393321),4.948492477904325,52.36533553393321
138590,20230020720,2023,Uitsluitend materiele schade,1,fiets,unknown,Eenzijdig,Rechte weg,Binnen,50.0,Brandend,Overig asfalt,Droog,Duisternis,Droog,Prins Hendrikkade,amsterdam,POINT (121565.63199999928 487992.97300000116),POINT (4.896177051982896 52.37878507433459),4.896177051982896,52.37878507433459
138619,20230023542,2023,Letsel,1,fiets,unknown,Eenzijdig,Rechte weg,Binnen,50.0,Brandend,Klinkers,Droog,Duisternis,Droog,Methaanweg,amsterdam,POINT (117834.61300000176 491275.41099999845),POINT (4.841021077784735 52.40804509581559),4.841021077784735,52.40804509581559
138641,20230020785,2023,Uitsluitend materiele schade,2,personenauto,fiets,Flank,Rechte weg,Binnen,30.0,Brandend,Overig asfalt,Droog,Duisternis,Droog,Rozengracht,amsterdam,POINT (120318 487326),POINT (4.877923465754311 52.37271341598058),4.877923465754311,52.37271341598058
138750,20230086443,2023,Letsel,2,brommobiel,e-bike,Flank,"Kruispunt, 3 takken",Binnen,50.0,Niet brandend,Overig asfalt,Droog,Daglicht,Droog,Jan Evertsenstraat,amsterdam,POINT (119022.74799999967 487196.48699999973),POINT (4.858918222518671 52.371466117273414),4.858918222518671,52.371466117273414
138774,20230087652,2023,Uitsluitend materiele schade,2,bromfiets,fiets,Frontaal,"Kruispunt, 4 takken",Binnen,30.0,Niet brandend,Overig asfalt,Nat,Daglicht,Regen,Arie Biemondstraat,amsterdam,POINT (119575.71680000052 486271.05579999834),POINT (4.867135144910935 52.36318496490887),4.867135144910935,52.36318496490887
138807,20230087092,2023,Uitsluitend materiele schade,2,bromfiets,fiets,Flank,"Kruispunt, 3 takken",Binnen,50.0,Niet brandend,Overig asfalt,Droog,Daglicht,Droog,Buikslotermeerdijk,amsterdam,POINT (123672.92779999971 491228.7831000015),POINT (4.9268225352414925 52.40799051341604),4.9268225352414925,52.40799051341604
138862,20230102760,2023,Letsel,1,fiets,unknown,Eenzijdig,Unknown,Binnen,30.0,Unknown,Klinkers,Droog,Daglicht,Unknown,Leidsegracht,amsterdam,POINT (120565.85399999842 486564.2340000011),POINT (4.881640921591061 52.36588280618487),4.881640921591061,52.36588280618487
139018,20230087500,2023,Uitsluitend materiele schade,2,personenauto,fiets,Onbekend,Rotonde,Binnen,50.0,Niet brandend,ZOAB,Nat,Daglicht,Droog,Bijlmerdreef,amsterdam,POINT (126471.19849999994 481496.9567999989),POINT (4.968770387360563 52.3206795275601),4.968770387360563,52.3206795275601
139019,20230088079,2023,Letsel,2,bestelauto,bromfiets,Eenzijdig,"Kruispunt, 3 takken",Binnen,50.0,Brandend,Overig asfalt,Droog,Duisternis,Droog,Turbinestraat,amsterdam,POINT (118636.71920000017 489462.9521000013),POINT (4.853004723723483 52.391809931618965),4.853004723723483,52.391809931618965
139052,20210084451,2021,Letsel,2,bromfiets,fiets,Flank,"Kruispunt, 4 takken",Binnen,50.0,Niet brandend,Overig asfalt,Droog,Daglicht,Droog,Hobbemakade,amsterdam,POINT (120862.1099999994 485113.71400000155),POINT (4.886137629244646 52.35286503051373),4.886137629244646,52.35286503051373
139070,20210080845,2021,Uitsluitend materiele schade,2,personenauto,bromfiets,Flank,Rechte weg,Binnen,50.0,Niet brandend,ZOAB,Droog,Daglicht,Droog,De Boelelaan,amsterdam,POINT (119497.92700000107 483116.8359999992),POINT (4.8663259158828405 52.334832012452765),4.8663259158828405,52.334832012452765
139083,20210089330,2021,Uitsluitend materiele schade,2,unknown,bromfiets,Flank,Rechte weg,Binnen,50.0,Brandend,Overig asfalt,Nat,Duisternis,Regen,Slotermeerlaan,amsterdam,POINT (116277.04699999839 487667.9210000001),POINT (4.81854816230481 52.375516241098694),4.81854816230481,52.375516241098694
139185,20210087301,2021,Uitsluitend materiele schade,2,bromfiets,personenauto,Flank,"Kruispunt, 3 takken",Binnen,50.0,Brandend,Overig asfalt,Droog,Duisternis,Droog,Haarlemmerweg,amsterdam,POINT (118798.84849999845 488706.7250000015),POINT (4.855467927114895 52.38502427122843),4.855467927114895,52.38502427122843
139205,20210084836,2021,Letsel,2,motor,fiets,Flank,"Kruispunt, 4 takken",Binnen,50.0,Niet brandend,Overig asfalt,Droog,Daglicht,Droog,Rijnstraat,amsterdam,POINT (122290.4290000014 483774.98000000045),POINT (4.907231493594719 52.340920240662236),4.907231493594719,52.340920240662236
139232,20210088976,2021,Uitsluitend materiele schade,2,fiets,personenauto,Onbekend,"Kruispunt, 3 takken",Binnen,50.0,Niet brandend,Klinkers,Droog,Daglicht,Droog,Teilingen,amsterdam,POINT (119852.12900000066 482333.2789000012),POINT (4.871604248659796 52.32781267771421),4.871604248659796,52.32781267771421
139347,20210023981,2021,Uitsluitend materiele schade,2,snorfiets,fiets,Flank,"Kruispunt, 4 takken",Buiten,50.0,Niet brandend,Overig asfalt,Nat,Daglicht,Unknown,Warmondstraat,amsterdam,POINT (118364.50869999826 485354.2644999996),POINT (4.849453820025584 52.354866069508994),4.849453820025584,52.354866069508994
139368,20210028750,2021,Uitsluitend materiele schade,2,snorfiets,bestelauto,Flank,"Kruispunt, 4 takken",Binnen,50.0,Niet aanwezig,ZOAB,Droog,Daglicht,Droog,Rozengracht,amsterdam,POINT (120285 487313),POINT (4.877440244996427 52.37259449624117),4.877440244996427,52.37259449624117
139369,20210028756,2021,Uitsluitend materiele schade,2,personenauto,fiets,Flank,Rechte weg,Binnen,50.0,Niet brandend,Klinkers,Droog,Daglicht,Droog,Korte Prinsengracht,amsterdam,POINT (121086.22399999946 488236.88699999824),POINT (4.889111953013527 52.38094779305832),4.889111953013527,52.38094779305832
139676,20210073532,2021,Uitsluitend materiele schade,2,snorfiets,personenauto,Flank,"Kruispunt, 4 takken",Binnen,Unknown,Niet brandend,Unknown,Droog,Duisternis,Droog,Olympiaweg,amsterdam,POINT (119206.79800000042 484587.3887999989),POINT (4.861898355299339 52.34802945120175),4.861898355299339,52.34802945120175
139736,20210059443,2021,Uitsluitend materiele schade,2,personenauto,bromfiets,Flank,Rechte weg,Binnen,50.0,Niet brandend,Overig asfalt,Droog,Daglicht,Droog,Linnaeusstraat,amsterdam,POINT (123592.19999999925 485733.24599999934),POINT (4.9261500057376635 52.35859582251852),4.9261500057376635,52.35859582251852
139746,20210065654,2021,Uitsluitend materiele schade,2,bromfiets,fiets,Onbekend,Bocht,Binnen,50.0,Brandend,Overig asfalt,Droog,Duisternis,Droog,Prins Hendrikkade,amsterdam,POINT (121780.42799999937 487762.5859999992),POINT (4.8993542778875385 52.376727557957345),4.8993542778875385,52.376727557957345
139758,20210052022,2021,Letsel,2,personenauto,fiets,Onbekend,Rotonde,Binnen,50.0,Niet brandend,Overig asfalt,Droog,Daglicht,Droog,Elsrijkdreef,amsterdam,POINT (126797.59849999845 481720.95639999956),POINT (4.973538851739545 52.322709549269085),4.973538851739545,52.322709549269085
139767,20210060253,2021,Uitsluitend materiele schade,2,personenauto,e-bike,Flank,"Kruispunt, 4 takken",Binnen,50.0,Niet brandend,ZOAB,Droog,Daglicht,Droog,Hemonystraat,amsterdam,POINT (121928.95279999822 485715.1671999991),POINT (4.9017367817279744 52.35833573695349),4.9017367817279744,52.35833573695349
139800,20210042932,2021,Uitsluitend materiele schade,1,bromfiets,unknown,Onbekend,Rechte weg,Binnen,50.0,Niet brandend,Beton,Nat,Daglicht,Droog,Admiraal De Ruijterweg,amsterdam,POINT (119060.34499999881 487246.6710000001),POINT (4.859464904371159 52.37191959551173),4.859464904371159,52.37191959551173
139840,20210050920,2021,Letsel,2,fiets,voetganger,Voetganger,Unknown,Unknown,50.0,Unknown,Unknown,Unknown,Daglicht,Unknown,Admiraal De Ruijterweg,amsterdam,POINT (118627.35000000149 488329.6070000008),POINT (4.852989830290551 52.38162368987951),4.852989830290551,52.38162368987951
139857,20210070833,2021,Uitsluitend materiele schade,2,fiets,fiets,Flank,Rechte weg,Binnen,Unknown,Niet brandend,Klinkers,Droog,Daglicht,Droog,Rubensstraat,amsterdam,POINT (120005.48889999837 484610.03379999846),POINT (4.873617239654804 52.34828441082652),4.873617239654804,52.34828441082652
140006,20210059153,2021,Letsel,4,snorfiets,personenauto,Onbekend,Rechte weg,Binnen,50.0,Brandend,Overig asfalt,Droog,Duisternis,Droog,Burg De Vlugtlaan,amsterdam,POINT (116343.70399999991 488379.69200000167),POINT (4.8194450994467735 52.38191776127794),4.8194450994467735,52.38191776127794
140026,20210038879,2021,Uitsluitend materiele schade,3,bromfiets,fiets,Onbekend,Rechte weg,Binnen,50.0,Brandend,ZOAB,Nat,Schemer,Unknown,Zeeburgerdijk,amsterdam,POINT (123818.8209999986 486560.94000000134),POINT (4.9293998680597255 52.36604750583698),4.9293998680597255,52.36604750583698
140089,20210065509,2021,Uitsluitend materiele schade,2,personenauto,fiets,Onbekend,Rotonde,Binnen,Unknown,Niet brandend,Beton,Droog,Daglicht,Unknown,Osdorper Ban,amsterdam,POINT (113687.12570000067 485898.46279999986),POINT (4.780733953734816 52.359425070959816),4.780733953734816,52.359425070959816
140120,20210067144,2021,Uitsluitend materiele schade,2,bestelauto,fiets,Flank,"Kruispunt, 4 takken",Binnen,50.0,Niet brandend,Overig asfalt,Nat,Daglicht,Regen,Spaarndammerstraat,amsterdam,POINT (120671.3051000014 488844.8997000009),POINT (4.882956118543474 52.38638637354619),4.882956118543474,52.38638637354619
140531,20210092467,2021,Letsel,2,personenauto,bromfiets,Frontaal,Rechte weg,Binnen,50.0,Niet brandend,Overig asfalt,Nat,Daglicht,Droog,Willem de Zwijgerlaan,amsterdam,POINT (119295.17199999839 487810.8060000017),POINT (4.86285303992732 52.37700493818896),4.86285303992732,52.37700493818896
140705,20220080539,2022,Uitsluitend materiele schade,2,bromfiets,personenauto,Onbekend,"Kruispunt, 3 takken",Binnen,50.0,Niet brandend,Overig asfalt,Nat,Daglicht,Regen,ms. Oslofjordweg,amsterdam,POINT (121151.5914000012 491018.1983000003),POINT (4.8897915693701846 52.40594816496128),4.8897915693701846,52.40594816496128
140706,20220080548,2022,Uitsluitend materiele schade,2,e-bike,fiets,Frontaal,"Kruispunt, 4 takken",Binnen,30.0,Niet brandend,Overig asfalt,Droog,Daglicht,Unknown,Vijzelstraat,amsterdam,POINT (121288.50979999825 486316.9237000011),POINT (4.892275391659281 52.36370498343699),4.892275391659281,52.36370498343699
140708,20220081380,2022,Letsel,2,bromfiets,fiets,Frontaal,"Kruispunt, 4 takken",Binnen,30.0,Brandend,Beton,Droog,Duisternis,Droog,Westzaanstraat,amsterdam,POINT (120700.89490000159 488932.2663999982),POINT (4.883381819658502 52.38717341000598),4.883381819658502,52.38717341000598
140773,20220080801,2022,Uitsluitend materiele schade,2,bestelauto,e-bike,Flank,"Kruispunt, 4 takken",Binnen,Unknown,Niet brandend,Klinkers,Droog,Daglicht,Droog,Brantasgracht,amsterdam,POINT (123555.36360000074 488038.22679999843),POINT (4.9253936811229595 52.37930934357826),4.9253936811229595,52.37930934357826
140944,20220054115,2022,Uitsluitend materiele schade,1,snorfiets,unknown,Flank,Rechte weg,Binnen,30.0,Niet brandend,Overig asfalt,Droog,Daglicht,Droog,Spaarndammerdijk,amsterdam,POINT (119077.70100000128 489499.6270000003),POINT (4.859478837319962 52.39216857774528),4.859478837319962,52.39216857774528
140987,20220055574,2022,Letsel,2,motor,fiets,Flank,"Kruispunt, 4 takken",Binnen,50.0,Niet brandend,Overig asfalt,Droog,Daglicht,Droog,Jodenbreestraat,amsterdam,POINT (122097.06410000101 486845.7395000011),POINT (4.9040938697595315 52.36850664596971),4.9040938697595315,52.36850664596971
140991,20220081278,2022,Letsel,2,fiets,overig vast object,Vast voorwerp,"Kruispunt, 4 takken",Binnen,50.0,Brandend,Overig asfalt,Droog,Duisternis,Droog,De Clercqstraat,amsterdam,POINT (120053.28599999845 487229.0769999996),POINT (4.874046552655166 52.37182556032683),4.874046552655166,52.37182556032683
141058,20220055750,2022,Uitsluitend materiele schade,2,bestelauto,fiets,Onbekend,"Kruispunt, 3 takken",Binnen,50.0,Niet brandend,Overig asfalt,Droog,Daglicht,Droog,Stationsplein,amsterdam,POINT (122096.11210000142 487803.02010000125),POINT (4.903986176994388 52.37710995939436),4.903986176994388,52.37710995939436
141077,20220102139,2022,Uitsluitend materiele schade,3,motor,fiets,Onbekend,"Kruispunt, 4 takken",Binnen,50.0,Niet brandend,Overig asfalt,Droog,Daglicht,Droog,Bloemendalerweg,amsterdam,POINT (130556.36699999869 481235.9270000011),POINT (5.028705523724834 52.31853023940172),5.028705523724834,52.31853023940172
141089,20220055806,2022,Uitsluitend materiele schade,1,fiets,unknown,Voetganger,Rechte weg,Binnen,Unknown,Niet brandend,Overig asfalt,Droog,Daglicht,Droog,Meibergpad,amsterdam,POINT (124819.70499999821 478417.7170000002),POINT (4.944824044985882 52.292916833328356),4.944824044985882,52.292916833328356
141133,20220102589,2022,Uitsluitend materiele schade,2,bromfiets,bestelauto,Flank,"Kruispunt, 4 takken",Binnen,50.0,Niet brandend,Overig asfalt,Droog,Daglicht,Droog,Arlandaweg,amsterdam,POINT (117437.97540000081 488814.4395999983),POINT (4.835467725873546 52.385900889472026),4.835467725873546,52.385900889472026
141134,20220102632,2022,Letsel,2,trekker met oplegger,fiets,Flank,"Kruispunt, 4 takken",Binnen,50.0,Niet aanwezig,Overig asfalt,Droog,Daglicht,Droog,Stadionweg,amsterdam,POINT (120231.60920000076 484465.8715999983),POINT (4.876950596988415 52.347003132360676),4.876950596988415,52.347003132360676
141136,20220103197,2022,Uitsluitend materiele schade,2,bromfiets,personenauto,Kop/staart,Rotonde,Binnen,50.0,Brandend,Overig asfalt,Nat,Duisternis,Droog,Derde Schinkelstraat,amsterdam,POINT (118808.4189000018 485163.24230000004),POINT (4.8559899915124625 52.353178720115196),4.8559899915124625,52.353178720115196
141168,20220102679,2022,Letsel,2,brommobiel,fiets,Flank,Rechte weg,Binnen,50.0,Brandend,Beton,Droog,Duisternis,Droog,Mauritskade,amsterdam,POINT (123498.13500000164 486423.5799999982),POINT (4.9247045473427145 52.36479470638551),4.9247045473427145,52.36479470638551
141169,20220102716,2022,Letsel,2,fiets,fiets,Flank,Rechte weg,Binnen,50.0,Niet brandend,Overig asfalt,Droog,Daglicht,Droog,Stadhouderskade,amsterdam,POINT (121191.23299999908 485686.4759999998),POINT (4.890910669628786 52.358032975696744),4.890910669628786,52.358032975696744
141195,20220103069,2022,Uitsluitend materiele schade,2,bromfiets,personenauto,Kop/staart,Rechte weg,Binnen,50.0,Niet brandend,Overig asfalt,Droog,Daglicht,Droog,Slotermeerlaan,amsterdam,POINT (116268 487503),POINT (4.818434319063365 52.37403342517619),4.818434319063365,52.37403342517619
141197,20220103287,2022,Uitsluitend materiele schade,2,personenauto,fiets,Flank,"Kruispunt, 3 takken",Binnen,30.0,Niet brandend,Klinkers,Droog,Daglicht,Unknown,Waterlandplein,amsterdam,POINT (125604.0009999983 489398.8016999997),POINT (4.955361012077859 52.39165078600958),4.955361012077859,52.39165078600958
141641,20230004131,2023,Uitsluitend materiele schade,2,personenauto,fiets,Onbekend,"Kruispunt, 3 takken",Binnen,30.0,Niet brandend,Beton,Droog,Daglicht,Droog,Haarlemmerweg,amsterdam,POINT (119576.72569999844 488728.93030000106),POINT (4.8668908881323025 52.38527458391931),4.8668908881323025,52.38527458391931
141673,20230078766,2023,Uitsluitend materiele schade,2,personenauto,fiets,Onbekend,Unknown,Unknown,Unknown,Unknown,Unknown,Unknown,Daglicht,Unknown,Wittenburgergracht,amsterdam,POINT (123106.18299999833 486973.05999999866),POINT (4.918898097879345 52.36971044489989),4.918898097879345,52.36971044489989
141974,20230004274,2023,Letsel,2,personenauto,fiets,Flank,"Kruispunt, 3 takken",Binnen,50.0,Brandend,Overig asfalt,Nat,Duisternis,Regen,Willem de Zwijgerlaan,amsterdam,POINT (118815.92599999905 488415.61199999973),POINT (4.855750116562582 52.38240909826044),4.855750116562582,52.38240909826044
142050,20210064498,2021,Letsel,2,fiets,fiets,Flank,Rechte weg,Binnen,50.0,Niet brandend,ZOAB,Droog,Daglicht,Droog,Haarlemmerweg,amsterdam,POINT (119936.41299999878 488742.16099999845),POINT (4.872172555081724 52.385416584646684),4.872172555081724,52.385416584646684
142119,20210056249,2021,Letsel,2,motor,fiets,Flank,Bocht,Binnen,50.0,Niet brandend,ZOAB,Droog,Daglicht,Droog,Ringweg-West,amsterdam,POINT (118024.23119999841 489610.33769999817),POINT (4.843991039611155 52.39309359185047),4.843991039611155,52.39309359185047
142198,20220178004,2022,Letsel,2,trein/tram,snorfiets,Flank,Bocht,Binnen,50.0,Niet brandend,Overig asfalt,Nat,Daglicht,Droog,Julianaplein,amsterdam,POINT (123109.56899999827 484435.7329999991),POINT (4.919188376953401 52.34690680876096),4.919188376953401,52.34690680876096
142255,20220142047,2022,Uitsluitend materiele schade,2,fiets,bestelauto,Flank,Rotonde,Binnen,50.0,Niet brandend,ZOAB,Droog,Daglicht,Droog,Nieuwe Purmerweg,amsterdam,POINT (123597.25160000101 490056.00470000133),POINT (4.925820176440674 52.39744611028162),4.925820176440674,52.39744611028162
142265,20220177491,2022,Uitsluitend materiele schade,2,motor,fiets,Flank,"Kruispunt, 3 takken",Binnen,50.0,Niet brandend,Overig asfalt,Droog,Daglicht,Droog,1e C Huygensstr,amsterdam,POINT (120259.55959999934 485925.81230000034),POINT (4.877210021986256 52.36012583665984),4.877210021986256,52.36012583665984
142289,20220142160,2022,Uitsluitend materiele schade,1,bromfiets,unknown,Onbekend,Unknown,Unknown,30.0,Unknown,Unknown,Unknown,Daglicht,Unknown,Javastraat,amsterdam,POINT (124095.16600000113 486294.7710000016),POINT (4.933481527238447 52.36367097080379),4.933481527238447,52.36367097080379
142364,20220142289,2022,Letsel,3,bromfiets,personenauto,Geparkeerd voertuig,Rechte weg,Binnen,50.0,Brandend,Overig asfalt,Droog,Duisternis,Unknown,Admiraal De Ruijterweg,amsterdam,POINT (118995.97399999946 487558.07499999925),POINT (4.8584863567344545 52.37471404460115),4.8584863567344545,52.37471404460115
142415,20220123660,2022,Uitsluitend materiele schade,2,fiets,personenauto,Flank,Rechte weg,Binnen,50.0,Niet brandend,Overig asfalt,Droog,Daglicht,Droog,Amstelveenseweg,amsterdam,POINT (118890.11899999902 482953.6959999986),POINT (4.857426151185545 52.33332623282584),4.857426151185545,52.33332623282584
142416,20220123691,2022,Letsel,2,personenauto,fiets,Flank,Rotonde,Binnen,50.0,Niet aanwezig,Overig asfalt,Droog,Daglicht,Droog,Bijlmerdreef,amsterdam,POINT (126624.59019999951 481586.14090000093),POINT (4.971012627399237 52.321489001319186),4.971012627399237,52.321489001319186
142484,20220142607,2022,Letsel,3,bromfiets,bromfiets,Los voorwerp,Rechte weg,Binnen,50.0,Niet brandend,ZOAB,Droog,Daglicht,Droog,Pieter Calandlaan,amsterdam,POINT (114847.0709999986 485012.51300000027),POINT (4.797866750594115 52.351548867671404),4.797866750594115,52.351548867671404
142641,20220155683,2022,Letsel,2,personenauto,fiets,Flank,"Kruispunt, 4 takken",Binnen,50.0,Niet brandend,Overig asfalt,Droog,Daglicht,Droog,Nieuwe Keizersgracht,amsterdam,POINT (122192.13010000065 486496.09230000153),POINT (4.905523785915844 52.3653699435766),4.905523785915844,52.3653699435766
142696,20220124210,2022,Letsel,1,fiets,unknown,Eenzijdig,Unknown,Unknown,Unknown,Unknown,Unknown,Unknown,Daglicht,Unknown,Lascarpad,amsterdam,POINT (112182.20399999991 487021.0929999985),POINT (4.75850008889069 52.369399061132334),4.75850008889069,52.369399061132334
142697,20220124240,2022,Letsel,2,personenauto,fiets,Geparkeerd voertuig,Rechte weg,Binnen,30.0,Niet brandend,Klinkers,Droog,Daglicht,Droog,Bijlmerdreef,amsterdam,POINT (127161.60300000012 481854.86499999836),POINT (4.978866779550576 52.32393159359747),4.978866779550576,52.32393159359747
142739,20230040181,2023,Letsel,2,bromfiets,fiets,Onbekend,"Kruispunt, 3 takken",Binnen,30.0,Niet brandend,Klinkers,Droog,Daglicht,Droog,Kleine Wittenburgerstr,amsterdam,POINT (123126.59010000154 486969.2917000018),POINT (4.919198088981462 52.36967776269319),4.919198088981462,52.36967776269319
142746,20230050677,2023,Uitsluitend materiele schade,2,snorfiets,personenauto,Frontaal,"Kruispunt, 4 takken",Binnen,50.0,Niet brandend,ZOAB,Droog,Daglicht,Droog,Slotermeerlaan,amsterdam,POINT (116268 487503),POINT (4.818434319063365 52.37403342517619),4.818434319063365,52.37403342517619
142827,20230050289,2023,Uitsluitend materiele schade,2,fiets,fiets,Kop/staart,Rechte weg,Binnen,50.0,Brandend,Klinkers,Droog,Duisternis,Droog,Kloveniersburgwal,amsterdam,POINT (121686.11699999869 487007.8229999989),POINT (4.89804412281507 52.369938566141364),4.89804412281507,52.369938566141364
142914,20230039866,2023,Uitsluitend materiele schade,4,bestelauto,fiets,Vast voorwerp,Rechte weg,Binnen,50.0,Niet brandend,Klinkers,Droog,Daglicht,Droog,Gerard Douplein,amsterdam,POINT (121342.5309999995 485457.79199999943),POINT (4.893154441120494 52.35598700962152),4.893154441120494,52.35598700962152
142930,20230058652,2023,Letsel,1,bromfiets,unknown,Eenzijdig,Rechte weg,Binnen,50.0,Niet brandend,Overig asfalt,Nat,Daglicht,Droog,De Clercqstraat,amsterdam,POINT (119551.80200000107 487048.6039999984),POINT (4.866702080402962 52.37017145937156),4.866702080402962,52.37017145937156
142948,20230050379,2023,Uitsluitend materiele schade,2,bestelauto,fiets,Flank,"Kruispunt, 4 takken",Binnen,50.0,Niet brandend,Overig asfalt,Droog,Daglicht,Droog,Surinameplein,amsterdam,POINT (118667.68609999865 485737.95369999856),POINT (4.853862351583359 52.35833452252929),4.853862351583359,52.35833452252929
142987,20230049894,2023,Letsel,2,unknown,fiets,Eenzijdig,"Kruispunt, 4 takken",Binnen,30.0,Niet brandend,Overig asfalt,Droog,Daglicht,Droog,Eva Besnyöstraat,amsterdam,POINT (129001.27910000086 484879.03660000116),POINT (5.0056173228957 52.351201271073364),5.0056173228957,52.351201271073364
143037,20230049435,2023,Letsel,1,fiets,unknown,Eenzijdig,Rechte weg,Binnen,50.0,Niet brandend,Overig asfalt,Nat,Daglicht,Droog,Hoofddorpweg,amsterdam,POINT (118478.05700000003 484930.6770000011),POINT (4.851166439424367 52.351066730428),4.851166439424367,52.351066730428
143090,20220211425,2022,Dodelijk,3,snorfiets,personenauto,Frontaal,Rechte weg,Binnen,50.0,Brandend,ZOAB,Droog,Duisternis,Droog,2e Hugo de Grootstraat,amsterdam,POINT (119908.25400000066 487569.38599999994),POINT (4.871881452031404 52.37487475912946),4.871881452031404,52.37487475912946
143130,20220212279,2022,Uitsluitend materiele schade,2,bestelauto,fiets,Flank,"Kruispunt, 4 takken",Binnen,50.0,Niet brandend,Overig asfalt,Nat,Daglicht,Droog,Kinkerstraat,amsterdam,POINT (119914.1314000003 486722.00459999964),POINT (4.872056209655045 52.36725948907594),4.872056209655045,52.36725948907594
143235,20220210139,2022,Uitsluitend materiele schade,2,personenauto,fiets,Flank,"Kruispunt, 4 takken",Binnen,50.0,Brandend,Overig asfalt,Droog,Duisternis,Droog,Weteringlaan,amsterdam,POINT (121185.9849999994 485686.30999999866),POINT (4.890833651413056 52.358031160813745),4.890833651413056,52.358031160813745
143275,20220211105,2022,Uitsluitend materiele schade,2,bromfiets,personenauto,Flank,"Kruispunt, 4 takken",Binnen,Unknown,Niet brandend,ZOAB,Droog,Daglicht,Droog,Foppingadreef,amsterdam,POINT (125219.0540000014 480513.02699999884),POINT (4.950492528623908 52.311770131875264),4.950492528623908,52.311770131875264
143276,20220212448,2022,Letsel,2,bromfiets,fiets,Onbekend,Rechte weg,Binnen,50.0,Brandend,Overig asfalt,Droog,Duisternis,Droog,Van Woustraat,amsterdam,POINT (121906.12900000066 485286.45699999854),POINT (4.901443926631697 52.35448140267752),4.901443926631697,52.35448140267752
143540,20220212097,2022,Letsel,2,e-bike,voetganger,Voetganger,"Kruispunt, 4 takken",Binnen,Unknown,Brandend,ZOAB,Nat,Daglicht,Droog,Nieuwe Purmerweg,amsterdam,POINT (123863.96999999881 489910.4589000009),POINT (4.929752310297031 52.39615324677409),4.929752310297031,52.39615324677409