,accident_id,accident_year,outcome,num_parties,party1_type,party2_type,accident_nature,road_situation,built_up_area,speed_limit_kmh,street_lighting,road_surface,road_condition,light_condition,weather_condition,street_name,municipality,shape,geometry,longitude,latitude
143576,20220210749,2022,Uitsluitend materiele schade,2,bromfiets,personenauto,Onbekend,Unknown,Unknown,Unknown,Unknown,Unknown,Unknown,Schemer,Unknown,Wittenburgergracht,amsterdam,POINT (123113.76399999857 486985.04300000146),POINT (4.919008271719144 52.36981858020505),4.919008271719144,52.36981858020505
143578,20220211457,2022,Uitsluitend materiele schade,2,bromfiets,boom,Vast voorwerp,Bocht,Binnen,50.0,Brandend,Overig asfalt,Droog,Duisternis,Droog,Jan van Galenstraat,amsterdam,POINT (117624.3601000011 487349.8958999999),POINT (4.8383682720973376 52.37275144274491),4.8383682720973376,52.37275144274491
143972,20230111157,2023,Letsel,1,fiets,unknown,Eenzijdig,Rechte weg,Binnen,30.0,Niet brandend,Overig asfalt,Nat,Daglicht,Droog,Vijzelstraat,amsterdam,POINT (121281.02199999988 486274.75400000066),POINT (4.892169693424016 52.363325531810226),4.892169693424016,52.363325531810226
143998,20230111368,2023,Uitsluitend materiele schade,2,bromfiets,personenauto,Flank,Rechte weg,Binnen,30.0,Niet brandend,Overig asfalt,Nat,Daglicht,Droog,Gulden Winckelplantsoen,amsterdam,POINT (118234.71599999815 487963.58999999985),POINT (4.847263410660104 52.37830805869515),4.847263410660104,52.37830805869515
144065,20230036685,2023,Uitsluitend materiele schade,2,scootmobiel,fiets,Flank,Rechte weg,Binnen,30.0,Brandend,Klinkers,Droog,Duisternis,Droog,Spaarndammerstraat,amsterdam,POINT (120403.62900000066 489241.5940000005),POINT (4.8789835523661065 52.389934757763264),4.8789835523661065,52.389934757763264
144066,20230066796,2023,Uitsluitend materiele schade,2,bestelauto,bromfiets,Flank,"Kruispunt, 4 takken",Binnen,30.0,Niet brandend,Klinkers,Droog,Schemer,Droog,0024 BRUG,amsterdam,POINT (120956.86279999837 487270.6695000008),POINT (4.887309976743331 52.37225612216076),4.887309976743331,52.37225612216076
144100,20230067348,2023,Uitsluitend materiele schade,2,personenauto,fiets,Kop/staart,"Kruispunt, 3 takken",Binnen,50.0,Niet brandend,Klinkers,Droog,Daglicht,Droog,Kruitberg,amsterdam,POINT (127147.07550000027 481067.8044999987),POINT (4.978718735708162 52.3168571749825),4.978718735708162,52.3168571749825
144140,20230067619,2023,Uitsluitend materiele schade,3,trein/tram,fiets,Flank,Rechte weg,Binnen,30.0,Brandend,ZOAB,Droog,Duisternis,Droog,Van Woustraat,amsterdam,POINT (121934.88199999928 485241.7199999988),POINT (4.901870352887828 52.35408106743031),4.901870352887828,52.35408106743031
144158,20230020420,2023,Uitsluitend materiele schade,2,bromfiets,personenauto,Flank,"Kruispunt, 4 takken",Binnen,30.0,Niet brandend,Overig asfalt,Droog,Daglicht,Droog,Grote Wittenburgerstraat,amsterdam,POINT (123355.32070000097 487249.6783999987),POINT (4.92253010255596 52.37221091622106),4.92253010255596,52.37221091622106
144405,20230020733,2023,Uitsluitend materiele schade,2,motor,fiets,Flank,"Kruispunt, 4 takken",Binnen,50.0,Brandend,Overig asfalt,Droog,Duisternis,Droog,KOEKJESBRUG 0170,amsterdam,POINT (120308.97320000082 486589.253800001),POINT (4.877866949224664 52.36609150148132),4.877866949224664,52.36609150148132
144406,20230020743,2023,Uitsluitend materiele schade,2,bromfiets,personenauto,Onbekend,Rechte weg,Binnen,50.0,Niet brandend,ZOAB,Unknown,Daglicht,Droog,Meibergdreef,amsterdam,POINT (125420.65399999917 478359.76099999994),POINT (4.953637535011624 52.2924285756358),4.953637535011624,52.2924285756358
144409,20230024740,2023,Uitsluitend materiele schade,2,personenauto,bromfiets,Flank,Rechte weg,Binnen,30.0,Niet brandend,Klinkers,Droog,Daglicht,Droog,Uiterwaardenstraat,amsterdam,POINT (121972.85799999908 483991.2670000009),POINT (4.902550469748248 52.342845098952395),4.902550469748248,52.342845098952395
144441,20230036622,2023,Letsel,2,bromfiets,fiets,Flank,"Kruispunt, 4 takken",Binnen,50.0,Niet brandend,ZOAB,Droog,Daglicht,Droog,Jan Evertsenstraat,amsterdam,POINT (119058.48180000111 487193.496199999),POINT (4.859443232244766 52.37144157810615),4.859443232244766,52.37144157810615
144572,20230088215,2023,Letsel,3,personenauto,fiets,Los voorwerp,"Kruispunt, 4 takken",Binnen,50.0,Niet brandend,Klinkers,Nat,Daglicht,Droog,IJburglaan,amsterdam,POINT (127308.1810999997 486222.1634999998),POINT (4.980657500712102 52.3631897893157),4.980657500712102,52.3631897893157
144730,20230097825,2023,Letsel,3,fiets,fiets,Flank,"Kruispunt, 4 takken",Binnen,50.0,Niet brandend,Overig asfalt,Nat,Daglicht,Regen,De Clercqstraat,amsterdam,POINT (120055.81700000167 487219.61199999973),POINT (4.874084700465917 52.37174065686559),4.874084700465917,52.37174065686559
144935,20210087374,2021,Letsel,2,snorfiets,personenauto,Flank,"Kruispunt, 3 takken",Binnen,50.0,Niet brandend,Overig asfalt,Droog,Daglicht,Droog,Saxen-Weimarlaan,amsterdam,POINT (118920.41299999878 485009.5892999992),POINT (4.857650232742542 52.351805162081995),4.857650232742542,52.351805162081995
144936,20210087377,2021,Uitsluitend materiele schade,2,snorfiets,personenauto,Frontaal,"Kruispunt, 4 takken",Binnen,50.0,Brandend,Overig asfalt,Droog,Duisternis,Droog,Jan van Galenstraat,amsterdam,POINT (119278.84059999883 487601.57140000165),POINT (4.862635452748656 52.375123432227056),4.862635452748656,52.375123432227056
144937,20210087385,2021,Letsel,2,bestelauto,bromfiets,Onbekend,Unknown,Unknown,30.0,Unknown,Unknown,Unknown,Daglicht,Unknown,Johan van Hasseltweg,amsterdam,POINT (123789.75400000066 488747.91699999943),POINT (4.928770009765756 52.385700923741695),4.928770009765756,52.385700923741695
144992,20210080064,2021,Uitsluitend materiele schade,2,snorfiets,personenauto,Kop/staart,Rechte weg,Binnen,50.0,Niet brandend,Overig asfalt,Nat,Daglicht,Droog,Arent Janszoon Ernststr,amsterdam,POINT (120266.57400000095 482806),POINT (4.877634953025529 52.332087523991596),4.877634953025529,52.332087523991596
145000,20210087278,2021,Uitsluitend materiele schade,2,snorfiets,fiets,Frontaal,"Kruispunt, 4 takken",Binnen,50.0,Brandend,Overig asfalt,Droog,Duisternis,Droog,Javastraat,amsterdam,POINT (123892.3440000005 486255.19299999997),POINT (4.930507590715959 52.36330382094795),4.930507590715959,52.36330382094795
145001,20210087290,2021,Uitsluitend materiele schade,2,snorfiets,personenauto,Flank,"Kruispunt, 3 takken",Binnen,50.0,Niet brandend,Overig asfalt,Droog,Daglicht,Droog,Lange Vonder,amsterdam,POINT (121614.92350000143 492864.24240000173),POINT (4.896416375977293 52.42256735620681),4.896416375977293,52.42256735620681
145002,20210087296,2021,Uitsluitend materiele schade,2,motor,fiets,Flank,"Kruispunt, 4 takken",Binnen,50.0,Brandend,Overig asfalt,Droog,Duisternis,Droog,Insulindeweg,amsterdam,POINT (124517 486075),POINT (4.939694332244337 52.36171938135959),4.939694332244337,52.36171938135959
145047,20210021470,2021,Uitsluitend materiele schade,2,bromfiets,personenauto,Flank,Rechte weg,Binnen,50.0,Niet brandend,Overig asfalt,Droog,Daglicht,Droog,Vijzelstraat,amsterdam,POINT (121361.54300000146 486630.02899999917),POINT (4.893316252440499 52.36652343370171),4.893316252440499,52.36652343370171
145066,20210018311,2021,Uitsluitend materiele schade,1,bromfiets,unknown,Voetganger,Rechte weg,Binnen,50.0,Niet brandend,ZOAB,Droog,Daglicht,Droog,Marnixplein,amsterdam,POINT (120379.80900000036 487910.8929999992),POINT (4.878770798271449 52.377973907595454),4.878770798271449,52.377973907595454
145096,20210015138,2021,Letsel,2,personenauto,bromfiets,Frontaal,"Kruispunt, 4 takken",Binnen,30.0,Niet brandend,Overig asfalt,Droog,Daglicht,Droog,Orteliusstraat,amsterdam,POINT (118366.25930000097 487023.53449999914),POINT (4.849297666204842 52.36986834894942),4.849297666204842,52.36986834894942
145131,20210008714,2021,Letsel,3,bestelauto,fiets,Onbekend,"Kruispunt, 4 takken",Binnen,50.0,Niet brandend,Beton,Droog,Daglicht,Droog,Vrijheidslaan,amsterdam,POINT (122149.08300000057 484381.6169999987),POINT (4.905098282343918 52.34636387407573),4.905098282343918,52.34636387407573
145132,20210009996,2021,Letsel,1,fiets,unknown,Eenzijdig,Rechte weg,Binnen,50.0,Niet aanwezig,Overig asfalt,Droog,Daglicht,Droog,Ouderkerkerdijk,amsterdam,POINT (122226.07200000063 482925.51300000027),POINT (4.906369844328451 52.333281933308896),4.906369844328451,52.333281933308896
145196,20210015292,2021,Uitsluitend materiele schade,2,snorfiets,personenauto,Flank,"Kruispunt, 3 takken",Binnen,50.0,Niet brandend,Overig asfalt,Nat,Daglicht,Regen,Stadhouderskade,amsterdam,POINT (121703.57899999991 485634.44299999997),POINT (4.898436505727996 52.35759662924934),4.898436505727996,52.35759662924934
145253,20210027987,2021,Letsel,3,fiets,personenauto,Onbekend,Rechte weg,Binnen,50.0,Niet brandend,Overig asfalt,Droog,Daglicht,Droog,Rijnstraat,amsterdam,POINT (122135.51000000164 484448.13500000164),POINT (4.904892602277151 52.34696088317261),4.904892602277151,52.34696088317261
145294,20210010916,2021,Uitsluitend materiele schade,1,bromfiets,unknown,Onbekend,"Kruispunt, 3 takken",Binnen,30.0,Niet aanwezig,Klinkers,Nat,Daglicht,Unknown,Geldershoofd,amsterdam,POINT (126589.10350000113 481708.8476999998),POINT (4.97048180090852 52.32258999181005),4.97048180090852,52.32258999181005
145352,20210007042,2021,Uitsluitend materiele schade,2,personenauto,e-bike,Flank,Rotonde,Binnen,50.0,Brandend,Overig asfalt,Droog,Duisternis,Unknown,Baden Powellweg,amsterdam,POINT (114250.70630000159 485956.58089999855),POINT (4.788999803315931 52.35998948530024),4.788999803315931,52.35998948530024
145405,20210003146,2021,Uitsluitend materiele schade,2,personenauto,fiets,Flank,Rechte weg,Binnen,50.0,Niet brandend,Klinkers,Droog,Daglicht,Droog,Meer en Vaart,amsterdam,POINT (115436.9459999986 486122.8289999999),POINT (4.806393514484166 52.3615703082678),4.806393514484166,52.3615703082678
145423,20210030619,2021,Uitsluitend materiele schade,2,bromfiets,overig vast object,Vast voorwerp,Rechte weg,Binnen,30.0,Niet brandend,Overig asfalt,Droog,Schemer,Droog,Willem Kloosstraat,amsterdam,POINT (116536.93100000173 487687.8779999986),POINT (4.822362160629554 52.37571386525791),4.822362160629554,52.37571386525791
145491,20210059943,2021,Letsel,1,fiets,unknown,Eenzijdig,Rechte weg,Binnen,50.0,Brandend,Overig asfalt,Nat,Duisternis,Droog,Overtoom,amsterdam,POINT (119821.79600000009 486094.8020000011),POINT (4.870766166693942 52.361616736757576),4.870766166693942,52.361616736757576
145497,20210037842,2021,Uitsluitend materiele schade,2,personenauto,snorfiets,Onbekend,"Kruispunt, 3 takken",Binnen,Unknown,Niet brandend,Overig asfalt,Droog,Daglicht,Droog,Daniël Goedkoopstraat,amsterdam,POINT (123350.73889999837 483053.6209000014),POINT (4.9228575407353565 52.33449918348598),4.9228575407353565,52.33449918348598
145535,20210060251,2021,Uitsluitend materiele schade,2,personenauto,e-bike,Flank,"Kruispunt, 4 takken",Binnen,50.0,Niet brandend,Klinkers,Droog,Daglicht,Droog,Gerrit van der Veenstr,amsterdam,POINT (120001.55040000007 484678.0144999996),POINT (4.873552369585401 52.34889512380902),4.873552369585401,52.34889512380902
145622,20210078623,2021,Letsel,2,snorfiets,personenauto,Flank,"Kruispunt, 4 takken",Binnen,30.0,Niet brandend,Overig asfalt,Droog,Daglicht,Droog,0406 BRUG,amsterdam,POINT (120902.17990000173 484766.86030000076),POINT (4.886760892079399 52.34975023248967),4.886760892079399,52.34975023248967
145645,20210036768,2021,Uitsluitend materiele schade,2,personenauto,bromfiets,Onbekend,"Kruispunt, 4 takken",Binnen,50.0,Niet brandend,Beton,Droog,Daglicht,Droog,Amstelveenseweg,amsterdam,POINT (118921.80090000108 484278.2357000001),POINT (4.857749010742779 52.34523236311245),4.857749010742779,52.34523236311245
145722,20210066130,2021,Letsel,3,bromfiets,overig wegmeubilair,Vast voorwerp,"Kruispunt, 4 takken",Binnen,30.0,Brandend,Overig asfalt,Nat,Duisternis,Regen,Nieuwe Osdorpergracht,amsterdam,POINT (115234.62420000136 485474.2096000016),POINT (4.80350013665474 52.355726420636685),4.80350013665474,52.355726420636685
145732,20210040605,2021,Uitsluitend materiele schade,1,bromfiets,unknown,Eenzijdig,Rechte weg,Binnen,50.0,Niet brandend,Overig asfalt,Droog,Daglicht,Droog,Jan Evertsenstraat,amsterdam,POINT (118610.4459999986 487085.38500000164),POINT (4.852876303340045 52.370440449511406),4.852876303340045,52.370440449511406
145807,20210039447,2021,Letsel,2,bromfiets,unknown,Eenzijdig,Rechte weg,Binnen,50.0,Niet brandend,Overig asfalt,Droog,Daglicht,Droog,Amstelveenseweg,amsterdam,POINT (118803.17399999872 485188.9620000012),POINT (4.855910243727339 52.35340952485037),4.855910243727339,52.35340952485037
145840,20210038875,2021,Uitsluitend materiele schade,2,personenauto,fiets,Flank,Rotonde,Binnen,50.0,Niet brandend,ZOAB,Droog,Daglicht,Droog,Meeuwenlaan,amsterdam,POINT (123452.71449999884 488946.76300000027),POINT (4.923800853800712 52.387468746282565),4.923800853800712,52.387468746282565
145859,20210068278,2021,Uitsluitend materiele schade,2,bromfiets,fiets,Frontaal,Rechte weg,Binnen,50.0,Brandend,Unknown,Nat,Duisternis,Droog,Oderweg,amsterdam,POINT (116455.24700000137 489362.7250000015),POINT (4.820970476783933 52.39076029968779),4.820970476783933,52.39076029968779
145912,20210038314,2021,Uitsluitend materiele schade,2,personenauto,snorfiets,Flank,"Kruispunt, 4 takken",Binnen,50.0,Niet brandend,Overig asfalt,Droog,Daglicht,Droog,Burgemeester Röellstraat,amsterdam,POINT (116869 487529),POINT (4.827256500713457 52.374309156738995),4.827256500713457,52.374309156738995
145938,20210067137,2021,Uitsluitend materiele schade,2,personenauto,bromfiets,Kop/staart,Rechte weg,Binnen,50.0,Brandend,ZOAB,Nat,Duisternis,Unknown,Zeeburgerdijk,amsterdam,POINT (124780.53700000048 486567.74500000104),POINT (4.943518831135586 52.366162418418924),4.943518831135586,52.366162418418924
145949,20210043331,2021,Uitsluitend materiele schade,2,personenauto,fiets,Flank,"Kruispunt, 4 takken",Binnen,50.0,Niet brandend,Overig asfalt,Droog,Daglicht,Droog,Boris Pasternakstraat,amsterdam,POINT (124869.28440000117 480938.87359999865),POINT (4.945325550622399 52.31557836178791),4.945325550622399,52.31557836178791
145962,20210065572,2021,Uitsluitend materiele schade,2,snorfiets,scootmobiel,Frontaal,"Kruispunt, 3 takken",Binnen,Unknown,Brandend,Overig asfalt,Nat,Schemer,Unknown,Meer en Vaart,amsterdam,POINT (115646.07499999925 485514.9970000014),POINT (4.809534632967224 52.356122613318746),4.809534632967224,52.356122613318746
145970,20210068735,2021,Letsel,2,snorfiets,fiets,Kop/staart,Rechte weg,Binnen,30.0,Niet brandend,Overig asfalt,Droog,Schemer,Droog,Tussen Meer,amsterdam,POINT (114698.6409999989 485647.1499999985),POINT (4.795612277692562 52.3572416143508),4.795612277692562,52.3572416143508
145975,20210069653,2021,Uitsluitend materiele schade,2,personenauto,fiets,Onbekend,Rechte weg,Binnen,30.0,Niet brandend,Overig asfalt,Droog,Daglicht,Droog,Ridderspoorweg,amsterdam,POINT (122156.77199999988 489951.8570000008),POINT (4.9046668532056925 52.396425785294184),4.9046668532056925,52.396425785294184
145995,20210087206,2021,Letsel,2,personenauto,fiets,Flank,"Kruispunt, 4 takken",Binnen,50.0,Niet brandend,Overig asfalt,Droog,Daglicht,Droog,Mercatorstraat,amsterdam,POINT (118413.65019999817 487364.05959999934),POINT (4.849956428965846 52.37293189031246),4.849956428965846,52.37293189031246
145999,20210087676,2021,Letsel,2,fiets,bromfiets,Onbekend,"Kruispunt, 4 takken",Binnen,50.0,Niet brandend,Klinkers,Nat,Daglicht,Droog,Kerkstraat,amsterdam,POINT (121271.43510000035 486232.1684000008),POINT (4.892033222790585 52.362942213353975),4.892033222790585,52.362942213353975
146608,20220016499,2022,Letsel,2,personenauto,bromfiets,Kop/staart,"Kruispunt, 3 takken",Binnen,50.0,Brandend,Overig asfalt,Nat,Duisternis,Droog,Meer en Vaart,amsterdam,POINT (115646.07499999925 485514.9970000014),POINT (4.809534632967224 52.356122613318746),4.809534632967224,52.356122613318746
146651,20220055227,2022,Uitsluitend materiele schade,2,personenauto,fiets,Flank,Rotonde,Binnen,50.0,Niet brandend,Overig asfalt,Droog,Daglicht,Droog,Louis Bouwmeesterstraat,amsterdam,POINT (116458.0524000004 485498.2930999994),POINT (4.821454863279112 52.3560300557057),4.821454863279112,52.3560300557057
146742,20220081124,2022,Uitsluitend materiele schade,2,personenauto,fiets,Kop/staart,Rechte weg,Binnen,30.0,Brandend,Overig asfalt,Droog,Duisternis,Droog,Spuistraat,amsterdam,POINT (121140.53700000048 487445.1330000013),POINT (4.889989401701095 52.37383543142805),4.889989401701095,52.37383543142805
146743,20220081135,2022,Uitsluitend materiele schade,2,snorfiets,personenauto,Kop/staart,"Kruispunt, 4 takken",Binnen,Unknown,Niet brandend,Overig asfalt,Droog,Daglicht,Droog,Westeinde,amsterdam,POINT (121762 485657),POINT (4.899291825636309 52.3578028939327),4.899291825636309,52.3578028939327
146754,20220036028,2022,Uitsluitend materiele schade,2,personenauto,fiets,Flank,"Kruispunt, 4 takken",Binnen,50.0,Niet brandend,ZOAB,Nat,Daglicht,Regen,Wibautstraat,amsterdam,POINT (122565.02809999883 485499.5122999996),POINT (4.911094551582275 52.35643549532107),4.911094551582275,52.35643549532107
146755,20220036065,2022,Letsel,2,fiets,e-bike,Flank,"Kruispunt, 3 takken",Binnen,30.0,Niet brandend,Overig asfalt,Droog,Daglicht,Droog,Eerste Oosterparkstraat,amsterdam,POINT (122482.00620000064 485467.06069999933),POINT (4.909879058866796 52.35613893422875),4.909879058866796,52.35613893422875
146797,20220055582,2022,Uitsluitend materiele schade,2,motor,snorfiets,Flank,"Kruispunt, 3 takken",Binnen,50.0,Brandend,Overig asfalt,Droog,Duisternis,Droog,Stadhouderskade,amsterdam,POINT (120914.51999999955 485922.936999999),POINT (4.886824863656835 52.36014102499891),4.886824863656835,52.36014102499891
146867,20220054478,2022,Uitsluitend materiele schade,2,personenauto,fiets,Flank,"Kruispunt, 4 takken",Binnen,50.0,Niet brandend,Overig asfalt,Droog,Daglicht,Droog,President Kennedylaan,amsterdam,POINT (121304.23759999871 483758.8830000013),POINT (4.892762468241394 52.34071599888309),4.892762468241394,52.34071599888309
146869,20220054514,2022,Uitsluitend materiele schade,1,bromfiets,unknown,Onbekend,Rechte weg,Binnen,Unknown,Niet brandend,Beton,Droog,Daglicht,Droog,IJpromenade,amsterdam,POINT (121813.0540000014 488738.1319999993),POINT (4.899737027730784 52.38549703869737),4.899737027730784,52.38549703869737
146897,20220054610,2022,Uitsluitend materiele schade,2,motor,bromfiets,Flank,Rechte weg,Binnen,50.0,Brandend,Overig asfalt,Droog,Duisternis,Droog,Bos en Lommerweg,amsterdam,POINT (118800.89600000158 488625.01900000125),POINT (4.855506805858343 52.38429009595844),4.855506805858343,52.38429009595844
146914,20220102229,2022,Uitsluitend materiele schade,2,bromfiets,personenauto,Frontaal,"Kruispunt, 3 takken",Binnen,30.0,Niet brandend,Klinkers,Droog,Daglicht,Droog,Rustenburgerdwarsstraat,amsterdam,POINT (122129.86169999838 485123.15199999884),POINT (4.904743775522792 52.35302715584874),4.904743775522792,52.35302715584874
146915,20220102262,2022,Uitsluitend materiele schade,3,vrachtauto,fiets,Onbekend,Rechte weg,Binnen,30.0,Niet aanwezig,Klinkers,Droog,Daglicht,Droog,Jan Hanzenstraat,amsterdam,POINT (119549.81100000069 486834.5540000014),POINT (4.866695419624578 52.368247606247934),4.866695419624578,52.368247606247934
146918,20220102844,2022,Uitsluitend materiele schade,2,fiets,scootmobiel,Frontaal,Rechte weg,Binnen,Unknown,Niet brandend,Overig asfalt,Droog,Daglicht,Droog,Vondelpark,amsterdam,POINT (119765.32499999925 485807.2989999987),POINT (4.869967289959402 52.35902924533618),4.869967289959402,52.35902924533618
146939,20220055818,2022,Uitsluitend materiele schade,1,fiets,unknown,Voetganger,Rechte weg,Binnen,30.0,Niet aanwezig,Overig asfalt,Droog,Daglicht,Droog,Damstraat,amsterdam,POINT (121495.88899999857 487245.5799999982),POINT (4.895227334216948 52.37206378653994),4.895227334216948,52.37206378653994
146941,20220055851,2022,Uitsluitend materiele schade,2,personenauto,bromfiets,Frontaal,"Kruispunt, 4 takken",Binnen,50.0,Brandend,ZOAB,Nat,Duisternis,Regen,Oostenburgergracht,amsterdam,POINT (123550.55900000036 486720.4266999997),POINT (4.925446428954504 52.367465571887514),4.925446428954504,52.367465571887514
146981,20220102381,2022,Letsel,2,bromfiets,fiets,Kop/staart,Rechte weg,Binnen,50.0,Brandend,Overig asfalt,Droog,Schemer,Droog,Meer en Vaart,amsterdam,POINT (115508.07699999958 485892.5179999992),POINT (4.807464756848447 52.359505573409756),4.807464756848447,52.359505573409756
146982,20220103222,2022,Uitsluitend materiele schade,2,personenauto,fiets,Flank,"Kruispunt, 3 takken",Binnen,Unknown,Niet brandend,Overig asfalt,Droog,Daglicht,Droog,FIETSPAD,amsterdam,POINT (120081.67810000107 487343.57499999925),POINT (4.874451551204037 52.37285639092754),4.874451551204037,52.37285639092754
147075,20220055141,2022,Letsel,2,personenauto,bromfiets,Geparkeerd voertuig,Rechte weg,Binnen,50.0,Niet brandend,Overig asfalt,Droog,Daglicht,Droog,Van Mourik Broekmanstr,amsterdam,POINT (116574.19049999863 485649.2347000018),POINT (4.8231423084697695 52.35739473906039),4.8231423084697695,52.35739473906039
147213,20230097024,2023,Uitsluitend materiele schade,2,personenauto,bromfiets,Onbekend,Unknown,Unknown,Unknown,Unknown,Unknown,Unknown,Duisternis,Unknown,Slotermeerlaan,amsterdam,POINT (116362.0159999989 487797.0300000012),POINT (4.819781049102534 52.37668255504472),4.819781049102534,52.37668255504472
147272,20230024355,2023,Uitsluitend materiele schade,2,personenauto,bromfiets,Onbekend,Unknown,Unknown,30.0,Unknown,Unknown,Unknown,Daglicht,Unknown,Piet Mondriaanstraat,amsterdam,POINT (117666.12110000104 486583.70010000095),POINT (4.839066572283595 52.36586830233537),4.839066572283595,52.36586830233537
147413,20230004687,2023,Uitsluitend materiele schade,2,bus,fiets,Flank,Rechte weg,Binnen,50.0,Niet brandend,ZOAB,Nat,Daglicht,Regen,Klaprozenweg,amsterdam,POINT (122565.68699999899 490020.7899999991),POINT (4.910667831968458 52.39706962528632),4.910667831968458,52.39706962528632
147456,20230086373,2023,Uitsluitend materiele schade,2,personenauto,bromfiets,Onbekend,Unknown,Unknown,Unknown,Unknown,Unknown,Unknown,Daglicht,Unknown,Bijlmerdreef,amsterdam,POINT (124995.28799999878 480662.62900000066),POINT (4.947197974993284 52.3131025143448),4.947197974993284,52.3131025143448
147658,20210048388,2021,Letsel,2,fiets,bestelauto,Flank,"Kruispunt, 4 takken",Binnen,50.0,Niet brandend,Overig asfalt,Droog,Daglicht,Droog,Noorderakerweg,amsterdam,POINT (113530.49740000069 484973.745099999),POINT (4.778548782005245 52.35110266288342),4.778548782005245,52.35110266288342
147879,20210091244,2021,Letsel,2,personenauto,fiets,Flank,"Kruispunt, 4 takken",Binnen,50.0,Niet brandend,Overig asfalt,Nat,Daglicht,Droog,IJ-tunnel,amsterdam,POINT (122557.7809999995 488548.6099999994),POINT (4.910693907725686 52.38383826813548),4.910693907725686,52.38383826813548
147993,20220178306,2022,Uitsluitend materiele schade,2,personenauto,e-bike,Flank,"Kruispunt, 4 takken",Binnen,50.0,Niet brandend,Overig asfalt,Nat,Daglicht,Regen,Waddenweg,amsterdam,POINT (123816.23220000044 489790.875),POINT (4.9290620735208375 52.395075801398725),4.9290620735208375,52.395075801398725
148023,20220177401,2022,Uitsluitend materiele schade,2,fiets,personenauto,Onbekend,"Kruispunt, 4 takken",Binnen,15.0,Brandend,Overig asfalt,Droog,Duisternis,Droog,Loenermark,amsterdam,POINT (124035.0260999985 490305.2650000006),POINT (4.9322289792269025 52.399711160515594),4.9322289792269025,52.399711160515594
148025,20220178034,2022,Uitsluitend materiele schade,2,bromfiets,fiets,Onbekend,Rechte weg,Binnen,30.0,Brandend,Overig asfalt,Droog,Duisternis,Droog,Belgiëplein,amsterdam,POINT (115736.05700000003 484401.41000000015),POINT (4.810985349267485 52.34612098677435),4.810985349267485,52.34612098677435
148063,20220177809,2022,Uitsluitend materiele schade,2,bestelauto,bromfiets,Onbekend,Rechte weg,Binnen,50.0,Niet brandend,Overig asfalt,Nat,Daglicht,Droog,Heemstedestraat,amsterdam,POINT (118265.69700000063 484991.1279999986),POINT (4.848043133334156 52.351595864371355),4.848043133334156,52.351595864371355
148121,20220178189,2022,Uitsluitend materiele schade,2,personenauto,fiets,Flank,"Kruispunt, 3 takken",Binnen,30.0,Niet brandend,Overig asfalt,Droog,Daglicht,Droog,Stadhouderskade,amsterdam,POINT (120751.45549999923 486049.8295999989),POINT (4.884418220965027 52.36127130522954),4.884418220965027,52.36127130522954
148140,20220142281,2022,Uitsluitend materiele schade,3,personenauto,fiets,Flank,"Kruispunt, 4 takken",Binnen,50.0,Niet brandend,ZOAB,Droog,Daglicht,Droog,Jasper Leijnsenstraat,amsterdam,POINT (119292.51720000058 487767.2278999984),POINT (4.862818684586613 52.37661311830425),4.862818684586613,52.37661311830425
148272,20220123925,2022,Letsel,1,bromfiets,unknown,Eenzijdig,Unknown,Unknown,50.0,Unknown,Unknown,Unknown,Daglicht,Unknown,Meer en Vaart,amsterdam,POINT (115436.9459999986 486122.8289999999),POINT (4.806393514484166 52.3615703082678),4.806393514484166,52.3615703082678
148342,20220155595,2022,Letsel,1,bromfiets,unknown,Eenzijdig,Rechte weg,Binnen,50.0,Brandend,Overig asfalt,Droog,Duisternis,Droog,Mauritskade,amsterdam,POINT (122379.20800000057 485931.4140000008),POINT (4.908325121284764 52.360306138398954),4.908325121284764,52.360306138398954
148380,20220141612,2022,Uitsluitend materiele schade,2,personenauto,fiets,Flank,Rotonde,Binnen,50.0,Niet brandend,ZOAB,Droog,Daglicht,Droog,Jan Tooropstraat,amsterdam,POINT (131121.74980000034 480378.31610000134),POINT (5.037058205955147 52.31084726905262),5.037058205955147,52.31084726905262
148385,20220155626,2022,Letsel,2,e-bike,unknown,Eenzijdig,"Kruispunt, 4 takken",Binnen,Unknown,Niet brandend,ZOAB,Droog,Daglicht,Droog,Sarphatistraat,amsterdam,POINT (122339.34710000083 486031.70149999857),POINT (4.907730236483332 52.361205086674495),4.907730236483332,52.361205086674495
148386,20220155632,2022,Letsel,2,bromfiets,fiets,Flank,"Kruispunt, 3 takken",Binnen,50.0,Niet brandend,Overig asfalt,Nat,Daglicht,Regen,Weteringschans,amsterdam,POINT (121628.23779999837 485820.95490000024),POINT (4.8973120843387115 52.359268300309054),4.8973120843387115,52.359268300309054
148547,20230050130,2023,Uitsluitend materiele schade,3,bromfiets,bromfiets,Geparkeerd voertuig,Rechte weg,Binnen,30.0,Niet brandend,Klinkers,Droog,Daglicht,Droog,Herengracht,amsterdam,POINT (120960.6649999991 487328.7030000016),POINT (4.887359929414551 52.37277792145656),4.887359929414551,52.37277792145656