,accident_id,accident_year,outcome,num_parties,party1_type,party2_type,accident_nature,road_situation,built_up_area,speed_limit_kmh,street_lighting,road_surface,road_condition,light_condition,weather_condition,street_name,municipality,shape,geometry,longitude,latitude
148580,20230059126,2023,Letsel,2,personenauto,e-bike,Frontaal,"Kruispunt, 3 takken",Binnen,50.0,Niet brandend,Overig asfalt,Droog,Daglicht,Droog,Osdorpplein,amsterdam,POINT (115550.9235999994 485760.9488000013),POINT (4.808109144133379 52.3583262114241),4.808109144133379,52.3583262114241
148660,20230059681,2023,Uitsluitend materiele schade,3,fiets,fiets,Onbekend,Rechte weg,Binnen,50.0,Niet brandend,Klinkers,Droog,Daglicht,Droog,Pijnackerstraat,amsterdam,POINT (121157.47700000182 484856.0399999991),POINT (4.890498705522084 52.35056750207573),4.890498705522084,52.35056750207573
148672,20230048631,2023,Uitsluitend materiele schade,2,fiets,fiets,Kop/staart,"Kruispunt, 4 takken",Binnen,50.0,Niet brandend,ZOAB,Droog,Daglicht,Droog,Haarlemmermeerstraat,amsterdam,POINT (118425.34540000185 485352.3557999991),POINT (4.850346975414561 52.3548529687905),4.850346975414561,52.3548529687905
148689,20230039852,2023,Letsel,2,bromfiets,personenauto,Flank,"Kruispunt, 3 takken",Binnen,50.0,Niet brandend,Overig asfalt,Droog,Daglicht,Droog,Daniël Goedkoopstraat,amsterdam,POINT (123344.01979999989 483056.7036000006),POINT (4.9227586738450695 52.334526502065685),4.9227586738450695,52.334526502065685
148794,20230049974,2023,Uitsluitend materiele schade,2,personenauto,fiets,Flank,"Kruispunt, 4 takken",Binnen,30.0,Niet brandend,Overig asfalt,Droog,Schemer,Droog,Pieter Calandlaan,amsterdam,POINT (114269.41519999877 484851.68939999864),POINT (4.789408217470487 52.350060995370285),4.789408217470487,52.350060995370285
148805,20230066356,2023,Uitsluitend materiele schade,2,personenauto,fiets,Flank,"Kruispunt, 3 takken",Binnen,50.0,Niet brandend,Overig asfalt,Droog,Daglicht,Droog,Th. Weeversweg,amsterdam,POINT (124701 489888),POINT (4.942051662727154 52.395998253691985),4.942051662727154,52.395998253691985
148815,20230049440,2023,Uitsluitend materiele schade,2,personenauto,fiets,Flank,Rechte weg,Binnen,50.0,Niet brandend,ZOAB,Unknown,Duisternis,Unknown,Herengracht,amsterdam,POINT (121336.78860000148 486494.14620000124),POINT (4.892966420016601 52.365300697134636),4.892966420016601,52.365300697134636
148903,20220210920,2022,Uitsluitend materiele schade,2,personenauto,fiets,Flank,Rotonde,Binnen,50.0,Niet brandend,Overig asfalt,Droog,Daglicht,Droog,Nieuwe Purmerweg,amsterdam,POINT (123597.25160000101 490056.00470000133),POINT (4.925820176440674 52.39744611028162),4.925820176440674,52.39744611028162
148904,20220212259,2022,Letsel,3,personenauto,bromfiets,Flank,"Kruispunt, 4 takken",Binnen,30.0,Niet brandend,Klinkers,Droog,Daglicht,Droog,Kelbergen,amsterdam,POINT (126868 480393),POINT (4.974682277139597 52.310778182323624),4.974682277139597,52.310778182323624
148906,20220212265,2022,Uitsluitend materiele schade,1,snorfiets,unknown,Voetganger,Rechte weg,Binnen,50.0,Brandend,Overig asfalt,Nat,Duisternis,Droog,Piet Heinkade,amsterdam,POINT (122814.61699999869 487814.3839999996),POINT (4.914536521344987 52.37725467710844),4.914536521344987,52.37725467710844
149122,20220210415,2022,Uitsluitend materiele schade,2,personenauto,fiets,Flank,"Kruispunt, 4 takken",Binnen,50.0,Niet brandend,Overig asfalt,Nat,Schemer,Droog,Tussen Meer,amsterdam,POINT (114370.61129999906 485543.0291999988),POINT (4.790809887616024 52.356281697972044),4.790809887616024,52.356281697972044
149189,20220210550,2022,Uitsluitend materiele schade,2,bromfiets,personenauto,Flank,"Kruispunt, 4 takken",Binnen,50.0,Niet brandend,Overig asfalt,Droog,Daglicht,Droog,President Allendelaan,amsterdam,POINT (115419.61430000141 486662.8273999989),POINT (4.806075521235346 52.366422134747715),4.806075521235346,52.366422134747715
149333,20220211410,2022,Letsel,2,personenauto,fiets,Flank,"Kruispunt, 4 takken",Binnen,50.0,Brandend,Overig asfalt,Droog,Duisternis,Droog,Burg Cramergracht,amsterdam,POINT (117173.79250000045 487315.25719999894),POINT (4.8317561857037274 52.37240928476049),4.8317561857037274,52.37240928476049
149335,20220212075,2022,Uitsluitend materiele schade,3,fiets,scootmobiel,Onbekend,"Kruispunt, 4 takken",Binnen,50.0,Niet brandend,Overig asfalt,Droog,Daglicht,Droog,Heemstedestraat,amsterdam,POINT (118124.82389999926 484990.3856999986),POINT (4.845975663421021 52.351579757028226),4.845975663421021,52.351579757028226
149366,20220210778,2022,Uitsluitend materiele schade,2,bromfiets,fiets,Flank,Rechte weg,Binnen,50.0,Brandend,ZOAB,Nat,Duisternis,Droog,Elandsgracht,amsterdam,POINT (120268.21200000122 486861.40199999884),POINT (4.877240396569333 52.368534798333265),4.877240396569333,52.368534798333265
149367,20220212150,2022,Uitsluitend materiele schade,2,personenauto,fiets,Flank,"Kruispunt, 4 takken",Binnen,50.0,Niet brandend,Overig asfalt,Droog,Daglicht,Droog,Nassauplein,amsterdam,POINT (120562 488692),POINT (4.881366291822203 52.3850053784211),4.881366291822203,52.3850053784211
149732,20230111189,2023,Uitsluitend materiele schade,1,fiets,unknown,Voetganger,Rechte weg,Binnen,30.0,Brandend,Overig asfalt,Nat,Schemer,Droog,Sarphatistraat,amsterdam,POINT (121915.08999999985 485883.07499999925),POINT (4.901516772908468 52.35984394421563),4.901516772908468,52.35984394421563
149747,20230111322,2023,Uitsluitend materiele schade,2,personenauto,e-bike,Frontaal,"Kruispunt, 4 takken",Binnen,50.0,Brandend,ZOAB,Nat,Duisternis,Droog,Papaverweg,amsterdam,POINT (122189.9112999998 490020.4582999982),POINT (4.905147019115312 52.39704430535487),4.905147019115312,52.39704430535487
149762,20230111385,2023,Letsel,2,bromfiets,personenauto,Flank,"Kruispunt, 4 takken",Binnen,30.0,Niet brandend,Klinkers,Droog,Daglicht,Droog,Prinsengracht,amsterdam,POINT (121043.253800001 488160.44790000096),POINT (4.888488597444269 52.38025815805398),4.888488597444269,52.38025815805398
149770,20230112029,2023,Uitsluitend materiele schade,2,personenauto,fiets,Flank,Rechte weg,Binnen,30.0,Brandend,Klinkers,Droog,Schemer,Droog,Oudebrugsteeg,amsterdam,POINT (121661.5540000014 487599.6959999986),POINT (4.897624760147216 52.37525641350973),4.897624760147216,52.37525641350973
149778,20230112094,2023,Letsel,1,fiets,unknown,Eenzijdig,Rechte weg,Binnen,Unknown,Niet brandend,Overig asfalt,Droog,Daglicht,Droog,De Ruijterkade,amsterdam,POINT (121488.5549999997 488398.7010000013),POINT (4.895004646066382 52.3824267658551),4.895004646066382,52.3824267658551
149800,20230066957,2023,Letsel,2,personenauto,fiets,Flank,"Kruispunt, 3 takken",Binnen,50.0,Niet brandend,Overig asfalt,Droog,Daglicht,Droog,ms. Oslofjordweg,amsterdam,POINT (121151.5914000012 491018.1983000003),POINT (4.8897915693701846 52.40594816496128),4.8897915693701846,52.40594816496128
149933,20230077528,2023,Uitsluitend materiele schade,3,personenauto,fiets,Onbekend,Rechte weg,Binnen,50.0,Brandend,Overig asfalt,Nat,Duisternis,Regen,Prins Hendrikkade,amsterdam,POINT (121780.42799999937 487762.5859999992),POINT (4.8993542778875385 52.376727557957345),4.8993542778875385,52.376727557957345
150010,20230078984,2023,Letsel,1,fiets,unknown,Eenzijdig,Rechte weg,Binnen,50.0,Niet brandend,Overig asfalt,Nat,Daglicht,Droog,Sarphatistraat,amsterdam,POINT (121915.08999999985 485883.07499999925),POINT (4.901516772908468 52.35984394421563),4.901516772908468,52.35984394421563
150077,20230024668,2023,Uitsluitend materiele schade,2,personenauto,fiets,Los voorwerp,"Kruispunt, 3 takken",Binnen,30.0,Niet brandend,Klinkers,Droog,Daglicht,Droog,Rombout Hogerbeetsstraat,amsterdam,POINT (119977.0832999982 487737.3055999987),POINT (4.872874671923378 52.37638829112995),4.872874671923378,52.37638829112995
150091,20230077935,2023,Letsel,2,e-bike,fiets,Flank,"Kruispunt, 3 takken",Binnen,50.0,Niet brandend,Overig asfalt,Droog,Daglicht,Droog,Kruislaan,amsterdam,POINT (124145.621199999 484147.6484999992),POINT (4.9344191607383205 52.34437682667079),4.9344191607383205,52.34437682667079
150098,20230020683,2023,Letsel,2,bromfiets,personenauto,Flank,"Kruispunt, 3 takken",Binnen,50.0,Brandend,Overig asfalt,Droog,Duisternis,Droog,Buikslotermeerplein,amsterdam,POINT (124628.54729999974 490240.82719999924),POINT (4.940955296452347 52.39916521095215),4.940955296452347,52.39916521095215
150105,20230077874,2023,Uitsluitend materiele schade,2,bromfiets,personenauto,Geparkeerd voertuig,Rechte weg,Binnen,50.0,Niet brandend,Overig asfalt,Droog,Daglicht,Droog,Meteorenweg,amsterdam,POINT (121059.70699999854 491655.0469999984),POINT (4.888376918188811 52.41166598684517),4.888376918188811,52.41166598684517
150159,20230020766,2023,Uitsluitend materiele schade,2,personenauto,fiets,Flank,Rechte weg,Binnen,50.0,Niet brandend,Overig asfalt,Droog,Daglicht,Droog,Keienbergweg,amsterdam,POINT (124062.38100000098 480050.3579999991),POINT (4.933573876418373 52.307548088210346),4.933573876418373,52.307548088210346
150198,20230066701,2023,Uitsluitend materiele schade,3,unknown,fiets,Onbekend,"Kruispunt, 4 takken",Binnen,30.0,Niet brandend,Unknown,Droog,Daglicht,Droog,Westerstraat,amsterdam,POINT (120552.64009999856 487921.5062999986),POINT (4.881307819716144 52.37808016271861),4.881307819716144,52.37808016271861
150325,20230086468,2023,Letsel,2,bestelauto,fiets,Flank,"Kruispunt, 4 takken",Binnen,50.0,Niet brandend,Overig asfalt,Droog,Daglicht,Droog,Dr. E. Boekmanstraat,amsterdam,POINT (114689.35040000081 484983.77479999885),POINT (4.795555395622409 52.351279042821616),4.795555395622409,52.351279042821616
150447,20230087279,2023,Letsel,2,snorfiets,voetganger,Voetganger,Rechte weg,Binnen,50.0,Niet brandend,Overig asfalt,Nat,Daglicht,Regen,Jan Evertsenstraat,amsterdam,POINT (117164.72700000182 487112.561999999),POINT (4.831645888639217 52.3705869935899),4.831645888639217,52.3705869935899
150448,20230087854,2023,Uitsluitend materiele schade,1,bromfiets,unknown,Voetganger,Rechte weg,Binnen,30.0,Brandend,Overig asfalt,Nat,Duisternis,Regen,Meer en Vaart,amsterdam,POINT (115508.07699999958 485892.5179999992),POINT (4.807464756848447 52.359505573409756),4.807464756848447,52.359505573409756
150469,20230087894,2023,Letsel,2,snorfiets,personenauto,Flank,Rechte weg,Binnen,30.0,Niet brandend,Klinkers,Nat,Daglicht,Regen,Valkenburgerstraat,amsterdam,POINT (122278.79100000113 486956.188000001),POINT (4.906751306582997 52.36951013819655),4.906751306582997,52.36951013819655
150527,20230086824,2023,Uitsluitend materiele schade,2,bromfiets,fiets,Flank,"Kruispunt, 4 takken",Binnen,50.0,Niet brandend,Overig asfalt,Droog,Daglicht,Droog,Abcouderpad,amsterdam,POINT (125186.77600000054 480976.22199999914),POINT (4.949978253723861 52.315931327829276),4.949978253723861,52.315931327829276
150555,20230087436,2023,Uitsluitend materiele schade,2,bromfiets,personenauto,Flank,Rechte weg,Binnen,30.0,Niet brandend,Klinkers,Droog,Schemer,Droog,Nieuwmarkt,amsterdam,POINT (121872.19799999893 487242.61499999836),POINT (4.900753185181965 52.37205996903386),4.900753185181965,52.37205996903386
150609,20210080839,2021,Uitsluitend materiele schade,2,personenauto,fiets,Onbekend,"Kruispunt, 4 takken",Binnen,50.0,Brandend,Overig asfalt,Nat,Duisternis,Regen,Wijttenbachstraat,amsterdam,POINT (123888.11129999906 486035.0342000015),POINT (4.930465819285362 52.36132493717997),4.930465819285362,52.36132493717997
150648,20210089617,2021,Uitsluitend materiele schade,2,trekker,bromfiets,Flank,"Kruispunt, 3 takken",Binnen,50.0,Niet brandend,Overig asfalt,Nat,Daglicht,Droog,Nassaukade,amsterdam,POINT (120252.59580000117 486669.2664999999),POINT (4.877030972370835 52.36680703459009),4.877030972370835,52.36680703459009
150687,20210087356,2021,Uitsluitend materiele schade,2,personenauto,fiets,Flank,"Kruispunt, 4 takken",Binnen,50.0,Brandend,Overig asfalt,Droog,Duisternis,Droog,Leidsegracht,amsterdam,POINT (120472.64130000025 486481.3011999987),POINT (4.880280937031461 52.36513161335164),4.880280937031461,52.36513161335164
150688,20210087365,2021,Letsel,2,snorfiets,fiets,Kop/staart,Rechte weg,Binnen,50.0,Niet brandend,ZOAB,Droog,Daglicht,Unknown,Oostoever,amsterdam,POINT (117046.92199999839 486973.3999999985),POINT (4.829931876694033 52.36932818474082),4.829931876694033,52.36932818474082
150728,20210078275,2021,Uitsluitend materiele schade,2,personenauto,fiets,Voetganger,"Kruispunt, 4 takken",Binnen,50.0,Niet brandend,Beton,Droog,Daglicht,Droog,Karspeldreef,amsterdam,POINT (126995.21379999816 480879.1154000014),POINT (4.976507291973128 52.31515362569215),4.976507291973128,52.31515362569215
150849,20210022241,2021,Uitsluitend materiele schade,3,bromfiets,overig wegmeubilair,Vast voorwerp,Bocht,Binnen,50.0,Brandend,Overig asfalt,Nat,Schemer,Droog,Bert Haanstrakade,amsterdam,POINT (129160.94700000063 485114.4459999986),POINT (5.007942665170153 52.35332452953298),5.007942665170153,52.35332452953298
150925,20210013975,2021,Uitsluitend materiele schade,2,personenauto,e-bike,Flank,"Kruispunt, 3 takken",Binnen,50.0,Niet brandend,Overig asfalt,Nat,Daglicht,Regen,Kimpoweg,amsterdam,POINT (117765.59499999881 488700),POINT (4.840292501500224 52.384894718333314),4.840292501500224,52.384894718333314
150951,20210008083,2021,Uitsluitend materiele schade,2,fiets,bromfiets,Onbekend,"Kruispunt, 4 takken",Binnen,50.0,Niet brandend,Klinkers,Nat,Daglicht,Droog,Gerrit van der Veenstr,amsterdam,POINT (120422.8850999996 484667.96229999885),POINT (4.879736852551913 52.34883145454545),4.879736852551913,52.34883145454545
151021,20210031873,2021,Letsel,1,e-bike,unknown,Eenzijdig,"Kruispunt, 4 takken",Binnen,50.0,Niet brandend,Overig asfalt,Droog,Daglicht,Droog,Vondelpark,amsterdam,POINT (120570.76399999857 486104.5870000012),POINT (4.88176007060992 52.36175213104734),4.88176007060992,52.36175213104734
151085,20210002268,2021,Uitsluitend materiele schade,2,bromfiets,personenauto,Flank,"Kruispunt, 4 takken",Binnen,Unknown,Niet brandend,Beton,Droog,Daglicht,Droog,Jan van Galenstraat,amsterdam,POINT (118818.57829999924 487523.52219999954),POINT (4.85588513368657 52.37439184973622),4.85588513368657,52.37439184973622
151107,20210033065,2021,Uitsluitend materiele schade,2,bestelauto,bromfiets,Kop/staart,Rechte weg,Binnen,50.0,Niet brandend,Overig asfalt,Droog,Daglicht,Droog,Rijnstraat,amsterdam,POINT (122106.18699999899 484586.3429999985),POINT (4.904448771022686 52.348201252317864),4.904448771022686,52.348201252317864
151142,20210013008,2021,Uitsluitend materiele schade,2,personenauto,fiets,Flank,"Kruispunt, 3 takken",Binnen,50.0,Niet aanwezig,Klinkers,Droog,Daglicht,Droog,Singel,amsterdam,POINT (121006.15909999982 486818.82279999927),POINT (4.888079518565641 52.36819829868708),4.888079518565641,52.36819829868708
151255,20210073541,2021,Letsel,2,personenauto,fiets,Flank,"Kruispunt, 4 takken",Binnen,50.0,Niet brandend,Overig asfalt,Droog,Daglicht,Droog,Amstelveenseweg,amsterdam,POINT (118841.4849999994 484976.0210000016),POINT (4.85649543108049 52.3514982857908),4.85649543108049,52.3514982857908
151327,20210065664,2021,Uitsluitend materiele schade,2,personenauto,fiets,Flank,"Kruispunt, 3 takken",Binnen,50.0,Niet brandend,Overig asfalt,Droog,Daglicht,Unknown,Van Slingelandtstraat,amsterdam,POINT (119484.37900000066 488523.41330000013),POINT (4.865556240871991 52.38342158662014),4.865556240871991,52.38342158662014
151336,20210037846,2021,Uitsluitend materiele schade,2,bromfiets,personenauto,Onbekend,"Kruispunt, 3 takken",Binnen,50.0,Niet brandend,Overig asfalt,Droog,Daglicht,Droog,Oostenburgervoorstraat,amsterdam,POINT (123314 486872),POINT (4.921958964128099 52.36881421481327),4.921958964128099,52.36881421481327
151341,20210044104,2021,Letsel,1,fiets,unknown,Eenzijdig,Unknown,Unknown,30.0,Unknown,Unknown,Unknown,Duisternis,Unknown,Scheepstimmermanstraat,amsterdam,POINT (125256.68899999931 487257.4600000009),POINT (4.950448528542623 52.372387123477566),4.950448528542623,52.372387123477566
151385,20210061524,2021,Uitsluitend materiele schade,2,snorfiets,personenauto,Flank,"Kruispunt, 4 takken",Binnen,50.0,Niet brandend,Klinkers,Droog,Daglicht,Droog,Korte Van Eeghenstraat,amsterdam,POINT (120143.89279999956 485690.2846999988),POINT (4.875536491458261 52.358001753373514),4.875536491458261,52.358001753373514
151417,20210037336,2021,Uitsluitend materiele schade,2,bromfiets,fiets,Flank,"Kruispunt, 3 takken",Binnen,50.0,Niet brandend,Beton,Droog,Daglicht,Droog,Spaarndammerdijk,amsterdam,POINT (120353.0784999989 489427.1361999996),POINT (4.878221848959542 52.391599081581624),4.878221848959542,52.391599081581624
151448,20210055891,2021,Letsel,2,bromfiets,bromfiets,Flank,"Kruispunt, 4 takken",Binnen,50.0,Brandend,Klinkers,Droog,Duisternis,Droog,Herengracht,amsterdam,POINT (120909.53880000114 487052.05000000075),POINT (4.886637262237511 52.37028839032029),4.886637262237511,52.37028839032029
151534,20210052870,2021,Uitsluitend materiele schade,3,personenauto,fiets,Onbekend,Rechte weg,Binnen,50.0,Niet brandend,Overig asfalt,Nat,Daglicht,Regen,Burgemeester Eliasstraat,amsterdam,POINT (116839.77540000156 488217.29100000113),POINT (4.826749193637247 52.380492938497994),4.826749193637247,52.380492938497994
151536,20210057566,2021,Uitsluitend materiele schade,2,snorfiets,bromfiets,Frontaal,Rechte weg,Binnen,50.0,Brandend,Overig asfalt,Nat,Duisternis,Unknown,Haarlemmerweg,amsterdam,POINT (120122.60700000077 488847.90300000086),POINT (4.874896381827263 52.38637877580104),4.874896381827263,52.38637877580104
151615,20210065478,2021,Uitsluitend materiele schade,2,personenauto,fiets,Flank,"Kruispunt, 4 takken",Binnen,50.0,Niet brandend,Overig asfalt,Droog,Daglicht,Unknown,Pieter Calandlaan,amsterdam,POINT (115641.60200000182 485274.0450000018),POINT (4.809497168985415 52.35395680347133),4.809497168985415,52.35395680347133
151616,20210065495,2021,Uitsluitend materiele schade,1,bromfiets,unknown,Voetganger,Rechte weg,Binnen,30.0,Niet brandend,Overig asfalt,Nat,Daglicht,Regen,Ecuplein,amsterdam,POINT (114116.14499999955 484772.58100000024),POINT (4.787168426059013 52.34933864930892),4.787168426059013,52.34933864930892
151618,20210035745,2021,Uitsluitend materiele schade,2,personenauto,fiets,Flank,"Kruispunt, 4 takken",Binnen,50.0,Niet brandend,ZOAB,Droog,Daglicht,Droog,Postjesweg,amsterdam,POINT (118631.1259999983 486402.3440000005),POINT (4.853253837492571 52.36430315579455),4.853253837492571,52.36430315579455
151658,20210038307,2021,Uitsluitend materiele schade,2,personenauto,fiets,Flank,"Kruispunt, 3 takken",Binnen,50.0,Niet brandend,Beton,Droog,Daglicht,Droog,Schagerlaan,amsterdam,POINT (123541.29940000176 484323.0989000015),POINT (4.9255346715742565 52.34591940716264),4.9255346715742565,52.34591940716264
152358,20220080719,2022,Letsel,3,bromfiets,fiets,Onbekend,Rechte weg,Binnen,50.0,Brandend,Overig asfalt,Nat,Duisternis,Unknown,Stadhouderskade,amsterdam,POINT (120518.30299999937 486144.54100000113),POINT (4.880985840147014 52.36210791891622),4.880985840147014,52.36210791891622
152369,20220016688,2022,Uitsluitend materiele schade,2,bestelauto,fiets,Flank,"Kruispunt, 4 takken",Binnen,50.0,Niet brandend,Unknown,Droog,Daglicht,Droog,Bos en Lommerweg,amsterdam,POINT (118725.85029999912 488225.2747000009),POINT (4.85444773488334 52.380692548591156),4.85444773488334,52.380692548591156
152395,20220080895,2022,Uitsluitend materiele schade,2,bromfiets,personenauto,Kop/staart,Rechte weg,Binnen,Unknown,Niet aanwezig,ZOAB,Droog,Schemer,Droog,Brettenpad,amsterdam,POINT (115349.1640000008 488974.83900000155),POINT (4.804768381907557 52.3871955123103),4.804768381907557,52.3871955123103
152501,20220035946,2022,Letsel,2,bromfiets,personenauto,Flank,Rechte weg,Binnen,50.0,Niet brandend,Overig asfalt,Droog,Schemer,Droog,Amstelveenseweg,amsterdam,POINT (118888.80600000173 482102.4470000006),POINT (4.857498144099965 52.32567569266292),4.857498144099965,52.32567569266292
152535,20220036026,2022,Uitsluitend materiele schade,2,e-bike,fiets,Flank,"Kruispunt, 4 takken",Binnen,Unknown,Niet brandend,Overig asfalt,Droog,Daglicht,Unknown,Weesperzijde,amsterdam,POINT (122744.67909999937 484487.9675000012),POINT (4.913828513751156 52.34735496378523),4.913828513751156,52.34735496378523
152540,20220054227,2022,Uitsluitend materiele schade,2,bromfiets,fiets,Flank,"Kruispunt, 4 takken",Binnen,Unknown,Niet brandend,Klinkers,Droog,Daglicht,Droog,Vijzelgracht,amsterdam,POINT (121216.69990000129 486080.7675999999),POINT (4.891244890572841 52.36157816411387),4.891244890572841,52.36157816411387
152577,20220055611,2022,Letsel,2,personenauto,e-bike,Flank,Rotonde,Binnen,50.0,Niet brandend,Overig asfalt,Droog,Daglicht,Droog,Vlaardingenlaan,amsterdam,POINT (117682.06439999864 484471.13120000064),POINT (4.839535010295601 52.34688318344936),4.839535010295601,52.34688318344936
152647,20220054473,2022,Uitsluitend materiele schade,2,snorfiets,personenauto,Flank,"Kruispunt, 4 takken",Binnen,30.0,Niet brandend,Beton,Droog,Daglicht,Droog,Slotermeerlaan,amsterdam,POINT (116285.58469999954 487515.9248000011),POINT (4.818691045003971 52.374150823043365),4.818691045003971,52.374150823043365
152673,20220055215,2022,Uitsluitend materiele schade,2,personenauto,fiets,Flank,"Kruispunt, 4 takken",Binnen,30.0,Niet aanwezig,Overig asfalt,Nat,Daglicht,Regen,Van Leijenberghlaan,amsterdam,POINT (120381.75310000032 482719.22520000115),POINT (4.879333584437088 52.33131491306777),4.879333584437088,52.33131491306777
152995,20230039555,2023,Dodelijk,2,personenauto,bromfiets,Flank,"Kruispunt, 4 takken",Buiten,70.0,Unknown,Overig asfalt,Droog,Daglicht,Droog,Haarlemmerweg,amsterdam,POINT (115256.49109999835 488663.193500001),POINT (4.803444043961557 52.38438800211671),4.803444043961557,52.38438800211671
153073,20230003998,2023,Uitsluitend materiele schade,2,bromfiets,bromfiets,Flank,"Kruispunt, 4 takken",Binnen,50.0,Brandend,ZOAB,Droog,Schemer,Droog,Overtoom,amsterdam,POINT (120136.50090000033 486220.4528999999),POINT (4.875373028092287 52.362766061553096),4.875373028092287,52.362766061553096
153074,20230004196,2023,Uitsluitend materiele schade,2,bestelauto,fiets,Flank,"Kruispunt, 4 takken",Binnen,30.0,Niet brandend,Klinkers,Droog,Daglicht,Droog,Johan Huizingalaan,amsterdam,POINT (116847.61969999969 485848.0379000008),POINT (4.827133308059287 52.359200488249805),4.827133308059287,52.359200488249805
153114,20230004374,2023,Letsel,2,personenauto,bromfiets,Flank,Rechte weg,Binnen,50.0,Niet brandend,ZOAB,Nat,Daglicht,Regen,Panamalaan,amsterdam,POINT (124145.06100000069 487205.5709999986),POINT (4.934130439374934 52.3718594479379),4.934130439374934,52.3718594479379
153657,20210030796,2021,Letsel,3,personenauto,fiets,Onbekend,Rechte weg,Binnen,30.0,Niet brandend,Klinkers,Droog,Daglicht,Droog,Johannes Vermeerstraat,amsterdam,POINT (120737.86699999869 485306.2679999992),POINT (4.884294482193972 52.354587840780525),4.884294482193972,52.354587840780525
153764,20220176741,2022,Uitsluitend materiele schade,2,personenauto,bromfiets,Onbekend,Rechte weg,Binnen,50.0,Niet brandend,Overig asfalt,Droog,Daglicht,Droog,Matthijs Vermeulenpad,amsterdam,POINT (120096.64499999955 483663.51999999955),POINT (4.875053162021245 52.33978358347545),4.875053162021245,52.33978358347545
153778,20220177154,2022,Uitsluitend materiele schade,2,fiets,fiets,Onbekend,Rechte weg,Binnen,30.0,Niet brandend,Klinkers,Droog,Daglicht,Droog,Vijzelgracht,amsterdam,POINT (121241.86899999902 486102.7809999995),POINT (4.891612165267613 52.36177755267991),4.891612165267613,52.36177755267991
153803,20220177405,2022,Uitsluitend materiele schade,2,fiets,personenauto,Flank,Rotonde,Binnen,50.0,Niet brandend,Overig asfalt,Droog,Daglicht,Droog,Schipluidenlaan,amsterdam,POINT (117423.45870000124 485520.7347000018),POINT (4.835622721177679 52.35629862328107),4.835622721177679,52.35629862328107
153804,20220177444,2022,Uitsluitend materiele schade,2,personenauto,fiets,Flank,"Kruispunt, 3 takken",Binnen,30.0,Niet brandend,Klinkers,Droog,Daglicht,Droog,Radioweg,amsterdam,POINT (124510.17960000038 485152.46440000087),POINT (4.939677826664246 52.35342783668515),4.939677826664246,52.35342783668515
153852,20220123243,2022,Uitsluitend materiele schade,2,personenauto,snorfiets,Flank,"Kruispunt, 4 takken",Binnen,Unknown,Niet brandend,Overig asfalt,Nat,Daglicht,Regen,Burgemeester Eliasstraat,amsterdam,POINT (116847.56749999896 488232.4004999995),POINT (4.826861914241508 52.38062927214431),4.826861914241508,52.38062927214431
153889,20220123415,2022,Uitsluitend materiele schade,2,bromfiets,personenauto,Flank,"Kruispunt, 4 takken",Binnen,50.0,Niet brandend,ZOAB,Nat,Daglicht,Unknown,Hoekenes,amsterdam,POINT (115185.6110999994 485143.53990000114),POINT (4.802819858658202 52.35275107078076),4.802819858658202,52.35275107078076
153924,20220142228,2022,Letsel,2,fiets,e-bike,Onbekend,"Kruispunt, 3 takken",Binnen,Unknown,Niet brandend,Overig asfalt,Droog,Daglicht,Droog,Haarlemmerweg,amsterdam,POINT (117407.247299999 488670.0859000012),POINT (4.83503254738919 52.38460145027672),4.83503254738919,52.38460145027672
153996,20220142402,2022,Letsel,2,personenauto,bromfiets,Flank,"Kruispunt, 4 takken",Binnen,50.0,Niet brandend,Overig asfalt,Droog,Daglicht,Droog,Radarweg,amsterdam,POINT (117514.92110000178 489689.6843999997),POINT (4.836500202738853 52.39377214400847),4.836500202738853,52.39377214400847
154073,20220142553,2022,Uitsluitend materiele schade,2,bromfiets,bus,Kop/staart,Unknown,Binnen,15.0,Niet brandend,Beton,Droog,Daglicht,Droog,Johannes J. Glasweg,amsterdam,POINT (122185.80999999866 492723.47199999914),POINT (4.9048223686565295 52.421336682908915),4.9048223686565295,52.421336682908915
154119,20220142630,2022,Letsel,2,personenauto,bromfiets,Flank,"Kruispunt, 3 takken",Binnen,30.0,Niet brandend,Overig asfalt,Nat,Daglicht,Regen,Luiksingel,amsterdam,POINT (115955.20109999925 484273.0557000004),POINT (4.814216139175994 52.344983048866816),4.814216139175994,52.344983048866816
154145,20220123984,2022,Letsel,2,bromfiets,personenauto,Flank,"Kruispunt, 4 takken",Binnen,30.0,Niet brandend,Klinkers,Droog,Daglicht,Droog,Cas Oorthuyskade,amsterdam,POINT (128035.8927000016 485990.5740999989),POINT (4.991359438435639 52.3611446027539),4.991359438435639,52.3611446027539