,accident_id,accident_year,outcome,num_parties,party1_type,party2_type,accident_nature,road_situation,built_up_area,speed_limit_kmh,street_lighting,road_surface,road_condition,light_condition,weather_condition,street_name,municipality,shape,geometry,longitude,latitude
154157,20220155525,2022,Uitsluitend materiele schade,2,motor,fiets,Flank,"Kruispunt, 4 takken",Binnen,50.0,Brandend,Klinkers,Droog,Duisternis,Droog,Kelbergenpad,amsterdam,POINT (126227.04410000145 481404.93299999833),POINT (4.965197308047464 52.31983974900472),4.965197308047464,52.31983974900472
154211,20220124099,2022,Uitsluitend materiele schade,3,personenauto,bromfiets,Onbekend,"Kruispunt, 4 takken",Binnen,50.0,Niet brandend,Overig asfalt,Nat,Daglicht,Droog,C. van Eesterenlaan,amsterdam,POINT (124427.56129999831 487123.5940000005),POINT (4.938286006695439 52.37113849218233),4.938286006695439,52.37113849218233
154275,20220141753,2022,Uitsluitend materiele schade,2,snorfiets,personenauto,Flank,"Kruispunt, 4 takken",Binnen,50.0,Niet brandend,Beton,Droog,Daglicht,Droog,Nassauplein,amsterdam,POINT (120574.04500000179 488687.9849999994),POINT (4.881543618132483 52.38497005010465),4.881543618132483,52.38497005010465
154299,20220141847,2022,Uitsluitend materiele schade,1,fiets,unknown,Voetganger,Rechte weg,Binnen,50.0,Niet brandend,Klinkers,Droog,Daglicht,Droog,Huidenstraat,amsterdam,POINT (120842.08900000155 486889.06599999964),POINT (4.885663461097022 52.36881941498595),4.885663461097022,52.36881941498595
154326,20230059457,2023,Letsel,2,fiets,overig wegmeubilair,Vast voorwerp,Rechte weg,Binnen,50.0,Niet brandend,Overig asfalt,Droog,Daglicht,Droog,Anne Frankstraat,amsterdam,POINT (122519.91600000113 486887.7969999984),POINT (4.910298289924256 52.36890979995013),4.910298289924256,52.36890979995013
154391,20230059983,2023,Letsel,2,bromfiets,fiets,Flank,"Kruispunt, 4 takken",Binnen,50.0,Niet brandend,Overig asfalt,Droog,Daglicht,Droog,Da Costakade,amsterdam,POINT (119996.99399999902 486750.21400000155),POINT (4.873269855354888 52.36751830205441),4.873269855354888,52.36751830205441
154418,20230058477,2023,Uitsluitend materiele schade,1,bromfiets,unknown,Voetganger,Rechte weg,Binnen,30.0,Niet brandend,Unknown,Droog,Daglicht,Droog,Lijnbaansgracht,amsterdam,POINT (120324.69299999997 486964.2809999995),POINT (4.878059059038436 52.36946296977682),4.878059059038436,52.36946296977682
154422,20230059530,2023,Uitsluitend materiele schade,3,fiets,fiets,Onbekend,Rechte weg,Binnen,30.0,Unknown,Klinkers,Nat,Daglicht,Unknown,Osdorperweg,amsterdam,POINT (114807.9609999992 483933.6409999989),POINT (4.797421595566358 52.341849945515506),4.797421595566358,52.341849945515506
154462,20230059610,2023,Uitsluitend materiele schade,2,personenauto,fiets,Geparkeerd voertuig,Rechte weg,Binnen,30.0,Unknown,Overig asfalt,Droog,Daglicht,Droog,Eerste Van Swindenstraat,amsterdam,POINT (123573.45699999854 486148.48600000143),POINT (4.925836074137112 52.36232665706112),4.925836074137112,52.36232665706112
154518,20230059348,2023,Uitsluitend materiele schade,2,bromfiets,bromfiets,Flank,"Kruispunt, 4 takken",Binnen,50.0,Niet brandend,ZOAB,Droog,Daglicht,Droog,Tweede Helmersstraat,amsterdam,POINT (120083.03759999946 486348.7740999982),POINT (4.874574838569392 52.363915925140766),4.874574838569392,52.363915925140766
154561,20230050411,2023,Uitsluitend materiele schade,3,personenauto,bromfiets,Flank,Rechte weg,Binnen,50.0,Niet brandend,Overig asfalt,Droog,Daglicht,Droog,Nassaukade,amsterdam,POINT (120096.5850000009 487069.70899999887),POINT (4.874698879671393 52.37039603031758),4.874698879671393,52.37039603031758
154617,20230039464,2023,Letsel,2,fiets,bromfiets,Onbekend,Rechte weg,Binnen,30.0,Niet brandend,Overig asfalt,Droog,Daglicht,Droog,De Ruijterkade,amsterdam,POINT (121488.5549999997 488398.7010000013),POINT (4.895004646066382 52.3824267658551),4.895004646066382,52.3824267658551
154638,20230049425,2023,Letsel,1,bromfiets,unknown,Eenzijdig,"Kruispunt, 4 takken",Binnen,30.0,Niet brandend,Overig asfalt,Droog,Daglicht,Droog,Wibautstraat,amsterdam,POINT (122854 484851),POINT (4.915398165465894 52.35062407231877),4.915398165465894,52.35062407231877
154705,20220212227,2022,Uitsluitend materiele schade,2,snorfiets,personenauto,Flank,Bocht,Binnen,30.0,Brandend,Overig asfalt,Droog,Duisternis,Droog,De corridor,amsterdam,POINT (124677.90399999917 480402.22399999946),POINT (4.942567227461716 52.310744734676405),4.942567227461716,52.310744734676405
154737,20220211588,2022,Uitsluitend materiele schade,3,personenauto,fiets,Onbekend,Rechte weg,Binnen,50.0,Niet brandend,ZOAB,Nat,Daglicht,Droog,Meeuwenlaan,amsterdam,POINT (123500.85190000013 489054.5210000016),POINT (4.924497823619344 52.38843996379718),4.924497823619344,52.38843996379718
154799,20220212375,2022,Letsel,3,snorfiets,fiets,Onbekend,"Kruispunt, 4 takken",Binnen,50.0,Brandend,Overig asfalt,Droog,Duisternis,Droog,Jan Tooropstraat,amsterdam,POINT (117486.56469999999 486582.66039999947),POINT (4.836430549478159 52.365846723702504),4.836430549478159,52.365846723702504
154820,20220080854,2022,Dodelijk,2,personenauto,fiets,Flank,"Kruispunt, 4 takken",Binnen,50.0,Niet brandend,Overig asfalt,Droog,Daglicht,Droog,Geraardsbergenstraat,amsterdam,POINT (115415.26319999993 484309.6094000004),POINT (4.806288560854928 52.34527293925799),4.806288560854928,52.34527293925799
154821,20220081457,2022,Dodelijk,2,personenauto,fiets,Flank,"Kruispunt, 4 takken",Binnen,50.0,Niet brandend,Overig asfalt,Droog,Daglicht,Droog,FIETSPAD,amsterdam,POINT (114599.92179999873 488100.34600000083),POINT (4.793868409507196 52.379281675252685),4.793868409507196,52.379281675252685
154860,20220210180,2022,Uitsluitend materiele schade,2,snorfiets,fiets,Frontaal,Rechte weg,Binnen,50.0,Niet brandend,Klinkers,Nat,Daglicht,Droog,Haarlemmerweg,amsterdam,POINT (118254.5 488707),POINT (4.847472634497544 52.384990573917605),4.847472634497544,52.384990573917605
154861,20220211785,2022,Uitsluitend materiele schade,2,personenauto,fiets,Onbekend,"Kruispunt, 4 takken",Binnen,30.0,Niet brandend,Klinkers,Droog,Daglicht,Droog,Weteringschans,amsterdam,POINT (121001.06469999999 485967.46709999815),POINT (4.8880908035792325 52.36054659382145),4.8880908035792325,52.36054659382145
155031,20220211315,2022,Letsel,2,personenauto,bromfiets,Frontaal,"Kruispunt, 4 takken",Binnen,30.0,Niet brandend,Overig asfalt,Droog,Duisternis,Droog,Agatha Christiesingel,amsterdam,POINT (124848.45199999958 481749.72190000117),POINT (4.944947508296515 52.322864671297715),4.944947508296515,52.322864671297715
155072,20220210644,2022,Uitsluitend materiele schade,2,snorfiets,voetganger,Voetganger,"Kruispunt, 3 takken",Binnen,30.0,Brandend,Klinkers,Droog,Duisternis,Droog,Rokin,amsterdam,POINT (121264.14990000054 486911.51199999824),POINT (4.891858108277877 52.36904723194847),4.891858108277877,52.36904723194847
155201,20220212164,2022,Uitsluitend materiele schade,2,personenauto,fiets,Frontaal,"Kruispunt, 4 takken",Binnen,50.0,Niet brandend,Overig asfalt,Nat,Daglicht,Droog,Pieter Calandlaan,amsterdam,POINT (114100.61169999838 484793.11129999906),POINT (4.786937966709028 52.34952200334019),4.786937966709028,52.34952200334019
155202,20220212185,2022,Letsel,2,bromfiets,personenauto,Geparkeerd voertuig,Rechte weg,Binnen,30.0,Brandend,Klinkers,Droog,Duisternis,Droog,Orteliuskade,amsterdam,POINT (118293.54199999943 487058.2899999991),POINT (4.848226181422906 52.370175849541816),4.848226181422906,52.370175849541816
155561,20230111800,2023,Uitsluitend materiele schade,2,bromfiets,personenauto,Flank,Rechte weg,Binnen,50.0,Niet brandend,ZOAB,Droog,Daglicht,Droog,Jan Rebelstraat,amsterdam,POINT (114028.85599999875 486108.8830000013),POINT (4.785724631118389 52.3613417498762),4.785724631118389,52.3613417498762
155630,20230067786,2023,Uitsluitend materiele schade,2,personenauto,fiets,Geparkeerd voertuig,Rechte weg,Binnen,50.0,Niet brandend,ZOAB,Nat,Daglicht,Regen,Ferdinand Bolstraat,amsterdam,POINT (121208.78799999878 484646.5879999995),POINT (4.891272800828604 52.348688245456216),4.891272800828604,52.348688245456216
155664,20230023126,2023,Letsel,3,personenauto,fiets,Onbekend,Unknown,Binnen,30.0,Niet brandend,Overig asfalt,Droog,Daglicht,Droog,Rozengracht,amsterdam,POINT (120617.32299999893 487447.5639999993),POINT (4.882306213724402 52.373824768272435),4.882306213724402,52.373824768272435
155678,20230067167,2023,Uitsluitend materiele schade,2,fiets,personenauto,Flank,"Kruispunt, 4 takken",Binnen,50.0,Niet brandend,ZOAB,Droog,Daglicht,Droog,Spaklerweg,amsterdam,POINT (123064.31899999827 483993.4310000017),POINT (4.918566285612696 52.34292905008426),4.918566285612696,52.34292905008426
155746,20230020443,2023,Letsel,2,snorfiets,personenauto,Flank,"Kruispunt, 4 takken",Binnen,50.0,Brandend,Overig asfalt,Droog,Duisternis,Droog,Jodenbreestraat,amsterdam,POINT (122097.06410000101 486845.7395000011),POINT (4.9040938697595315 52.36850664596971),4.9040938697595315,52.36850664596971
155765,20230079125,2023,Letsel,2,bromfiets,personenauto,Onbekend,Rechte weg,Binnen,50.0,Brandend,Klinkers,Droog,Duisternis,Droog,Molukkenstraat,amsterdam,POINT (124570.7890000008 485838.88800000027),POINT (4.940505328389363 52.35960033938804),4.940505328389363,52.35960033938804
155875,20230079007,2023,Uitsluitend materiele schade,1,bromfiets,unknown,Eenzijdig,Rechte weg,Binnen,50.0,Niet brandend,Overig asfalt,Droog,Daglicht,Droog,Apollolaan,amsterdam,POINT (119905.08700000122 484884.0720000006),POINT (4.872115196687513 52.35074087401316),4.872115196687513,52.35074087401316
155883,20230023379,2023,Uitsluitend materiele schade,2,personenauto,fiets,Flank,Rechte weg,Binnen,30.0,Brandend,Klinkers,Nat,Duisternis,Regen,Schipbeekstraat,amsterdam,POINT (121657.11199999973 484535.81599999964),POINT (4.8978633012113795 52.34772008502576),4.8978633012113795,52.34772008502576
155938,20230023464,2023,Uitsluitend materiele schade,2,snorfiets,personenauto,Flank,"Kruispunt, 4 takken",Binnen,50.0,Niet brandend,Overig asfalt,Droog,Daglicht,Droog,Klaprozenweg,amsterdam,POINT (121878.51799999923 490515.6790000014),POINT (4.90052320799627 52.401476271137746),4.90052320799627,52.401476271137746
155966,20230020701,2023,Letsel,2,bromfiets,fiets,Flank,"Kruispunt, 3 takken",Binnen,30.0,Niet brandend,Overig asfalt,Droog,Daglicht,Droog,Marnixstraat,amsterdam,POINT (120418.5262000002 486647.1046999991),POINT (4.879469407092087 52.36661833275288),4.879469407092087,52.36661833275288
156053,20230020233,2023,Uitsluitend materiele schade,2,bromfiets,personenauto,Kop/staart,Rechte weg,Binnen,30.0,Niet brandend,Overig asfalt,Droog,Daglicht,Droog,Van Miereveldstraat,amsterdam,POINT (120644.69999999925 485504.2569999993),POINT (4.8829067803388995 52.35636141171995),4.8829067803388995,52.35636141171995
156054,20230020248,2023,Uitsluitend materiele schade,2,bromfiets,fiets,Frontaal,Bocht,Binnen,30.0,Brandend,ZOAB,Droog,Duisternis,Droog,Langsom,amsterdam,POINT (114464.51900000125 483836.86100000143),POINT (4.792393800981445 52.34095493906313),4.792393800981445,52.34095493906313
156055,20230020788,2023,Uitsluitend materiele schade,1,fiets,unknown,Voetganger,Rechte weg,Binnen,30.0,Niet brandend,Klinkers,Droog,Daglicht,Droog,Willem van Weldammelaan,amsterdam,POINT (120132.92599999905 482748.0170000009),POINT (4.875680299122468 52.33155795114299),4.875680299122468,52.33155795114299
156058,20230023022,2023,Uitsluitend materiele schade,5,personenauto,snorfiets,Geparkeerd voertuig,Rechte weg,Binnen,50.0,Brandend,Overig asfalt,Droog,Duisternis,Droog,Burg Van de Pollstraat,amsterdam,POINT (117208.4840000011 487448.2049999982),POINT (4.832250630880684 52.37360650440111),4.832250630880684,52.37360650440111
156094,20230098026,2023,Uitsluitend materiele schade,1,bromfiets,unknown,Voetganger,Rechte weg,Binnen,30.0,Brandend,Overig asfalt,Nat,Duisternis,Droog,Pieter Calandlaan,amsterdam,POINT (115078.94299999997 485102.15199999884),POINT (4.801259203672385 52.3523713687499),4.801259203672385,52.3523713687499
156297,20230087841,2023,Uitsluitend materiele schade,2,bromfiets,fiets,Flank,Rechte weg,Binnen,50.0,Niet brandend,ZOAB,Droog,Daglicht,Droog,Vijzelstraat,amsterdam,POINT (121263.84299999848 486197.81599999964),POINT (4.891925213016765 52.36263301153487),4.891925213016765,52.36263301153487
156353,20230087327,2023,Uitsluitend materiele schade,2,bromfiets,personenauto,Flank,Bocht,Binnen,50.0,Niet brandend,Unknown,Nat,Daglicht,Droog,Zuiderzeeweg,amsterdam,POINT (125770.36300000176 488957.63500000164),POINT (4.957843293521243 52.38769476169771),4.957843293521243,52.38769476169771
156364,20230087969,2023,Uitsluitend materiele schade,2,bromfiets,trein/tram,Flank,"Kruispunt, 4 takken",Binnen,50.0,Brandend,ZOAB,Droog,Duisternis,Droog,Burg De Vlugtlaan,amsterdam,POINT (116476.50499999896 488312.2270000018),POINT (4.821403241831865 52.381320775722486),4.821403241831865,52.381320775722486
156419,20230086908,2023,Uitsluitend materiele schade,3,fiets,fiets,Onbekend,Rechte weg,Binnen,Unknown,Niet brandend,ZOAB,Droog,Daglicht,Droog,Wibautstraat,amsterdam,POINT (122425.68899999931 485816.48099999875),POINT (4.909018579378121 52.35927595554275),4.909018579378121,52.35927595554275
156450,20210087317,2021,Uitsluitend materiele schade,2,bestelauto,bromfiets,Onbekend,"Kruispunt, 4 takken",Binnen,50.0,Niet brandend,ZOAB,Droog,Daglicht,Droog,Arubastraat,amsterdam,POINT (118639 485935),POINT (4.8534199674348235 52.360103532913094),4.8534199674348235,52.360103532913094
156513,20210089779,2021,Uitsluitend materiele schade,2,bromfiets,fiets,Flank,Rechte weg,Binnen,30.0,Niet brandend,Overig asfalt,Nat,Daglicht,Regen,Jan Tooropstraat,amsterdam,POINT (117493.8759999983 486757.08399999887),POINT (4.836518431044698 52.36741480912198),4.836518431044698,52.36741480912198
156521,20210087354,2021,Uitsluitend materiele schade,2,bestelauto,fiets,Flank,Rechte weg,Binnen,50.0,Niet brandend,Overig asfalt,Droog,Daglicht,Droog,Weesperzijde,amsterdam,POINT (122428.58399999887 485235.1649999991),POINT (4.909117362955078 52.354051644196744),4.909117362955078,52.354051644196744
156539,20210088646,2021,Uitsluitend materiele schade,2,personenauto,snorfiets,Flank,Rotonde,Binnen,50.0,Niet aanwezig,Beton,Droog,Daglicht,Droog,Burgemeester Röellstraat,amsterdam,POINT (116280.28730000183 487712.28730000183),POINT (4.818590632615385 52.3759151983004),4.818590632615385,52.3759151983004
156586,20210086851,2021,Uitsluitend materiele schade,2,snorfiets,fiets,Flank,"Kruispunt, 4 takken",Binnen,50.0,Niet brandend,Overig asfalt,Nat,Daglicht,Regen,Govert Flinckstraat,amsterdam,POINT (121793.74920000136 485535.1928999983),POINT (4.899769891763816 52.35671009371424),4.899769891763816,52.35671009371424
156605,20210087263,2021,Uitsluitend materiele schade,1,fiets,unknown,Voetganger,Rechte weg,Binnen,50.0,Brandend,Beton,Droog,Duisternis,Droog,Vrijheidslaan,amsterdam,POINT (122120.42599999905 484375.59899999946),POINT (4.904678326719122 52.34630807445004),4.904678326719122,52.34630807445004
156632,20210086500,2021,Uitsluitend materiele schade,1,snorfiets,unknown,Voetganger,Rechte weg,Binnen,50.0,Niet aanwezig,Klinkers,Nat,Duisternis,Droog,Weteringschans,amsterdam,POINT (121681.6959999986 485846.4459999986),POINT (4.898094289628704 52.359500641809944),4.898094289628704,52.359500641809944
156641,20210077867,2021,Uitsluitend materiele schade,2,fiets,overig vast object,Vast voorwerp,Rechte weg,Binnen,50.0,Niet brandend,Overig asfalt,Unknown,Daglicht,Droog,Hunneschans,amsterdam,POINT (119555.08300000057 482557.6070000008),POINT (4.867223315020717 52.32980972262275),4.867223315020717,52.32980972262275
156673,20210010557,2021,Letsel,2,bromfiets,e-bike,Flank,"Kruispunt, 4 takken",Binnen,30.0,Niet brandend,Overig asfalt,Droog,Daglicht,Droog,Sarphatistraat,amsterdam,POINT (122177.36829999834 485962.4686000012),POINT (4.905359147253445 52.360573213665894),4.905359147253445,52.360573213665894
156741,20210004784,2021,Uitsluitend materiele schade,3,bestelauto,fiets,Onbekend,"Kruispunt, 4 takken",Binnen,50.0,Niet brandend,Klinkers,Droog,Daglicht,Droog,Keizersgracht,amsterdam,POINT (121104.62449999899 486400.7102999985),POINT (4.889567365712535 52.36444668253628),4.889567365712535,52.36444668253628
156993,20210005189,2021,Uitsluitend materiele schade,2,personenauto,fiets,Flank,"Kruispunt, 4 takken",Binnen,50.0,Niet brandend,Overig asfalt,Droog,Daglicht,Droog,Max Euweplein,amsterdam,POINT (120575.74799999967 486111.6950000003),POINT (4.881832508733574 52.36181632512232),4.881832508733574,52.36181632512232
157069,20210073530,2021,Uitsluitend materiele schade,2,bromfiets,personenauto,Onbekend,Rechte weg,Binnen,50.0,Niet brandend,Overig asfalt,Droog,Schemer,Unknown,Jan Evertsenstraat,amsterdam,POINT (119023.51399999857 487191.35500000045),POINT (4.858930019222236 52.37142004486753),4.858930019222236,52.37142004486753
157128,20210054753,2021,Uitsluitend materiele schade,2,fiets,scootmobiel,Flank,Rechte weg,Binnen,50.0,Niet brandend,Klinkers,Droog,Daglicht,Droog,Middenweg,amsterdam,POINT (125077.0940000005 483973.31500000134),POINT (4.948103540696577 52.342861523656744),4.948103540696577,52.342861523656744
157144,20210035986,2021,Uitsluitend materiele schade,2,snorfiets,personenauto,Frontaal,Rechte weg,Binnen,50.0,Niet brandend,Klinkers,Droog,Daglicht,Droog,Anton de Komplein,amsterdam,POINT (125725.29699999839 481063.20899999887),POINT (4.9578681652858485 52.316742043280186),4.9578681652858485,52.316742043280186
157223,20210055026,2021,Uitsluitend materiele schade,2,bestelauto,fiets,Flank,"Kruispunt, 4 takken",Binnen,30.0,Niet brandend,Klinkers,Droog,Daglicht,Droog,Grimburgwal,amsterdam,POINT (121418.25829999894 486941.60610000044),POINT (4.894117807504759 52.369327141435214),4.894117807504759,52.369327141435214
157257,20210050922,2021,Uitsluitend materiele schade,2,fiets,motor,Flank,"Kruispunt, 4 takken",Binnen,50.0,Niet brandend,Overig asfalt,Droog,Daglicht,Droog,Mauritskade,amsterdam,POINT (123191.05939999968 486226.67639999837),POINT (4.920214935994748 52.36300737058467),4.920214935994748,52.36300737058467
157289,20210056247,2021,Uitsluitend materiele schade,2,snorfiets,overig wegmeubilair,Vast voorwerp,Rechte weg,Binnen,30.0,Niet brandend,Unknown,Droog,Duisternis,Droog,Insulindeweg,amsterdam,POINT (125096.5390000008 486461.4510000013),POINT (4.948167729022028 52.36522441069645),4.948167729022028,52.36522441069645
157295,20210057932,2021,Letsel,2,personenauto,e-bike,Flank,"Kruispunt, 3 takken",Binnen,50.0,Niet brandend,Overig asfalt,Droog,Daglicht,Droog,Waterlooplein,amsterdam,POINT (122055.47150000185 486781.0604000017),POINT (4.9034895289472065 52.36792286146402),4.9034895289472065,52.36792286146402
157333,20210068726,2021,Uitsluitend materiele schade,2,snorfiets,personenauto,Kop/staart,Rechte weg,Binnen,50.0,Niet brandend,ZOAB,Droog,Daglicht,Droog,Nassaukade,amsterdam,POINT (120373.17799999937 488134.43200000003),POINT (4.878650381317311 52.379982493302954),4.878650381317311,52.379982493302954
157343,20210040617,2021,Uitsluitend materiele schade,2,bestelauto,fiets,Flank,Rechte weg,Binnen,50.0,Niet brandend,Overig asfalt,Droog,Daglicht,Droog,Van Leijenberghlaan,amsterdam,POINT (120392 482661.938000001),POINT (4.879489793041973 52.33080069801835),4.879489793041973,52.33080069801835
157400,20210086859,2021,Letsel,3,bestelauto,fiets,Los voorwerp,"Kruispunt, 3 takken",Binnen,50.0,Niet brandend,Overig asfalt,Droog,Daglicht,Droog,Klaprozenweg,amsterdam,POINT (122124.98299999908 490329.5993000008),POINT (4.9041628243968605 52.39981874863832),4.9041628243968605,52.39981874863832
157419,20210059157,2021,Letsel,2,bestelauto,fiets,Flank,"Kruispunt, 3 takken",Binnen,50.0,Niet brandend,Overig asfalt,Nat,Daglicht,Droog,Druivenstraat,amsterdam,POINT (121739.41369999945 491743.249400001),POINT (4.898357610473623 52.41250031810407),4.898357610473623,52.41250031810407
157449,20210067943,2021,Letsel,2,bromfiets,personenauto,Flank,"Kruispunt, 4 takken",Binnen,50.0,Niet brandend,Overig asfalt,Droog,Daglicht,Droog,Gustav Mahlerlaan,amsterdam,POINT (119793.86670000106 483319.7551999986),POINT (4.87064649055211 52.33667474680105),4.87064649055211,52.33667474680105
157455,20210065104,2021,Uitsluitend materiele schade,2,personenauto,fiets,Flank,Bocht,Binnen,30.0,Brandend,Klinkers,Nat,Duisternis,Regen,Anton de Komplein,amsterdam,POINT (125725.29699999839 481063.20899999887),POINT (4.9578681652858485 52.316742043280186),4.9578681652858485,52.316742043280186
157528,20210050065,2021,Letsel,2,bromfiets,fiets,Frontaal,"Kruispunt, 3 takken",Binnen,30.0,Niet brandend,Klinkers,Droog,Daglicht,Droog,Baarsjesweg,amsterdam,POINT (119175.17540000007 486628.0267000012),POINT (4.861216939709142 52.366367180873944),4.861216939709142,52.366367180873944
157531,20210058764,2021,Letsel,2,personenauto,snorfiets,Flank,"Kruispunt, 3 takken",Binnen,50.0,Niet brandend,Overig asfalt,Droog,Daglicht,Droog,Wibautstraat,amsterdam,POINT (122861 484859),POINT (4.915500136872653 52.35069638061421),4.915500136872653,52.35069638061421
157543,20210069649,2021,Uitsluitend materiele schade,3,personenauto,fiets,Onbekend,Rechte weg,Binnen,30.0,Niet brandend,Overig asfalt,Droog,Daglicht,Droog,Rozengracht,amsterdam,POINT (120404 487360),POINT (4.879182768063894 52.3730244081283),4.879182768063894,52.3730244081283
158159,20220081388,2022,Uitsluitend materiele schade,2,personenauto,fiets,Onbekend,"Kruispunt, 4 takken",Binnen,50.0,Niet brandend,ZOAB,Nat,Daglicht,Unknown,Parlevinkerpad,amsterdam,POINT (122918.24599999934 491060.7809999995),POINT (4.915748169634814 52.40643702122946),4.915748169634814,52.40643702122946
158215,20220080686,2022,Uitsluitend materiele schade,2,snorfiets,personenauto,Onbekend,"Kruispunt, 4 takken",Binnen,30.0,Niet brandend,Overig asfalt,Droog,Daglicht,Droog,H Roland Holststr,amsterdam,POINT (116363.80939999968 487835.7078000009),POINT (4.81980293783132 52.377030286245045),4.81980293783132,52.377030286245045
158375,20220081214,2022,Uitsluitend materiele schade,2,personenauto,bromfiets,Onbekend,Rotonde,Binnen,50.0,Niet brandend,Overig asfalt,Droog,Daglicht,Droog,Schipluidenlaan,amsterdam,POINT (117453.10319999978 485535.7085000016),POINT (4.836056178542548 52.356435223432925),4.836056178542548,52.356435223432925
158398,20220054312,2022,Uitsluitend materiele schade,2,e-bike,personenauto,Flank,"Kruispunt, 4 takken",Binnen,50.0,Niet brandend,Beton,Droog,Daglicht,Droog,Mosplein,amsterdam,POINT (122602 489364),POINT (4.91126471703312 52.39116902056826),4.91126471703312,52.39116902056826
158440,20220055642,2022,Uitsluitend materiele schade,2,bestelauto,fiets,Onbekend,Rechte weg,Binnen,50.0,Niet brandend,Overig asfalt,Droog,Daglicht,Droog,Weesperstraat,amsterdam,POINT (122290.5 486228.5),POINT (4.906994020240705 52.362970872425656),4.906994020240705,52.362970872425656
158476,20220055717,2022,Uitsluitend materiele schade,2,fiets,fiets,Kop/staart,Rechte weg,Binnen,15.0,Niet brandend,Overig asfalt,Droog,Daglicht,Droog,Havenstraat,amsterdam,POINT (118759.73699999973 484710.5529999994),POINT (4.855324233164414 52.34910706271113),4.855324233164414,52.34910706271113
158537,20220054710,2022,Uitsluitend materiele schade,2,personenauto,e-bike,Flank,"Kruispunt, 4 takken",Binnen,50.0,Niet brandend,Overig asfalt,Droog,Daglicht,Droog,Willem Schermerhornstr,amsterdam,POINT (115233.85350000113 488454.8407999985),POINT (4.803136221159709 52.38251386291044),4.803136221159709,52.38251386291044
158550,20220102621,2022,Letsel,2,personenauto,fiets,Flank,"Kruispunt, 3 takken",Binnen,50.0,Niet brandend,Klinkers,Droog,Daglicht,Droog,Zaandijkstraat,amsterdam,POINT (120496.93609999865 489048.804299999),POINT (4.880373990425281 52.38820798266007),4.880373990425281,52.38820798266007
158551,20220103185,2022,Uitsluitend materiele schade,2,fiets,lichtmast,Vast voorwerp,Rechte weg,Binnen,30.0,Brandend,Klinkers,Droog,Schemer,Droog,Tuinbouwstraat,amsterdam,POINT (124811.54699999839 483622.0240000002),POINT (4.944238408963657 52.33968980983276),4.944238408963657,52.33968980983276
158594,20220054897,2022,Letsel,3,personenauto,fiets,Onbekend,"Kruispunt, 3 takken",Binnen,50.0,Niet aanwezig,Overig asfalt,Droog,Daglicht,Droog,Abcouderstraatweg,amsterdam,POINT (125924.59459999949 477959.0742999986),POINT (4.96105848318444 52.28885425090423),4.96105848318444,52.28885425090423
158854,20230059456,2023,Letsel,1,fiets,unknown,Eenzijdig,Unknown,Unknown,50.0,Unknown,Unknown,Unknown,Daglicht,Unknown,Amerbos,amsterdam,POINT (124663.21719999984 490715.95910000056),POINT (4.941421740654322 52.40343727633869),4.941421740654322,52.40343727633869
158950,20230004036,2023,Uitsluitend materiele schade,2,personenauto,e-bike,Flank,"Kruispunt, 3 takken",Binnen,50.0,Niet brandend,ZOAB,Nat,Daglicht,Sneeuw/Hagel,Zeeburgerstraat,amsterdam,POINT (123519.33399999887 486675.0850000009),POINT (4.924992226288261 52.36705628201443),4.924992226288261,52.36705628201443
159015,20230004115,2023,Letsel,2,e-bike,fiets,Frontaal,"Kruispunt, 3 takken",Buiten,50.0,Niet brandend,Beton,Nat,Daglicht,Regen,Piet Heinkade,amsterdam,POINT (122939.57490000129 487801.5482000001),POINT (4.916372792101943 52.377146628285864),4.916372792101943,52.377146628285864
159044,20230004127,2023,Uitsluitend materiele schade,2,bromfiets,fiets,Flank,"Kruispunt, 4 takken",Binnen,30.0,Brandend,ZOAB,Droog,Duisternis,Droog,Bilderdijkkade,amsterdam,POINT (119849.45199999958 486683.0219999999),POINT (4.871110667325353 52.366905005957825),4.871110667325353,52.366905005957825
159410,20210041159,2021,Letsel,3,bromfiets,fiets,Onbekend,Rechte weg,Binnen,50.0,Niet aanwezig,Beton,Droog,Daglicht,Droog,Aletta Jacobslaan,amsterdam,POINT (116865.35399999842 484478.52899999917),POINT (4.827548865187827 52.34689360133979),4.827548865187827,52.34689360133979
159611,20220178012,2022,Uitsluitend materiele schade,3,bus,fiets,Onbekend,Rechte weg,Binnen,30.0,Niet aanwezig,Klinkers,Droog,Daglicht,Droog,Damrak,amsterdam,POINT (121725.39600000158 487823.48699999973),POINT (4.898540096384547 52.37727156062918),4.898540096384547,52.37727156062918
159646,20220177481,2022,Letsel,2,personenauto,fiets,Flank,"Kruispunt, 4 takken",Binnen,50.0,Niet brandend,Beton,Droog,Daglicht,Unknown,Floraweg,amsterdam,POINT (122405.10000000149 490310.86389999837),POINT (4.908280340903574 52.399667079903296),4.908280340903574,52.399667079903296
159681,20220177846,2022,Uitsluitend materiele schade,2,bestelauto,e-bike,Kop/staart,Rechte weg,Binnen,Unknown,Niet brandend,Overig asfalt,Droog,Daglicht,Droog,Haardstee,amsterdam,POINT (125336.09600000083 480543.67599999905),POINT (4.9522061034647775 52.312051911979665),4.9522061034647775,52.312051911979665