,accident_id,accident_year,outcome,num_parties,party1_type,party2_type,accident_nature,road_situation,built_up_area,speed_limit_kmh,street_lighting,road_surface,road_condition,light_condition,weather_condition,street_name,municipality,shape,geometry,longitude,latitude
159683,20220178183,2022,Letsel,2,bestelauto,fiets,Flank,Rotonde,Binnen,50.0,Niet brandend,Overig asfalt,Droog,Daglicht,Droog,Ookmeerweg,amsterdam,POINT (114154.7771999985 486254.25189999864),POINT (4.787555471479813 52.36265758451719),4.787555471479813,52.36265758451719
159734,20220123488,2022,Uitsluitend materiele schade,2,fiets,fiets,Flank,"Kruispunt, 4 takken",Binnen,Unknown,Niet aanwezig,Overig asfalt,Droog,Daglicht,Droog,Egelantiersgracht,amsterdam,POINT (120496.45059999824 487677.4519000016),POINT (4.8805077070102145 52.37588325196708),4.8805077070102145,52.37588325196708
159754,20220178285,2022,Letsel,2,vrachtauto,fiets,Flank,Rechte weg,Binnen,30.0,Niet brandend,Overig asfalt,Droog,Daglicht,Droog,Czaar Peterstraat,amsterdam,POINT (123846.75 487032.61499999836),POINT (4.929766203628727 52.37028819330963),4.929766203628727,52.37028819330963
159786,20220142344,2022,Letsel,2,personenauto,fiets,Frontaal,"Kruispunt, 3 takken",Binnen,50.0,Niet brandend,Overig asfalt,Droog,Daglicht,Droog,President Kennedylaan,amsterdam,POINT (122682.4824000001 484019.30959999934),POINT (4.91296074950025 52.34313931155052),4.91296074950025,52.34313931155052
159787,20220142360,2022,Letsel,2,bromfiets,fiets,Flank,Rechte weg,Binnen,30.0,Niet brandend,Overig asfalt,Nat,Daglicht,Regen,Rozengracht,amsterdam,POINT (120404 487360),POINT (4.879182768063894 52.3730244081283),4.879182768063894,52.3730244081283
159851,20220123734,2022,Letsel,2,snorfiets,e-bike,Flank,"Kruispunt, 4 takken",Binnen,50.0,Niet brandend,Overig asfalt,Droog,Daglicht,Droog,Gabriël Metsustraat,amsterdam,POINT (120455 485475),POINT (4.880125304703771 52.356086574937564),4.880125304703771,52.356086574937564
159896,20220155352,2022,Uitsluitend materiele schade,2,bromfiets,fiets,Flank,"Kruispunt, 4 takken",Binnen,50.0,Niet brandend,Overig asfalt,Droog,Daglicht,Droog,Bilderdijkstraat,amsterdam,POINT (119931.64699999988 486720.67440000176),POINT (4.872313511158592 52.3672486528667),4.872313511158592,52.3672486528667
159965,20220141343,2022,Letsel,2,personenauto,fiets,Flank,"Kruispunt, 4 takken",Binnen,50.0,Brandend,Overig asfalt,Droog,Duisternis,Droog,De Clercqstraat,amsterdam,POINT (119814.58469999954 487139.82510000095),POINT (4.870550940339711 52.371008187251995),4.870550940339711,52.371008187251995
160025,20220141580,2022,Uitsluitend materiele schade,1,snorfiets,unknown,Voetganger,Rechte weg,Binnen,30.0,Niet brandend,Overig asfalt,Droog,Daglicht,Unknown,Ruys de Beerenbrouckstr,amsterdam,POINT (115068.13699999824 488441.2989999987),POINT (4.800703979925869 52.38238013116111),4.800703979925869,52.38238013116111
160032,20220155638,2022,Uitsluitend materiele schade,2,personenauto,fiets,Flank,"Kruispunt, 3 takken",Binnen,30.0,Niet brandend,ZOAB,Nat,Daglicht,Regen,Oostenburgervoorstraat,amsterdam,POINT (123314 486872),POINT (4.921958964128099 52.36881421481327),4.921958964128099,52.36881421481327
160124,20220124211,2022,Uitsluitend materiele schade,2,personenauto,fiets,Flank,"Kruispunt, 4 takken",Binnen,50.0,Niet brandend,Overig asfalt,Droog,Daglicht,Droog,Orteliuskade,amsterdam,POINT (118308.34200000018 487008.1779999994),POINT (4.848448957487902 52.369726469773525),4.848448957487902,52.369726469773525
160166,20230040757,2023,Letsel,2,motor,fiets,Flank,"Kruispunt, 4 takken",Binnen,50.0,Niet brandend,Overig asfalt,Droog,Daglicht,Droog,Kabelweg,amsterdam,POINT (118251.29080000147 489111.6757000014),POINT (4.847381219063507 52.38862726558052),4.847381219063507,52.38862726558052
160274,20230058841,2023,Uitsluitend materiele schade,2,bromfiets,personenauto,Kop/staart,Rechte weg,Binnen,50.0,Niet brandend,Overig asfalt,Droog,Daglicht,Droog,Bos en Lommerweg,amsterdam,POINT (118803.50600000098 488399.76300000027),POINT (4.855569412846473 52.38226584087616),4.855569412846473,52.38226584087616
160295,20230049708,2023,Uitsluitend materiele schade,2,personenauto,fiets,Flank,Rotonde,Binnen,50.0,Niet brandend,Overig asfalt,Droog,Daglicht,Droog,Meeuwenlaan,amsterdam,POINT (123447.70120000094 488971.6944999993),POINT (4.923724872652865 52.387692524913284),4.923724872652865,52.387692524913284
160357,20230059015,2023,Uitsluitend materiele schade,2,personenauto,fiets,Los voorwerp,"Kruispunt, 3 takken",Binnen,50.0,Niet brandend,ZOAB,Droog,Daglicht,Droog,Daniël Goedkoopstraat,amsterdam,POINT (123344.01979999989 483056.7036000006),POINT (4.9227586738450695 52.334526502065685),4.9227586738450695,52.334526502065685
160386,20230066570,2023,Uitsluitend materiele schade,2,personenauto,fiets,Flank,Rechte weg,Binnen,50.0,Niet brandend,ZOAB,Droog,Daglicht,Droog,Michiel de Ruijtertunnel,amsterdam,POINT (121887.98099999875 488078.46599999815),POINT (4.900902577818016 52.37957295943048),4.900902577818016,52.37957295943048
160391,20230040555,2023,Letsel,2,bromfiets,personenauto,Flank,Rechte weg,Binnen,50.0,Niet brandend,Overig asfalt,Droog,Daglicht,Droog,Nassaukade,amsterdam,POINT (120286.50600000098 486611.7890000008),POINT (4.877534769206453 52.36629261223195),4.877534769206453,52.36629261223195
160438,20230049399,2023,Letsel,2,personenauto,fiets,Flank,Rechte weg,Binnen,50.0,Niet brandend,Overig asfalt,Droog,Daglicht,Droog,Diepenbrockstraat,amsterdam,POINT (120517.91369999945 484389.97089999914),POINT (4.881159960611005 52.346339027243545),4.881159960611005,52.346339027243545
160455,20230049452,2023,Letsel,2,snorfiets,snorfiets,Flank,"Kruispunt, 3 takken",Binnen,50.0,Niet brandend,Beton,Droog,Daglicht,Droog,Ranonkelkade,amsterdam,POINT (122350.56060000136 488807.0042000003),POINT (4.907625245609629 52.38614824512377),4.907625245609629,52.38614824512377
160456,20230049459,2023,Letsel,1,bromfiets,unknown,Eenzijdig,Rechte weg,Binnen,50.0,Niet brandend,Beton,Droog,Duisternis,Droog,Sint Nicolaasstraat,amsterdam,POINT (121265.59380000085 487555.1112000011),POINT (4.891814713893747 52.37483153390866),4.891814713893747,52.37483153390866
160630,20220211747,2022,Uitsluitend materiele schade,2,personenauto,fiets,Geparkeerd voertuig,Bocht,Binnen,30.0,Niet aanwezig,Overig asfalt,Nat,Daglicht,Regen,Sophialaan,amsterdam,POINT (119021.69799999893 485092.0700000003),POINT (4.85912795123079 52.35255308136796),4.85912795123079,52.35255308136796
160691,20220211797,2022,Uitsluitend materiele schade,2,snorfiets,personenauto,Onbekend,Rechte weg,Binnen,30.0,Brandend,Klinkers,Nat,Schemer,Regen,Buiksloterbreek,amsterdam,POINT (122196.68800000101 490638.5469999984),POINT (4.905186172619959 52.402599630691114),4.905186172619959,52.402599630691114
160747,20220210500,2022,Uitsluitend materiele schade,2,bromfiets,fiets,Frontaal,Rechte weg,Binnen,30.0,Niet brandend,Overig asfalt,Droog,Daglicht,Droog,Johan Huizingalaan,amsterdam,POINT (116871.67799999937 484001.1799999997),POINT (4.827695745252711 52.34260397832246),4.827695745252711,52.34260397832246
160749,20220211891,2022,Letsel,2,bestelauto,bromfiets,Frontaal,Rechte weg,Binnen,50.0,Niet brandend,ZOAB,Droog,Daglicht,Droog,Stadhouderskade,amsterdam,POINT (121031.36499999836 485777.8200000003),POINT (4.888554757809845 52.35884405111401),4.888554757809845,52.35884405111401
160847,20220212006,2022,Letsel,2,personenauto,fiets,Flank,"Kruispunt, 4 takken",Binnen,50.0,Niet brandend,Overig asfalt,Droog,Daglicht,Droog,Stadionweg,amsterdam,POINT (118958.01830000058 484312.1697999984),POINT (4.858276853218078 52.34553971548158),4.858276853218078,52.34553971548158
160880,20220211365,2022,Uitsluitend materiele schade,2,personenauto,bromfiets,Flank,"Kruispunt, 4 takken",Binnen,50.0,Brandend,Overig asfalt,Droog,Duisternis,Droog,Meer en Vaart,amsterdam,POINT (115635.71599999815 485547.13800000027),POINT (4.809378821086897 52.356410729440846),4.809378821086897,52.356410729440846
160910,20220210709,2022,Letsel,3,fiets,voetganger,Voetganger,Rechte weg,Binnen,Unknown,Niet aanwezig,ZOAB,Droog,Daglicht,Droog,Ooster Ringdijk,amsterdam,POINT (124741.0709999986 485678.91000000015),POINT (4.943019377102642 52.358171963600626),4.943019377102642,52.358171963600626
161363,20230111858,2023,Letsel,2,bromfiets,voetganger,Voetganger,Rechte weg,Binnen,50.0,Niet brandend,Overig asfalt,Nat,Duisternis,Regen,Middenweg,amsterdam,POINT (125078.56199999899 483939.3509999998),POINT (4.948128100894057 52.34255635544445),4.948128100894057,52.34255635544445
161432,20230023083,2023,Uitsluitend materiele schade,2,bromfiets,fiets,Flank,"Kruispunt, 4 takken",Binnen,50.0,Niet brandend,Overig asfalt,Droog,Daglicht,Droog,Zeeburgerpad,amsterdam,POINT (124503.90749999881 486651.36560000107),POINT (4.939449860368622 52.366898656848555),4.939449860368622,52.366898656848555
161466,20230036717,2023,Letsel,2,fiets,fiets,Onbekend,"Kruispunt, 4 takken",Binnen,50.0,Niet brandend,ZOAB,Droog,Daglicht,Droog,Insulindeweg,amsterdam,POINT (125118.02270000055 486437.68560000136),POINT (4.948485251470511 52.36501199160765),4.948485251470511,52.36501199160765
161554,20230067477,2023,Uitsluitend materiele schade,2,personenauto,fiets,Kop/staart,Rechte weg,Binnen,50.0,Niet brandend,Overig asfalt,Nat,Daglicht,Droog,Kinkerstraat,amsterdam,POINT (119131.11300000176 486416.8920000009),POINT (4.8605925567987045 52.36446678106743),4.8605925567987045,52.36446678106743
161561,20230077264,2023,Letsel,3,fiets,fiets,Onbekend,Rechte weg,Binnen,50.0,Niet brandend,Klinkers,Droog,Daglicht,Droog,1e C Huygensstr,amsterdam,POINT (120034.25989999995 486472.59629999846),POINT (4.873845865680083 52.3650256475425),4.873845865680083,52.3650256475425
161571,20230020463,2023,Letsel,1,bromfiets,unknown,Eenzijdig,"Kruispunt, 4 takken",Binnen,50.0,Niet brandend,Beton,Nat,Daglicht,Droog,Molukkenstraat,amsterdam,POINT (124599.69370000064 485687.5276999995),POINT (4.9409433153359785 52.35824160921826),4.9409433153359785,52.35824160921826
161593,20230078723,2023,Uitsluitend materiele schade,2,fiets,personenauto,Onbekend,"Kruispunt, 4 takken",Binnen,50.0,Niet brandend,Overig asfalt,Droog,Daglicht,Droog,Kinkerstraat,amsterdam,POINT (119919.66899999976 486716.02899999917),POINT (4.872138135811316 52.36720613843117),4.872138135811316,52.36720613843117
161687,20230023431,2023,Letsel,2,bestelauto,fiets,Geparkeerd voertuig,Rechte weg,Binnen,50.0,Niet brandend,Overig asfalt,Droog,Daglicht,Droog,Sarphatistraat,amsterdam,POINT (122174.14600000158 485973.0379999988),POINT (4.905310813012183 52.360668011771835),4.905310813012183,52.360668011771835
161688,20230024664,2023,Letsel,2,personenauto,snorfiets,Geparkeerd voertuig,Rechte weg,Binnen,30.0,Niet brandend,Klinkers,Nat,Daglicht,Regen,Nolensstraat,amsterdam,POINT (115050.57400000095 487809.0540000014),POINT (4.800521214668046 52.37669676191961),4.800521214668046,52.37669676191961
161711,20230020657,2023,Letsel,2,personenauto,fiets,Flank,Rotonde,Binnen,50.0,Niet brandend,Overig asfalt,Droog,Daglicht,Droog,Schepenlaan,amsterdam,POINT (123030.46169999987 490940.3165999986),POINT (4.917408656045157 52.40536092755128),4.917408656045157,52.40536092755128
161713,20230024062,2023,Letsel,2,bromfiets,personenauto,Flank,"Kruispunt, 3 takken",Binnen,50.0,Brandend,Beton,Droog,Duisternis,Droog,Stadhouderskade,amsterdam,POINT (120904.29619999975 485909.17080000043),POINT (4.886676177974691 52.36001666947519),4.886676177974691,52.36001666947519
161819,20230074588,2023,Letsel,2,bromfiets,personenauto,Flank,"Kruispunt, 3 takken",Binnen,50.0,Niet brandend,Overig asfalt,Droog,Daglicht,Droog,Amstelveenseweg,amsterdam,POINT (118780.42720000073 485312.18780000135),POINT (4.855563115350352 52.35451549085114),4.855563115350352,52.35451549085114
161820,20230074596,2023,Uitsluitend materiele schade,2,motor,fiets,Flank,"Kruispunt, 4 takken",Binnen,30.0,Brandend,Unknown,Droog,Duisternis,Droog,Hoofdweg,amsterdam,POINT (118330.6400000006 487342.97300000116),POINT (4.848739827767922 52.37273684301068),4.848739827767922,52.37273684301068
161860,20230086387,2023,Letsel,2,bromfiets,fiets,Flank,"Kruispunt, 4 takken",Binnen,30.0,Brandend,Beton,Droog,Duisternis,Droog,Lijnbaansgracht,amsterdam,POINT (121036.43490000069 486011.6521999985),POINT (4.888605566567279 52.36094588687348),4.888605566567279,52.36094588687348
162169,20230097947,2023,Uitsluitend materiele schade,2,personenauto,fiets,Frontaal,Rechte weg,Binnen,30.0,Brandend,Klinkers,Droog,Duisternis,Droog,Reguliersgracht,amsterdam,POINT (121548.65300000086 486360.16099999845),POINT (4.896090198761329 52.36410947470213),4.896090198761329,52.36410947470213
162222,20210084467,2021,Uitsluitend materiele schade,2,bromfiets,personenauto,Flank,Rechte weg,Binnen,50.0,Brandend,Overig asfalt,Nat,Duisternis,Unknown,Nassaukade,amsterdam,POINT (120201.82999999821 486842.8370000012),POINT (4.876267674084931 52.368363747450786),4.876267674084931,52.368363747450786
162252,20210083082,2021,Letsel,1,bromfiets,unknown,Eenzijdig,Rechte weg,Binnen,30.0,Brandend,Klinkers,Nat,Duisternis,Regen,Haarlemmerweg,amsterdam,POINT (118564 488691),POINT (4.852020231645578 52.38486740907399),4.852020231645578,52.38486740907399
162272,20210089773,2021,Uitsluitend materiele schade,2,personenauto,fiets,Flank,"Kruispunt, 4 takken",Binnen,Unknown,Niet brandend,Overig asfalt,Droog,Daglicht,Droog,Kabelweg,amsterdam,POINT (118243.02829999849 489457.25499999896),POINT (4.847222023251159 52.39173250469299),4.847222023251159,52.39173250469299
162276,20210087355,2021,Letsel,3,fiets,fiets,Vast voorwerp,"Kruispunt, 4 takken",Binnen,Unknown,Niet brandend,Overig asfalt,Droog,Daglicht,Droog,IJburglaan,amsterdam,POINT (127599.73739999905 485957.6356000006),POINT (4.984959322157916 52.36082699067677),4.984959322157916,52.36082699067677
162298,20210087364,2021,Uitsluitend materiele schade,1,fiets,unknown,Geparkeerd voertuig,Rechte weg,Binnen,30.0,Brandend,Overig asfalt,Droog,Duisternis,Unknown,Camperstraat,amsterdam,POINT (122765.06529999897 485580.3903999999),POINT (4.914023031062792 52.35717414748704),4.914023031062792,52.35717414748704
162299,20210000511,2021,Dodelijk,2,snorfiets,personenauto,Frontaal,Rechte weg,Binnen,50.0,Niet brandend,Overig asfalt,Droog,Daglicht,Droog,Gerda Brautigamstraat,amsterdam,POINT (114606.9849999994 488099.1270000003),POINT (4.793972284451585 52.379271239623215),4.793972284451585,52.379271239623215
162351,20210080066,2021,Uitsluitend materiele schade,2,bestelauto,fiets,Flank,"Kruispunt, 4 takken",Binnen,50.0,Niet brandend,Overig asfalt,Droog,Daglicht,Droog,Prins Hendrikkade,amsterdam,POINT (122032.52199999988 487697.36400000006),POINT (4.9030627063272 52.37615658251544),4.9030627063272,52.37615658251544
162360,20210086185,2021,Uitsluitend materiele schade,2,personenauto,fiets,Flank,"Kruispunt, 3 takken",Binnen,50.0,Brandend,Overig asfalt,Nat,Duisternis,Regen,Cruquiusweg,amsterdam,POINT (124121.05490000173 486828.49920000136),POINT (4.933812581454311 52.36846922674253),4.933812581454311,52.36846922674253
162421,20210003939,2021,Uitsluitend materiele schade,2,personenauto,fiets,Flank,Rotonde,Binnen,50.0,Niet brandend,ZOAB,Droog,Daglicht,Droog,OOSTOEVER NOORDZIJDE,amsterdam,POINT (117093.45389999822 487134.7364999987),POINT (4.830596888774499 52.37078136560078),4.830596888774499,52.37078136560078
162434,20210018308,2021,Uitsluitend materiele schade,2,personenauto,fiets,Onbekend,Rechte weg,Binnen,50.0,Niet brandend,Overig asfalt,Droog,Daglicht,Droog,Weesperzijde,amsterdam,POINT (122428.58399999887 485235.1649999991),POINT (4.909117362955078 52.354051644196744),4.909117362955078,52.354051644196744
162584,20210017915,2021,Letsel,2,personenauto,fiets,Flank,"Kruispunt, 4 takken",Binnen,50.0,Niet brandend,Overig asfalt,Droog,Daglicht,Unknown,Koos Vorrinkweg,amsterdam,POINT (114996.14600000158 485075.0700000003),POINT (4.800047224167302 52.35212195488326),4.800047224167302,52.35212195488326
162586,20210021729,2021,Uitsluitend materiele schade,2,bestelauto,fiets,Flank,"Kruispunt, 4 takken",Binnen,50.0,Niet brandend,Overig asfalt,Droog,Daglicht,Droog,1e C Huygensstr,amsterdam,POINT (120128.83300000057 486208.84600000083),POINT (4.8752616635224335 52.362661260255074),4.8752616635224335,52.362661260255074
162678,20210010283,2021,Uitsluitend materiele schade,2,personenauto,fiets,Flank,"Kruispunt, 4 takken",Binnen,50.0,Niet brandend,Overig asfalt,Droog,Daglicht,Droog,GEUZENVELD,amsterdam,POINT (117988 487910),POINT (4.843646158379797 52.37780985703474),4.843646158379797,52.37780985703474
162686,20210019352,2021,Uitsluitend materiele schade,2,bromfiets,bestelauto,Onbekend,Rechte weg,Binnen,30.0,Niet brandend,Klinkers,Droog,Daglicht,Droog,Voltaplein,amsterdam,POINT (124678.77400000021 485110.9679999985),POINT (4.942156105641608 52.35306422224443),4.942156105641608,52.35306422224443
162904,20210057269,2021,Uitsluitend materiele schade,2,personenauto,bromfiets,Flank,"Kruispunt, 4 takken",Binnen,30.0,Niet brandend,Klinkers,Droog,Daglicht,Droog,Romerostraat,amsterdam,POINT (113519.71189999953 485335.4492999986),POINT (4.778345893887603 52.35435255179159),4.778345893887603,52.35435255179159
162914,20210065465,2021,Uitsluitend materiele schade,2,bromfiets,fiets,Kop/staart,Rechte weg,Binnen,30.0,Niet brandend,Overig asfalt,Droog,Daglicht,Unknown,Van Woustraat,amsterdam,POINT (121934.88199999928 485241.7199999988),POINT (4.901870352887828 52.35408106743031),4.901870352887828,52.35408106743031
162918,20210085823,2021,Letsel,2,motor,fiets,Flank,"Kruispunt, 4 takken",Binnen,50.0,Brandend,Overig asfalt,Nat,Duisternis,Regen,Jan Luijkenstraat,amsterdam,POINT (120794.50789999962 486023.1442000009),POINT (4.885052942976128 52.36103415795258),4.885052942976128,52.36103415795258
163027,20210070099,2021,Uitsluitend materiele schade,2,personenauto,fiets,Flank,"Kruispunt, 3 takken",Binnen,50.0,Niet brandend,Overig asfalt,Droog,Daglicht,Droog,Plesmanlaan,amsterdam,POINT (116076.98479999974 484966.67350000143),POINT (4.815923021295316 52.351225400162804),4.815923021295316,52.351225400162804
163059,20210071188,2021,Uitsluitend materiele schade,2,bromfiets,personenauto,Frontaal,"Kruispunt, 3 takken",Binnen,30.0,Brandend,Overig asfalt,Droog,Duisternis,Droog,Marnixplein,amsterdam,POINT (120386.11600000039 487927.2965000011),POINT (4.878861729836541 52.378121727849326),4.878861729836541,52.378121727849326
163060,20210071200,2021,Uitsluitend materiele schade,2,fiets,bromfiets,Frontaal,Rechte weg,Binnen,30.0,Niet brandend,Overig asfalt,Nat,Daglicht,Unknown,Adelaarsweg,amsterdam,POINT (123301.8599999994 489162.9270000011),POINT (4.921564593341887 52.38940278475921),4.921564593341887,52.38940278475921
163065,20210041169,2021,Uitsluitend materiele schade,2,bromfiets,personenauto,Flank,"Kruispunt, 3 takken",Binnen,50.0,Niet brandend,Klinkers,Droog,Daglicht,Droog,Haarlemmer Houttuinen,amsterdam,POINT (121121.10300000012 488380.9609999992),POINT (4.889609673996764 52.38224477857522),4.889609673996764,52.38224477857522
163133,20210056656,2021,Uitsluitend materiele schade,2,bromfiets,personenauto,Kop/staart,Rechte weg,Binnen,50.0,Niet aanwezig,Unknown,Nat,Daglicht,Regen,Mauritskade,amsterdam,POINT (122594.81300000101 485953.12999999896),POINT (4.911488044563223 52.36051406787703),4.911488044563223,52.36051406787703
163201,20210059159,2021,Uitsluitend materiele schade,1,bromfiets,unknown,Flank,Rechte weg,Binnen,50.0,Niet brandend,Overig asfalt,Droog,Daglicht,Droog,Hobbemakade,amsterdam,POINT (120862.1099999994 485113.71400000155),POINT (4.886137629244646 52.35286503051373),4.886137629244646,52.35286503051373
163231,20210068269,2021,Uitsluitend materiele schade,2,personenauto,fiets,Flank,"Kruispunt, 4 takken",Binnen,50.0,Niet brandend,Overig asfalt,Droog,Daglicht,Droog,Jan Evertsenstraat,amsterdam,POINT (118425.80900000036 487041.5069999993),POINT (4.850170063932973 52.3700338413985),4.850170063932973,52.3700338413985
163247,20210065668,2021,Uitsluitend materiele schade,2,bestelauto,bromfiets,Kop/staart,Rechte weg,Binnen,30.0,Brandend,Klinkers,Droog,Duisternis,Droog,Tweede Kostverlorenkade,amsterdam,POINT (119160.31399999931 486511.8779999986),POINT (4.861011131455615 52.365322351930566),4.861011131455615,52.365322351930566
163278,20210065511,2021,Uitsluitend materiele schade,2,personenauto,snorfiets,Flank,Rotonde,Binnen,50.0,Niet brandend,Overig asfalt,Droog,Daglicht,Unknown,Burgemeester Röellstraat,amsterdam,POINT (116354 487686),POINT (4.819676103839794 52.3756841423132),4.819676103839794,52.3756841423132
163287,20210073525,2021,Letsel,2,snorfiets,fiets,Frontaal,Rechte weg,Binnen,30.0,Niet brandend,Overig asfalt,Nat,Daglicht,Regen,Muntbergweg,amsterdam,POINT (125050.03700000048 479043.0709999986),POINT (4.948144634408456 52.29854977356229),4.948144634408456,52.29854977356229
163300,20210054191,2021,Uitsluitend materiele schade,2,personenauto,fiets,Flank,Rechte weg,Binnen,50.0,Niet brandend,Klinkers,Nat,Daglicht,Unknown,Socratesstraat,amsterdam,POINT (115947 487562.5),POINT (4.8137138232067445 52.37454542681679),4.8137138232067445,52.37454542681679
163313,20210067138,2021,Uitsluitend materiele schade,2,personenauto,e-bike,Flank,"Kruispunt, 3 takken",Binnen,50.0,Niet brandend,Overig asfalt,Nat,Daglicht,Unknown,Amstelveenseweg,amsterdam,POINT (118909.37299999967 483167.9470000006),POINT (4.857685659638543 52.33525303939246),4.857685659638543,52.33525303939246
163351,20210035266,2021,Uitsluitend materiele schade,2,snorfiets,snorfiets,Kop/staart,"Kruispunt, 4 takken",Binnen,50.0,Niet brandend,Beton,Droog,Daglicht,Droog,Kinkerstraat,amsterdam,POINT (120204.75600000098 486839.66800000146),POINT (4.876310962492559 52.3683354521464),4.876310962492559,52.3683354521464
163356,20210040882,2021,Uitsluitend materiele schade,2,personenauto,fiets,Flank,"Kruispunt, 4 takken",Binnen,50.0,Niet brandend,Klinkers,Droog,Daglicht,Droog,Wittenburgergracht,amsterdam,POINT (123097 486996),POINT (4.918761088444754 52.369916080741945),4.918761088444754,52.369916080741945
163373,20210065629,2021,Uitsluitend materiele schade,2,bromfiets,personenauto,Flank,"Kruispunt, 4 takken",Binnen,30.0,Niet brandend,ZOAB,Droog,Daglicht,Droog,De Ruijterkade,amsterdam,POINT (122126.18699999899 487949.0080000013),POINT (4.904413551896535 52.378423797013674),4.904413551896535,52.378423797013674
163378,20210070505,2021,Uitsluitend materiele schade,2,personenauto,bromfiets,Flank,"Kruispunt, 4 takken",Binnen,30.0,Niet brandend,Klinkers,Droog,Daglicht,Droog,Derkinderenstraat,amsterdam,POINT (117752.86850000173 486835.4252999984),POINT (4.840312257193494 52.36813650692128),4.840312257193494,52.36813650692128
164128,20220055502,2022,Uitsluitend materiele schade,2,fiets,personenauto,Flank,"Kruispunt, 4 takken",Binnen,50.0,Brandend,Klinkers,Droog,Duisternis,Droog,Lijnbaansgracht,amsterdam,POINT (120260.61140000075 487465.88899999857),POINT (4.877066327056515 52.37396700894516),4.877066327056515,52.37396700894516
164160,20220054112,2022,Letsel,2,fiets,fiets,Onbekend,Bocht,Binnen,50.0,Brandend,Beton,Nat,Duisternis,Droog,Houtmankade,amsterdam,POINT (120654.03599999845 488800.7250000015),POINT (4.882706982462215 52.38598828401059),4.882706982462215,52.38598828401059
164169,20220081208,2022,Letsel,2,personenauto,fiets,Flank,"Kruispunt, 3 takken",Binnen,30.0,Niet brandend,Beton,Droog,Daglicht,Droog,Draaierweg,amsterdam,POINT (122121.7100000009 490331.45050000027),POINT (4.904114553613408 52.39983518973589),4.904114553613408,52.39983518973589
164228,20220054372,2022,Uitsluitend materiele schade,2,personenauto,fiets,Frontaal,"Kruispunt, 3 takken",Binnen,30.0,Niet brandend,Klinkers,Droog,Duisternis,Droog,Barbara Strozzilaan,amsterdam,POINT (120915.66369999945 483245.05209999904),POINT (4.887112870765753 52.336074064339584),4.887112870765753,52.336074064339584
164232,20220055682,2022,Uitsluitend materiele schade,2,personenauto,fiets,Onbekend,"Kruispunt, 4 takken",Binnen,50.0,Brandend,ZOAB,Droog,Duisternis,Droog,Sarphatistraat,amsterdam,POINT (122357.12649999931 486040.58889999986),POINT (4.907990375213608 52.36128601744414),4.907990375213608,52.36128601744414
164267,20220054475,2022,Uitsluitend materiele schade,2,personenauto,bromfiets,Flank,"Kruispunt, 4 takken",Binnen,50.0,Niet brandend,Overig asfalt,Droog,Daglicht,Droog,Jan Tooropstraat,amsterdam,POINT (117515.29540000111 486881.8187999986),POINT (4.836819000451435 52.36853729231404),4.836819000451435,52.36853729231404
164268,20220054482,2022,Letsel,2,snorfiets,fiets,Flank,"Kruispunt, 4 takken",Binnen,50.0,Brandend,ZOAB,Droog,Duisternis,Droog,Piet Heinkade,amsterdam,POINT (123081.87959999964 487761.9228999987),POINT (4.918466340607362 52.37679879405618),4.918466340607362,52.37679879405618
164323,20220102754,2022,Letsel,2,personenauto,fiets,Flank,"Kruispunt, 4 takken",Binnen,30.0,Niet brandend,Beton,Droog,Daglicht,Droog,Slotermeerlaan,amsterdam,POINT (116333.76069999859 487843.8872000016),POINT (4.81936072970978 52.37710168079144),4.81936072970978,52.37710168079144
164324,20220102825,2022,Letsel,2,fiets,fiets,Flank,"Kruispunt, 4 takken",Binnen,30.0,Niet brandend,Unknown,Nat,Daglicht,Droog,Laurierstraat,amsterdam,POINT (120401 487218),POINT (4.879153334001516 52.371748025930685),4.879153334001516,52.371748025930685
164345,20220054741,2022,Uitsluitend materiele schade,2,bromfiets,personenauto,Flank,"Kruispunt, 4 takken",Binnen,30.0,Brandend,Overig asfalt,Droog,Duisternis,Droog,Kanaalstraat,amsterdam,POINT (119376.79410000145 486182.4365000017),POINT (4.864224235562163 52.362375653907435),4.864224235562163,52.362375653907435
164360,20220102369,2022,Uitsluitend materiele schade,2,personenauto,fiets,Flank,"Kruispunt, 3 takken",Binnen,50.0,Niet brandend,ZOAB,Droog,Daglicht,Droog,Hoekenespad,amsterdam,POINT (115614.07299999893 485565.03280000016),POINT (4.809059045273938 52.35657000274437),4.809059045273938,52.35657000274437
164361,20220102580,2022,Letsel,2,bromfiets,fiets,Flank,"Kruispunt, 4 takken",Binnen,50.0,Niet brandend,Overig asfalt,Droog,Daglicht,Droog,1e C Huygensstr,amsterdam,POINT (120165.43299999833 486121.21070000157),POINT (4.875808044414472 52.36187597862073),4.875808044414472,52.36187597862073