,accident_id,accident_year,outcome,num_parties,party1_type,party2_type,accident_nature,road_situation,built_up_area,speed_limit_kmh,street_lighting,road_surface,road_condition,light_condition,weather_condition,street_name,municipality,shape,geometry,longitude,latitude
164362,20220102585,2022,Letsel,2,bromfiets,fiets,Frontaal,Rechte weg,Binnen,30.0,Brandend,ZOAB,Droog,Duisternis,Droog,Stationsplein,amsterdam,POINT (131633.76700000092 480422.23000000045),POINT (5.044563150922939 52.31126392966444),5.044563150922939,52.31126392966444
164363,20220102630,2022,Letsel,2,fiets,fiets,Flank,"Kruispunt, 3 takken",Binnen,Unknown,Niet brandend,Beton,Droog,Daglicht,Droog,NOORDERPARK,amsterdam,POINT (123426.70050000027 489937.58300000057),POINT (4.92332557456234 52.396372035171915),4.92332557456234,52.396372035171915
164364,20220102887,2022,Uitsluitend materiele schade,2,personenauto,fiets,Flank,"Kruispunt, 4 takken",Binnen,50.0,Niet brandend,Overig asfalt,Droog,Daglicht,Droog,Admiraal De Ruijterweg,amsterdam,POINT (118996.40480000153 487555.7142999992),POINT (4.858492935669774 52.37469285665215),4.858492935669774,52.37469285665215
164365,20220103184,2022,Uitsluitend materiele schade,2,personenauto,fiets,Flank,"Kruispunt, 4 takken",Binnen,50.0,Brandend,Overig asfalt,Droog,Duisternis,Droog,Wibautstraat,amsterdam,POINT (122557 485496),POINT (4.910977050545631 52.356403455080894),4.910977050545631,52.356403455080894
164403,20220102668,2022,Uitsluitend materiele schade,2,personenauto,fiets,Flank,"Kruispunt, 4 takken",Binnen,50.0,Niet brandend,ZOAB,Droog,Daglicht,Droog,Maxwellstraat,amsterdam,POINT (124061.06370000169 484220.3211000003),POINT (4.933171645114453 52.34502520977738),4.933171645114453,52.34502520977738
164404,20220102948,2022,Letsel,3,personenauto,fiets,Onbekend,"Kruispunt, 4 takken",Binnen,50.0,Niet brandend,Overig asfalt,Nat,Daglicht,Droog,Kruislaan,amsterdam,POINT (124649.08100000024 484605.6431999989),POINT (4.941765869337372 52.34852103617283),4.941765869337372,52.34852103617283
164406,20220103246,2022,Uitsluitend materiele schade,1,bromfiets,unknown,Voetganger,Rechte weg,Binnen,50.0,Niet brandend,Unknown,Droog,Daglicht,Droog,Jan Tooropstraat,amsterdam,POINT (117554.82800000161 487050.2190000005),POINT (4.837380670658486 52.37005344090444),4.837380670658486,52.37005344090444
164429,20220103318,2022,Uitsluitend materiele schade,2,personenauto,e-bike,Flank,"Kruispunt, 4 takken",Binnen,30.0,Niet brandend,Klinkers,Droog,Daglicht,Droog,Minervalaan,amsterdam,POINT (119947.88309999928 483878.69150000066),POINT (4.872847999519801 52.34170793340588),4.872847999519801,52.34170793340588
164852,20230004474,2023,Uitsluitend materiele schade,2,personenauto,bromfiets,Flank,"Kruispunt, 4 takken",Binnen,50.0,Niet brandend,Unknown,Nat,Daglicht,Droog,Radarweg,amsterdam,POINT (117451.67749999836 489691.0789999999),POINT (4.835570957901807 52.39378035401911),4.835570957901807,52.39378035401911
165098,20210070119,2021,Letsel,2,fiets,fiets,Flank,Rechte weg,Binnen,Unknown,Niet brandend,Overig asfalt,Nat,Daglicht,Unknown,Amstelveenseweg,amsterdam,POINT (118823.39299999923 484951.6070000008),POINT (4.856232525523135 52.351277679288735),4.856232525523135,52.351277679288735
165472,20220177690,2022,Letsel,2,bromfiets,boom,Vast voorwerp,Rechte weg,Binnen,50.0,Niet brandend,Overig asfalt,Droog,Schemer,Droog,Middenweg,amsterdam,POINT (124065.11800000072 485013.7349999994),POINT (4.933158208865672 52.352156147723925),4.933158208865672,52.352156147723925
165489,20220141981,2022,Uitsluitend materiele schade,2,fiets,fiets,Flank,Rechte weg,Binnen,30.0,Niet brandend,Klinkers,Droog,Daglicht,Droog,Bellamyplein,amsterdam,POINT (119593.8040000014 486799.98800000176),POINT (4.86734497604562 52.367939790173),4.86734497604562,52.367939790173
165514,20220141992,2022,Uitsluitend materiele schade,2,snorfiets,personenauto,Flank,"Kruispunt, 4 takken",Binnen,30.0,Niet brandend,Klinkers,Droog,Daglicht,Droog,Lambertus Zijlplein,amsterdam,POINT (115142.37079999968 487837.6251000017),POINT (4.801865853392774 52.376960206902815),4.801865853392774,52.376960206902815
165545,20220123244,2022,Uitsluitend materiele schade,2,personenauto,bromfiets,Flank,"Kruispunt, 4 takken",Binnen,30.0,Brandend,Overig asfalt,Droog,Schemer,Droog,Frederiksplein,amsterdam,POINT (121715.82510000095 485835.8729000017),POINT (4.89859633087528 52.359407686831),4.89859633087528,52.359407686831
165604,20220177928,2022,Letsel,2,bromfiets,unknown,Eenzijdig,Unknown,Unknown,50.0,Unknown,Unknown,Unknown,Daglicht,Unknown,Javaplein,amsterdam,POINT (124508.31300000101 486276.9919999987),POINT (4.939548490627716 52.36353427365232),4.939548490627716,52.36353427365232
165606,20220178202,2022,Letsel,2,personenauto,bromfiets,Kop/staart,Rechte weg,Buiten,100.0,Brandend,ZOAB,Droog,Duisternis,Droog,Ringweg-Noord,amsterdam,POINT (123132.29039999843 492133.83630000055),POINT (4.918791607154031 52.41609330950499),4.918791607154031,52.41609330950499
165759,20220123795,2022,Letsel,2,personenauto,bromfiets,Flank,"Kruispunt, 4 takken",Binnen,30.0,Brandend,Klinkers,Droog,Schemer,Droog,FIETSPAD,amsterdam,POINT (126906.97410000116 481042.7485000007),POINT (4.975199631921599 52.31661977488604),4.975199631921599,52.31661977488604
165855,20220124055,2022,Uitsluitend materiele schade,2,personenauto,snorfiets,Flank,"Kruispunt, 4 takken",Binnen,50.0,Niet brandend,Overig asfalt,Droog,Daglicht,Droog,Wibautstraat,amsterdam,POINT (122491.44959999993 485617.35610000044),POINT (4.910003147447946 52.35749024863983),4.910003147447946,52.35749024863983
165889,20220141563,2022,Uitsluitend materiele schade,3,bromfiets,fiets,Los voorwerp,Rechte weg,Binnen,30.0,Brandend,Beton,Droog,Duisternis,Droog,Elandsgracht,amsterdam,POINT (120268.21200000122 486861.40199999884),POINT (4.877240396569333 52.368534798333265),4.877240396569333,52.368534798333265
165928,20220141712,2022,Uitsluitend materiele schade,2,bromfiets,fiets,Flank,"Kruispunt, 3 takken",Binnen,50.0,Niet brandend,Overig asfalt,Droog,Daglicht,Droog,Westel Merwedekanaaldijk,amsterdam,POINT (126172.87649999931 485505.6352000013),POINT (4.9640518015214194 52.356691668271615),4.9640518015214194,52.356691668271615
165965,20220155723,2022,Letsel,2,fiets,personenauto,Kop/staart,Rechte weg,Binnen,50.0,Niet brandend,Overig asfalt,Droog,Daglicht,Droog,Beethovenstraat,amsterdam,POINT (120330.13500000164 484800.24500000104),POINT (4.878362038039514 52.35001447715938),4.878362038039514,52.35001447715938
165992,20220141819,2022,Uitsluitend materiele schade,2,snorfiets,fiets,Onbekend,Rechte weg,Binnen,30.0,Brandend,Klinkers,Droog,Duisternis,Droog,Bijlmerplein,amsterdam,POINT (125439.93600000069 480850.08300000057),POINT (4.953701929931079 52.31481132178428),4.953701929931079,52.31481132178428
166062,20230049035,2023,Letsel,2,bromfiets,fiets,Frontaal,Rechte weg,Binnen,30.0,Niet brandend,Overig asfalt,Droog,Daglicht,Droog,IJburglaan,amsterdam,POINT (127056.05600000173 486428.2129999995),POINT (4.97693899137767 52.36502886924236),4.97693899137767,52.36502886924236
166106,20230059173,2023,Uitsluitend materiele schade,2,bromfiets,personenauto,Kop/staart,"Kruispunt, 4 takken",Binnen,50.0,Niet brandend,Overig asfalt,Droog,Daglicht,Droog,Tweede Kostverlorenkade,amsterdam,POINT (119453.21599999815 487031.6169999987),POINT (4.865256350573276 52.37001242030911),4.865256350573276,52.37001242030911
166131,20230040383,2023,Uitsluitend materiele schade,2,bromfiets,e-bike,Onbekend,"Kruispunt, 4 takken",Binnen,50.0,Niet brandend,Overig asfalt,Droog,Daglicht,Droog,Bos en Lommerweg,amsterdam,POINT (118257.21440000087 487949.84910000116),POINT (4.847595314377161 52.37818607219041),4.847595314377161,52.37818607219041
166154,20230040417,2023,Letsel,2,e-bike,fiets,Frontaal,"Kruispunt, 4 takken",Binnen,30.0,Niet aanwezig,Klinkers,Droog,Daglicht,Droog,0069 BRUG,amsterdam,POINT (120989.04069999978 486192.03819999844),POINT (4.887891582897842 52.362564138584986),4.887891582897842,52.362564138584986
166208,20230040519,2023,Uitsluitend materiele schade,2,unknown,bromfiets,Onbekend,Rechte weg,Binnen,30.0,Niet brandend,Klinkers,Droog,Daglicht,Droog,Thomas R. Malthusstraat,amsterdam,POINT (116553.42199999839 483727.1959999986),POINT (4.823057051315749 52.340119440552876),4.823057051315749,52.340119440552876
166248,20230040565,2023,Uitsluitend materiele schade,2,personenauto,fiets,Flank,Rechte weg,Binnen,30.0,Niet brandend,Overig asfalt,Droog,Daglicht,Droog,Prins Hendrikkade,amsterdam,POINT (122166.44099999964 487482.3269999996),POINT (4.90505030679101 52.374232004806984),4.90505030679101,52.374232004806984
166389,20220210935,2022,Letsel,2,personenauto,fiets,Flank,"Kruispunt, 3 takken",Binnen,50.0,Niet brandend,Overig asfalt,Droog,Daglicht,Droog,Admiraal Helfrichstraat,amsterdam,POINT (118075.31129999831 487172.67550000176),POINT (4.84500936943576 52.371189229448696),4.84500936943576,52.371189229448696
166428,20220212314,2022,Uitsluitend materiele schade,2,personenauto,snorfiets,Flank,"Kruispunt, 4 takken",Binnen,50.0,Niet brandend,ZOAB,Droog,Daglicht,Droog,Herenmarkt,amsterdam,POINT (121300.9364 488151.07820000127),POINT (4.892273932725166 52.38018982709786),4.892273932725166,52.38018982709786
166458,20220210999,2022,Letsel,2,bromfiets,fiets,Frontaal,Rechte weg,Binnen,Unknown,Niet brandend,Overig asfalt,Droog,Daglicht,Droog,FIETSPAD,amsterdam,POINT (120351.49080000073 483121.5998999998),POINT (4.8788482395824735 52.33492928752057),4.8788482395824735,52.33492928752057
166530,20220210333,2022,Letsel,2,motor,fiets,Onbekend,Rechte weg,Binnen,50.0,Brandend,Overig asfalt,Nat,Duisternis,Regen,Albert Cuypstraat,amsterdam,POINT (120970.4459999986 485304.4849999994),POINT (4.887708401449662 52.3545862706803),4.887708401449662,52.3545862706803
166626,20220210510,2022,Uitsluitend materiele schade,1,bromfiets,unknown,Kop/staart,Rechte weg,Binnen,50.0,Niet brandend,Overig asfalt,Nat,Daglicht,Regen,Meeuwenlaan,amsterdam,POINT (123347.80200000107 488771.14499999955),POINT (4.922276374740152 52.38588437571849),4.922276374740152,52.38588437571849
166665,20220210533,2022,Uitsluitend materiele schade,2,snorfiets,personenauto,Flank,Rechte weg,Binnen,50.0,Brandend,Overig asfalt,Nat,Duisternis,Regen,De Lairessestraat,amsterdam,POINT (120241.63199999928 485354.9079999998),POINT (4.877005846745928 52.35499381416536),4.877005846745928,52.35499381416536
166668,20220211277,2022,Letsel,2,bromfiets,personenauto,Onbekend,Rechte weg,Binnen,50.0,Niet brandend,Overig asfalt,Droog,Daglicht,Droog,Overtoom,amsterdam,POINT (119821.79600000009 486094.8020000011),POINT (4.870766166693942 52.361616736757576),4.870766166693942,52.361616736757576
166697,20220211289,2022,Uitsluitend materiele schade,2,e-bike,personenauto,Onbekend,Rechte weg,Binnen,50.0,Niet brandend,Overig asfalt,Nat,Daglicht,Droog,Burgemeester Stramanweg,amsterdam,POINT (123886.24599999934 480027.47300000116),POINT (4.930993444573091 52.30733247824753),4.930993444573091,52.30733247824753
166698,20220211959,2022,Letsel,1,bromfiets,unknown,Eenzijdig,Rechte weg,Binnen,30.0,Brandend,Beton,Unknown,Duisternis,Droog,Graanstraat,amsterdam,POINT (124568.59800000116 483561.1229999997),POINT (4.940679140537695 52.33912907191482),4.940679140537695,52.33912907191482
166877,20220212198,2022,Letsel,1,snorfiets,unknown,Eenzijdig,Rechte weg,Binnen,50.0,Brandend,Beton,Sneeuw/ijzel,Duisternis,Droog,Linnaeusstraat,amsterdam,POINT (123494.32999999821 485995.48900000006),POINT (4.924688792143218 52.36094708774187),4.924688792143218,52.36094708774187
167250,20230111815,2023,Letsel,2,snorfiets,personenauto,Onbekend,"Kruispunt, 4 takken",Binnen,30.0,Niet brandend,Unknown,Nat,Daglicht,Droog,Woestduinstraat,amsterdam,POINT (118235.72599999979 484991.0993999988),POINT (4.847603261203144 52.351593602815946),4.847603261203144,52.351593602815946
167311,20230020871,2023,Uitsluitend materiele schade,2,fiets,trein/tram,Flank,Rechte weg,Binnen,50.0,Niet brandend,Overig asfalt,Nat,Daglicht,Droog,Dammerweg,amsterdam,POINT (133344.3359999992 477516.26900000125),POINT (5.069832920621016 52.285216350102665),5.069832920621016,52.285216350102665
167409,20230023206,2023,Uitsluitend materiele schade,2,e-bike,e-bike,Frontaal,"Kruispunt, 3 takken",Binnen,50.0,Niet brandend,Overig asfalt,Droog,Daglicht,Droog,Vondelpark,amsterdam,POINT (119765.32499999925 485807.2989999987),POINT (4.869967289959402 52.35902924533618),4.869967289959402,52.35902924533618
167456,20230067952,2023,Uitsluitend materiele schade,3,motor,fiets,Flank,"Kruispunt, 4 takken",Binnen,50.0,Brandend,ZOAB,Droog,Duisternis,Droog,MUSEUMBRUG 0082,amsterdam,POINT (120863.60060000047 485973.5368999988),POINT (4.886072251549268 52.36059261995623),4.886072251549268,52.36059261995623
167467,20230020481,2023,Letsel,2,bromfiets,bestelauto,Eenzijdig,Rechte weg,Binnen,30.0,Niet brandend,Klinkers,Nat,Daglicht,Droog,Johannes Verhulststraat,amsterdam,POINT (119795.0709999986 485251.0450000018),POINT (4.8704621534243255 52.354031933720464),4.8704621534243255,52.354031933720464
167534,20230078790,2023,Letsel,2,fiets,voetganger,Voetganger,Rechte weg,Binnen,30.0,Brandend,Overig asfalt,Droog,Schemer,Droog,Overhoeksplein,amsterdam,POINT (122015.97500000149 488587.15199999884),POINT (4.902732361533836 52.38415236964916),4.902732361533836,52.38415236964916
167547,20230024612,2023,Uitsluitend materiele schade,2,personenauto,fiets,Onbekend,Rechte weg,Binnen,50.0,Niet brandend,Overig asfalt,Droog,Daglicht,Droog,Spuistraat,amsterdam,POINT (121054.69099999964 486941.30099999905),POINT (4.888779709610436 52.36930204797056),4.888779709610436,52.36930204797056
167553,20230036444,2023,Letsel,2,personenauto,fiets,Flank,"Kruispunt, 4 takken",Binnen,50.0,Niet brandend,Overig asfalt,Nat,Daglicht,Regen,Pontanusstraat,amsterdam,POINT (123718.67590000108 486476.64820000157),POINT (4.927937417316217 52.36528425242363),4.927937417316217,52.36528425242363
167577,20230024035,2023,Uitsluitend materiele schade,2,personenauto,fiets,Onbekend,Rechte weg,Binnen,30.0,Niet brandend,Klinkers,Nat,Daglicht,Regen,Westerkade,amsterdam,POINT (120364.64299999923 487800.51099999994),POINT (4.878559455860944 52.37698091871016),4.878559455860944,52.37698091871016
167730,20230078201,2023,Letsel,2,motor,fiets,Frontaal,Rechte weg,Binnen,80.0,Niet brandend,Overig asfalt,Droog,Daglicht,Droog,Burg De Vlugtlaan,amsterdam,POINT (116757.67399999872 488242.41000000015),POINT (4.8255405752711455 52.38071297497501),4.8255405752711455,52.38071297497501
167949,20230087190,2023,Letsel,2,personenauto,fiets,Eenzijdig,"Kruispunt, 4 takken",Binnen,50.0,Brandend,Overig asfalt,Nat,Duisternis,Regen,Mr. Visserplein,amsterdam,POINT (122048.19189999998 486778.5148999989),POINT (4.903382897882267 52.367899547556654),4.903382897882267,52.367899547556654
167972,20230087236,2023,Uitsluitend materiele schade,2,bromfiets,personenauto,Onbekend,"Kruispunt, 3 takken",Binnen,50.0,Niet aanwezig,Overig asfalt,Nat,Schemer,Regen,Sumatrakade,amsterdam,POINT (123885.19799999893 487989.64939999953),POINT (4.930242133566185 52.37889155389379),4.930242133566185,52.37889155389379
168014,20230087290,2023,Letsel,1,bromfiets,unknown,Eenzijdig,"Kruispunt, 4 takken",Binnen,30.0,Niet brandend,Overig asfalt,Nat,Daglicht,Droog,Lutmastraat,amsterdam,POINT (122020.80029999837 484970.310800001),POINT (4.903158032652614 52.351646985049044),4.903158032652614,52.351646985049044
168052,20230102971,2023,Uitsluitend materiele schade,2,e-bike,e-bike,Onbekend,"Kruispunt, 4 takken",Binnen,50.0,Unknown,Overig asfalt,Nat,Daglicht,Droog,Wibautstraat,amsterdam,POINT (122491.44959999993 485617.35610000044),POINT (4.910003147447946 52.35749024863983),4.910003147447946,52.35749024863983
168262,20210087270,2021,Uitsluitend materiele schade,1,fiets,unknown,Onbekend,Bocht,Binnen,Unknown,Niet brandend,Overig asfalt,Nat,Daglicht,Unknown,Vondelpark,amsterdam,POINT (119699.30999999866 485568.6550000012),POINT (4.869023288430105 52.35688024429024),4.869023288430105,52.35688024429024
168263,20210087275,2021,Uitsluitend materiele schade,2,snorfiets,personenauto,Flank,"Kruispunt, 4 takken",Binnen,50.0,Niet brandend,Overig asfalt,Droog,Daglicht,Unknown,Meer en Vaart,amsterdam,POINT (115393.42889999971 486309.59750000015),POINT (4.805732689310797 52.363245699029235),4.805732689310797,52.363245699029235
168264,20210087288,2021,Uitsluitend materiele schade,4,vrachtauto,fiets,Vast voorwerp,Rechte weg,Binnen,30.0,Niet brandend,Klinkers,Droog,Daglicht,Droog,Olympiaplein,amsterdam,POINT (119660.48800000176 484458.5320000015),POINT (4.868570038949498 52.346900738953316),4.868570038949498,52.346900738953316
168269,20210085607,2021,Uitsluitend materiele schade,2,personenauto,e-bike,Flank,"Kruispunt, 4 takken",Binnen,50.0,Niet brandend,Overig asfalt,Droog,Daglicht,Droog,Jan Tooropstraat,amsterdam,POINT (117486.56469999999 486582.66039999947),POINT (4.836430549478159 52.365846723702504),4.836430549478159,52.365846723702504
168277,20210080106,2021,Uitsluitend materiele schade,2,bromfiets,personenauto,Flank,"Kruispunt, 4 takken",Binnen,30.0,Brandend,ZOAB,Nat,Schemer,Unknown,De Clercqstraat,amsterdam,POINT (120053.28599999845 487229.0769999996),POINT (4.874046552655166 52.37182556032683),4.874046552655166,52.37182556032683
168337,20210003942,2021,Uitsluitend materiele schade,2,personenauto,fiets,Onbekend,Unknown,Unknown,30.0,Unknown,Unknown,Unknown,Schemer,Unknown,Pieter Langendijkstraat,amsterdam,POINT (119114.93400000036 486116.9219999984),POINT (4.8603870448971245 52.36176981254154),4.8603870448971245,52.36176981254154
168464,20210028501,2021,Letsel,2,fiets,e-bike,Frontaal,Rechte weg,Binnen,30.0,Niet brandend,Klinkers,Nat,Daglicht,Unknown,Victorieplein,amsterdam,POINT (122059.52600000054 484429.631000001),POINT (4.903779327811587 52.34679003203689),4.903779327811587,52.34679003203689
168481,20210023729,2021,Letsel,2,fiets,voetganger,Voetganger,Rechte weg,Binnen,50.0,Brandend,Klinkers,Droog,Duisternis,Droog,Kloveniersburgwal,amsterdam,POINT (121756.7490000017 487197.1409999989),POINT (4.899062479764894 52.37164430399452),4.899062479764894,52.37164430399452
168548,20210024558,2021,Uitsluitend materiele schade,2,bromfiets,bestelauto,Flank,Bocht,Binnen,50.0,Niet brandend,ZOAB,Droog,Daglicht,Droog,Burgemeester Fockstraat,amsterdam,POINT (117238.22800000012 488228.1400000006),POINT (4.832599740869967 52.380617992114495),4.832599740869967,52.380617992114495
168581,20210010917,2021,Letsel,2,bus,fiets,Flank,"Kruispunt, 4 takken",Binnen,50.0,Niet brandend,Overig asfalt,Droog,Daglicht,Droog,Prins Hendrikkade,amsterdam,POINT (122029.21700000018 487702.26399999857),POINT (4.903013691882887 52.376200421820144),4.903013691882887,52.376200421820144
168606,20210019346,2021,Uitsluitend materiele schade,2,personenauto,bromfiets,Geparkeerd voertuig,Rechte weg,Binnen,50.0,Niet brandend,Overig asfalt,Droog,Daglicht,Droog,Wielingenstraat,amsterdam,POINT (120904.27499999851 484180.9149999991),POINT (4.886851001832723 52.34448427856529),4.886851001832723,52.34448427856529
168624,20210009695,2021,Uitsluitend materiele schade,2,personenauto,bromfiets,Kop/staart,Rechte weg,Binnen,50.0,Brandend,Klinkers,Droog,Duisternis,Droog,Kinkerstraat,amsterdam,POINT (119328.95199999958 486470.4470000006),POINT (4.863491346588333 52.36496097839189),4.863491346588333,52.36496097839189
168702,20210013130,2021,Letsel,1,fiets,unknown,Eenzijdig,"Kruispunt, 4 takken",Binnen,Unknown,Niet brandend,ZOAB,Droog,Daglicht,Droog,Nassauplein,amsterdam,POINT (120568.33029999956 488689.8898999989),POINT (4.881459486439468 52.384986811510174),4.881459486439468,52.384986811510174
168782,20210034687,2021,Uitsluitend materiele schade,2,personenauto,fiets,Frontaal,"Kruispunt, 4 takken",Binnen,50.0,Niet brandend,Overig asfalt,Droog,Daglicht,Droog,Prins Hendrikkade,amsterdam,POINT (122602.37379999831 487186.45270000026),POINT (4.911480196381734 52.371598783220456),4.911480196381734,52.371598783220456
168834,20210047189,2021,Uitsluitend materiele schade,2,bestelauto,fiets,Flank,Rechte weg,Binnen,50.0,Niet brandend,Klinkers,Nat,Daglicht,Regen,Bestevâerstraat,amsterdam,POINT (118915.37900000066 488123.4510000013),POINT (4.857242155308882 52.37978992493903),4.857242155308882,52.37978992493903
168887,20210087307,2021,Letsel,2,fiets,voetganger,Voetganger,Rechte weg,Binnen,Unknown,Unknown,Unknown,Nat,Daglicht,Unknown,Meibergpad,amsterdam,POINT (126064.32499999925 478967.01000000164),POINT (4.9630199831208 52.29792043813641),4.9630199831208,52.29792043813641
168895,20210044781,2021,Uitsluitend materiele schade,3,personenauto,e-bike,Onbekend,"Kruispunt, 4 takken",Binnen,30.0,Niet aanwezig,Overig asfalt,Droog,Daglicht,Droog,Schagerlaan,amsterdam,POINT (123541.29940000176 484323.0989000015),POINT (4.9255346715742565 52.34591940716264),4.9255346715742565,52.34591940716264
168925,20210070127,2021,Uitsluitend materiele schade,2,bromfiets,snorfiets,Flank,"Kruispunt, 3 takken",Binnen,Unknown,Niet brandend,Overig asfalt,Nat,Daglicht,Droog,Plesmanlaan,amsterdam,POINT (115267.53599999845 484763.2349999994),POINT (4.804067178637002 52.349339116210025),4.804067178637002,52.349339116210025
168941,20210047885,2021,Letsel,2,fiets,voetganger,Voetganger,"Kruispunt, 3 takken",Binnen,30.0,Niet brandend,Klinkers,Droog,Daglicht,Droog,Rapenburgerstraat,amsterdam,POINT (122434.65619999915 486964.54659999907),POINT (4.9090390246763365 52.36959452387954),4.9090390246763365,52.36959452387954
168951,20210056985,2021,Uitsluitend materiele schade,2,scootmobiel,fiets,Kop/staart,Rechte weg,Binnen,30.0,Niet brandend,Overig asfalt,Droog,Daglicht,Droog,Buiksloterweg,amsterdam,POINT (122889.82200000063 489061.1710000001),POINT (4.915521756460096 52.38846432468235),4.915521756460096,52.38846432468235
168996,20210036193,2021,Letsel,1,fiets,unknown,Eenzijdig,Rechte weg,Binnen,50.0,Niet aanwezig,Overig asfalt,Droog,Daglicht,Droog,Admiraal De Ruijterweg,amsterdam,POINT (119124.55999999866 487195.8220000006),POINT (4.860413229271481 52.3714668014579),4.860413229271481,52.3714668014579
169023,20210041875,2021,Letsel,2,bromfiets,fiets,Frontaal,Rechte weg,Binnen,50.0,Niet aanwezig,Overig asfalt,Droog,Duisternis,Droog,Postjesweg,amsterdam,POINT (117735.20100000128 486385.8110000007),POINT (4.84010269447167 52.36409451611622),4.84010269447167,52.36409451611622
169136,20210065099,2021,Uitsluitend materiele schade,2,personenauto,fiets,Flank,"Kruispunt, 4 takken",Binnen,50.0,Niet brandend,Klinkers,Droog,Daglicht,Droog,REESLUIS 0064,amsterdam,POINT (120675.42819999903 487289.4490999989),POINT (4.883175585291783 52.372407380658316),4.883175585291783,52.372407380658316
169145,20210038881,2021,Letsel,3,bromfiets,unknown,Eenzijdig,Rechte weg,Binnen,30.0,Niet brandend,Overig asfalt,Droog,Daglicht,Droog,Diemerzeedijk,amsterdam,POINT (126914.70499999821 485504.43299999833),POINT (4.974940905819488 52.35671928455456),4.974940905819488,52.35671928455456
169153,20210046333,2021,Letsel,2,fiets,fiets,Onbekend,Rechte weg,Binnen,30.0,Niet brandend,Klinkers,Droog,Daglicht,Unknown,Rokin,amsterdam,POINT (121282.3200000003 486867.9970000014),POINT (4.892129256262454 52.36865726556306),4.892129256262454,52.36865726556306
169178,20210037047,2021,Letsel,3,personenauto,snorfiets,Flank,"Kruispunt, 3 takken",Binnen,50.0,Brandend,Overig asfalt,Nat,Duisternis,Droog,Troelstralaan,amsterdam,POINT (115118.62700000033 487640.2928000018),POINT (4.801540595906593 52.3751850228653),4.801540595906593,52.3751850228653
169179,20210037056,2021,Letsel,3,bestelauto,fiets,Geparkeerd voertuig,Rechte weg,Binnen,50.0,Niet brandend,Overig asfalt,Nat,Daglicht,Droog,Molukkenstraat,amsterdam,POINT (124505.33199999854 486538.02699999884),POINT (4.939481054199799 52.365880122153435),4.939481054199799,52.365880122153435
169236,20210040888,2021,Uitsluitend materiele schade,2,bromfiets,personenauto,Kop/staart,Rechte weg,Binnen,50.0,Niet brandend,Overig asfalt,Droog,Daglicht,Droog,Stadhouderskade,amsterdam,POINT (121845.47599999979 485686.08399999887),POINT (4.9005142904111265 52.35806932532612),4.9005142904111265,52.35806932532612
169243,20210051301,2021,Uitsluitend materiele schade,2,fiets,overig vast object,Vast voorwerp,"Kruispunt, 3 takken",Binnen,50.0,Brandend,Overig asfalt,Droog,Duisternis,Unknown,Nassaukade,amsterdam,POINT (120406 488311),POINT (4.87911422901404 52.38157142503381),4.87911422901404,52.38157142503381
169416,20210092802,2021,Letsel,2,bromfiets,snorfiets,Flank,Rotonde,Binnen,50.0,Niet brandend,Overig asfalt,Droog,Daglicht,Droog,Mr. Treublaan,amsterdam,POINT (123029.73279999942 484543.9017000012),POINT (4.918006483517224 52.34787432159893),4.918006483517224,52.34787432159893
169852,20220080642,2022,Uitsluitend materiele schade,2,e-bike,bromfiets,Flank,"Kruispunt, 3 takken",Binnen,50.0,Niet brandend,Overig asfalt,Nat,Daglicht,Droog,Nassaukade,amsterdam,POINT (120347.57840000093 486539.8332000002),POINT (4.878438826936818 52.36564978137321),4.878438826936818,52.36564978137321
169903,20220016684,2022,Uitsluitend materiele schade,2,personenauto,bromfiets,Kop/staart,Rechte weg,Binnen,50.0,Niet brandend,Overig asfalt,Droog,Daglicht,Droog,Buikslotermeerplein,amsterdam,POINT (124248.87799999863 490173.243999999),POINT (4.9353831551941925 52.398536676064985),4.9353831551941925,52.398536676064985
169904,20220016701,2022,Uitsluitend materiele schade,2,motor,fiets,Flank,"Kruispunt, 3 takken",Binnen,50.0,Niet brandend,ZOAB,Droog,Daglicht,Droog,Voorlandpad,amsterdam,POINT (125271.68230000138 483798.7595000006),POINT (4.950974341658878 52.34130328157179),4.950974341658878,52.34130328157179
169917,20220055224,2022,Letsel,2,personenauto,snorfiets,Flank,"Kruispunt, 4 takken",Binnen,50.0,Niet brandend,Overig asfalt,Droog,Daglicht,Droog,Burgemeester Röellstraat,amsterdam,POINT (116876.54459999874 487557.90619999915),POINT (4.827364007764417 52.37456946671755),4.827364007764417,52.37456946671755
169918,20220055235,2022,Uitsluitend materiele schade,2,bromfiets,fiets,Los voorwerp,Rechte weg,Binnen,50.0,Niet brandend,Beton,Droog,Daglicht,Droog,Prins Hendrikkade,amsterdam,POINT (122356.32899999991 487313.6710000001),POINT (4.907855059846462 52.37272756291338),4.907855059846462,52.37272756291338
169965,20220080946,2022,Uitsluitend materiele schade,2,motor,fiets,Flank,"Kruispunt, 4 takken",Binnen,50.0,Niet brandend,Overig asfalt,Droog,Daglicht,Droog,Christoffel Plantijnpad,amsterdam,POINT (116413.0971999988 484979.89189999923),POINT (4.820854465205484 52.35136790400413),4.820854465205484,52.35136790400413