,accident_id,accident_year,outcome,num_parties,party1_type,party2_type,accident_nature,road_situation,built_up_area,speed_limit_kmh,street_lighting,road_surface,road_condition,light_condition,weather_condition,street_name,municipality,shape,geometry,longitude,latitude
170104,20220081263,2022,Letsel,2,bromfiets,personenauto,Flank,Rechte weg,Binnen,50.0,Niet brandend,Klinkers,Droog,Daglicht,Droog,Osdorpplein,amsterdam,POINT (115459.56300000101 485860.1079999991),POINT (4.806756419039702 52.35921080798813),4.806756419039702,52.35921080798813
170132,20220055687,2022,Letsel,2,snorfiets,voetganger,Voetganger,Rechte weg,Binnen,Unknown,Niet brandend,Overig asfalt,Droog,Daglicht,Droog,Cornelis Lelylaan,amsterdam,POINT (117417.61199999973 485671.5859999992),POINT (4.8355200474155255 52.35765396207196),4.8355200474155255,52.35765396207196
170235,20220102901,2022,Uitsluitend materiele schade,2,personenauto,fiets,Flank,Rotonde,Binnen,50.0,Niet brandend,Overig asfalt,Droog,Daglicht,Droog,Hugo de Grootplein,amsterdam,POINT (119983.78860000148 487538.499499999),POINT (4.872993854220249 52.37460199602877),4.872993854220249,52.37460199602877
170290,20220103316,2022,Uitsluitend materiele schade,3,personenauto,fiets,Los voorwerp,"Kruispunt, 4 takken",Binnen,50.0,Niet brandend,Overig asfalt,Droog,Daglicht,Droog,Lemelerbergweg,amsterdam,POINT (124594.84809999913 479306.16640000045),POINT (4.9414481545577145 52.30088937629381),4.9414481545577145,52.30088937629381
170303,20220015745,2022,Uitsluitend materiele schade,2,scootmobiel,fiets,Frontaal,Rechte weg,Binnen,50.0,Niet brandend,Overig asfalt,Nat,Daglicht,Droog,Amstelveenseweg,amsterdam,POINT (118908.4990000017 483155.7039999999),POINT (4.857674149056168 52.33514295027657),4.857674149056168,52.33514295027657
170575,20230003946,2023,Letsel,2,trekker,fiets,Eenzijdig,Rechte weg,Binnen,30.0,Niet brandend,Overig asfalt,Droog,Daglicht,Droog,Marnixstraat,amsterdam,POINT (120529.14299999923 486397.2989999987),POINT (4.881119063696781 52.36438020993506),4.881119063696781,52.36438020993506
170578,20230004542,2023,Uitsluitend materiele schade,2,personenauto,bromfiets,Onbekend,Rechte weg,Binnen,50.0,Niet brandend,Unknown,Nat,Schemer,Droog,Westhavenweg,amsterdam,POINT (116986.39699999988 491384.4609999992),POINT (4.828543881093017 52.40896702123186),4.828543881093017,52.40896702123186
170638,20230004612,2023,Letsel,2,personenauto,fiets,Frontaal,"Kruispunt, 4 takken",Binnen,50.0,Brandend,Overig asfalt,Droog,Duisternis,Droog,Haarlemmerweg,amsterdam,POINT (119761.94159999862 488726.2368000001),POINT (4.869611601019481 52.3852622977408),4.869611601019481,52.3852622977408
170682,20230006128,2023,Uitsluitend materiele schade,2,personenauto,e-bike,Onbekend,"Kruispunt, 4 takken",Binnen,50.0,Niet brandend,ZOAB,Nat,Daglicht,Regen,Meeuwenlaan,amsterdam,POINT (123006.15949999914 488657.15139999986),POINT (4.917269127280815 52.384840076197584),4.917269127280815,52.384840076197584
170900,20230016407,2023,Letsel,1,bromfiets,unknown,Eenzijdig,Unknown,Unknown,50.0,Unknown,Unknown,Unknown,Daglicht,Unknown,Abcouderstraatweg,amsterdam,POINT (126231.88800000027 477182.1220000014),POINT (4.965628428289709 52.28188752128105),4.965628428289709,52.28188752128105
170935,20210059941,2021,Letsel,2,snorfiets,personenauto,Flank,Rechte weg,Binnen,50.0,Niet brandend,Klinkers,Droog,Daglicht,Droog,Ruys de Beerenbrouckstr,amsterdam,POINT (114896.27400000021 488435.9820000008),POINT (4.7981804996022435 52.382319818054135),4.7981804996022435,52.382319818054135
171093,20210072628,2021,Letsel,2,bromfiets,fiets,Onbekend,"Kruispunt, 3 takken",Binnen,50.0,Niet brandend,Overig asfalt,Droog,Daglicht,Droog,Daniël Goedkoopstraat,amsterdam,POINT (123350.73889999837 483053.6209000014),POINT (4.9228575407353565 52.33449918348598),4.9228575407353565,52.33449918348598
171290,20220175797,2022,Uitsluitend materiele schade,2,personenauto,bromfiets,Flank,"Kruispunt, 4 takken",Binnen,50.0,Niet aanwezig,Overig asfalt,Droog,Daglicht,Droog,Roffart,amsterdam,POINT (120575.76680000126 481957.4913999997),POINT (4.882257613242279 52.32448111961917),4.882257613242279,52.32448111961917
171292,20220178313,2022,Uitsluitend materiele schade,2,personenauto,fiets,Flank,"Kruispunt, 4 takken",Binnen,50.0,Brandend,ZOAB,Nat,Duisternis,Droog,Stadhouderskade,amsterdam,POINT (120462.21350000054 486254.8407000005),POINT (4.880151104637344 52.36309569107307),4.880151104637344,52.36309569107307
171293,20220178324,2022,Uitsluitend materiele schade,2,personenauto,fiets,Onbekend,"Kruispunt, 4 takken",Binnen,50.0,Niet brandend,Unknown,Nat,Daglicht,Droog,Osdorper Ban,amsterdam,POINT (114658.51929999888 486078.46660000086),POINT (4.794971617426899 52.361114996754324),4.794971617426899,52.361114996754324
171314,20220177731,2022,Letsel,2,bromfiets,fiets,Flank,Rechte weg,Binnen,50.0,Niet brandend,Overig asfalt,Droog,Schemer,Droog,Haarlemmerweg,amsterdam,POINT (118254.5 488707),POINT (4.847472634497544 52.384990573917605),4.847472634497544,52.384990573917605
171370,20220177855,2022,Uitsluitend materiele schade,3,personenauto,fiets,Los voorwerp,"Kruispunt, 4 takken",Binnen,50.0,Niet brandend,Beton,Droog,Daglicht,Droog,Burgemeester Stramanweg,amsterdam,POINT (124259.82310000062 480528.7921999991),POINT (4.936425218559721 52.311859057787984),4.936425218559721,52.311859057787984
171387,20220123377,2022,Uitsluitend materiele schade,2,snorfiets,fiets,Flank,"Kruispunt, 4 takken",Binnen,50.0,Niet brandend,Overig asfalt,Droog,Daglicht,Droog,P Cornelisz Hooftstr,amsterdam,POINT (120287.60770000145 485849.17119999975),POINT (4.877629666307111 52.359438813384),4.877629666307111,52.359438813384
171396,20220142225,2022,Uitsluitend materiele schade,2,bromfiets,personenauto,Flank,"Kruispunt, 3 takken",Binnen,50.0,Niet brandend,Overig asfalt,Droog,Daglicht,Droog,Koningin Wilhelminaplein,amsterdam,POINT (117771.58999999985 485233.0192000009),POINT (4.840764515166245 52.35373654951884),4.840764515166245,52.35373654951884
171409,20220177927,2022,Uitsluitend materiele schade,1,bromfiets,unknown,Onbekend,Rechte weg,Binnen,50.0,Brandend,Overig asfalt,Nat,Duisternis,Regen,Weteringschans,amsterdam,POINT (121056.30999999866 485918.3920000009),POINT (4.888906742926325 52.36010895715839),4.888906742926325,52.36010895715839
171411,20220177939,2022,Letsel,2,e-bike,snorfiets,Onbekend,Rechte weg,Binnen,50.0,Niet brandend,Overig asfalt,Droog,Daglicht,Droog,Prins Hendrikkade,amsterdam,POINT (121558.65900000185 487985.6499999985),POINT (4.896075376832196 52.37871883579225),4.896075376832196,52.37871883579225
171455,20220123553,2022,Uitsluitend materiele schade,2,fiets,fiets,Onbekend,"Kruispunt, 4 takken",Binnen,50.0,Brandend,Overig asfalt,Droog,Duisternis,Droog,Marnixstraat,amsterdam,POINT (120318.07899999991 486880.1160000004),POINT (4.877970631111093 52.36870613765962),4.877970631111093,52.36870613765962
171564,20220142560,2022,Uitsluitend materiele schade,3,personenauto,fiets,Flank,"Kruispunt, 4 takken",Binnen,50.0,Niet brandend,Overig asfalt,Droog,Daglicht,Droog,Frans Halsstraat,amsterdam,POINT (121043.98259999976 485559.8051000014),POINT (4.888761982400781 52.3568854629899),4.888761982400781,52.3568854629899
171629,20220155482,2022,Letsel,2,bestelauto,fiets,Flank,"Kruispunt, 4 takken",Binnen,30.0,Niet brandend,Overig asfalt,Droog,Daglicht,Droog,Kantershofpad,amsterdam,POINT (127818.66019999981 481192.73699999973),POINT (4.9885577564850765 52.31801359947337),4.9885577564850765,52.31801359947337
171654,20220124052,2022,Uitsluitend materiele schade,2,personenauto,fiets,Flank,"Kruispunt, 3 takken",Binnen,50.0,Niet brandend,ZOAB,Droog,Daglicht,Droog,L. van Sonsbeeckstraat,amsterdam,POINT (115217.65430000052 485927.27969999984),POINT (4.803197465328184 52.359797028311505),4.803197465328184,52.359797028311505
171708,20220124120,2022,Uitsluitend materiele schade,2,snorfiets,personenauto,Flank,"Kruispunt, 4 takken",Binnen,30.0,Niet brandend,Klinkers,Droog,Daglicht,Droog,Balboastraat,amsterdam,POINT (118682.90190000087 486923.77149999887),POINT (4.853957629754297 52.36899278471684),4.853957629754297,52.36899278471684
171709,20220124144,2022,Uitsluitend materiele schade,2,snorfiets,personenauto,Flank,"Kruispunt, 4 takken",Binnen,50.0,Niet brandend,Beton,Droog,Daglicht,Droog,Baarsjesweg,amsterdam,POINT (118717 485700),POINT (4.854590321451742 52.35799668145589),4.854590321451742,52.35799668145589
171750,20220141752,2022,Letsel,2,bromfiets,fiets,Flank,"Kruispunt, 4 takken",Binnen,50.0,Niet brandend,ZOAB,Droog,Daglicht,Droog,Wibautstraat,amsterdam,POINT (122472.9151000008 485747.92880000174),POINT (4.909718457332313 52.35866265226398),4.909718457332313,52.35866265226398
171752,20220141810,2022,Letsel,2,trein/tram,fiets,Flank,Rotonde,Binnen,50.0,Niet brandend,ZOAB,Droog,Daglicht,Droog,Frederik Hendrikstraat,amsterdam,POINT (119960.91800000146 487528.8641999997),POINT (4.872659018722982 52.374513942112),4.872659018722982,52.374513942112
172019,20230049781,2023,Uitsluitend materiele schade,2,personenauto,fiets,Onbekend,Rechte weg,Binnen,50.0,Brandend,Klinkers,Droog,Duisternis,Droog,Amstel,amsterdam,POINT (121454.97500000149 486686.86199999973),POINT (4.894682324769206 52.3670399234467),4.894682324769206,52.3670399234467
172049,20230059785,2023,Uitsluitend materiele schade,2,fiets,personenauto,Flank,"Kruispunt, 4 takken",Binnen,50.0,Niet brandend,ZOAB,Nat,Daglicht,Droog,Marnixstraat,amsterdam,POINT (120318.07899999991 486880.1160000004),POINT (4.877970631111093 52.36870613765962),4.877970631111093,52.36870613765962
172055,20230065858,2023,Letsel,1,bromfiets,unknown,Eenzijdig,"Kruispunt, 4 takken",Binnen,50.0,Unknown,Unknown,Unknown,Daglicht,Unknown,Alexanderplein,amsterdam,POINT (123106.36199999973 486281.7019999996),POINT (4.918966308299095 52.36349699299695),4.918966308299095,52.36349699299695
172072,20230066230,2023,Uitsluitend materiele schade,2,personenauto,bromfiets,Kop/staart,"Kruispunt, 3 takken",Binnen,50.0,Niet brandend,Overig asfalt,Droog,Daglicht,Droog,Panamalaan,amsterdam,POINT (124118.67300000042 487266.5560000017),POINT (4.933737366692226 52.37240605732191),4.933737366692226,52.37240605732191
172207,20220210879,2022,Letsel,1,fiets,unknown,Eenzijdig,Rechte weg,Binnen,30.0,Brandend,Klinkers,Droog,Schemer,Droog,Oudezijds Voorburgwal,amsterdam,POINT (121817.51300000027 487570.28599999845),POINT (4.89991786336035 52.375001543996774),4.89991786336035,52.375001543996774
172276,20220210956,2022,Letsel,2,e-bike,voetganger,Voetganger,Rechte weg,Binnen,30.0,Niet brandend,Klinkers,Droog,Daglicht,Droog,Achtergracht,amsterdam,POINT (131261.77199999988 479977.2890000008),POINT (5.039139653354123 52.307249080430594),5.039139653354123,52.307249080430594
172277,20220210957,2022,Letsel,2,fiets,e-bike,Kop/staart,"Kruispunt, 4 takken",Binnen,30.0,Brandend,Klinkers,Droog,Duisternis,Droog,Hoofdweg,amsterdam,POINT (118568.91380000114 486721.0210000016),POINT (4.852305975482859 52.367163065036976),4.852305975482859,52.367163065036976
172279,20220211636,2022,Uitsluitend materiele schade,1,bromfiets,unknown,Eenzijdig,Rechte weg,Binnen,50.0,Brandend,Klinkers,Droog,Duisternis,Droog,Geldersekade,amsterdam,POINT (121943.12200000137 487507.4519999996),POINT (4.901768554652239 52.37444441235621),4.901768554652239,52.37444441235621
172280,20220211647,2022,Uitsluitend materiele schade,2,bromfiets,fiets,Flank,"Kruispunt, 4 takken",Binnen,50.0,Niet brandend,Overig asfalt,Droog,Daglicht,Droog,Olympiaplein,amsterdam,POINT (119633.37000000104 484415.5009999983),POINT (4.8681765992380495 52.34651226148497),4.8681765992380495,52.34651226148497
172342,20220211056,2022,Uitsluitend materiele schade,2,personenauto,fiets,Frontaal,Rechte weg,Binnen,30.0,Brandend,Unknown,Droog,Duisternis,Droog,Kloveniersburgwal,amsterdam,POINT (121651.73000000045 487020.19099999964),POINT (4.897537996347754 52.37004763407611),4.897537996347754,52.37004763407611
172488,20220211910,2022,Uitsluitend materiele schade,2,personenauto,fiets,Flank,Rechte weg,Binnen,50.0,Brandend,Overig asfalt,Droog,Duisternis,Droog,Stadhouderskade,amsterdam,POINT (121090.69700000063 485726.936999999),POINT (4.8894308322638915 52.35839041515717),4.8894308322638915,52.35839041515717
172635,20220211369,2022,Letsel,3,fiets,overig wegmeubilair,Vast voorwerp,Rechte weg,Binnen,50.0,Niet brandend,Overig asfalt,Nat,Daglicht,Droog,Van Boshuizenstraat,amsterdam,POINT (120500.17500000075 481999.9690000005),POINT (4.881144498712111 52.32485814403306),4.881144498712111,52.32485814403306
172669,20220210731,2022,Letsel,2,bromfiets,brommobiel,Eenzijdig,"Kruispunt, 4 takken",Binnen,50.0,Niet brandend,Overig asfalt,Nat,Daglicht,Droog,Jan van Galenstraat,amsterdam,POINT (118622 487430),POINT (4.853008651567407 52.37353835490957),4.853008651567407,52.37353835490957
172740,20220211495,2022,Letsel,2,personenauto,snorfiets,Flank,"Kruispunt, 4 takken",Binnen,50.0,Brandend,Beton,Droog,Duisternis,Droog,Beemsterstraat,amsterdam,POINT (125350.33469999954 490036.73690000176),POINT (4.951578280684148 52.39737046382716),4.951578280684148,52.39737046382716
173125,20230111590,2023,Uitsluitend materiele schade,2,bromfiets,personenauto,Onbekend,"Kruispunt, 3 takken",Binnen,30.0,Brandend,Overig asfalt,Nat,Duisternis,Droog,Ranonkelkade,amsterdam,POINT (122350.56060000136 488807.0042000003),POINT (4.907625245609629 52.38614824512377),4.907625245609629,52.38614824512377
173142,20230067513,2023,Uitsluitend materiele schade,2,personenauto,fiets,Flank,Rechte weg,Binnen,30.0,Brandend,Overig asfalt,Droog,Duisternis,Droog,Eerste Jan Steenstraat,amsterdam,POINT (121274.19200000167 485267.7199999988),POINT (4.8921704003870765 52.35427458061606),4.8921704003870765,52.35427458061606
173171,20230024327,2023,Uitsluitend materiele schade,2,personenauto,bromfiets,Onbekend,"Kruispunt, 3 takken",Binnen,50.0,Niet brandend,Overig asfalt,Droog,Daglicht,Droog,Daniël Goedkoopstraat,amsterdam,POINT (123346.45630000159 483038.06760000065),POINT (4.922796171772617 52.334359153329046),4.922796171772617,52.334359153329046
173199,20230067060,2023,Uitsluitend materiele schade,2,personenauto,fiets,Flank,"Kruispunt, 3 takken",Binnen,50.0,Niet brandend,Klinkers,Droog,Daglicht,Droog,Floraweg,amsterdam,POINT (122466.91110000014 490318.62469999865),POINT (4.909187762491325 52.39974049644419),4.909187762491325,52.39974049644419
173240,20230020429,2023,Uitsluitend materiele schade,2,personenauto,fiets,Flank,"Kruispunt, 4 takken",Binnen,50.0,Niet aanwezig,Overig asfalt,Droog,Daglicht,Droog,Nassaukade,amsterdam,POINT (120313.5615000017 487988.46869999915),POINT (4.87778991331301 52.3786669196649),4.87778991331301,52.3786669196649
173242,20230023245,2023,Uitsluitend materiele schade,2,personenauto,bromfiets,Flank,"Kruispunt, 4 takken",Binnen,50.0,Brandend,ZOAB,Droog,Duisternis,Droog,De Clercqstraat,amsterdam,POINT (119814.58469999954 487139.82510000095),POINT (4.870550940339711 52.371008187251995),4.870550940339711,52.371008187251995
173279,20230023273,2023,Letsel,2,bromfiets,voetganger,Voetganger,"Kruispunt, 3 takken",Binnen,50.0,Brandend,ZOAB,Droog,Duisternis,Droog,Wagenaarstraat,amsterdam,POINT (123887.95039999858 486321.05959999934),POINT (4.930436995520372 52.363895538108515),4.930436995520372,52.363895538108515
173308,20230020511,2023,Uitsluitend materiele schade,2,bestelauto,bromfiets,Flank,"Kruispunt, 4 takken",Binnen,50.0,Niet brandend,Klinkers,Droog,Daglicht,Droog,Comeniusstraat,amsterdam,POINT (116863.87550000101 485848.09479999915),POINT (4.827371923280991 52.359202128374974),4.827371923280991,52.359202128374974
173310,20230022745,2023,Letsel,2,bromfiets,fiets,Flank,Rechte weg,Binnen,Unknown,Niet brandend,ZOAB,Nat,Daglicht,Regen,Noordzijde,amsterdam,POINT (116400.59600000083 487422.16699999943),POINT (4.820390651540703 52.373316299551135),4.820390651540703,52.373316299551135
173391,20230020071,2023,Uitsluitend materiele schade,2,snorfiets,personenauto,Flank,"Kruispunt, 4 takken",Binnen,30.0,Niet brandend,Klinkers,Nat,Daglicht,Regen,Jacob Paffstraat,amsterdam,POINT (113958 485046),POINT (4.784814167694086 52.35178413088084),4.784814167694086,52.35178413088084
173392,20230020617,2023,Letsel,2,personenauto,fiets,Flank,"Kruispunt, 4 takken",Binnen,30.0,Niet brandend,Klinkers,Droog,Daglicht,Droog,Marius Bauerstraat,amsterdam,POINT (117493.61389999837 486244.9631000012),POINT (4.836571710380917 52.36281223829903),4.836571710380917,52.36281223829903
173416,20230078596,2023,Uitsluitend materiele schade,2,bromfiets,fiets,Flank,"Kruispunt, 3 takken",Binnen,50.0,Niet brandend,Overig asfalt,Droog,Daglicht,Droog,Oosterpark,amsterdam,POINT (123241.34730000049 485773.59849999845),POINT (4.920995977318789 52.35893831425981),4.920995977318789,52.35893831425981
173429,20230020671,2023,Uitsluitend materiele schade,2,bromfiets,fiets,Onbekend,"Kruispunt, 4 takken",Binnen,50.0,Niet brandend,ZOAB,Droog,Daglicht,Droog,Jacob van Lennepstraat,amsterdam,POINT (119976.07690000162 486607.5603),POINT (4.872977611140594 52.366234899960915),4.872977611140594,52.366234899960915
173486,20230024760,2023,Uitsluitend materiele schade,2,bromfiets,personenauto,Flank,"Kruispunt, 4 takken",Binnen,50.0,Brandend,Overig asfalt,Nat,Duisternis,Droog,Ceintuurbaan,amsterdam,POINT (121892.76089999825 485313.4937000014),POINT (4.901245052327899 52.35472358513887),4.901245052327899,52.35472358513887
173559,20230077698,2023,Letsel,2,bromfiets,fiets,Flank,"Kruispunt, 4 takken",Binnen,30.0,Niet brandend,Overig asfalt,Droog,Daglicht,Droog,Passtukkenpad,amsterdam,POINT (126048.53880000114 481750.36829999834),POINT (4.96254960306254 52.3229349657439),4.96254960306254,52.3229349657439
173560,20230077724,2023,Letsel,2,personenauto,fiets,Flank,"Kruispunt, 3 takken",Binnen,30.0,Niet brandend,Overig asfalt,Droog,Daglicht,Droog,Van Nijenrodeweg,amsterdam,POINT (120102.08430000022 482343.6666000001),POINT (4.875269738375465 52.32792195652749),4.875269738375465,52.32792195652749
173643,20230103060,2023,Letsel,2,personenauto,fiets,Flank,"Kruispunt, 4 takken",Binnen,50.0,Brandend,Overig asfalt,Nat,Duisternis,Droog,Cornelis Lelylaan,amsterdam,POINT (116265.13800000027 485697.27899999917),POINT (4.81860033092358 52.35780482036344),4.81860033092358,52.35780482036344
173670,20230096967,2023,Uitsluitend materiele schade,2,personenauto,fiets,Flank,"Kruispunt, 4 takken",Binnen,50.0,Niet brandend,Overig asfalt,Nat,Daglicht,Droog,Burgemeester Röellstraat,amsterdam,POINT (117379.94559999928 487392.71180000156),POINT (4.834774576963504 52.37311954850159),4.834774576963504,52.37311954850159
173672,20230097538,2023,Uitsluitend materiele schade,2,e-bike,voetganger,Voetganger,"Kruispunt, 3 takken",Binnen,30.0,Brandend,Overig asfalt,Nat,Schemer,Droog,Leidsekade,amsterdam,POINT (120548.75299999863 486292.9120000005),POINT (4.881417652909897 52.363443283607346),4.881417652909897,52.363443283607346
173809,20230087917,2023,Uitsluitend materiele schade,2,motor,fiets,Flank,"Kruispunt, 4 takken",Binnen,50.0,Niet brandend,ZOAB,Droog,Daglicht,Droog,Ceintuurbaan,amsterdam,POINT (120871.7789000012 485043.4107999988),POINT (4.886286672685187 52.352233793810626),4.886286672685187,52.352233793810626
173828,20230087943,2023,Letsel,2,personenauto,fiets,Flank,"Kruispunt, 4 takken",Binnen,30.0,Brandend,ZOAB,Droog,Duisternis,Droog,Velserweg,amsterdam,POINT (118107.78390000015 488846.26520000026),POINT (4.845302408511265 52.38623233901139),4.845302408511265,52.38623233901139
173833,20230097298,2023,Uitsluitend materiele schade,2,bromfiets,fiets,Flank,"Kruispunt, 4 takken",Binnen,50.0,Niet brandend,Overig asfalt,Nat,Daglicht,Regen,0259 BRUG,amsterdam,POINT (122560.6671999991 486511.27629999816),POINT (4.910932950359227 52.36552829637265),4.910932950359227,52.36552829637265
173846,20230087965,2023,Uitsluitend materiele schade,3,fiets,personenauto,Onbekend,Rechte weg,Binnen,50.0,Niet brandend,Overig asfalt,Nat,Daglicht,Droog,Ferdinand Bolstraat,amsterdam,POINT (121219.59200000018 484929.9219999984),POINT (4.891402915318194 52.35123532593569),4.891402915318194,52.35123532593569
173853,20230097347,2023,Uitsluitend materiele schade,2,motor,bromfiets,Flank,"Kruispunt, 3 takken",Binnen,50.0,Brandend,Unknown,Nat,Duisternis,Regen,Meer en Vaart,amsterdam,POINT (115703.6988000013 485305.4428999983),POINT (4.810404921074098 52.35424342839877),4.810404921074098,52.35424342839877
173893,20230088109,2023,Letsel,2,personenauto,fiets,Flank,"Kruispunt, 3 takken",Binnen,50.0,Niet brandend,Overig asfalt,Nat,Daglicht,Droog,Amstelveenseweg,amsterdam,POINT (118903.35040000081 481868.2181000002),POINT (4.857736576828855 52.32357155358473),4.857736576828855,52.32357155358473
173924,20210087334,2021,Uitsluitend materiele schade,2,snorfiets,personenauto,Geparkeerd voertuig,Rechte weg,Binnen,50.0,Niet brandend,Overig asfalt,Droog,Daglicht,Droog,Huigenbos,amsterdam,POINT (125823.43600000069 479871.4290000014),POINT (4.959410532633294 52.30603617257441),4.959410532633294,52.30603617257441
174047,20210084775,2021,Uitsluitend materiele schade,2,motor,fiets,Onbekend,"Kruispunt, 4 takken",Binnen,50.0,Niet brandend,Beton,Droog,Daglicht,Droog,Hogeweyselaan,amsterdam,POINT (130455.90210000053 480709.3476999998),POINT (5.0272704355336515 52.313793124168235),5.0272704355336515,52.313793124168235
174060,20210080067,2021,Letsel,2,fiets,voetganger,Voetganger,"Kruispunt, 4 takken",Binnen,Unknown,Niet brandend,Klinkers,Droog,Daglicht,Droog,Ringdijk,amsterdam,POINT (123747.43530000001 485344.8561999984),POINT (4.928464812829994 52.35511407744943),4.928464812829994,52.35511407744943
174089,20210086504,2021,Uitsluitend materiele schade,2,personenauto,fiets,Flank,"Kruispunt, 4 takken",Binnen,50.0,Niet brandend,Overig asfalt,Nat,Daglicht,Droog,Jan van Galenstraat,amsterdam,POINT (117791.87939999998 487307.7666000016),POINT (4.840832736467096 52.37238419350749),4.840832736467096,52.37238419350749
174100,20210077863,2021,Letsel,2,bromfiets,fiets,Flank,Rechte weg,Binnen,30.0,Niet brandend,Klinkers,Droog,Daglicht,Droog,Willemsstraat,amsterdam,POINT (120641.55099999905 488239.30000000075),POINT (4.88258102508595 52.38094183053116),4.88258102508595,52.38094183053116
174207,20210006714,2021,Uitsluitend materiele schade,2,personenauto,fiets,Onbekend,"Kruispunt, 3 takken",Binnen,50.0,Niet brandend,Overig asfalt,Nat,Daglicht,Regen,Linnaeushof,amsterdam,POINT (124242.62469999865 484911.26779999956),POINT (4.935772848102524 52.351245201250435),4.935772848102524,52.351245201250435
174267,20210023732,2021,Letsel,2,personenauto,fiets,Flank,Rechte weg,Binnen,50.0,Niet brandend,Overig asfalt,Droog,Daglicht,Droog,Wielingenstraat,amsterdam,POINT (120991.07600000128 484170.9629999995),POINT (4.888125761704763 52.344400214727074),4.888125761704763,52.344400214727074
174360,20210007615,2021,Uitsluitend materiele schade,3,personenauto,fiets,Onbekend,"Kruispunt, 4 takken",Binnen,50.0,Brandend,Klinkers,Droog,Duisternis,Droog,Socratesstraat,amsterdam,POINT (115939 487564),POINT (4.813596175075449 52.37455833856156),4.813596175075449,52.37455833856156
174404,20210025081,2021,Uitsluitend materiele schade,2,personenauto,fiets,Flank,"Kruispunt, 4 takken",Binnen,Unknown,Niet brandend,Overig asfalt,Droog,Daglicht,Droog,Geerdinkhof,amsterdam,POINT (127434 481853),POINT (4.982862392194279 52.32392855294894),4.982862392194279,52.32392855294894
174425,20210021947,2021,Uitsluitend materiele schade,2,bestelauto,snorfiets,Flank,"Kruispunt, 4 takken",Binnen,50.0,Brandend,Overig asfalt,Droog,Duisternis,Unknown,Burgemeester Fockstraat,amsterdam,POINT (117208.05930000171 488119.29830000177),POINT (4.832168918493951 52.379637733382964),4.832168918493951,52.379637733382964
174426,20210021951,2021,Letsel,1,e-bike,unknown,Eenzijdig,Rechte weg,Binnen,30.0,Niet brandend,Beton,Droog,Daglicht,Droog,Amstelveenseweg,amsterdam,POINT (118888.8040000014 482099.7320000008),POINT (4.857498405758968 52.325651291917694),4.857498405758968,52.325651291917694
174454,20210029777,2021,Uitsluitend materiele schade,2,personenauto,snorfiets,Flank,"Kruispunt, 4 takken",Binnen,50.0,Niet brandend,Overig asfalt,Droog,Daglicht,Droog,Weteringlaan,amsterdam,POINT (121185.9849999994 485686.30999999866),POINT (4.890833651413056 52.358031160813745),4.890833651413056,52.358031160813745
174489,20210009164,2021,Uitsluitend materiele schade,2,fiets,fiets,Frontaal,Rotonde,Binnen,50.0,Niet brandend,Overig asfalt,Droog,Daglicht,Droog,Amstelplein,amsterdam,POINT (123050.69179999828 484094.48099999875),POINT (4.918356729851089 52.34383643195293),4.918356729851089,52.34383643195293
174625,20210054765,2021,Uitsluitend materiele schade,2,personenauto,bromfiets,Onbekend,"Kruispunt, 3 takken",Binnen,30.0,Niet brandend,Klinkers,Nat,Daglicht,Regen,Van der Vijverstraat,amsterdam,POINT (123934.2639000006 485680.6715000011),POINT (4.931176072788568 52.35814276580904),4.931176072788568,52.35814276580904
174635,20210060252,2021,Uitsluitend materiele schade,2,personenauto,fiets,Flank,"Kruispunt, 4 takken",Binnen,30.0,Niet brandend,Overig asfalt,Droog,Daglicht,Droog,Akoleienstraat,amsterdam,POINT (120351 487339),POINT (4.878406689109745 52.37283233374779),4.878406689109745,52.37283233374779
174673,20210044771,2021,Uitsluitend materiele schade,3,bromfiets,bromfiets,Onbekend,Unknown,Unknown,50.0,Unknown,Unknown,Unknown,Duisternis,Unknown,Kinkerstraat,amsterdam,POINT (119328.95199999958 486470.4470000006),POINT (4.863491346588333 52.36496097839189),4.863491346588333,52.36496097839189
174677,20210050280,2021,Uitsluitend materiele schade,1,snorfiets,unknown,Onbekend,Rechte weg,Binnen,30.0,Brandend,Overig asfalt,Droog,Duisternis,Droog,Beethovenstraat,amsterdam,POINT (120221.20199999958 484344.2120000012),POINT (4.876810440731425 52.345909080048585),4.876810440731425,52.345909080048585
174713,20210056974,2021,Letsel,1,fiets,unknown,Eenzijdig,Rechte weg,Binnen,50.0,Unknown,Overig asfalt,Droog,Daglicht,Unknown,Kruislaan,amsterdam,POINT (125296.42399999872 485236.5390000008),POINT (4.951210493339507 52.35422651322541),4.951210493339507,52.35422651322541
174849,20210072643,2021,Uitsluitend materiele schade,2,personenauto,bromfiets,Flank,Rechte weg,Binnen,50.0,Brandend,Overig asfalt,Droog,Duisternis,Droog,Nassaukade,amsterdam,POINT (120530.57400000095 488546.94000000134),POINT (4.8809195981662805 52.38369971464446),4.8809195981662805,52.38369971464446