,accident_id,accident_year,outcome,num_parties,party1_type,party2_type,accident_nature,road_situation,built_up_area,speed_limit_kmh,street_lighting,road_surface,road_condition,light_condition,weather_condition,street_name,municipality,shape,geometry,longitude,latitude
185486,20210085608,2021,Uitsluitend materiele schade,2,personenauto,fiets,Flank,"Kruispunt, 4 takken",Binnen,50.0,Brandend,Overig asfalt,Nat,Duisternis,Regen,Woestduinstraat,amsterdam,POINT (118235.72599999979 484991.0993999988),POINT (4.847603261203144 52.351593602815946),4.847603261203144,52.351593602815946
185491,20210086192,2021,Uitsluitend materiele schade,2,bromfiets,lichtmast,Vast voorwerp,Rotonde,Binnen,50.0,Brandend,Beton,Droog,Duisternis,Droog,Liergouw,amsterdam,POINT (126621.82059999928 488376.33769999817),POINT (4.970399343279 52.38251511968207),4.970399343279,52.38251511968207
185496,20210080105,2021,Letsel,3,snorfiets,fiets,Onbekend,"Kruispunt, 4 takken",Binnen,30.0,Niet brandend,Beton,Nat,Daglicht,Regen,Abcouderpad,amsterdam,POINT (125456.57800000161 480373.1860000007),POINT (4.953987767055762 52.31052612267274),4.953987767055762,52.31052612267274
185559,20210016373,2021,Uitsluitend materiele schade,2,snorfiets,fiets,Frontaal,"Kruispunt, 3 takken",Binnen,Unknown,Niet brandend,Overig asfalt,Droog,Daglicht,Droog,0228 BRUG,amsterdam,POINT (122081.85660000145 487784.1838000007),POINT (4.9037786767013785 52.376939817556185),4.9037786767013785,52.376939817556185
185636,20210006716,2021,Uitsluitend materiele schade,3,personenauto,fiets,Onbekend,"Kruispunt, 4 takken",Binnen,30.0,Niet brandend,Overig asfalt,Nat,Daglicht,Regen,Bolstoen,amsterdam,POINT (114326.08199999854 489291.05150000006),POINT (4.789702678462885 52.389962497054825),4.789702678462885,52.389962497054825
185705,20210014711,2021,Uitsluitend materiele schade,2,bromfiets,personenauto,Onbekend,"Kruispunt, 4 takken",Binnen,50.0,Niet brandend,Beton,Droog,Daglicht,Droog,Zeilstraat,amsterdam,POINT (118639.26819999889 484901.26370000094),POINT (4.853535639235435 52.350813076295886),4.853535639235435,52.350813076295886
185764,20210024196,2021,Letsel,2,snorfiets,bestelauto,Onbekend,"Kruispunt, 4 takken",Binnen,30.0,Niet brandend,Overig asfalt,Droog,Daglicht,Droog,Scherpenzeelstraat,amsterdam,POINT (127165.69579999894 478598.3942000009),POINT (4.979195590503529 52.29466430129338),4.979195590503529,52.29466430129338
185814,20210025092,2021,Uitsluitend materiele schade,2,snorfiets,bestelauto,Onbekend,Unknown,Unknown,30.0,Unknown,Unknown,Unknown,Daglicht,Unknown,Formosastraat,amsterdam,POINT (124157.35599999875 485882.73999999836),POINT (4.934432316613626 52.35997139765326),4.934432316613626,52.35997139765326
185848,20210021298,2021,Uitsluitend materiele schade,2,bromfiets,fiets,Flank,Rechte weg,Binnen,30.0,Niet brandend,Overig asfalt,Droog,Daglicht,Droog,Slotermeerlaan,amsterdam,POINT (116300.19000000134 487575.71599999815),POINT (4.818898625372461 52.374689208083204),4.818898625372461,52.374689208083204
186143,20210034864,2021,Uitsluitend materiele schade,2,personenauto,bromfiets,Flank,"Kruispunt, 3 takken",Binnen,50.0,Niet brandend,Overig asfalt,Droog,Daglicht,Droog,Stadhouderskade,amsterdam,POINT (121069.2901000008 485741.8156000003),POINT (4.889115098978945 52.35852281204646),4.889115098978945,52.35852281204646
186154,20210042366,2021,Uitsluitend materiele schade,2,personenauto,fiets,Flank,"Kruispunt, 4 takken",Binnen,50.0,Niet brandend,Overig asfalt,Droog,Daglicht,Droog,Tussen Meer,amsterdam,POINT (114989.5390000008 485756.1196000017),POINT (4.7998692512885155 52.35824220996628),4.7998692512885155,52.35824220996628
186220,20210036194,2021,Uitsluitend materiele schade,2,snorfiets,personenauto,Flank,"Kruispunt, 4 takken",Binnen,50.0,Niet brandend,Overig asfalt,Droog,Daglicht,Droog,Nieuwe Keizersgracht,amsterdam,POINT (122181.03869999945 486495.22769999877),POINT (4.905361033459688 52.36536151053356),4.905361033459688,52.36536151053356
186257,20210041866,2021,Uitsluitend materiele schade,2,snorfiets,fiets,Kop/staart,Rechte weg,Binnen,50.0,Niet brandend,Overig asfalt,Droog,Daglicht,Droog,Mercatorplein,amsterdam,POINT (118497.86100000143 487052.8830000013),POINT (4.851226754032187 52.37014087418786),4.851226754032187,52.37014087418786
186437,20210064800,2021,Uitsluitend materiele schade,2,personenauto,fiets,Flank,"Kruispunt, 3 takken",Binnen,30.0,Brandend,Overig asfalt,Droog,Duisternis,Droog,Laan van Vlaanderen,amsterdam,POINT (115650.83900000155 484278.76099999994),POINT (4.809749130864017 52.345012615400705),4.809749130864017,52.345012615400705
186500,20210067607,2021,Letsel,2,bromfiets,voetganger,Voetganger,Rechte weg,Binnen,30.0,Niet brandend,Overig asfalt,Droog,Daglicht,Droog,Heemstedestraat,amsterdam,POINT (118265.69700000063 484991.1279999986),POINT (4.848043133334156 52.351595864371355),4.848043133334156,52.351595864371355
186501,20210087199,2021,Letsel,2,bromfiets,fiets,Frontaal,"Kruispunt, 4 takken",Binnen,50.0,Brandend,Overig asfalt,Nat,Duisternis,Regen,Jan Evertsenstraat,amsterdam,POINT (118425.80900000036 487041.5069999993),POINT (4.850170063932973 52.3700338413985),4.850170063932973,52.3700338413985
187033,20210092039,2021,Uitsluitend materiele schade,1,bromfiets,unknown,Eenzijdig,"Kruispunt, 4 takken",Binnen,50.0,Brandend,Overig asfalt,Nat,Duisternis,Regen,Utrechtsestraat,amsterdam,POINT (121747.88340000063 486121.8836000003),POINT (4.899038648422317 52.36198009770566),4.899038648422317,52.36198009770566
187127,20220080673,2022,Uitsluitend materiele schade,2,fiets,personenauto,Flank,"Kruispunt, 3 takken",Binnen,50.0,Unknown,Overig asfalt,Droog,Daglicht,Droog,Amsteldijk,amsterdam,POINT (122130.78979999945 485531.6279999986),POINT (4.904717488153162 52.35669832240536),4.904717488153162,52.35669832240536
187128,20220081430,2022,Uitsluitend materiele schade,2,fiets,personenauto,Frontaal,Rechte weg,Binnen,30.0,Brandend,Klinkers,Droog,Duisternis,Droog,Marieken van Nimwegenstr,amsterdam,POINT (118443.30700000003 487818.6000000015),POINT (4.85034245700955 52.37701892809066),4.85034245700955,52.37701892809066
187164,20220016691,2022,Uitsluitend materiele schade,2,bromfiets,personenauto,Onbekend,Rechte weg,Binnen,50.0,Niet brandend,Overig asfalt,Droog,Daglicht,Droog,Kinkerstraat,amsterdam,POINT (119673.11199999973 486604.96400000155),POINT (4.8685298801513905 52.36619216321141),4.8685298801513905,52.36619216321141
187216,20220055302,2022,Letsel,2,personenauto,e-bike,Flank,Rechte weg,Binnen,50.0,Niet brandend,Klinkers,Droog,Daglicht,Droog,Meeuwenlaan,amsterdam,POINT (123505.05600000173 489064.5170000009),POINT (4.924558640365251 52.38853004204171),4.924558640365251,52.38853004204171
187289,20220055499,2022,Uitsluitend materiele schade,1,fiets,unknown,Flank,"Kruispunt, 3 takken",Binnen,30.0,Brandend,Klinkers,Droog,Duisternis,Droog,Robert Fruinlaan,amsterdam,POINT (117222.5709999986 486380.0760000013),POINT (4.8325775185637685 52.364007955601245),4.8325775185637685,52.364007955601245
187376,20220054415,2022,Uitsluitend materiele schade,2,personenauto,bromfiets,Flank,"Kruispunt, 4 takken",Binnen,50.0,Brandend,Overig asfalt,Droog,Duisternis,Droog,Aalbersestraat,amsterdam,POINT (114873.33549999818 488222.2501000017),POINT (4.797869136825287 52.380397298993145),4.797869136825287,52.380397298993145
187380,20220055684,2022,Uitsluitend materiele schade,1,snorfiets,unknown,Onbekend,"Kruispunt, 3 takken",Binnen,50.0,Niet brandend,Overig asfalt,Droog,Duisternis,Droog,De passage,amsterdam,POINT (124415.78409999982 481031.8205000013),POINT (4.938666555111965 52.31638868879052),4.938666555111965,52.31638868879052
187414,20220054555,2022,Uitsluitend materiele schade,3,personenauto,fiets,Onbekend,"Kruispunt, 4 takken",Binnen,30.0,Niet brandend,Overig asfalt,Droog,Daglicht,Droog,Hanedastraat,amsterdam,POINT (117494.54399999976 489368.9059999995),POINT (4.836236682849166 52.39088785575983),4.836236682849166,52.39088785575983
187461,20220102826,2022,Letsel,2,snorfiets,personenauto,Geparkeerd voertuig,Rechte weg,Binnen,50.0,Brandend,Overig asfalt,Droog,Duisternis,Droog,Overtoom,amsterdam,POINT (119821.79600000009 486094.8020000011),POINT (4.870766166693942 52.361616736757576),4.870766166693942,52.361616736757576
187476,20220054691,2022,Letsel,2,bromfiets,unknown,Eenzijdig,Unknown,Unknown,30.0,Unknown,Unknown,Unknown,Duisternis,Unknown,Buiksloterweg,amsterdam,POINT (122512.99100000039 488708.83900000155),POINT (4.910020558633713 52.38527564346699),4.910020558633713,52.38527564346699
187559,20220103021,2022,Uitsluitend materiele schade,3,fiets,fiets,Onbekend,"Kruispunt, 4 takken",Binnen,Unknown,Niet brandend,Beton,Droog,Daglicht,Droog,Ringdijk,amsterdam,POINT (122946.12620000169 484772.8176999986),POINT (4.916757703078948 52.34992680174903),4.916757703078948,52.34992680174903
187578,20220054976,2022,Letsel,3,fiets,fiets,Onbekend,Rechte weg,Binnen,30.0,Niet brandend,Overig asfalt,Droog,Daglicht,Droog,Kamerlingh Onneslaan,amsterdam,POINT (123602.0700000003 484881.21499999985),POINT (4.926374407167191 52.350938878402204),4.926374407167191,52.350938878402204
187614,20220055143,2022,Letsel,2,personenauto,fiets,Frontaal,Rechte weg,Binnen,50.0,Niet brandend,Overig asfalt,Droog,Daglicht,Droog,Van der Boechorststraat,amsterdam,POINT (119188.81199999899 483071.5219999999),POINT (4.861795652204444 52.334404711307286),4.861795652204444,52.334404711307286
187854,20230003993,2023,Uitsluitend materiele schade,3,personenauto,fiets,Onbekend,Rechte weg,Binnen,30.0,Niet brandend,ZOAB,Droog,Daglicht,Droog,Dr. H. Colijnstraat,amsterdam,POINT (115489.18899999931 488327.6719999984),POINT (4.80690125181177 52.38138941209675),4.80690125181177,52.38138941209675
187939,20230077590,2023,Letsel,1,bromfiets,unknown,Eenzijdig,Unknown,Unknown,50.0,Unknown,Unknown,Unknown,Duisternis,Unknown,Rijnstraat,amsterdam,POINT (122169 484365),POINT (4.905392186690118 52.3462157214432),4.905392186690118,52.3462157214432
187995,20230004497,2023,Letsel,2,bromfiets,voetganger,Voetganger,Rechte weg,Binnen,50.0,Niet brandend,Klinkers,Droog,Daglicht,Droog,Brahmsstraat,amsterdam,POINT (120364.61800000072 484609.7349999994),POINT (4.878887726654387 52.348304477838916),4.878887726654387,52.348304477838916
188064,20230074618,2023,Letsel,1,fiets,unknown,Eenzijdig,Unknown,Unknown,50.0,Unknown,Unknown,Unknown,Duisternis,Unknown,Rokin,amsterdam,POINT (121332.20399999991 486779.6739999987),POINT (4.892870519742615 52.367866540658575),4.892870519742615,52.367866540658575
188127,20230049407,2023,Uitsluitend materiele schade,1,fiets,unknown,Onbekend,Unknown,Unknown,Unknown,Unknown,Unknown,Unknown,Duisternis,Unknown,Buiksloterweg,amsterdam,POINT (122072.82400000095 488424.93299999833),POINT (4.903583236444544 52.38269787442713),4.903583236444544,52.38269787442713
188443,20230004325,2023,Uitsluitend materiele schade,2,motor,fiets,Onbekend,Rechte weg,Binnen,30.0,Brandend,Klinkers,Droog,Duisternis,Droog,Gedempt Hamerkanaal,amsterdam,POINT (123325.58799999952 488574.0159999989),POINT (4.921968680226205 52.38411143709697),4.921968680226205,52.38411143709697
188485,20210068736,2021,Letsel,2,motor,fiets,Frontaal,Rechte weg,Binnen,50.0,Niet brandend,Beton,Droog,Daglicht,Droog,Valkenburgerstraat,amsterdam,POINT (122278.79100000113 486956.188000001),POINT (4.906751306582997 52.36951013819655),4.906751306582997,52.36951013819655
188536,20220141985,2022,Uitsluitend materiele schade,2,bromfiets,personenauto,Onbekend,Rechte weg,Binnen,50.0,Niet brandend,Overig asfalt,Droog,Daglicht,Droog,Amstelveenseweg,amsterdam,POINT (118881.33399999887 482701.9699999988),POINT (4.8573242641687315 52.331063312859044),4.8573242641687315,52.331063312859044
188579,20220123343,2022,Letsel,1,fiets,unknown,Eenzijdig,Rechte weg,Binnen,30.0,Niet brandend,Klinkers,Droog,Daglicht,Droog,Osdorper Ban,amsterdam,POINT (114588.60700000077 486020.2030000016),POINT (4.7939523247176945 52.36058623162918),4.7939523247176945,52.36058623162918
188620,20220142210,2022,Letsel,1,fiets,unknown,Eenzijdig,Rechte weg,Binnen,50.0,Brandend,Overig asfalt,Droog,Schemer,Droog,Van Boshuizenstraat,amsterdam,POINT (120500.17500000075 481999.9690000005),POINT (4.881144498712111 52.32485814403306),4.881144498712111,52.32485814403306
188632,20220178260,2022,Letsel,2,personenauto,fiets,Flank,Rechte weg,Binnen,50.0,Niet brandend,Overig asfalt,Nat,Daglicht,Regen,Limmenstraat,amsterdam,POINT (125641.22399999946 489722.2980000004),POINT (4.955879537601328 52.39456014247778),4.955879537601328,52.39456014247778
188656,20220142231,2022,Letsel,3,personenauto,fiets,Onbekend,Rechte weg,Binnen,50.0,Niet brandend,Overig asfalt,Droog,Duisternis,Droog,Burgemeester Stramanweg,amsterdam,POINT (123986.01300000027 480403.5780000016),POINT (4.932421661125143 52.31071833435849),4.932421661125143,52.31071833435849
188840,20220123996,2022,Uitsluitend materiele schade,2,personenauto,fiets,Flank,Bocht,Binnen,30.0,Brandend,Klinkers,Droog,Duisternis,Droog,Muntplein,amsterdam,POINT (121380 486736),POINT (4.893576636048252 52.36747695716236),4.893576636048252,52.36747695716236
188881,20220141461,2022,Uitsluitend materiele schade,3,fiets,fiets,Onbekend,Rechte weg,Binnen,15.0,Brandend,Overig asfalt,Droog,Schemer,Droog,Develstein,amsterdam,POINT (125628.01799999923 481722.08399999887),POINT (4.956384115020705 52.322658464185885),4.956384115020705,52.322658464185885
188908,20220124076,2022,Letsel,2,personenauto,bromfiets,Flank,"Kruispunt, 4 takken",Binnen,30.0,Niet brandend,Overig asfalt,Droog,Daglicht,Droog,Dr. H. Colijnstraat,amsterdam,POINT (115465.48220000044 487972.89449999854),POINT (4.806594830589395 52.37819925807896),4.806594830589395,52.37819925807896
188914,20220155599,2022,Letsel,2,personenauto,bromfiets,Frontaal,"Kruispunt, 4 takken",Binnen,50.0,Niet brandend,Overig asfalt,Droog,Daglicht,Droog,Kneppelweg,amsterdam,POINT (126433.61609999835 481113.4160999991),POINT (4.968251683435738 52.31723051885759),4.968251683435738,52.31723051885759
188951,20220141713,2022,Letsel,2,bestelauto,fiets,Flank,Rechte weg,Binnen,50.0,Niet brandend,Overig asfalt,Droog,Daglicht,Droog,Osdorpplein,amsterdam,POINT (115210.68100000173 485878.3229999989),POINT (4.8031008940323945 52.35935653926795),4.8031008940323945,52.35935653926795
188955,20220155663,2022,Uitsluitend materiele schade,2,snorfiets,bestelauto,Flank,"Kruispunt, 4 takken",Binnen,50.0,Brandend,Overig asfalt,Nat,Schemer,Droog,Tussen Meer,amsterdam,POINT (114599.40680000186 485614.0471000001),POINT (4.794159649077016 52.35693682314924),4.794159649077016,52.35693682314924
189149,20230049109,2023,Letsel,2,fiets,fiets,Flank,Rechte weg,Binnen,50.0,Niet brandend,Overig asfalt,Droog,Daglicht,Droog,Beethovenstraat,amsterdam,POINT (120206.67100000009 484178.8280000016),POINT (4.876614296318479 52.34442180096802),4.876614296318479,52.34442180096802
189151,20230050817,2023,Letsel,4,fiets,fiets,Onbekend,Rechte weg,Binnen,30.0,Niet brandend,Overig asfalt,Droog,Daglicht,Droog,Heemstedestraat,amsterdam,POINT (117629.65399999917 484984.2280000001),POINT (4.838708899808194 52.3514909615705),4.838708899808194,52.3514909615705
189183,20230059680,2023,Uitsluitend materiele schade,2,personenauto,bromfiets,Kop/staart,"Kruispunt, 4 takken",Binnen,50.0,Niet brandend,ZOAB,Droog,Daglicht,Droog,Bilderdijkstraat,amsterdam,POINT (119812.01300000027 487130.80959999934),POINT (4.870514123435744 52.37092699775324),4.870514123435744,52.37092699775324
189199,20230058328,2023,Letsel,2,fiets,bromfiets,Frontaal,Rotonde,Binnen,50.0,Niet brandend,Overig asfalt,Droog,Daglicht,Droog,Amsteldijk,amsterdam,POINT (121411.73719999939 481944.4778999984),POINT (4.89452077281539 52.32441585837727),4.89452077281539,52.32441585837727
189232,20230039918,2023,Uitsluitend materiele schade,1,fiets,unknown,Eenzijdig,Rechte weg,Binnen,30.0,Niet brandend,Overig asfalt,Droog,Daglicht,Droog,IJburglaan,amsterdam,POINT (127454.81199999899 486083.0320000015),POINT (4.98282154986992 52.36194673107993),4.98282154986992,52.36194673107993
189263,20230040493,2023,Letsel,3,personenauto,fiets,Onbekend,Rechte weg,Binnen,50.0,Brandend,ZOAB,Droog,Duisternis,Droog,Cornelis Lelylaan,amsterdam,POINT (116746.52299999818 485681.4450000003),POINT (4.825668239869363 52.35769624763859),4.825668239869363,52.35769624763859
189272,20230048739,2023,Uitsluitend materiele schade,2,bestelauto,fiets,Flank,"Kruispunt, 3 takken",Binnen,30.0,Niet brandend,Klinkers,Droog,Daglicht,Droog,Nieuwe Keizersgracht,amsterdam,POINT (122518.23270000145 486458.11989999935),POINT (4.910315086632147 52.36504805482541),4.910315086632147,52.36504805482541
189291,20230066065,2023,Letsel,2,bromfiets,overig vast object,Vast voorwerp,Rechte weg,Binnen,50.0,Brandend,Overig asfalt,Nat,Duisternis,Regen,Weegbreestraat,amsterdam,POINT (122683.7650000006 490260.3020000011),POINT (4.912379560173325 52.39922914933761),4.912379560173325,52.39922914933761
189358,20230049995,2023,Letsel,2,bromfiets,fiets,Flank,"Kruispunt, 4 takken",Binnen,50.0,Niet brandend,Overig asfalt,Droog,Daglicht,Droog,Burgemeester Röellstraat,amsterdam,POINT (115857.31819999963 487746.4622000009),POINT (4.8123754878322105 52.37619234427754),4.8123754878322105,52.37619234427754
189384,20230040151,2023,Letsel,2,bromfiets,fiets,Flank,Rechte weg,Binnen,80.0,Niet brandend,Overig asfalt,Droog,Daglicht,Droog,Provincialeweg,amsterdam,POINT (129398.83900000155 479733.18499999866),POINT (5.011843258648818 52.304971668539785),5.011843258648818,52.304971668539785
189421,20220211538,2022,Uitsluitend materiele schade,2,motor,bromfiets,Flank,Rechte weg,Binnen,50.0,Brandend,Overig asfalt,Droog,Duisternis,Droog,Mauritskade,amsterdam,POINT (122670.83300000057 486010.46599999815),POINT (4.912598488862532 52.361033844713795),4.912598488862532,52.361033844713795
189497,20220211631,2022,Uitsluitend materiele schade,2,bestelauto,fiets,Flank,Rechte weg,Binnen,50.0,Niet brandend,Overig asfalt,Nat,Daglicht,Droog,Stadionweg,amsterdam,POINT (120660.4792000018 484660.2199999988),POINT (4.883224537588071 52.348776770629776),4.883224537588071,52.348776770629776
189592,20220212445,2022,Letsel,3,bestelauto,fiets,Onbekend,"Kruispunt, 4 takken",Binnen,30.0,Niet brandend,Klinkers,Nat,Daglicht,Droog,Cornelis Schuytstraat,amsterdam,POINT (119926.45059999824 485214.2307000011),POINT (4.872394321891253 52.35370947493507),4.872394321891253,52.35370947493507
189620,20220210396,2022,Letsel,1,fiets,unknown,Eenzijdig,Unknown,Unknown,50.0,Unknown,Unknown,Unknown,Daglicht,Unknown,Amsteldijk,amsterdam,POINT (122490.6649999991 484677.55799999833),POINT (4.910082438461347 52.34904391295524),4.910082438461347,52.34904391295524
189621,20220211825,2022,Uitsluitend materiele schade,2,personenauto,fiets,Flank,"Kruispunt, 4 takken",Binnen,50.0,Brandend,Beton,Nat,Duisternis,Regen,Admiraal De Ruijterweg,amsterdam,POINT (118516.24100000039 488430.65300000086),POINT (4.851347037987908 52.38252444042549),4.851347037987908,52.38252444042549
189647,20220210453,2022,Letsel,2,fiets,fiets,Flank,Rechte weg,Binnen,Unknown,Niet brandend,Unknown,Droog,Daglicht,Droog,Stadhouderskade,amsterdam,POINT (121227.16000000015 485684.7960000001),POINT (4.8914382074352725 52.35802008679044),4.8914382074352725,52.35802008679044
189668,20220210514,2022,Letsel,3,vrachtauto,bromfiets,Onbekend,"Kruispunt, 4 takken",Binnen,50.0,Niet brandend,Overig asfalt,Nat,Daglicht,Unknown,Vondelpark,amsterdam,POINT (120136.77670000121 485969.681499999),POINT (4.875403074072999 52.36051232345374),4.875403074072999,52.36051232345374
189809,20220210662,2022,Uitsluitend materiele schade,2,personenauto,bromfiets,Onbekend,Unknown,Unknown,30.0,Unknown,Unknown,Unknown,Daglicht,Unknown,Spaarndammerstraat,amsterdam,POINT (120347.81700000167 489415.3599999994),POINT (4.8781457728378825 52.39149291387669),4.8781457728378825,52.39149291387669
189810,20220212054,2022,Uitsluitend materiele schade,2,bromfiets,bromfiets,Flank,"Kruispunt, 3 takken",Binnen,50.0,Niet brandend,Overig asfalt,Droog,Duisternis,Droog,Victorieplein,amsterdam,POINT (122089.40709999949 484379.5425999984),POINT (4.904222737120998 52.34634166029206),4.904222737120998,52.34634166029206
189914,20220211482,2022,Letsel,2,snorfiets,fiets,Flank,"Kruispunt, 3 takken",Binnen,50.0,Niet brandend,ZOAB,Nat,Daglicht,Regen,FIETSPAD,amsterdam,POINT (122346.14169999957 488791.6977000013),POINT (4.907561827815352 52.38601041844534),4.907561827815352,52.38601041844534
190279,20230111681,2023,Letsel,3,personenauto,bromfiets,Onbekend,"Kruispunt, 4 takken",Binnen,30.0,Brandend,Overig asfalt,Droog,Duisternis,Droog,Bilderdijkstraat,amsterdam,POINT (119808.14400000125 487129.2950000018),POINT (4.870457472950803 52.37091313771353),4.870457472950803,52.37091313771353
190308,20230111904,2023,Letsel,2,fiets,fiets,Flank,"Kruispunt, 3 takken",Binnen,30.0,Brandend,ZOAB,Droog,Duisternis,Droog,Brantasgracht,amsterdam,POINT (123555.36360000074 488038.22679999843),POINT (4.9253936811229595 52.37930934357826),4.9253936811229595,52.37930934357826
190379,20230020914,2023,Uitsluitend materiele schade,2,bromfiets,fiets,Flank,Rechte weg,Binnen,30.0,Brandend,Klinkers,Droog,Schemer,Droog,Nieuwezijds Voorburgwal,amsterdam,POINT (121190.9299999997 487202.618999999),POINT (4.890753774159168 52.37165899317361),4.890753774159168,52.37165899317361
190412,20230078814,2023,Letsel,2,bestelauto,bromfiets,Flank,"Kruispunt, 4 takken",Buiten,50.0,Niet brandend,Overig asfalt,Droog,Daglicht,Droog,Fogostraat,amsterdam,POINT (112911.48809999973 485522.9041999988),POINT (4.769395268118861 52.355990982756985),4.769395268118861,52.355990982756985
190428,20230067210,2023,Letsel,2,bromfiets,e-bike,Flank,"Kruispunt, 3 takken",Binnen,50.0,Niet brandend,Overig asfalt,Droog,Daglicht,Droog,Nachtwachtlaan,amsterdam,POINT (117937.0934999995 485858.86080000177),POINT (4.843124718590179 52.35937234160782),4.843124718590179,52.35937234160782
190570,20230036390,2023,Uitsluitend materiele schade,2,personenauto,bromfiets,Flank,Rechte weg,Binnen,50.0,Niet brandend,Overig asfalt,Droog,Daglicht,Droog,Droogbak,amsterdam,POINT (121482.99599999934 488136.50499999896),POINT (4.894949159245686 52.38006999833225),4.894949159245686,52.38006999833225
190629,20230024666,2023,Uitsluitend materiele schade,2,bromfiets,fiets,Flank,Rechte weg,Binnen,50.0,Brandend,Overig asfalt,Droog,Duisternis,Droog,Admiraal De Ruijterweg,amsterdam,POINT (119361.0073999986 487133.00389999896),POINT (4.863891718571564 52.37091763476164),4.863891718571564,52.37091763476164
190631,20230024689,2023,Uitsluitend materiele schade,2,personenauto,fiets,Geparkeerd voertuig,Rechte weg,Binnen,30.0,Niet brandend,Klinkers,Droog,Daglicht,Droog,Reguliersgracht,amsterdam,POINT (121538.68400000036 485975.6640000008),POINT (4.895982102986495 52.36065327266709),4.895982102986495,52.36065327266709
190654,20230024732,2023,Letsel,2,snorfiets,fiets,Flank,"Kruispunt, 4 takken",Binnen,50.0,Brandend,Overig asfalt,Nat,Duisternis,Droog,Vrijheidslaan,amsterdam,POINT (122138.72679999843 484379.44220000133),POINT (4.90494651670251 52.346343709234716),4.90494651670251,52.346343709234716
190681,20230036579,2023,Uitsluitend materiele schade,2,bromfiets,personenauto,Flank,"Kruispunt, 4 takken",Binnen,30.0,Brandend,Klinkers,Nat,Duisternis,Regen,0024 BRUG,amsterdam,POINT (120956.86279999837 487270.6695000008),POINT (4.887309976743331 52.37225612216076),4.887309976743331,52.37225612216076
190733,20230024214,2023,Uitsluitend materiele schade,3,fiets,fiets,Flank,"Kruispunt, 4 takken",Binnen,50.0,Brandend,Overig asfalt,Droog,Duisternis,Droog,Wibautstraat,amsterdam,POINT (122672.85379999876 485175.5450000018),POINT (4.912708392742502 52.35353024471744),4.912708392742502,52.35353024471744
190766,20230103001,2023,Uitsluitend materiele schade,2,personenauto,fiets,Flank,"Kruispunt, 4 takken",Binnen,50.0,Niet brandend,Beton,Nat,Daglicht,Regen,Kruislaan,amsterdam,POINT (124145.621199999 484147.6484999992),POINT (4.9344191607383205 52.34437682667079),4.9344191607383205,52.34437682667079
190879,20230087673,2023,Letsel,1,bromfiets,unknown,Eenzijdig,Rechte weg,Buiten,30.0,Brandend,Overig asfalt,Nat,Duisternis,Regen,Australiëhavenweg,amsterdam,POINT (114959.26700000092 488980.9279999994),POINT (4.799040699026238 52.38722193079403),4.799040699026238,52.38722193079403
190887,20230102691,2023,Letsel,2,bestelauto,e-bike,Eenzijdig,"Kruispunt, 4 takken",Binnen,50.0,Brandend,Overig asfalt,Nat,Schemer,Regen,Cornelis Schuytstraat,amsterdam,POINT (119915.92049999908 485218.7765999995),POINT (4.8722392928969604 52.353749658018444),4.8722392928969604,52.353749658018444
190898,20230088303,2023,Uitsluitend materiele schade,2,personenauto,fiets,Frontaal,"Kruispunt, 4 takken",Binnen,50.0,Niet brandend,ZOAB,Nat,Daglicht,Droog,Haarlemmer Houttuinen,amsterdam,POINT (121253.92760000005 488259.01399999857),POINT (4.891572708430962 52.38115698835864),4.891572708430962,52.38115698835864
190930,20230097697,2023,Letsel,2,bromfiets,bromfiets,Frontaal,Rechte weg,Binnen,50.0,Niet brandend,Overig asfalt,Nat,Daglicht,Regen,Radarweg,amsterdam,POINT (117442.17500000075 488914.52600000054),POINT (4.835518217368443 52.38680067321615),4.835518217368443,52.38680067321615
191003,20230097267,2023,Uitsluitend materiele schade,2,personenauto,fiets,Frontaal,"Kruispunt, 4 takken",Binnen,50.0,Niet brandend,Overig asfalt,Nat,Daglicht,Unknown,Baanakkerspad,amsterdam,POINT (124810.9103000015 490051.7056000009),POINT (4.94365169590088 52.39747558214639),4.94365169590088,52.39747558214639
191144,20210080807,2021,Uitsluitend materiele schade,2,personenauto,snorfiets,Frontaal,"Kruispunt, 4 takken",Binnen,30.0,Niet brandend,Overig asfalt,Droog,Daglicht,Droog,Davisstraat,amsterdam,POINT (118691.98669999838 486561.89090000093),POINT (4.854130099462053 52.36574107178086),4.854130099462053,52.36574107178086
191158,20210078619,2021,Letsel,2,fiets,fiets,Onbekend,Rechte weg,Binnen,50.0,Niet brandend,Overig asfalt,Droog,Daglicht,Droog,Sarphatistraat,amsterdam,POINT (123222.86499999836 486398.1779999994),POINT (4.920665654638742 52.364550554058226),4.920665654638742,52.364550554058226
191178,20210083087,2021,Uitsluitend materiele schade,2,bromfiets,personenauto,Kop/staart,"Kruispunt, 4 takken",Binnen,50.0,Brandend,Overig asfalt,Nat,Duisternis,Droog,Koos Vorrinkweg,amsterdam,POINT (114996.14600000158 485075.0700000003),POINT (4.800047224167302 52.35212195488326),4.800047224167302,52.35212195488326