,accident_id,accident_year,outcome,num_parties,party1_type,party2_type,accident_nature,road_situation,built_up_area,speed_limit_kmh,street_lighting,road_surface,road_condition,light_condition,weather_condition,street_name,municipality,shape,geometry,longitude,latitude
191259,20210087236,2021,Uitsluitend materiele schade,2,personenauto,fiets,Onbekend,Rechte weg,Binnen,50.0,Niet brandend,Klinkers,Nat,Daglicht,Unknown,Mr. Treublaan,amsterdam,POINT (122821.73299999908 484506.9600000009),POINT (4.914957495950025 52.34753017338316),4.914957495950025,52.34753017338316
191268,20210087277,2021,Uitsluitend materiele schade,2,personenauto,snorfiets,Flank,"Kruispunt, 3 takken",Binnen,50.0,Niet brandend,Beton,Droog,Daglicht,Droog,WILHELMUS JOHANNES KRAANST,amsterdam,POINT (116674.58359999955 488264.63049999997),POINT (4.824317750803116 52.38090688065899),4.824317750803116,52.38090688065899
191308,20210089326,2021,Uitsluitend materiele schade,1,bromfiets,unknown,Eenzijdig,Rechte weg,Binnen,50.0,Brandend,Overig asfalt,Nat,Duisternis,Regen,Overtoom,amsterdam,POINT (119549.2190000005 485973.44099999964),POINT (4.866777515947672 52.36050850756389),4.866777515947672,52.36050850756389
191310,20210089605,2021,Uitsluitend materiele schade,2,snorfiets,bromfiets,Flank,Rechte weg,Binnen,50.0,Brandend,Klinkers,Droog,Duisternis,Droog,Prinsengracht,amsterdam,POINT (120855.95300000161 487902.6490000002),POINT (4.8857640477067745 52.37792963297536),4.8857640477067745,52.37792963297536
191518,20210018627,2021,Uitsluitend materiele schade,1,snorfiets,unknown,Voetganger,Rechte weg,Binnen,50.0,Niet brandend,Klinkers,Droog,Daglicht,Droog,Burg De Vlugtlaan,amsterdam,POINT (117342.74799999967 488088.02699999884),POINT (4.834150455138145 52.37936594659288),4.834150455138145,52.37936594659288
191541,20210018628,2021,Letsel,2,bromfiets,personenauto,Flank,"Kruispunt, 4 takken",Binnen,Unknown,Niet brandend,Klinkers,Droog,Daglicht,Droog,Leidsegracht,amsterdam,POINT (120761.38419999927 486675.6506999992),POINT (4.8845002506006 52.36689636433337),4.8845002506006,52.36689636433337
191612,20210025080,2021,Uitsluitend materiele schade,2,snorfiets,fiets,Flank,"Kruispunt, 4 takken",Binnen,30.0,Niet brandend,Overig asfalt,Droog,Daglicht,Droog,Elandsgracht,amsterdam,POINT (120323.6400000006 486890.47100000083),POINT (4.878051211900658 52.36879955210582),4.878051211900658,52.36879955210582
191621,20210029326,2021,Letsel,2,personenauto,fiets,Flank,"Kruispunt, 3 takken",Binnen,Unknown,Niet brandend,Klinkers,Droog,Daglicht,Droog,Papaverweg,amsterdam,POINT (122140.1783999987 490052.1581999995),POINT (4.904413247571661 52.397326224765266),4.904413247571661,52.397326224765266
191638,20210021295,2021,Uitsluitend materiele schade,2,personenauto,fiets,Flank,"Kruispunt, 4 takken",Binnen,50.0,Niet brandend,Overig asfalt,Nat,Daglicht,Unknown,Kinkerstraat,amsterdam,POINT (119273.92700000107 486449.1739999987),POINT (4.862685776756073 52.36476621586383),4.862685776756073,52.36476621586383
191678,20210029780,2021,Uitsluitend materiele schade,3,personenauto,snorfiets,Onbekend,Rechte weg,Binnen,50.0,Niet brandend,Overig asfalt,Nat,Daglicht,Unknown,Marnixstraat,amsterdam,POINT (120156.70300000161 487265.5370000005),POINT (4.875561290763485 52.372159807784456),4.875561290763485,52.372159807784456
191702,20210030620,2021,Letsel,1,bromfiets,unknown,Eenzijdig,Rechte weg,Binnen,50.0,Niet brandend,Overig asfalt,Droog,Daglicht,Droog,Stadhouderskade,amsterdam,POINT (121253.73600000143 485681.3839999996),POINT (4.891828656314092 52.35799105518103),4.891828656314092,52.35799105518103
191806,20210080818,2021,Letsel,3,fiets,personenauto,Onbekend,"Kruispunt, 4 takken",Binnen,50.0,Niet brandend,Overig asfalt,Nat,Daglicht,Regen,IJdoornlaan,amsterdam,POINT (125568.97659999877 489884.6710000001),POINT (4.954803908707664 52.39601556985603),4.954803908707664,52.39601556985603
191816,20210061854,2021,Uitsluitend materiele schade,2,bromfiets,e-bike,Flank,"Kruispunt, 3 takken",Binnen,Unknown,Brandend,Klinkers,Droog,Duisternis,Droog,Haarlemmerweg,amsterdam,POINT (118596 488691),POINT (4.852490238695653 52.38486953217003),4.852490238695653,52.38486953217003
191867,20210061525,2021,Uitsluitend materiele schade,2,bromfiets,personenauto,Kop/staart,"Kruispunt, 3 takken",Binnen,30.0,Niet brandend,Klinkers,Droog,Schemer,Droog,Amsteldijk,amsterdam,POINT (122546.94999999925 484542.7756999992),POINT (4.910921472879118 52.34783590357192),4.910921472879118,52.34783590357192
191883,20210042943,2021,Letsel,2,bromfiets,personenauto,Flank,"Kruispunt, 4 takken",Binnen,Unknown,Brandend,Overig asfalt,Droog,Duisternis,Droog,Middenweg,amsterdam,POINT (124543.71799999848 484525.64400000125),POINT (4.940226817928662 52.34779622340438),4.940226817928662,52.34779622340438
191924,20210050924,2021,Uitsluitend materiele schade,2,personenauto,bromfiets,Flank,Rechte weg,Binnen,50.0,Niet brandend,Overig asfalt,Nat,Daglicht,Regen,Frederik Hendrikstraat,amsterdam,POINT (119910.23900000006 487394.94900000095),POINT (4.871928813596088 52.37330717450571),4.871928813596088,52.37330717450571
191978,20210056245,2021,Uitsluitend materiele schade,2,snorfiets,fiets,Flank,"Kruispunt, 3 takken",Binnen,30.0,Niet brandend,Overig asfalt,Droog,Daglicht,Unknown,Houtmankade,amsterdam,POINT (120580.68950000033 488793.40680000186),POINT (4.881630408223018 52.38591791934252),4.881630408223018,52.38591791934252
192035,20210052859,2021,Uitsluitend materiele schade,3,snorfiets,fiets,Flank,"Kruispunt, 4 takken",Binnen,30.0,Brandend,Overig asfalt,Droog,Schemer,Unknown,Panamakade,amsterdam,POINT (124446.67940000072 487259.53119999915),POINT (4.938554367802032 52.37236127001637),4.938554367802032,52.37236127001637
192094,20210051687,2021,Uitsluitend materiele schade,2,snorfiets,personenauto,Flank,"Kruispunt, 4 takken",Binnen,30.0,Niet brandend,Overig asfalt,Droog,Daglicht,Droog,Wiltzanghlaan,amsterdam,POINT (118417.83179999888 488359.10550000146),POINT (4.849909499383928 52.38187487807875),4.849909499383928,52.38187487807875
192095,20210051695,2021,Uitsluitend materiele schade,2,bus,fiets,Flank,"Kruispunt, 4 takken",Binnen,50.0,Niet brandend,Overig asfalt,Droog,Daglicht,Unknown,Arlandaweg,amsterdam,POINT (117602.21579999849 488817.71819999814),POINT (4.837879729307264 52.38594156928494),4.837879729307264,52.38594156928494
192126,20210050533,2021,Letsel,3,snorfiets,personenauto,Onbekend,Rechte weg,Binnen,50.0,Niet brandend,Klinkers,Droog,Daglicht,Droog,Leidsekade,amsterdam,POINT (120574.99100000039 486250.1070000008),POINT (4.881807226719049 52.363060227442276),4.881807226719049,52.363060227442276
192166,20210054186,2021,Uitsluitend materiele schade,2,bromfiets,bromfiets,Kop/staart,Rechte weg,Binnen,50.0,Niet brandend,Overig asfalt,Droog,Daglicht,Droog,Kinkerstraat,amsterdam,POINT (119328.95199999958 486470.4470000006),POINT (4.863491346588333 52.36496097839189),4.863491346588333,52.36496097839189
192198,20210065536,2021,Uitsluitend materiele schade,2,bromfiets,personenauto,Kop/staart,Rechte weg,Binnen,50.0,Niet brandend,Beton,Droog,Daglicht,Unknown,Stadhouderskade,amsterdam,POINT (121494.14999999851 485656.6979999989),POINT (4.8953601284988615 52.35778390935079),4.8953601284988615,52.35778390935079
192254,20210051287,2021,Uitsluitend materiele schade,2,snorfiets,unknown,Frontaal,Rechte weg,Binnen,50.0,Brandend,Overig asfalt,Nat,Duisternis,Droog,Zuiderzeeweg,amsterdam,POINT (126213.24700000137 489138.20699999854),POINT (4.964333273152735 52.38934102685182),4.964333273152735,52.38934102685182
192903,20220055236,2022,Uitsluitend materiele schade,2,snorfiets,fiets,Voetganger,Rechte weg,Binnen,30.0,Brandend,Klinkers,Droog,Duisternis,Droog,Keizersgracht,amsterdam,POINT (121538.22399999946 486300.09800000116),POINT (4.89594306832168 52.36356903466229),4.89594306832168,52.36356903466229
192964,20220035850,2022,Uitsluitend materiele schade,2,bestelauto,fiets,Flank,Unknown,Binnen,50.0,Brandend,Overig asfalt,Nat,Duisternis,Regen,Jan van Galenstraat,amsterdam,POINT (119243.82999999821 487589.4820000008),POINT (4.8621226254957906 52.375012503024095),4.8621226254957906,52.375012503024095
192973,20220055356,2022,Letsel,3,bromfiets,fiets,Onbekend,"Kruispunt, 4 takken",Binnen,50.0,Niet brandend,Overig asfalt,Droog,Daglicht,Droog,Van 't Hofflaan,amsterdam,POINT (123984 484311),POINT (4.932032404474224 52.34583583204134),4.932032404474224,52.34583583204134
192988,20220081033,2022,Uitsluitend materiele schade,2,personenauto,fiets,Flank,"Kruispunt, 4 takken",Binnen,50.0,Brandend,Klinkers,Droog,Duisternis,Droog,Nieuwe Leliestraat,amsterdam,POINT (120520.08150000125 487611.94590000063),POINT (4.880861443089511 52.37529601613652),4.880861443089511,52.37529601613652
193040,20220036038,2022,Uitsluitend materiele schade,2,personenauto,fiets,Frontaal,Rotonde,Binnen,50.0,Brandend,Overig asfalt,Nat,Duisternis,Regen,Ookmeerweg,amsterdam,POINT (113450.60830000043 485661.18730000034),POINT (4.777291393601264 52.35727479589686),4.777291393601264,52.35727479589686
193048,20220055516,2022,Letsel,2,personenauto,fiets,Flank,"Kruispunt, 3 takken",Binnen,50.0,Niet brandend,Overig asfalt,Droog,Daglicht,Droog,J.H. van Heekweg,amsterdam,POINT (125030.51839999855 490485.1790000014),POINT (4.946839489120299 52.4013833738493),4.946839489120299,52.4013833738493
193156,20220102048,2022,Uitsluitend materiele schade,2,fiets,personenauto,Flank,"Kruispunt, 4 takken",Binnen,50.0,Brandend,ZOAB,Droog,Duisternis,Droog,Orteliusstraat,amsterdam,POINT (118366.25930000097 487023.53449999914),POINT (4.849297666204842 52.36986834894942),4.849297666204842,52.36986834894942
193198,20220055825,2022,Uitsluitend materiele schade,2,personenauto,bromfiets,Flank,Rechte weg,Binnen,50.0,Niet brandend,Overig asfalt,Nat,Daglicht,Regen,Carolina MacGillavrylaan,amsterdam,POINT (124797.52499999851 485632.58399999887),POINT (4.943852227334301 52.35775872107749),4.943852227334301,52.35775872107749
193211,20220102345,2022,Uitsluitend materiele schade,2,snorfiets,fiets,Frontaal,Rechte weg,Binnen,50.0,Niet brandend,Beton,Droog,Daglicht,Droog,Ruys de Beerenbrouckstr,amsterdam,POINT (115217.45699999854 488451.3960000016),POINT (4.802895816356462 52.382481715929984),4.802895816356462,52.382481715929984
193212,20220102579,2022,Uitsluitend materiele schade,2,bestelauto,bromfiets,Kop/staart,Rechte weg,Binnen,50.0,Niet brandend,Overig asfalt,Droog,Daglicht,Droog,Overtoom,amsterdam,POINT (119438.90700000152 485934.311999999),POINT (4.865162308597732 52.360149714171634),4.865162308597732,52.360149714171634
193218,20220015259,2022,Uitsluitend materiele schade,2,bromfiets,personenauto,Onbekend,Unknown,Unknown,50.0,Unknown,Unknown,Unknown,Schemer,Unknown,Elandsgracht,amsterdam,POINT (120268.21200000122 486861.40199999884),POINT (4.877240396569333 52.368534798333265),4.877240396569333,52.368534798333265
193225,20220054795,2022,Uitsluitend materiele schade,2,bromfiets,fiets,Flank,"Kruispunt, 4 takken",Binnen,50.0,Brandend,Overig asfalt,Droog,Duisternis,Droog,Westeinde,amsterdam,POINT (121762 485657),POINT (4.899291825636309 52.3578028939327),4.899291825636309,52.3578028939327
193240,20220103255,2022,Letsel,2,bromfiets,personenauto,Flank,"Kruispunt, 4 takken",Binnen,30.0,Niet brandend,Overig asfalt,Nat,Daglicht,Droog,Brusselsingel,amsterdam,POINT (115588.07129999995 484125.1875),POINT (4.8088460324542 52.34362791541347),4.8088460324542,52.34362791541347
193280,20220015809,2022,Letsel,2,snorfiets,e-bike,Eenzijdig,"Kruispunt, 4 takken",Unknown,50.0,Brandend,Klinkers,Droog,Duisternis,Droog,Pieter Langendijkstraat,amsterdam,POINT (119189.1015000008 485926.23420000076),POINT (4.861496135471398 52.360060888768),4.861496135471398,52.360060888768
193291,20220055017,2022,Uitsluitend materiele schade,2,e-bike,fiets,Frontaal,Rechte weg,Binnen,50.0,Niet aanwezig,Overig asfalt,Droog,Daglicht,Droog,Kruislaan,amsterdam,POINT (124657.0700000003 484634.4990000017),POINT (4.941880512981559 52.34878081553544),4.941880512981559,52.34878081553544
193532,20230004523,2023,Letsel,3,bromfiets,fiets,Onbekend,Rotonde,Binnen,Unknown,Brandend,Beton,Nat,Daglicht,Droog,Burgemeester Röellstraat,amsterdam,POINT (116272 487690),POINT (4.818471504801881 52.37571431347062),4.818471504801881,52.37571431347062
194093,20210013010,2021,Letsel,2,personenauto,fiets,Flank,"Kruispunt, 4 takken",Binnen,50.0,Brandend,ZOAB,Nat,Schemer,Regen,Marnixstraat,amsterdam,POINT (120318.07899999991 486880.1160000004),POINT (4.877970631111093 52.36870613765962),4.877970631111093,52.36870613765962
194121,20210013976,2021,Letsel,2,personenauto,e-bike,Flank,"Kruispunt, 4 takken",Binnen,50.0,Brandend,ZOAB,Nat,Duisternis,Unknown,Zuideinde,amsterdam,POINT (121336 492661),POINT (4.89233652514385 52.420723723571555),4.89233652514385,52.420723723571555
194252,20210092810,2021,Letsel,2,fiets,fiets,Frontaal,Rechte weg,Binnen,30.0,Brandend,Beton,Nat,Duisternis,Droog,Vondelpark,amsterdam,POINT (119699.30999999866 485568.6550000012),POINT (4.869023288430105 52.35688024429024),4.869023288430105,52.35688024429024
194265,20220177608,2022,Uitsluitend materiele schade,2,motor,fiets,Flank,"Kruispunt, 4 takken",Binnen,30.0,Niet aanwezig,Klinkers,Droog,Daglicht,Droog,Paleisstraat,amsterdam,POINT (121056.47960000113 487262.71460000053),POINT (4.888773514426032 52.37219079567193),4.888773514426032,52.37219079567193
194266,20220177951,2022,Letsel,2,bestelauto,e-bike,Flank,"Kruispunt, 4 takken",Binnen,50.0,Niet brandend,Overig asfalt,Droog,Daglicht,Droog,Cruquiusweg,amsterdam,POINT (124198.70789999887 486834.01110000163),POINT (4.934952211737277 52.36852312444639),4.934952211737277,52.36852312444639
194278,20220141956,2022,Uitsluitend materiele schade,2,personenauto,fiets,Flank,Rotonde,Binnen,50.0,Niet brandend,Overig asfalt,Droog,Daglicht,Droog,Haarlemmermeerstraat,amsterdam,POINT (118427 484997),POINT (4.85040989094005 52.35165939785956),4.85040989094005,52.35165939785956
194331,20220142080,2022,Uitsluitend materiele schade,2,snorfiets,personenauto,Flank,"Kruispunt, 4 takken",Binnen,50.0,Brandend,ZOAB,Droog,Duisternis,Droog,Baden Powellweg,amsterdam,POINT (114588.88699999824 484924.89919999987),POINT (4.7940880176323155 52.350742535766024),4.7940880176323155,52.350742535766024
194332,20220142125,2022,Uitsluitend materiele schade,1,bromfiets,unknown,Onbekend,Unknown,Binnen,Unknown,Brandend,Unknown,Droog,Duisternis,Unknown,Weteringschans,amsterdam,POINT (120950.71299999952 486001.9149999991),POINT (4.887348166495855 52.360853069022454),4.887348166495855,52.360853069022454
194387,20220177930,2022,Uitsluitend materiele schade,2,bromfiets,fiets,Onbekend,"Kruispunt, 4 takken",Binnen,50.0,Niet brandend,Overig asfalt,Unknown,Daglicht,Droog,Pontanusstraat,amsterdam,POINT (123647.47100000083 486537.22300000116),POINT (4.926886383565868 52.365824598980424),4.926886383565868,52.365824598980424
194466,20220123657,2022,Uitsluitend materiele schade,2,motor,bromfiets,Onbekend,Unknown,Unknown,Unknown,Unknown,Unknown,Unknown,Daglicht,Unknown,Amsteldijk,amsterdam,POINT (122181.04600000009 485420.5370000005),POINT (4.905466011420652 52.35570291484003),4.905466011420652,52.35570291484003
194503,20220142506,2022,Uitsluitend materiele schade,2,personenauto,fiets,Flank,Rechte weg,Binnen,50.0,Brandend,Klinkers,Droog,Duisternis,Droog,Bella Vistastraat,amsterdam,POINT (123090.70600000024 483436.1950000003),POINT (4.91900630101271 52.33792249270663),4.91900630101271,52.33792249270663
194610,20220123997,2022,Uitsluitend materiele schade,3,snorfiets,fiets,Onbekend,Rechte weg,Binnen,30.0,Niet brandend,Klinkers,Droog,Daglicht,Droog,Gerard Doustraat,amsterdam,POINT (121229.13699999824 485420.91600000113),POINT (4.891493719684928 52.35564863486031),4.891493719684928,52.35564863486031
194622,20220141286,2022,Uitsluitend materiele schade,1,bromfiets,unknown,Flank,Rechte weg,Binnen,50.0,Niet brandend,Klinkers,Droog,Daglicht,Droog,Apollolaan,amsterdam,POINT (119584.09899999946 484866.811999999),POINT (4.8674060482874655 52.35056515834756),4.8674060482874655,52.35056515834756
194625,20220155502,2022,Uitsluitend materiele schade,2,bromfiets,personenauto,Frontaal,"Kruispunt, 3 takken",Binnen,50.0,Niet brandend,Overig asfalt,Droog,Daglicht,Droog,Jan van Galenstraat,amsterdam,POINT (118622 487430),POINT (4.853008651567407 52.37353835490957),4.853008651567407,52.37353835490957
194648,20220124033,2022,Uitsluitend materiele schade,2,personenauto,fiets,Flank,"Kruispunt, 4 takken",Binnen,50.0,Niet brandend,Overig asfalt,Nat,Daglicht,Unknown,Linnaeusstraat,amsterdam,POINT (123716.36710000038 485427.5529999994),POINT (4.928001103520061 52.355855535224855),4.928001103520061,52.355855535224855
194658,20220141504,2022,Letsel,1,fiets,unknown,Eenzijdig,Unknown,Unknown,30.0,Unknown,Unknown,Unknown,Daglicht,Unknown,Quellijnstraat,amsterdam,POINT (120980.1400000006 485566.96599999815),POINT (4.8878241431749165 52.35694587065487),4.8878241431749165,52.35694587065487
194663,20220155585,2022,Uitsluitend materiele schade,2,personenauto,e-bike,Flank,"Kruispunt, 4 takken",Binnen,50.0,Brandend,Beton,Droog,Duisternis,Droog,Krugerplein,amsterdam,POINT (123117.7573999986 485193.98739999905),POINT (4.919236702421528 52.35372198873987),4.919236702421528,52.35372198873987
194696,20220155596,2022,Letsel,2,personenauto,e-bike,Flank,"Kruispunt, 4 takken",Binnen,50.0,Niet brandend,Overig asfalt,Droog,Daglicht,Droog,Spaklerweg,amsterdam,POINT (123196.77329999954 483600.9780000001),POINT (4.920546988658324 52.33940960714416),4.920546988658324,52.33940960714416
194729,20220155647,2022,Uitsluitend materiele schade,2,fiets,fiets,Flank,Rechte weg,Binnen,30.0,Niet brandend,Overig asfalt,Nat,Daglicht,Unknown,Spuistraat,amsterdam,POINT (121082.76399999857 487096.80000000075),POINT (4.889176205572364 52.37070129727067),4.889176205572364,52.37070129727067
194730,20220155671,2022,Uitsluitend materiele schade,2,bromfiets,bromfiets,Frontaal,Rechte weg,Binnen,30.0,Niet brandend,Klinkers,Droog,Daglicht,Droog,Willemsstraat,amsterdam,POINT (120862.84600000083 488292.375),POINT (4.8858256770592705 52.38143263442441),4.8858256770592705,52.38143263442441
194779,20220124203,2022,Uitsluitend materiele schade,2,bestelauto,fiets,Onbekend,Rechte weg,Binnen,30.0,Niet brandend,Klinkers,Droog,Daglicht,Unknown,Lijnbaansgracht,amsterdam,POINT (120519.31199999899 488134.9530000016),POINT (4.880796474445136 52.37999637290908),4.880796474445136,52.37999637290908
194872,20230059953,2023,Letsel,1,fiets,unknown,Eenzijdig,Rechte weg,Binnen,50.0,Brandend,ZOAB,Droog,Duisternis,Droog,Ceintuurbaan,amsterdam,POINT (121132.75899999961 485095.23699999973),POINT (4.890111857284008 52.35271572054938),4.890111857284008,52.35271572054938
194898,20230040293,2023,Letsel,2,personenauto,fiets,Flank,"Kruispunt, 4 takken",Binnen,50.0,Brandend,Overig asfalt,Droog,Duisternis,Droog,Dotterbloemstraat,amsterdam,POINT (122714.54800000042 490139.55999999866),POINT (4.912843455878772 52.398145821117645),4.912843455878772,52.398145821117645
194970,20230058928,2023,Letsel,2,personenauto,bromfiets,Flank,Rechte weg,Binnen,50.0,Niet brandend,Overig asfalt,Droog,Daglicht,Droog,Schubertstraat,amsterdam,POINT (120296.60799999908 484459.1004000008),POINT (4.877905167829179 52.34694638587078),4.877905167829179,52.34694638587078
194991,20230050359,2023,Letsel,2,bestelauto,snorfiets,Flank,"Kruispunt, 3 takken",Binnen,50.0,Niet brandend,Overig asfalt,Droog,Daglicht,Droog,Burgemeester Röellstraat,amsterdam,POINT (117244.82039999962 487422.64229999855),POINT (4.832787064506928 52.37337926640752),4.832787064506928,52.37337926640752
195009,20230040474,2023,Uitsluitend materiele schade,2,personenauto,bromfiets,Kop/staart,"Kruispunt, 4 takken",Binnen,50.0,Niet brandend,Overig asfalt,Droog,Daglicht,Droog,Amstelveenseweg,amsterdam,POINT (118888.88280000165 482319.9534999989),POINT (4.857475956994081 52.32763050105379),4.857475956994081,52.32763050105379
195018,20230049814,2023,Letsel,2,fiets,personenauto,Flank,"Kruispunt, 3 takken",Binnen,50.0,Niet brandend,Klinkers,Droog,Daglicht,Droog,Middenweg,amsterdam,POINT (123811.67269999906 485273.6358000003),POINT (4.929414292357373 52.35447764407791),4.929414292357373,52.35447764407791
195029,20230039922,2023,Uitsluitend materiele schade,2,personenauto,fiets,Frontaal,"Kruispunt, 4 takken",Binnen,50.0,Niet brandend,Overig asfalt,Droog,Daglicht,Droog,Spaarndammerstraat,amsterdam,POINT (120671.3051000014 488844.8997000009),POINT (4.882956118543474 52.38638637354619),4.882956118543474,52.38638637354619
195178,20220210875,2022,Uitsluitend materiele schade,2,bromfiets,unknown,Voetganger,Rechte weg,Binnen,30.0,Brandend,Klinkers,Droog,Duisternis,Droog,Oudezijds Achterburgwal,amsterdam,POINT (121633.59800000116 487233.75499999896),POINT (4.897250566767149 52.37196589618262),4.897250566767149,52.37196589618262
195214,20220212288,2022,Letsel,2,fiets,overig wegmeubilair,Vast voorwerp,Rechte weg,Binnen,50.0,Brandend,Overig asfalt,Droog,Duisternis,Droog,Spaklerweg,amsterdam,POINT (123330.2659999989 482933.6460000016),POINT (4.922568460912461 52.33341974303751),4.922568460912461,52.33341974303751
195286,20220211684,2022,Uitsluitend materiele schade,2,fiets,bromfiets,Frontaal,"Kruispunt, 4 takken",Binnen,50.0,Niet brandend,Unknown,Droog,Daglicht,Droog,Pieter Calandlaan,amsterdam,POINT (116098.65080000088 485425.37209999934),POINT (4.8161879633118 52.35534936663315),4.8161879633118,52.35534936663315
195389,20220211157,2022,Uitsluitend materiele schade,2,personenauto,snorfiets,Flank,Rotonde,Binnen,50.0,Niet brandend,Overig asfalt,Droog,Daglicht,Droog,OOSTOEVER NOORDZIJDE,amsterdam,POINT (117108.2137000002 487083.82840000093),POINT (4.830819345915313 52.370324861832586),4.830819345915313,52.370324861832586
195473,20220211930,2022,Uitsluitend materiele schade,2,personenauto,fiets,Flank,Rotonde,Binnen,Unknown,Niet brandend,Overig asfalt,Nat,Daglicht,Droog,Liergouw,amsterdam,POINT (126642.03790000081 488404.7386999987),POINT (4.970693880361405 52.38277141408713),4.970693880361405,52.38277141408713
195542,20220211319,2022,Uitsluitend materiele schade,2,personenauto,fiets,Flank,"Kruispunt, 3 takken",Binnen,50.0,Niet brandend,Overig asfalt,Droog,Daglicht,Droog,Frederik Hendrikplnts,amsterdam,POINT (120165 487996),POINT (4.875607401288203 52.37872519974021),4.875607401288203,52.37872519974021
195574,20220210686,2022,Uitsluitend materiele schade,2,bromfiets,bromfiets,Flank,"Kruispunt, 4 takken",Binnen,50.0,Brandend,ZOAB,Droog,Duisternis,Droog,Nassaukade,amsterdam,POINT (120047.30970000103 487226.2782000005),POINT (4.873959091050318 52.37180002640088),4.873959091050318,52.37180002640088
195575,20220211359,2022,Uitsluitend materiele schade,2,bromfiets,personenauto,Onbekend,Unknown,Unknown,50.0,Unknown,Unknown,Unknown,Daglicht,Unknown,Osdorper Ban,amsterdam,POINT (114272.42000000179 485951.59800000116),POINT (4.789319149805365 52.3599463133778),4.789319149805365,52.3599463133778
195624,20220210711,2022,Letsel,2,motor,fiets,Flank,"Kruispunt, 3 takken",Binnen,50.0,Brandend,Overig asfalt,Droog,Duisternis,Droog,Prins Hendrikkade,amsterdam,POINT (122330.87900000066 487340.66899999976),POINT (4.90747873294868 52.372968688760196),4.90747873294868,52.372968688760196
195651,20220210761,2022,Uitsluitend materiele schade,2,fiets,personenauto,Flank,"Kruispunt, 4 takken",Binnen,50.0,Niet brandend,Overig asfalt,Nat,Daglicht,Regen,Plantage Middenlaan,amsterdam,POINT (122454.44530000165 486700.2925999984),POINT (4.909355165481826 52.367220762650206),4.909355165481826,52.367220762650206
196007,20230111171,2023,Uitsluitend materiele schade,2,bromfiets,unknown,Flank,Rechte weg,Binnen,30.0,Brandend,Overig asfalt,Nat,Duisternis,Regen,De Ruijterkade,amsterdam,POINT (121488.5549999997 488398.7010000013),POINT (4.895004646066382 52.3824267658551),4.895004646066382,52.3824267658551
196076,20230020304,2023,Uitsluitend materiele schade,2,bestelauto,fiets,Flank,Rechte weg,Binnen,50.0,Niet brandend,ZOAB,Nat,Daglicht,Droog,Joan Muyskenweg,amsterdam,POINT (122699.59800000116 482928.65399999917),POINT (4.91331652966971 52.33333818704883),4.91331652966971,52.33333818704883
196096,20230067560,2023,Uitsluitend materiele schade,2,personenauto,fiets,Onbekend,"Kruispunt, 4 takken",Binnen,50.0,Niet brandend,Beton,Droog,Daglicht,Droog,Klaprozenweg,amsterdam,POINT (122302.78079999983 490182.00759999827),POINT (4.9067895453748385 52.398502927685044),4.9067895453748385,52.398502927685044
196104,20230020905,2023,Uitsluitend materiele schade,2,personenauto,bromfiets,Kop/staart,"Kruispunt, 4 takken",Binnen,50.0,Niet brandend,Beton,Droog,Daglicht,Droog,Jacob van Arteveldestr,amsterdam,POINT (117891.99500000104 487940.99500000104),POINT (4.84223286709354 52.37808193574538),4.84223286709354,52.37808193574538
196120,20230067180,2023,Uitsluitend materiele schade,2,bestelauto,fiets,Flank,Rechte weg,Binnen,50.0,Niet brandend,Overig asfalt,Droog,Daglicht,Droog,Van Leijenberghlaan,amsterdam,POINT (120428.3359999992 482292.91000000015),POINT (4.880060710614495 52.32748639850604),4.880060710614495,52.32748639850604
196124,20230074622,2023,Letsel,2,bromfiets,bromfiets,Frontaal,Bocht,Binnen,50.0,Niet brandend,Overig asfalt,Droog,Daglicht,Droog,Gooiseweg,amsterdam,POINT (123671.24500000104 484421.15100000054),POINT (4.9274324916245575 52.34680806101169),4.9274324916245575,52.34680806101169
196177,20230067426,2023,Letsel,2,fiets,fiets,Kop/staart,"Kruispunt, 3 takken",Binnen,50.0,Niet brandend,Overig asfalt,Droog,Daglicht,Droog,Kleine Wittenburgerstr,amsterdam,POINT (123131.33909999952 486975.0533999987),POINT (4.919267271436787 52.369729820552934),4.919267271436787,52.369729820552934
196185,20230020453,2023,Uitsluitend materiele schade,2,bromfiets,personenauto,Onbekend,"Kruispunt, 4 takken",Binnen,50.0,Unknown,Unknown,Unknown,Daglicht,Unknown,Elandsstraat,amsterdam,POINT (120315.65230000019 486986.5694000013),POINT (4.87792401776251 52.369662710965635),4.87792401776251,52.369662710965635
196208,20230077537,2023,Uitsluitend materiele schade,2,snorfiets,fiets,Frontaal,Rechte weg,Binnen,30.0,Niet brandend,Overig asfalt,Droog,Daglicht,Droog,Krugerplein,amsterdam,POINT (123142.0940000005 485234.4609999992),POINT (4.919590071124023 52.35408715088143),4.919590071124023,52.35408715088143
196244,20230020512,2023,Letsel,2,fiets,bromfiets,Frontaal,Rechte weg,Binnen,15.0,Brandend,Overig asfalt,Droog,Duisternis,Droog,Nieuwe Utrechtseweg,amsterdam,POINT (122705.57999999821 482151.31599999964),POINT (4.9134788133021 52.32635229882011),4.9134788133021,52.32635229882011