,accident_id,accident_year,outcome,num_parties,party1_type,party2_type,accident_nature,road_situation,built_up_area,speed_limit_kmh,street_lighting,road_surface,road_condition,light_condition,weather_condition,street_name,municipality,shape,geometry,longitude,latitude
196294,20230024617,2023,Uitsluitend materiele schade,2,personenauto,fiets,Onbekend,"Kruispunt, 3 takken",Binnen,Unknown,Unknown,Unknown,Nat,Daglicht,Regen,Slatuinenweg,amsterdam,POINT (119321 487114.9770000018),POINT (4.863306198563006 52.37075302448818),4.863306198563006,52.37075302448818
196314,20230022832,2023,Uitsluitend materiele schade,3,personenauto,fiets,Onbekend,"Kruispunt, 4 takken",Binnen,50.0,Niet brandend,Klinkers,Nat,Daglicht,Regen,Brentanostraat,amsterdam,POINT (124834.57429999858 481201.30260000005),POINT (4.944793044301098 52.317935025591744),4.944793044301098,52.317935025591744
196387,20230020713,2023,Uitsluitend materiele schade,2,personenauto,fiets,Flank,"Kruispunt, 3 takken",Binnen,30.0,Niet brandend,Klinkers,Droog,Daglicht,Droog,Tolbrugstraat,amsterdam,POINT (119473.22780000046 486953.91059999913),POINT (4.865558392834078 52.369315347223086),4.865558392834078,52.369315347223086
196439,20230023019,2023,Letsel,2,personenauto,fiets,Flank,"Kruispunt, 4 takken",Binnen,30.0,Unknown,Klinkers,Droog,Daglicht,Droog,Jacob Obrechtstraat,amsterdam,POINT (120257.1689000018 485175.4998999983),POINT (4.877252423019682 52.35338240123302),4.877252423019682,52.35338240123302
196453,20230077747,2023,Letsel,2,bestelauto,bromfiets,Flank,Rotonde,Binnen,50.0,Niet brandend,ZOAB,Droog,Daglicht,Droog,FIETSPAD,amsterdam,POINT (116263.27070000023 488546.88589999825),POINT (4.818244521606658 52.38341469397679),4.818244521606658,52.38341469397679
196456,20230078121,2023,Letsel,1,bromfiets,unknown,Eenzijdig,"Kruispunt, 3 takken",Binnen,50.0,Niet brandend,Overig asfalt,Nat,Daglicht,Regen,Lemelerbergweg,amsterdam,POINT (124383.69409999996 479646.5256000012),POINT (4.938321723917229 52.30393663516226),4.938321723917229,52.30393663516226
196610,20230087677,2023,Letsel,2,personenauto,fiets,Flank,Rechte weg,Binnen,50.0,Niet brandend,Overig asfalt,Droog,Daglicht,Droog,Parnassusweg,amsterdam,POINT (119582.43400000036 484295.5879999995),POINT (4.86744172941911 52.34543128577967),4.86744172941911,52.34543128577967
196756,20230097891,2023,Uitsluitend materiele schade,2,personenauto,bromfiets,Kop/staart,Rechte weg,Binnen,50.0,Niet brandend,ZOAB,Nat,Daglicht,Regen,Kramatweg,amsterdam,POINT (124876.26520000026 486567.20369999856),POINT (4.944924331336921 52.36616281197547),4.944924331336921,52.36616281197547
196777,20230097928,2023,Uitsluitend materiele schade,2,bromfiets,bestelauto,Flank,"Kruispunt, 4 takken",Binnen,Unknown,Brandend,ZOAB,Nat,Duisternis,Regen,Piet Heinkade,amsterdam,POINT (123081.87959999964 487761.9228999987),POINT (4.918466340607362 52.37679879405618),4.918466340607362,52.37679879405618
196792,20230088024,2023,Letsel,2,personenauto,fiets,Flank,Rechte weg,Binnen,50.0,Niet brandend,Overig asfalt,Nat,Daglicht,Droog,Disketteweg,amsterdam,POINT (120373.40080000088 491829.62750000134),POINT (4.878272487951202 52.41319208124322),4.878272487951202,52.41319208124322
196817,20230088045,2023,Uitsluitend materiele schade,2,personenauto,fiets,Flank,"Kruispunt, 3 takken",Binnen,50.0,Brandend,Overig asfalt,Droog,Duisternis,Droog,Johan Huizingalaan,amsterdam,POINT (116852.68879999965 486236.6123000011),POINT (4.8271636410899275 52.362693049725685),4.8271636410899275,52.362693049725685
196880,20210080835,2021,Uitsluitend materiele schade,1,bromfiets,unknown,Onbekend,Unknown,Unknown,Unknown,Unknown,Unknown,Unknown,Daglicht,Unknown,Ruisrietstraat,amsterdam,POINT (128486.8953000009 484941.6420000009),POINT (4.998062871508316 52.3517393565058),4.998062871508316,52.3517393565058
196926,20210089776,2021,Uitsluitend materiele schade,2,e-bike,voetganger,Voetganger,"Kruispunt, 4 takken",Binnen,30.0,Niet brandend,Overig asfalt,Droog,Daglicht,Droog,Prinsengracht,amsterdam,POINT (121043.253800001 488160.44790000096),POINT (4.888488597444269 52.38025815805398),4.888488597444269,52.38025815805398
196936,20210075857,2021,Uitsluitend materiele schade,2,bromfiets,personenauto,Flank,Rechte weg,Binnen,30.0,Niet brandend,Overig asfalt,Droog,Daglicht,Droog,Jacques Veltmanstraat,amsterdam,POINT (117201.99500000104 485270.94000000134),POINT (4.832400094805305 52.3540384632211),4.832400094805305,52.3540384632211
196950,20210074710,2021,Letsel,2,personenauto,snorfiets,Flank,Rotonde,Binnen,50.0,Niet brandend,Overig asfalt,Nat,Daglicht,Droog,Plesmanlaan,amsterdam,POINT (114849.30319999903 484592.34650000185),POINT (4.797949646739081 52.347772902900175),4.797949646739081,52.347772902900175
196977,20230004336,2023,Uitsluitend materiele schade,2,fiets,bromfiets,Frontaal,"Kruispunt, 3 takken",Binnen,50.0,Niet aanwezig,Overig asfalt,Droog,Daglicht,Droog,Meer en Vaart,amsterdam,POINT (115639.35610000044 485572.6114999987),POINT (4.809429270460473 52.35663992621247),4.809429270460473,52.35663992621247
196989,20210078281,2021,Letsel,2,personenauto,fiets,Flank,"Kruispunt, 4 takken",Binnen,50.0,Niet brandend,ZOAB,Droog,Daglicht,Droog,Th. Weeversweg,amsterdam,POINT (124803.65320000052 490042.45259999856),POINT (4.943545906483335 52.3973920233973),4.943545906483335,52.3973920233973
196997,20210087239,2021,Uitsluitend materiele schade,2,e-bike,personenauto,Onbekend,Rotonde,Binnen,50.0,Brandend,Overig asfalt,Nat,Duisternis,Unknown,Surinameplein,amsterdam,POINT (118579 485745),POINT (4.852559771063519 52.35839197704386),4.852559771063519,52.35839197704386
197008,20210086186,2021,Uitsluitend materiele schade,2,bromfiets,fiets,Flank,"Kruispunt, 4 takken",Binnen,50.0,Brandend,Overig asfalt,Nat,Duisternis,Droog,Bilderdijkstraat,amsterdam,POINT (119848.20069999993 486911.8055000007),POINT (4.871068374132569 52.368961066075045),4.871068374132569,52.368961066075045
197034,20210086497,2021,Uitsluitend materiele schade,2,snorfiets,fiets,Frontaal,Rechte weg,Binnen,50.0,Niet brandend,ZOAB,Droog,Daglicht,Droog,Vijzelstraat,amsterdam,POINT (121316.2340000011 486408.05000000075),POINT (4.892673276332208 52.36452566421586),4.892673276332208,52.36452566421586
197095,20210015760,2021,Uitsluitend materiele schade,1,fiets,unknown,Eenzijdig,"Kruispunt, 4 takken",Binnen,30.0,Niet brandend,ZOAB,Droog,Daglicht,Droog,Weteringschans,amsterdam,POINT (121183.31830000132 485867.8458000012),POINT (4.890776255368535 52.35966251582848),4.890776255368535,52.35966251582848
197111,20210003338,2021,Uitsluitend materiele schade,2,snorfiets,personenauto,Onbekend,"Kruispunt, 4 takken",Binnen,30.0,Niet brandend,Klinkers,Sneeuw/ijzel,Daglicht,Droog,Korte Schimmelstraat,amsterdam,POINT (119455.4774999991 486797.53119999915),POINT (4.865314306899953 52.36790877525676),4.865314306899953,52.36790877525676
197155,20210023982,2021,Uitsluitend materiele schade,2,snorfiets,fiets,Flank,"Kruispunt, 4 takken",Binnen,50.0,Niet brandend,Klinkers,Droog,Daglicht,Unknown,Keizersgracht,amsterdam,POINT (120757.40089999884 487062.5335999988),POINT (4.88440236077997 52.37037314433008),4.88440236077997,52.37037314433008
197167,20210010699,2021,Uitsluitend materiele schade,2,bromfiets,voetganger,Voetganger,"Kruispunt, 4 takken",Binnen,50.0,Niet brandend,Klinkers,Droog,Daglicht,Droog,Spaarndammerstraat,amsterdam,POINT (120570 488887),POINT (4.881463805174732 52.386758394741086),4.881463805174732,52.386758394741086
197264,20210020512,2021,Uitsluitend materiele schade,2,snorfiets,personenauto,Flank,Rechte weg,Binnen,50.0,Niet brandend,Overig asfalt,Droog,Daglicht,Droog,Vespuccistraat,amsterdam,POINT (118664.54509999976 487111.0859999992),POINT (4.853667859174189 52.3706750129435),4.853667859174189,52.3706750129435
197293,20210018629,2021,Letsel,2,fiets,fiets,Flank,Unknown,Binnen,50.0,Niet aanwezig,Overig asfalt,Droog,Daglicht,Droog,Vrijheidslaan,amsterdam,POINT (122149.08300000057 484381.6169999987),POINT (4.905098282343918 52.34636387407573),4.905098282343918,52.34636387407573
197304,20210033831,2021,Letsel,2,fiets,fiets,Flank,"Kruispunt, 4 takken",Binnen,15.0,Niet brandend,Overig asfalt,Droog,Daglicht,Droog,Wibautstraat,amsterdam,POINT (122571.9459999986 485502.5390000008),POINT (4.911195803613095 52.35646310566547),4.911195803613095,52.35646310566547
197319,20210015453,2021,Uitsluitend materiele schade,2,bromfiets,personenauto,Kop/staart,Rechte weg,Binnen,50.0,Niet brandend,Overig asfalt,Droog,Daglicht,Droog,Meer en Vaart,amsterdam,POINT (115683.05200000107 485398.9699999988),POINT (4.810090946886042 52.35508250032801),4.810090946886042,52.35508250032801
197415,20210030626,2021,Uitsluitend materiele schade,2,bromfiets,fiets,Flank,"Kruispunt, 4 takken",Binnen,Unknown,Brandend,Klinkers,Droog,Duisternis,Droog,Cabralstraat,amsterdam,POINT (118582.83269999921 486960.7622999996),POINT (4.852484360117425 52.36931860375717),4.852484360117425,52.36931860375717
197429,20210012405,2021,Uitsluitend materiele schade,2,personenauto,e-bike,Frontaal,"Kruispunt, 4 takken",Binnen,30.0,Niet brandend,Klinkers,Nat,Daglicht,Mist,Rombout Hogerbeetsstraat,amsterdam,POINT (119977.0832999982 487737.3055999987),POINT (4.872874671923378 52.37638829112995),4.872874671923378,52.37638829112995
197443,20210032848,2021,Uitsluitend materiele schade,2,personenauto,fiets,Onbekend,"Kruispunt, 4 takken",Binnen,50.0,Brandend,Overig asfalt,Droog,Duisternis,Droog,Weesperstraat,amsterdam,POINT (122347.84200000018 486032.68400000036),POINT (4.9078548461124445 52.36121442172519),4.9078548461124445,52.36121442172519
197516,20210080815,2021,Letsel,2,bus,fiets,Frontaal,"Kruispunt, 4 takken",Binnen,50.0,Niet brandend,Overig asfalt,Droog,Daglicht,Droog,Burgemeester Fockstraat,amsterdam,POINT (117208.05930000171 488119.29830000177),POINT (4.832168918493951 52.379637733382964),4.832168918493951,52.379637733382964
197608,20210050283,2021,Uitsluitend materiele schade,2,bromfiets,unknown,Flank,"Kruispunt, 4 takken",Binnen,30.0,Niet brandend,Beton,Droog,Daglicht,Droog,Colenbranderhof,amsterdam,POINT (116338.73939999938 485861.2696999982),POINT (4.819661853022411 52.3592838271444),4.819661853022411,52.3592838271444
197611,20210055040,2021,Uitsluitend materiele schade,2,bromfiets,personenauto,Onbekend,Rechte weg,Binnen,50.0,Niet brandend,ZOAB,Droog,Daglicht,Droog,Zaanstraat,amsterdam,POINT (119923.75800000131 489333.1629999988),POINT (4.871924951808468 52.39072725235396),4.871924951808468,52.39072725235396
197633,20210037338,2021,Uitsluitend materiele schade,2,bromfiets,personenauto,Flank,"Kruispunt, 4 takken",Binnen,50.0,Niet brandend,Unknown,Droog,Daglicht,Droog,Wibautstraat,amsterdam,POINT (122603.10599999875 485416.875),POINT (4.911661433156692 52.3556950523662),4.911661433156692,52.3556950523662
197711,20210036190,2021,Uitsluitend materiele schade,2,personenauto,bromfiets,Flank,"Kruispunt, 4 takken",Binnen,50.0,Niet brandend,ZOAB,Droog,Daglicht,Droog,Willem de Zwijgerlaan,amsterdam,POINT (119323.05900000036 487127.9290000014),POINT (4.863335056278083 52.37086956125721),4.863335056278083,52.37086956125721
197743,20210066140,2021,Uitsluitend materiele schade,2,snorfiets,personenauto,Flank,"Kruispunt, 3 takken",Binnen,Unknown,Brandend,Unknown,Nat,Duisternis,Unknown,Abe Lenstralaan,amsterdam,POINT (115033.60619999841 487143.21990000084),POINT (4.800351226607959 52.37071155783688),4.800351226607959,52.37071155783688
197857,20210053532,2021,Uitsluitend materiele schade,2,bromfiets,overig vast object,Vast voorwerp,"Kruispunt, 4 takken",Binnen,30.0,Brandend,Beton,Nat,Duisternis,Droog,Kramatweg,amsterdam,POINT (124881 485841),POINT (4.94505888698001 52.35963641545498),4.94505888698001,52.35963641545498
197879,20210065096,2021,Uitsluitend materiele schade,2,fiets,fiets,Flank,Unknown,Binnen,50.0,Niet brandend,Overig asfalt,Droog,Daglicht,Droog,Van Woustraat,amsterdam,POINT (121993.66899999976 485110.5480000004),POINT (4.9027460746334 52.352905715176234),4.9027460746334,52.352905715176234
197980,20210040884,2021,Uitsluitend materiele schade,3,personenauto,fiets,Onbekend,"Kruispunt, 3 takken",Binnen,50.0,Niet brandend,Overig asfalt,Nat,Daglicht,Unknown,Tilanusstraat,amsterdam,POINT (122489.92399999872 485683.93499999866),POINT (4.909974318689749 52.35808852532718),4.909974318689749,52.35808852532718
198001,20210069177,2021,Uitsluitend materiele schade,1,fiets,unknown,Onbekend,Unknown,Unknown,30.0,Unknown,Unknown,Unknown,Daglicht,Unknown,Louis Couperusstraat,amsterdam,POINT (116743.62900000066 487714.9050000012),POINT (4.825394368082158 52.3759712029606),4.825394368082158,52.3759712029606
198005,20210070497,2021,Uitsluitend materiele schade,2,personenauto,bromfiets,Onbekend,"Kruispunt, 4 takken",Binnen,50.0,Niet brandend,ZOAB,Droog,Daglicht,Droog,Heemstedestraat,amsterdam,POINT (118363.98950000107 484978.80799999833),POINT (4.849487084256646 52.35149170361205),4.849487084256646,52.35149170361205
198049,20210093222,2021,Letsel,2,bestelauto,bromfiets,Flank,"Kruispunt, 4 takken",Binnen,50.0,Niet brandend,Overig asfalt,Droog,Daglicht,Droog,Woestduinstraat,amsterdam,POINT (118235.72599999979 484991.0993999988),POINT (4.847603261203144 52.351593602815946),4.847603261203144,52.351593602815946
198294,20210091226,2021,Uitsluitend materiele schade,2,snorfiets,fiets,Flank,"Kruispunt, 3 takken",Binnen,50.0,Niet brandend,Overig asfalt,Droog,Daglicht,Droog,Spaarndammerdijk,amsterdam,POINT (120353.0784999989 489427.1361999996),POINT (4.878221848959542 52.391599081581624),4.878221848959542,52.391599081581624
198477,20210093664,2021,Uitsluitend materiele schade,2,personenauto,fiets,Flank,"Kruispunt, 4 takken",Binnen,50.0,Niet brandend,Overig asfalt,Droog,Daglicht,Droog,Notweg,amsterdam,POINT (115021.40300000086 486554.08999999985),POINT (4.800242109504592 52.36541604861395),4.800242109504592,52.36541604861395
198542,20210092040,2021,Uitsluitend materiele schade,2,snorfiets,personenauto,Flank,"Kruispunt, 4 takken",Binnen,50.0,Niet brandend,Overig asfalt,Droog,Daglicht,Unknown,Lodewijk van Deysselstr,amsterdam,POINT (116343.72459999844 487842.0549999997),POINT (4.819507261176482 52.377085916058356),4.819507261176482,52.377085916058356
198621,20220081454,2022,Uitsluitend materiele schade,1,bromfiets,unknown,Voetganger,Rechte weg,Binnen,50.0,Niet brandend,Overig asfalt,Droog,Daglicht,Droog,Burg De Vlugtlaan,amsterdam,POINT (117342.74799999967 488088.02699999884),POINT (4.834150455138145 52.37936594659288),4.834150455138145,52.37936594659288
198626,20220103351,2022,Uitsluitend materiele schade,2,bestelauto,bromfiets,Frontaal,"Kruispunt, 4 takken",Binnen,50.0,Brandend,ZOAB,Nat,Duisternis,Regen,AMSTERDAM-SLOTERDIJK 2,amsterdam,POINT (118088.503800001 489434.19640000165),POINT (4.844954596110137 52.39151490151766),4.844954596110137,52.39151490151766
198773,20220035947,2022,Uitsluitend materiele schade,2,motor,bromfiets,Flank,Rechte weg,Binnen,30.0,Niet brandend,Klinkers,Droog,Daglicht,Droog,Elandsgracht,amsterdam,POINT (120562.99500000104 487003.6400000006),POINT (4.881553937181042 52.36983169474648),4.881553937181042,52.36983169474648
198802,20220036072,2022,Letsel,2,bromfiets,fiets,Flank,"Kruispunt, 4 takken",Binnen,50.0,Niet brandend,Beton,Nat,Daglicht,Droog,Osdorper Ban,amsterdam,POINT (115365.17909999937 486315.1904999986),POINT (4.805317309870286 52.363293926691476),4.805317309870286,52.363293926691476
198811,20220055564,2022,Uitsluitend materiele schade,2,e-bike,personenauto,Flank,"Kruispunt, 4 takken",Binnen,50.0,Niet brandend,Overig asfalt,Droog,Daglicht,Droog,Meer en Vaart,amsterdam,POINT (115635.71599999815 485547.13800000027),POINT (4.809378821086897 52.356410729440846),4.809378821086897,52.356410729440846
198823,20220081177,2022,Uitsluitend materiele schade,2,bromfiets,personenauto,Flank,Rechte weg,Binnen,50.0,Niet brandend,Klinkers,Droog,Daglicht,Droog,Reimerswaalstraat,amsterdam,POINT (114575.8209999986 486335.8590000011),POINT (4.793726686285061 52.36342215133242),4.793726686285061,52.36342215133242
198857,20220080350,2022,Uitsluitend materiele schade,2,personenauto,bromfiets,Flank,"Kruispunt, 4 takken",Binnen,50.0,Niet brandend,ZOAB,Droog,Daglicht,Unknown,Parnassusweg,amsterdam,POINT (119634.23800000176 483970.0491999984),POINT (4.868236140813284 52.34250890222829),4.868236140813284,52.34250890222829
198943,20220102137,2022,Uitsluitend materiele schade,2,personenauto,fiets,Flank,"Kruispunt, 3 takken",Binnen,50.0,Brandend,Overig asfalt,Droog,Duisternis,Droog,FIETSPAD,amsterdam,POINT (122072.61769999936 485743.94220000133),POINT (4.903842826171244 52.358602976821665),4.903842826171244,52.358602976821665
198966,20220102533,2022,Uitsluitend materiele schade,2,bromfiets,bromfiets,Flank,"Kruispunt, 4 takken",Binnen,50.0,Brandend,Overig asfalt,Droog,Duisternis,Droog,Droogbak,amsterdam,POINT (121468.22439999878 488085.04089999944),POINT (4.894737356665308 52.379606574093394),4.894737356665308,52.379606574093394
198986,20220102615,2022,Uitsluitend materiele schade,1,bromfiets,unknown,Eenzijdig,Rechte weg,Binnen,50.0,Brandend,Overig asfalt,Droog,Duisternis,Droog,Ceintuurbaan,amsterdam,POINT (121134.41699999943 485082.76199999824),POINT (4.890137447654207 52.35260370587461),4.890137447654207,52.35260370587461
199364,20230004007,2023,Letsel,2,personenauto,fiets,Flank,"Kruispunt, 4 takken",Binnen,30.0,Brandend,Overig asfalt,Droog,Duisternis,Droog,M Harpertszoon Trompstr,amsterdam,POINT (119258.88940000162 487235.68780000135),POINT (4.862381389059724 52.37183384485091),4.862381389059724,52.37183384485091
199578,20230020282,2023,Uitsluitend materiele schade,1,fiets,unknown,Onbekend,Unknown,Unknown,Unknown,Unknown,Unknown,Unknown,Duisternis,Unknown,Prins Hendrikkade,amsterdam,POINT (121565.63199999928 487992.97300000116),POINT (4.896177051982896 52.37878507433459),4.896177051982896,52.37878507433459
199712,20230004308,2023,Letsel,2,snorfiets,fiets,Flank,Rechte weg,Binnen,50.0,Brandend,Overig asfalt,Droog,Duisternis,Droog,Rozenstraat,amsterdam,POINT (120572.5850000009 487349.98999999836),POINT (4.881659270620872 52.37294504065738),4.881659270620872,52.37294504065738
199737,20210093226,2021,Letsel,2,personenauto,bromfiets,Flank,"Kruispunt, 4 takken",Binnen,30.0,Brandend,Klinkers,Droog,Duisternis,Droog,Bijlmerdreef,amsterdam,POINT (126624.59019999951 481586.14090000093),POINT (4.971012627399237 52.321489001319186),4.971012627399237,52.321489001319186
199906,20210090815,2021,Letsel,2,unknown,fiets,Eenzijdig,"Kruispunt, 4 takken",Binnen,Unknown,Brandend,Unknown,Droog,Duisternis,Droog,De Boelelaan,amsterdam,POINT (119657.40300000086 483143.70899999887),POINT (4.868662798792509 52.335083804816776),4.868662798792509,52.335083804816776
199985,20230004235,2023,Uitsluitend materiele schade,3,snorfiets,fiets,Onbekend,Rechte weg,Binnen,30.0,Niet brandend,Overig asfalt,Droog,Daglicht,Droog,De Ruijterkade,amsterdam,POINT (121488.5549999997 488398.7010000013),POINT (4.895004646066382 52.3824267658551),4.895004646066382,52.3824267658551
200045,20210046825,2021,Letsel,2,bestelauto,fiets,Frontaal,"Kruispunt, 3 takken",Binnen,30.0,Niet brandend,Overig asfalt,Droog,Daglicht,Droog,Zuideinde,amsterdam,POINT (121462.05330000073 492458.34109999985),POINT (4.894209741188616 52.41891011032826),4.894209741188616,52.41891011032826
200090,20220178048,2022,Uitsluitend materiele schade,1,bromfiets,unknown,Voetganger,"Kruispunt, 3 takken",Binnen,Unknown,Niet brandend,Overig asfalt,Droog,Daglicht,Regen,Asingaborg,amsterdam,POINT (119788.33300000057 483132.7259999998),POINT (4.8705848578912105 52.33499349885424),4.8705848578912105,52.33499349885424
200136,20220177458,2022,Uitsluitend materiele schade,2,bromfiets,personenauto,Flank,Rechte weg,Binnen,50.0,Brandend,Overig asfalt,Droog,Schemer,Droog,Meteorenweg,amsterdam,POINT (120708.2650000006 491911.54300000146),POINT (4.883185668578649 52.413949310566736),4.883185668578649,52.413949310566736
200181,20220142226,2022,Uitsluitend materiele schade,2,bromfiets,unknown,Flank,Rechte weg,Binnen,50.0,Niet brandend,Overig asfalt,Droog,Daglicht,Droog,Burg Van Leeuwenlaan,amsterdam,POINT (115875.18499999866 487844.04100000113),POINT (4.8126264960101635 52.377070576738326),4.8126264960101635,52.377070576738326
200197,20220177929,2022,Uitsluitend materiele schade,2,bromfiets,fiets,Frontaal,Rechte weg,Binnen,50.0,Niet brandend,Klinkers,Droog,Daglicht,Droog,Prins Bernhardplein,amsterdam,POINT (123078.28000000119 484647.0780000016),POINT (4.918709155922917 52.34880442651725),4.918709155922917,52.34880442651725
200331,20220142567,2022,Letsel,2,bromfiets,voetganger,Voetganger,Rechte weg,Binnen,50.0,Brandend,Klinkers,Droog,Duisternis,Droog,Dam,amsterdam,POINT (121367 487359),POINT (4.893323435866468 52.37307524642131),4.893323435866468,52.37307524642131
200524,20220124143,2022,Uitsluitend materiele schade,3,bestelauto,fiets,Los voorwerp,"Kruispunt, 4 takken",Binnen,50.0,Niet brandend,ZOAB,Droog,Daglicht,Droog,Prins Hendrikkade,amsterdam,POINT (122710.16349999979 487112.6281000003),POINT (4.913070011303549 52.37094164666388),4.913070011303549,52.37094164666388
200566,20220141801,2022,Letsel,2,personenauto,snorfiets,Flank,"Kruispunt, 4 takken",Binnen,50.0,Niet brandend,Klinkers,Droog,Daglicht,Droog,Volendammerweg,amsterdam,POINT (126049.96860000119 489594.61890000105),POINT (4.961895463827024 52.39343436260851),4.961895463827024,52.39343436260851
200679,20230058168,2023,Letsel,3,snorfiets,personenauto,Flank,Rechte weg,Binnen,50.0,Niet brandend,Overig asfalt,Nat,Daglicht,Droog,Ceintuurbaan,amsterdam,POINT (121956.06500000134 485350.8920000009),POINT (4.902170545908774 52.355063506996295),4.902170545908774,52.355063506996295
200709,20230059536,2023,Uitsluitend materiele schade,2,e-bike,fiets,Flank,"Kruispunt, 3 takken",Binnen,50.0,Niet brandend,Klinkers,Droog,Daglicht,Droog,Olympiaplein,amsterdam,POINT (119557.8040000014 484416.08900000155),POINT (4.8670676023133925 52.346512677750894),4.8670676023133925,52.346512677750894
200723,20230050784,2023,Letsel,2,motor,fiets,Kop/staart,Rechte weg,Binnen,30.0,Niet brandend,Overig asfalt,Droog,Daglicht,Droog,Meer en Vaart,amsterdam,POINT (115488.86800000072 486017.91699999943),POINT (4.8071680511140045 52.36063117940749),4.8071680511140045,52.36063117940749
200756,20230039790,2023,Uitsluitend materiele schade,1,snorfiets,unknown,Voetganger,Rechte weg,Binnen,30.0,Niet brandend,Klinkers,Droog,Daglicht,Droog,Oudezijds Achterburgwal,amsterdam,POINT (121751.65900000185 487408.6229999997),POINT (4.8989668210461685 52.37354464751325),4.8989668210461685,52.37354464751325
200761,20230050853,2023,Letsel,2,personenauto,fiets,Geparkeerd voertuig,Rechte weg,Binnen,50.0,Niet brandend,Klinkers,Droog,Daglicht,Droog,Nieuwendammerdijk,amsterdam,POINT (123813.54399999976 489386.9530000016),POINT (4.929060098529808 52.39144548400032),4.929060098529808,52.39144548400032
200904,20230049962,2023,Letsel,2,bromfiets,e-bike,Flank,"Kruispunt, 3 takken",Binnen,30.0,Niet brandend,Overig asfalt,Droog,Daglicht,Droog,Chet Bakerstraat,amsterdam,POINT (116855.36510000005 484228.7325000018),POINT (4.827430587965325 52.344647921335145),4.827430587965325,52.344647921335145
200972,20220211569,2022,Uitsluitend materiele schade,3,personenauto,fiets,Flank,"Kruispunt, 4 takken",Binnen,50.0,Brandend,Overig asfalt,Nat,Duisternis,Regen,Parlevinkerpad,amsterdam,POINT (122918.24599999934 491060.7809999995),POINT (4.915748169634814 52.40643702122946),4.915748169634814,52.40643702122946
201131,20220211089,2022,Uitsluitend materiele schade,2,bromfiets,fiets,Flank,Rechte weg,Binnen,50.0,Niet brandend,Overig asfalt,Droog,Daglicht,Droog,Willem de Zwijgerlaan,amsterdam,POINT (119282.20499999821 487721.99599999934),POINT (4.8626720576564715 52.37620593719865),4.8626720576564715,52.37620593719865
201158,20220211798,2022,Uitsluitend materiele schade,2,bestelauto,fiets,Onbekend,"Kruispunt, 4 takken",Binnen,50.0,Niet brandend,Overig asfalt,Droog,Daglicht,Droog,Hoofdweg,amsterdam,POINT (118636.6400000006 486391.7857000008),POINT (4.85333592987145 52.364208630674504),4.85333592987145,52.364208630674504
201221,20220211227,2022,Uitsluitend materiele schade,2,personenauto,fiets,Frontaal,"Kruispunt, 4 takken",Binnen,30.0,Brandend,Klinkers,Nat,Duisternis,Regen,Hemonystraat,amsterdam,POINT (121943.44330000132 485662.567400001),POINT (4.901954657496992 52.35786387744737),4.901954657496992,52.35786387744737
201320,20220210646,2022,Uitsluitend materiele schade,2,bromfiets,bestelauto,Flank,"Kruispunt, 4 takken",Binnen,50.0,Niet brandend,Overig asfalt,Droog,Daglicht,Droog,Jan van Galenstraat,amsterdam,POINT (118622 487430),POINT (4.853008651567407 52.37353835490957),4.853008651567407,52.37353835490957
201321,20220211997,2022,Uitsluitend materiele schade,2,fiets,vrachtauto,Kop/staart,Bocht,Binnen,50.0,Niet brandend,Overig asfalt,Droog,Daglicht,Droog,Verbindingsdam,amsterdam,POINT (124356.24500000104 487730.256000001),POINT (4.937183533559667 52.376586792191006),4.937183533559667,52.376586792191006
201860,20230111963,2023,Uitsluitend materiele schade,2,bromfiets,fiets,Voetganger,Rechte weg,Binnen,30.0,Brandend,ZOAB,Nat,Duisternis,Regen,Weteringschans,amsterdam,POINT (120914.3909999989 486054.6279999986),POINT (4.886809623000567 52.361324564275286),4.886809623000567,52.361324564275286
201953,20230024328,2023,Letsel,1,bromfiets,unknown,Eenzijdig,Rechte weg,Binnen,30.0,Niet brandend,Klinkers,Droog,Daglicht,Droog,Willem de Zwijgerlaan,amsterdam,POINT (119257.2650000006 487997.6550000012),POINT (4.862276494640258 52.37868172987846),4.862276494640258,52.37868172987846
201974,20230020387,2023,Letsel,2,bromfiets,fiets,Frontaal,Rechte weg,Binnen,80.0,Niet brandend,Beton,Nat,Schemer,Regen,Provincialeweg,amsterdam,POINT (129014.20499999821 480243.97199999914),POINT (5.006164571199677 52.30954434663286),5.006164571199677,52.30954434663286
202046,20230067707,2023,Uitsluitend materiele schade,1,fiets,unknown,Voetganger,Rechte weg,Binnen,Unknown,Niet aanwezig,ZOAB,Droog,Daglicht,Unknown,Jan Evertsenstraat,amsterdam,POINT (117164.72700000182 487112.561999999),POINT (4.831645888639217 52.3705869935899),4.831645888639217,52.3705869935899
202049,20230079136,2023,Letsel,2,snorfiets,fiets,Onbekend,Rechte weg,Binnen,50.0,Niet brandend,ZOAB,Droog,Daglicht,Droog,Meer en Vaart,amsterdam,POINT (115436.9459999986 486122.8289999999),POINT (4.806393514484166 52.3615703082678),4.806393514484166,52.3615703082678