,accident_id,accident_year,outcome,num_parties,party1_type,party2_type,accident_nature,road_situation,built_up_area,speed_limit_kmh,street_lighting,road_surface,road_condition,light_condition,weather_condition,street_name,municipality,shape,geometry,longitude,latitude
202058,20230020492,2023,Uitsluitend materiele schade,1,bromfiets,unknown,Onbekend,Rechte weg,Binnen,50.0,Brandend,Overig asfalt,Nat,Duisternis,Regen,Cornelis Krusemanstraat,amsterdam,POINT (119212.1409999989 484921.6790000014),POINT (4.861941214263649 52.35103416468754),4.861941214263649,52.35103416468754
202134,20230074486,2023,Uitsluitend materiele schade,2,personenauto,fiets,Onbekend,Rechte weg,Binnen,30.0,Brandend,Overig asfalt,Droog,Duisternis,Droog,Kinkerstraat,amsterdam,POINT (119131.11300000176 486416.8920000009),POINT (4.8605925567987045 52.36446678106743),4.8605925567987045,52.36446678106743
202135,20230074683,2023,Letsel,2,personenauto,fiets,Frontaal,"Kruispunt, 4 takken",Binnen,30.0,Brandend,Klinkers,Droog,Duisternis,Droog,Nicolaas Beetsstraat,amsterdam,POINT (119469.45699999854 486528.3900000006),POINT (4.865547998896304 52.36549083499989),4.865547998896304,52.36549083499989
202150,20230020624,2023,Letsel,2,personenauto,fiets,Flank,"Kruispunt, 4 takken",Binnen,30.0,Brandend,Overig asfalt,Droog,Duisternis,Droog,Jan van Galenstraat,amsterdam,POINT (119621.79899999872 487718.27800000086),POINT (4.867659345917768 52.376194508383676),4.867659345917768,52.376194508383676
202152,20230024654,2023,Letsel,2,bromfiets,personenauto,Flank,"Kruispunt, 4 takken",Binnen,50.0,Brandend,Overig asfalt,Nat,Duisternis,Regen,Jan van Galenstraat,amsterdam,POINT (117624.3601000011 487349.8958999999),POINT (4.8383682720973376 52.37275144274491),4.8383682720973376,52.37275144274491
202192,20230036492,2023,Letsel,2,fiets,fiets,Kop/staart,"Kruispunt, 4 takken",Binnen,30.0,Niet brandend,Klinkers,Droog,Daglicht,Droog,Govert Flinckstraat,amsterdam,POINT (121017.97140000015 485258.183699999),POINT (4.888410644827988 52.35417308761112),4.888410644827988,52.35417308761112
202335,20230088142,2023,Uitsluitend materiele schade,2,personenauto,fiets,Flank,"Kruispunt, 3 takken",Binnen,50.0,Niet brandend,Overig asfalt,Nat,Daglicht,Regen,Van Neckstraat,amsterdam,POINT (121090.20769999921 489234.5828000009),POINT (4.88906973508 52.38991459387023),4.88906973508,52.38991459387023
202560,20230087259,2023,Uitsluitend materiele schade,2,personenauto,fiets,Flank,Rechte weg,Binnen,30.0,Niet brandend,Klinkers,Droog,Daglicht,Droog,Jan Springerhof,amsterdam,POINT (114703.99799999967 487927.6479999982),POINT (4.795417559050422 52.37773725914188),4.795417559050422,52.37773725914188
202641,20230097948,2023,Uitsluitend materiele schade,2,bromfiets,fiets,Flank,"Kruispunt, 3 takken",Binnen,50.0,Brandend,Klinkers,Droog,Duisternis,Droog,Prins Hendrikkade,amsterdam,POINT (121721.85509999841 487780.4125000015),POINT (4.898492363041033 52.376884223060415),4.898492363041033,52.376884223060415
202709,20210080819,2021,Uitsluitend materiele schade,2,personenauto,bromfiets,Flank,"Kruispunt, 3 takken",Binnen,50.0,Brandend,Overig asfalt,Droog,Duisternis,Droog,SCHELLINGWOUDE 15,amsterdam,POINT (126389.61059999838 489035.95540000126),POINT (4.96693265964024 52.38843127817772),4.96693265964024,52.38843127817772
202738,20210083088,2021,Uitsluitend materiele schade,2,fiets,bromfiets,Frontaal,Rechte weg,Binnen,30.0,Niet aanwezig,Overig asfalt,Droog,Daglicht,Droog,Boymansweg,amsterdam,POINT (116865.68699999899 486540.39400000125),POINT (4.827320006236481 52.36542410815614),4.827320006236481,52.36542410815614
202855,20210086494,2021,Letsel,4,snorfiets,bestelauto,Flank,Rechte weg,Binnen,50.0,Niet brandend,Overig asfalt,Droog,Daglicht,Droog,Tussen Meer,amsterdam,POINT (114490.19099999964 485581.71599999815),POINT (4.792560435129765 52.35663821450801),4.792560435129765,52.35663821450801
202900,20210029320,2021,Letsel,2,fiets,e-bike,Flank,"Kruispunt, 3 takken",Binnen,50.0,Niet brandend,ZOAB,Droog,Daglicht,Droog,Stadhouderskade,amsterdam,POINT (121703.57899999991 485634.44299999997),POINT (4.898436505727996 52.35759662924934),4.898436505727996,52.35759662924934
202963,20210007980,2021,Uitsluitend materiele schade,1,bromfiets,unknown,Kop/staart,Rechte weg,Binnen,50.0,Niet brandend,Overig asfalt,Nat,Daglicht,Droog,Van Baerlestraat,amsterdam,POINT (120541.83999999985 485241.7580000013),POINT (4.881423854207915 52.35399581018821),4.881423854207915,52.35399581018821
203054,20210023727,2021,Uitsluitend materiele schade,2,bestelauto,snorfiets,Flank,"Kruispunt, 4 takken",Binnen,50.0,Niet brandend,Overig asfalt,Droog,Daglicht,Droog,Theodorus Dobbestraat,amsterdam,POINT (117476.56010000035 488051.62629999965),POINT (4.836119666915804 52.37904796766395),4.836119666915804,52.37904796766395
203136,20210002267,2021,Uitsluitend materiele schade,2,personenauto,bromfiets,Onbekend,Bocht,Binnen,50.0,Brandend,Overig asfalt,Droog,Duisternis,Droog,Buikslotermeerplein,amsterdam,POINT (124446 490254),POINT (4.938272000376835 52.39927346475112),4.938272000376835,52.39927346475112
203157,20210029131,2021,Uitsluitend materiele schade,1,bromfiets,unknown,Voetganger,Rechte weg,Binnen,50.0,Niet brandend,Overig asfalt,Droog,Daglicht,Unknown,Postjesweg,amsterdam,POINT (117735.20100000128 486385.8110000007),POINT (4.84010269447167 52.36409451611622),4.84010269447167,52.36409451611622
203218,20210033619,2021,Uitsluitend materiele schade,3,bromfiets,personenauto,Eenzijdig,Rechte weg,Binnen,50.0,Niet brandend,Overig asfalt,Droog,Daglicht,Droog,Mauritskade,amsterdam,POINT (122594.81300000101 485953.12999999896),POINT (4.911488044563223 52.36051406787703),4.911488044563223,52.36051406787703
203261,20210002443,2021,Letsel,1,fiets,unknown,Eenzijdig,"Kruispunt, 3 takken",Binnen,Unknown,Brandend,Klinkers,Sneeuw/ijzel,Duisternis,Regen,Johannes Vermeerplein,amsterdam,POINT (120695 485399),POINT (4.883655834742751 52.355418577408955),4.883655834742751,52.355418577408955
203476,20210070115,2021,Uitsluitend materiele schade,2,personenauto,fiets,Kop/staart,Rechte weg,Binnen,30.0,Brandend,Klinkers,Droog,Duisternis,Unknown,Eerste Oosterparkstraat,amsterdam,POINT (122823.04699999839 485604.59699999914),POINT (4.914871809484456 52.357395099398154),4.914871809484456,52.357395099398154
203478,20210035488,2021,Uitsluitend materiele schade,1,snorfiets,unknown,Onbekend,Unknown,Unknown,50.0,Unknown,Unknown,Unknown,Duisternis,Unknown,Nieuwezijds Voorburgwal,amsterdam,POINT (121340.76399999857 487648.80900000036),POINT (4.892909163951795 52.37567823577364),4.892909163951795,52.37567823577364
203481,20210037343,2021,Uitsluitend materiele schade,3,personenauto,fiets,Onbekend,"Kruispunt, 4 takken",Binnen,50.0,Niet brandend,Klinkers,Nat,Daglicht,Unknown,Okeghemstraat,amsterdam,POINT (119288.45499999821 484953.9985000007),POINT (4.863057809508924 52.351329594675086),4.863057809508924,52.351329594675086
203488,20210047889,2021,Uitsluitend materiele schade,2,bus,fiets,Flank,"Kruispunt, 4 takken",Binnen,50.0,Niet brandend,Beton,Droog,Daglicht,Droog,Van Speijkstraat,amsterdam,POINT (119121.6585999988 486894.36620000005),POINT (4.860402803018942 52.36875735070478),4.860402803018942,52.36875735070478
203497,20210056977,2021,Letsel,3,fiets,personenauto,Onbekend,"Kruispunt, 3 takken",Binnen,50.0,Niet brandend,Klinkers,Droog,Schemer,Droog,Kruislaan,amsterdam,POINT (123850.04349999875 483840.1700000018),POINT (4.9301101701724095 52.34159672658091),4.9301101701724095,52.34159672658091
203531,20210060674,2021,Uitsluitend materiele schade,3,fiets,fiets,Onbekend,Rechte weg,Binnen,50.0,Brandend,Overig asfalt,Droog,Duisternis,Unknown,Ceintuurbaan,amsterdam,POINT (121319.80999999866 485122.8660000004),POINT (4.892854467245355 52.35297552886028),4.892854467245355,52.35297552886028
203561,20210057963,2021,Letsel,2,personenauto,fiets,Flank,"Kruispunt, 3 takken",Binnen,50.0,Niet brandend,Overig asfalt,Droog,Daglicht,Droog,Dijkmanshuizenstraat,amsterdam,POINT (125550.81949999928 489878.3894999996),POINT (4.954537702963636 52.395958142021136),4.954537702963636,52.395958142021136
203593,20210046815,2021,Uitsluitend materiele schade,2,personenauto,fiets,Onbekend,Unknown,Unknown,50.0,Unknown,Unknown,Unknown,Daglicht,Unknown,Van der Hoopstraat,amsterdam,POINT (120066.09200000018 488633.8280000016),POINT (4.874088539973774 52.384451237258695),4.874088539973774,52.384451237258695
203670,20210064501,2021,Uitsluitend materiele schade,2,fiets,fiets,Onbekend,Rotonde,Binnen,Unknown,Niet brandend,Overig asfalt,Droog,Daglicht,Droog,Rozenburglaan,amsterdam,POINT (124439.79100000113 483605.21599999815),POINT (4.938785187168075 52.33951820741923),4.938785187168075,52.33951820741923
203812,20210058758,2021,Uitsluitend materiele schade,2,trein/tram,fiets,Flank,"Kruispunt, 3 takken",Binnen,30.0,Niet brandend,Beton,Droog,Daglicht,Droog,Waterlooplein,amsterdam,POINT (122055.57239999995 486786.1576000005),POINT (4.903490510890662 52.3679686776376),4.903490510890662,52.3679686776376
203858,20210088331,2021,Letsel,3,personenauto,fiets,Onbekend,Rechte weg,Binnen,50.0,Niet brandend,Overig asfalt,Droog,Daglicht,Droog,Molukkenstraat,amsterdam,POINT (124505.94799999893 486476.3909999989),POINT (4.939495687894517 52.36532621189425),4.939495687894517,52.36532621189425
204411,20220081343,2022,Letsel,2,personenauto,snorfiets,Frontaal,Rechte weg,Binnen,50.0,Niet brandend,Overig asfalt,Droog,Daglicht,Droog,Buiksloterdijk,amsterdam,POINT (122320.20100000128 491025.02699999884),POINT (4.906963396353082 52.406080392706016),4.906963396353082,52.406080392706016
204422,20220016403,2022,Uitsluitend materiele schade,2,personenauto,e-bike,Flank,"Kruispunt, 4 takken",Unknown,50.0,Brandend,Overig asfalt,Nat,Duisternis,Droog,Burgemeester Röellstraat,amsterdam,POINT (116874 487549),POINT (4.82732765260282 52.37448924814632),4.82732765260282,52.37448924814632
204454,20220016589,2022,Uitsluitend materiele schade,2,personenauto,snorfiets,Flank,Rechte weg,Binnen,50.0,Niet brandend,Overig asfalt,Droog,Daglicht,Droog,Amstelveenseweg,amsterdam,POINT (118771.05799999833 485328.05999999866),POINT (4.855423887958066 52.35465752104136),4.855423887958066,52.35465752104136
204475,20220080808,2022,Letsel,2,bromfiets,overig vast object,Vast voorwerp,Rechte weg,Binnen,30.0,Niet brandend,Klinkers,Droog,Daglicht,Droog,Delflandlaan,amsterdam,POINT (117772.35200000182 484902.6550000012),POINT (4.840812253364385 52.35076752973598),4.840812253364385,52.35076752973598
204476,20220081504,2022,Uitsluitend materiele schade,2,personenauto,fiets,Flank,"Kruispunt, 3 takken",Binnen,50.0,Brandend,Overig asfalt,Droog,Duisternis,Droog,De Clercqstraat,amsterdam,POINT (119525.63980000094 487029.2404999994),POINT (4.866319987455948 52.36999574510904),4.866319987455948,52.36999574510904
204530,20220016744,2022,Letsel,2,bromfiets,e-bike,Flank,"Kruispunt, 4 takken",Binnen,30.0,Brandend,Overig asfalt,Droog,Duisternis,Droog,IJburglaan,amsterdam,POINT (127604.44700000063 485963.5304999985),POINT (4.9850279788618375 52.3608802053993),4.9850279788618375,52.3608802053993
204543,20220055306,2022,Letsel,1,fiets,unknown,Eenzijdig,Rechte weg,Binnen,30.0,Niet brandend,Overig asfalt,Droog,Daglicht,Droog,Jodenbreestraat,amsterdam,POINT (122090.31899999827 486850.8900000006),POINT (4.9039943313273495 52.36855253097672),4.9039943313273495,52.36855253097672
204752,20220102052,2022,Uitsluitend materiele schade,2,personenauto,fiets,Flank,"Kruispunt, 4 takken",Binnen,50.0,Niet brandend,Overig asfalt,Droog,Daglicht,Droog,Mercatorstraat,amsterdam,POINT (118413.65019999817 487364.05959999934),POINT (4.849956428965846 52.37293189031246),4.849956428965846,52.37293189031246
204755,20220102135,2022,Uitsluitend materiele schade,2,fiets,personenauto,Flank,Rechte weg,Binnen,Unknown,Niet brandend,Overig asfalt,Droog,Daglicht,Unknown,Nassaukade,amsterdam,POINT (120267.71499999985 486658.06500000134),POINT (4.877254106416452 52.366707319844444),4.877254106416452,52.366707319844444
204780,20220102758,2022,Uitsluitend materiele schade,2,personenauto,bromfiets,Flank,"Kruispunt, 4 takken",Binnen,50.0,Niet brandend,Overig asfalt,Droog,Daglicht,Droog,Burg Rendorpstraat,amsterdam,POINT (116934.46460000053 487780.7281000018),POINT (4.828189279840021 52.37657603217465),4.828189279840021,52.37657603217465
204812,20220102623,2022,Uitsluitend materiele schade,2,personenauto,bromfiets,Flank,"Kruispunt, 4 takken",Binnen,50.0,Niet brandend,Overig asfalt,Droog,Daglicht,Droog,FIETSPAD,amsterdam,POINT (124579.41120000184 479275.3658000007),POINT (4.9412246251175 52.300611703732),4.9412246251175,52.300611703732
204813,20220103164,2022,Uitsluitend materiele schade,2,bromfiets,personenauto,Flank,"Kruispunt, 3 takken",Binnen,50.0,Niet brandend,Overig asfalt,Droog,Daglicht,Droog,Anske Lammingastraat,amsterdam,POINT (116575.72179999948 485512.1345000006),POINT (4.823180447000205 52.35616269410775),4.823180447000205,52.35616269410775
204841,20220102726,2022,Uitsluitend materiele schade,2,personenauto,fiets,Flank,"Kruispunt, 4 takken",Binnen,50.0,Niet brandend,ZOAB,Droog,Daglicht,Droog,Bloemgracht,amsterdam,POINT (120206.20100000128 487469.3680000007),POINT (4.8762669961352305 52.37399483073155),4.8762669961352305,52.37399483073155
204886,20220015775,2022,Letsel,1,e-bike,unknown,Eenzijdig,Rechte weg,Binnen,50.0,Niet brandend,Overig asfalt,Nat,Daglicht,Droog,Amstelstraat,amsterdam,POINT (121738.08799999952 486592.0480000004),POINT (4.898848341969997 52.36620501925296),4.898848341969997,52.36620501925296
204900,20220055054,2022,Letsel,1,bromfiets,unknown,Eenzijdig,Rechte weg,Binnen,50.0,Brandend,Unknown,Droog,Duisternis,Droog,Pieter Calandlaan,amsterdam,POINT (116558.54300000146 485511.99500000104),POINT (4.8229283098146745 52.35616023862477),4.8229283098146745,52.35616023862477
204930,20220015933,2022,Uitsluitend materiele schade,3,bromfiets,fiets,Frontaal,Rechte weg,Binnen,30.0,Niet brandend,ZOAB,Droog,Daglicht,Droog,Valentijnkade,amsterdam,POINT (125526.3909999989 485698.6570000015),POINT (4.954545404998119 52.358392128928344),4.954545404998119,52.358392128928344
204947,20230087807,2023,Uitsluitend materiele schade,2,personenauto,fiets,Onbekend,Unknown,Unknown,Unknown,Unknown,Unknown,Unknown,Daglicht,Unknown,Prins Hendrikkade,amsterdam,POINT (121780.42799999937 487762.5859999992),POINT (4.8993542778875385 52.376727557957345),4.8993542778875385,52.376727557957345
204973,20230111132,2023,Dodelijk,2,personenauto,fiets,Flank,"Kruispunt, 4 takken",Binnen,50.0,Niet brandend,Overig asfalt,Droog,Daglicht,Droog,Arent Janszoon Ernststr,amsterdam,POINT (119675 482823.2829999998),POINT (4.868954578675511 52.33220516036615),4.868954578675511,52.33220516036615
205184,20230004575,2023,Uitsluitend materiele schade,2,personenauto,fiets,Flank,Rotonde,Binnen,50.0,Niet brandend,Overig asfalt,Droog,Daglicht,Droog,Schipluidenlaan,amsterdam,POINT (117641.57860000059 485523.05249999836),POINT (4.838824078599955 52.356334329455684),4.838824078599955,52.356334329455684
205222,20230004404,2023,Uitsluitend materiele schade,1,fiets,unknown,Voetganger,Rechte weg,Binnen,50.0,Niet brandend,Klinkers,Droog,Daglicht,Droog,Amsteldijk,amsterdam,POINT (121458.31100000069 481732.6319999993),POINT (4.895224995285315 52.32251476116223),4.895224995285315,52.32251476116223
205257,20230004638,2023,Uitsluitend materiele schade,1,bromfiets,unknown,Onbekend,"Kruispunt, 3 takken",Binnen,50.0,Niet brandend,ZOAB,Droog,Daglicht,Droog,Schinkelkade,amsterdam,POINT (118580.97250000015 484912.27600000054),POINT (4.852678873554128 52.35090818626605),4.852678873554128,52.35090818626605
205294,20230004477,2023,Letsel,2,fiets,motor,Flank,"Kruispunt, 4 takken",Binnen,50.0,Brandend,Overig asfalt,Droog,Duisternis,Droog,Ruyschstraat,amsterdam,POINT (122499.25499999896 485612.2129999995),POINT (4.910118217981135 52.357444487671934),4.910118217981135,52.357444487671934
205332,20230004137,2023,Letsel,2,bromfiets,personenauto,Frontaal,Rechte weg,Binnen,50.0,Brandend,Overig asfalt,Nat,Duisternis,Droog,De Savornin Lohmanstraat,amsterdam,POINT (115584.1959999986 487566.28500000015),POINT (4.808385888001234 52.374553519607936),4.808385888001234,52.374553519607936
205792,20230004200,2023,Uitsluitend materiele schade,2,bestelauto,snorfiets,Flank,"Kruispunt, 3 takken",Binnen,50.0,Niet brandend,Overig asfalt,Nat,Daglicht,Regen,Nieuwe Tuinstraat,amsterdam,POINT (120311.53390000015 487734.2265000008),POINT (4.877786382945084 52.37638184953809),4.877786382945084,52.37638184953809
205816,20210091709,2021,Letsel,2,fiets,personenauto,Frontaal,Rechte weg,Binnen,30.0,Niet brandend,Overig asfalt,Droog,Daglicht,Droog,Koningin Wilhelminaplein,amsterdam,POINT (117771.93499999866 485204.37999999896),POINT (4.840772747984784 52.35347918481667),4.840772747984784,52.35347918481667
206002,20220177887,2022,Letsel,3,snorfiets,overig wegmeubilair,Vast voorwerp,Rechte weg,Binnen,50.0,Brandend,Overig asfalt,Nat,Duisternis,Regen,Radarweg,amsterdam,POINT (117473.47700000182 488996.15100000054),POINT (4.8359688707717545 52.387536394161884),4.8359688707717545,52.387536394161884
206003,20220177888,2022,Letsel,1,e-bike,unknown,Eenzijdig,Rechte weg,Binnen,30.0,Brandend,Klinkers,Nat,Duisternis,Unknown,Leidsestraat,amsterdam,POINT (120751.61400000006 486473.4210000001),POINT (4.8843774058640435 52.36507825751637),4.8843774058640435,52.36507825751637
206139,20220123705,2022,Uitsluitend materiele schade,1,fiets,unknown,Onbekend,Rechte weg,Binnen,30.0,Niet brandend,ZOAB,Nat,Daglicht,Regen,Van Baerlestraat,amsterdam,POINT (120275.51399999857 485886.59099999815),POINT (4.877448275272322 52.35977435193673),4.877448275272322,52.35977435193673
206150,20220142504,2022,Uitsluitend materiele schade,3,personenauto,fiets,Onbekend,"Kruispunt, 4 takken",Binnen,50.0,Niet brandend,Overig asfalt,Droog,Daglicht,Droog,Javastraat,amsterdam,POINT (123892.3440000005 486255.19299999997),POINT (4.930507590715959 52.36330382094795),4.930507590715959,52.36330382094795
206191,20220155325,2022,Uitsluitend materiele schade,2,fiets,fiets,Flank,"Kruispunt, 4 takken",Binnen,Unknown,Niet brandend,ZOAB,Droog,Daglicht,Droog,Christoffel Plantijnpad,amsterdam,POINT (116300.42199999839 485871.90729999915),POINT (4.81909816090234 52.35937673162389),4.81909816090234,52.35937673162389
206302,20220155573,2022,Letsel,2,bromfiets,voetganger,Voetganger,Rechte weg,Binnen,50.0,Niet brandend,ZOAB,Droog,Daglicht,Droog,Heemstedestraat,amsterdam,POINT (118355.39400000125 484986.73800000176),POINT (4.849360067325739 52.351562399558276),4.849360067325739,52.351562399558276
206320,20220124083,2022,Uitsluitend materiele schade,2,bromfiets,fiets,Onbekend,Bocht,Binnen,50.0,Unknown,Unknown,Droog,Daglicht,Unknown,Papaverweg,amsterdam,POINT (122488.58999999985 489829.9120000005),POINT (4.909553618745542 52.39534959181023),4.909553618745542,52.39534959181023
206334,20220155603,2022,Uitsluitend materiele schade,2,personenauto,fiets,Frontaal,"Kruispunt, 4 takken",Binnen,30.0,Brandend,Overig asfalt,Droog,Schemer,Droog,Houtkopersdwarsstraat,amsterdam,POINT (121981.26080000028 486903.48800000176),POINT (4.9023879280643285 52.369018699641934),4.9023879280643285,52.369018699641934
206335,20220155625,2022,Letsel,2,bromfiets,fiets,Flank,"Kruispunt, 4 takken",Binnen,50.0,Niet brandend,Overig asfalt,Droog,Daglicht,Droog,Parnassusweg,amsterdam,POINT (119688.76410000026 483152.4604999982),POINT (4.869121988544143 52.33516447276574),4.869121988544143,52.33516447276574
206403,20220124186,2022,Uitsluitend materiele schade,2,personenauto,bromfiets,Flank,Rechte weg,Binnen,50.0,Niet brandend,Overig asfalt,Nat,Daglicht,Regen,Van Woustraat,amsterdam,POINT (122038.10799999908 484940.4070000015),POINT (4.903414984015161 52.351379267927236),4.903414984015161,52.351379267927236
206405,20220124195,2022,Uitsluitend materiele schade,2,motor,fiets,Flank,"Kruispunt, 3 takken",Binnen,50.0,Niet brandend,ZOAB,Droog,Daglicht,Droog,Sarphatistraat,amsterdam,POINT (122174.14600000158 485973.0379999988),POINT (4.905310813012183 52.360668011771835),4.905310813012183,52.360668011771835
206632,20230058303,2023,Uitsluitend materiele schade,2,personenauto,fiets,Kop/staart,Rechte weg,Binnen,50.0,Niet brandend,Klinkers,Droog,Daglicht,Droog,Rokin,amsterdam,POINT (121347.06300000101 487293.0159999989),POINT (4.893037289888801 52.37248100758414),4.893037289888801,52.37248100758414
206663,20230059710,2023,Uitsluitend materiele schade,2,bromfiets,personenauto,Flank,"Kruispunt, 4 takken",Binnen,30.0,Niet brandend,Overig asfalt,Droog,Daglicht,Droog,Akoleienstraat,amsterdam,POINT (120351 487339),POINT (4.878406689109745 52.37283233374779),4.878406689109745,52.37283233374779
206800,20230048880,2023,Uitsluitend materiele schade,2,personenauto,bromfiets,Kop/staart,Rechte weg,Binnen,50.0,Niet brandend,Klinkers,Droog,Daglicht,Droog,Oosteinde,amsterdam,POINT (121903.4290000014 485819.5709999986),POINT (4.901351843955014 52.35927251079075),4.901351843955014,52.35927251079075
206892,20220212252,2022,Uitsluitend materiele schade,2,personenauto,fiets,Flank,Bocht,Binnen,30.0,Brandend,Klinkers,Nat,Duisternis,Mist,Lijnbaansgracht,amsterdam,POINT (120801.16200000048 486200.16699999943),POINT (4.885132622385043 52.36262552959532),4.885132622385043,52.36262552959532
206989,20220210111,2022,Letsel,1,fiets,unknown,Eenzijdig,Rechte weg,Binnen,30.0,Brandend,Klinkers,Droog,Duisternis,Droog,Herengracht,amsterdam,POINT (121238.41600000113 486482.3599999994),POINT (4.891523364473424 52.365188733089475),4.891523364473424,52.365188733089475
207258,20220211373,2022,Letsel,2,snorfiets,bestelauto,Kop/staart,"Kruispunt, 4 takken",Binnen,50.0,Niet brandend,Overig asfalt,Droog,Daglicht,Droog,Van Slingelandtstraat,amsterdam,POINT (119467.59160000086 488645.875599999),POINT (4.865296725611205 52.38452109822569),4.865296725611205,52.38452109822569
207302,20220210745,2022,Letsel,2,fiets,fiets,Frontaal,"Kruispunt, 4 takken",Binnen,30.0,Brandend,Klinkers,Nat,Duisternis,Droog,Zeedijk,amsterdam,POINT (121839.30460000038 487350.1488999985),POINT (4.900259583426527 52.37302442307114),4.900259583426527,52.37302442307114
207303,20220211435,2022,Letsel,1,fiets,unknown,Eenzijdig,Rechte weg,Binnen,50.0,Niet brandend,Unknown,Droog,Daglicht,Droog,Laan van Vlaanderen,amsterdam,POINT (116086.49199999869 484718.1469999999),POINT (4.816091295135992 52.348992506119295),4.816091295135992,52.348992506119295
207331,20220210765,2022,Letsel,2,fiets,fiets,Frontaal,Rechte weg,Binnen,30.0,Brandend,Klinkers,Droog,Duisternis,Droog,Termini,amsterdam,POINT (124007.88399999961 490615.36499999836),POINT (4.931801550700262 52.402496583557635),4.931801550700262,52.402496583557635
207359,20220212167,2022,Letsel,2,fiets,fiets,Onbekend,Rechte weg,Binnen,30.0,Brandend,Klinkers,Droog,Schemer,Droog,Prinsengracht,amsterdam,POINT (120793.92100000009 487792.3779999986),POINT (4.88486430309559 52.37693473629868),4.88486430309559,52.37693473629868
207645,20230111765,2023,Uitsluitend materiele schade,1,bromfiets,unknown,Eenzijdig,"Kruispunt, 3 takken",Binnen,30.0,Brandend,Klinkers,Nat,Duisternis,Droog,Jacob van Lennepkade,amsterdam,POINT (119808.96229999885 486463.1556000002),POINT (4.870539218133524 52.36492641268375),4.870539218133524,52.36492641268375
207671,20230111901,2023,Letsel,2,personenauto,bromfiets,Flank,Rechte weg,Binnen,50.0,Niet brandend,Klinkers,Nat,Daglicht,Droog,Zekeringstraat,amsterdam,POINT (118535.5859999992 489991.34699999914),POINT (4.851461683669482 52.39655201415283),4.851461683669482,52.39655201415283
207703,20230024256,2023,Uitsluitend materiele schade,1,fiets,unknown,Onbekend,Rechte weg,Binnen,30.0,Niet brandend,Klinkers,Droog,Daglicht,Droog,Herengracht,amsterdam,POINT (121435.6950000003 486474.23999999836),POINT (4.89442048346464 52.36512784691726),4.89442048346464,52.36512784691726
207827,20230023221,2023,Uitsluitend materiele schade,3,bromfiets,fiets,Onbekend,"Kruispunt, 4 takken",Binnen,30.0,Niet brandend,Overig asfalt,Droog,Daglicht,Droog,Polderweg,amsterdam,POINT (123659.76220000163 485583.5425999984),POINT (4.927155709908057 52.35725424342136),4.927155709908057,52.35725424342136
207841,20230067976,2023,Letsel,3,fiets,fiets,Onbekend,Rechte weg,Binnen,50.0,Niet brandend,Overig asfalt,Droog,Daglicht,Droog,Overtoom,amsterdam,POINT (119153.44000000134 485837.86499999836),POINT (4.860982060294046 52.359264364266295),4.860982060294046,52.359264364266295
207846,20230077522,2023,Letsel,2,bromfiets,bestelauto,Eenzijdig,Rechte weg,Binnen,50.0,Niet brandend,Overig asfalt,Droog,Daglicht,Droog,Gustav Mahlerlaan,amsterdam,POINT (119823.93400000036 483319.66099999845),POINT (4.871087642021741 52.33667582502782),4.871087642021741,52.33667582502782
207855,20230023269,2023,Letsel,2,personenauto,fiets,Frontaal,"Kruispunt, 4 takken",Binnen,50.0,Brandend,Overig asfalt,Droog,Duisternis,Droog,2e Van der Helststraat,amsterdam,POINT (121437.88599999994 485147.28400000185),POINT (4.894585061244837 52.35320220647382),4.894585061244837,52.35320220647382
207924,20230078880,2023,Letsel,2,bromfiets,personenauto,Geparkeerd voertuig,Rechte weg,Binnen,30.0,Niet brandend,Klinkers,Droog,Daglicht,Droog,Hemsterhuisstraat,amsterdam,POINT (116899.10799999908 486235.868999999),POINT (4.827845174391956 52.362689591342544),4.827845174391956,52.362689591342544
207979,20230020650,2023,Uitsluitend materiele schade,2,fiets,personenauto,Flank,"Kruispunt, 4 takken",Binnen,50.0,Niet brandend,Overig asfalt,Droog,Schemer,Droog,Jacob van Lennepstraat,amsterdam,POINT (119976.07690000162 486607.5603),POINT (4.872977611140594 52.366234899960915),4.872977611140594,52.366234899960915
208361,20230097214,2023,Uitsluitend materiele schade,3,vrachtauto,fiets,Onbekend,"Kruispunt, 4 takken",Binnen,50.0,Niet brandend,Overig asfalt,Nat,Schemer,Droog,Hondsrugweg,amsterdam,POINT (124690.2190000005 480217.8060000017),POINT (4.942764382888902 52.3090879648585),4.942764382888902,52.3090879648585
208375,20230087304,2023,Uitsluitend materiele schade,3,fiets,personenauto,Flank,Rechte weg,Binnen,50.0,Niet aanwezig,Klinkers,Droog,Daglicht,Droog,Spaarndammerstraat,amsterdam,POINT (120353.86100000143 489366.15900000185),POINT (4.8782396356130135 52.39105111424095),4.8782396356130135,52.39105111424095