,accident_id,accident_year,outcome,num_parties,party1_type,party2_type,accident_nature,road_situation,built_up_area,speed_limit_kmh,street_lighting,road_surface,road_condition,light_condition,weather_condition,street_name,municipality,shape,geometry,longitude,latitude
208493,20210087316,2021,Letsel,2,fiets,bromfiets,Flank,Rechte weg,Binnen,50.0,Niet brandend,Klinkers,Nat,Daglicht,Unknown,Bijlmerdreef,amsterdam,POINT (126565.2190000005 481551.993999999),POINT (4.970144713493876 52.3211790410906),4.970144713493876,52.3211790410906
208494,20210087332,2021,Letsel,2,snorfiets,personenauto,Flank,Rotonde,Binnen,50.0,Brandend,Overig asfalt,Droog,Duisternis,Droog,Plesmanlaan,amsterdam,POINT (114849.30319999903 484592.34650000185),POINT (4.797949646739081 52.347772902900175),4.797949646739081,52.347772902900175
208538,20210078633,2021,Letsel,2,bromfiets,voetganger,Voetganger,Rechte weg,Binnen,30.0,Niet brandend,Overig asfalt,Droog,Daglicht,Droog,IJburglaan,amsterdam,POINT (127454.50400000066 486083.2989999987),POINT (4.982817006453158 52.3619491152722),4.982817006453158,52.3619491152722
208649,20210087225,2021,Uitsluitend materiele schade,2,fiets,personenauto,Flank,"Kruispunt, 4 takken",Binnen,50.0,Niet brandend,Overig asfalt,Droog,Daglicht,Droog,Spaarndammerdijk,amsterdam,POINT (119195.3898999989 489522.27910000086),POINT (4.861205290109658 52.39237984767924),4.861205290109658,52.39237984767924
208768,20210020923,2021,Uitsluitend materiele schade,3,personenauto,fiets,Geparkeerd voertuig,Rechte weg,Binnen,50.0,Niet brandend,Klinkers,Droog,Daglicht,Droog,Westerkade,amsterdam,POINT (120273.40500000119 487568.66099999845),POINT (4.877243570778957 52.37489145789256),4.877243570778957,52.37489145789256
208851,20210028970,2021,Uitsluitend materiele schade,2,bestelauto,e-bike,Frontaal,Unknown,Binnen,50.0,Niet brandend,Overig asfalt,Droog,Daglicht,Droog,Matthijs Vermeulenpad,amsterdam,POINT (120207.60689999908 483668.5309000015),POINT (4.876680770951642 52.33983565293434),4.876680770951642,52.33983565293434
208971,20210033834,2021,Letsel,2,bromfiets,fiets,Flank,"Kruispunt, 4 takken",Binnen,30.0,Niet brandend,Overig asfalt,Droog,Daglicht,Droog,Weesperzijde,amsterdam,POINT (122291.44099999964 485493.09600000083),POINT (4.907079352384935 52.35636161021765),4.907079352384935,52.35636161021765
209022,20210019355,2021,Uitsluitend materiele schade,2,snorfiets,fiets,Flank,Rechte weg,Binnen,50.0,Niet brandend,Overig asfalt,Droog,Daglicht,Droog,Plesmanlaan,amsterdam,POINT (115916.96299999952 484964.74500000104),POINT (4.8135746845423615 52.35119670928171),4.8135746845423615,52.35119670928171
209094,20210002445,2021,Uitsluitend materiele schade,2,bromfiets,personenauto,Onbekend,Rechte weg,Binnen,30.0,Brandend,Klinkers,Droog,Duisternis,Droog,Keizersgracht,amsterdam,POINT (120803.60000000149 487170.5379999988),POINT (4.885069713586889 52.37134668939062),4.885069713586889,52.37134668939062
209120,20210012400,2021,Uitsluitend materiele schade,2,personenauto,bromfiets,Flank,"Kruispunt, 3 takken",Binnen,50.0,Niet brandend,Klinkers,Droog,Daglicht,Droog,Maasstraat,amsterdam,POINT (121482.3770999983 484188.76740000024),POINT (4.895333539703824 52.34459041116417),4.895333539703824,52.34459041116417
209173,20210080778,2021,Letsel,1,snorfiets,unknown,Eenzijdig,Rechte weg,Binnen,30.0,Niet brandend,Klinkers,Sneeuw/ijzel,Daglicht,Regen,Hakfort,amsterdam,POINT (125669.11499999836 479903.5480000004),POINT (4.957145110160465 52.30631663668841),4.957145110160465,52.30631663668841
209181,20210058775,2021,Letsel,3,bromfiets,personenauto,Flank,Rechte weg,Binnen,50.0,Niet brandend,ZOAB,Nat,Daglicht,Droog,Amsteldijk,amsterdam,POINT (122584.75299999863 484513.51999999955),POINT (4.911479071288601 52.34757520330902),4.911479071288601,52.34757520330902
209202,20210054752,2021,Uitsluitend materiele schade,2,snorfiets,bromfiets,Kop/staart,"Kruispunt, 4 takken",Binnen,50.0,Brandend,ZOAB,Droog,Duisternis,Droog,Linnaeusstraat,amsterdam,POINT (123543 485890),POINT (4.925413130903322 52.360001810585906),4.925413130903322,52.360001810585906
209205,20210055404,2021,Uitsluitend materiele schade,2,fiets,personenauto,Flank,"Kruispunt, 3 takken",Binnen,50.0,Brandend,Overig asfalt,Nat,Duisternis,Droog,Weteringschans,amsterdam,POINT (120898.76940000057 486028.8104999997),POINT (4.886582915980709 52.36109156499025),4.886582915980709,52.36109156499025
209234,20210054769,2021,Letsel,3,bromfiets,overig wegmeubilair,Vast voorwerp,Bocht,Binnen,50.0,Brandend,Overig asfalt,Droog,Duisternis,Droog,Gooiseweg,amsterdam,POINT (123907.25299999863 484143.19900000095),POINT (4.93092164714734 52.34432340396068),4.93092164714734,52.34432340396068
209387,20210072155,2021,Uitsluitend materiele schade,1,fiets,unknown,Onbekend,Bocht,Buiten,Unknown,Niet aanwezig,Overig asfalt,Nat,Daglicht,Unknown,Jaagpad,amsterdam,POINT (118129.10399999842 483748.72300000116),POINT (4.846174507138638 52.34042086761163),4.846174507138638,52.34042086761163
209413,20210068720,2021,Uitsluitend materiele schade,2,e-bike,fiets,Onbekend,Rotonde,Binnen,50.0,Brandend,Overig asfalt,Nat,Duisternis,Regen,Meeuwenlaan,amsterdam,POINT (123467.9840000011 488967.9112999998),POINT (4.924023157561213 52.387659689680525),4.924023157561213,52.387659689680525
209432,20210040602,2021,Letsel,2,personenauto,snorfiets,Flank,Rotonde,Binnen,50.0,Niet brandend,Overig asfalt,Droog,Daglicht,Droog,Cornelis Lelylaan,amsterdam,POINT (116881.5207999982 485729.05409999937),POINT (4.827644433021292 52.35813350576288),4.827644433021292,52.35813350576288
209563,20210065517,2021,Uitsluitend materiele schade,2,snorfiets,bestelauto,Flank,"Rechte weg, gescheiden rijbanen",Binnen,50.0,Niet brandend,Overig asfalt,Droog,Daglicht,Unknown,Pieter Calandlaan,amsterdam,POINT (115668.49100000039 485283.65900000185),POINT (4.809890705597986 52.354045132239946),4.809890705597986,52.354045132239946
209571,20210037051,2021,Letsel,2,bromfiets,personenauto,Frontaal,"Kruispunt, 4 takken",Binnen,50.0,Niet brandend,Overig asfalt,Droog,Daglicht,Droog,Turbinestraat,amsterdam,POINT (118636.71920000017 489462.9521000013),POINT (4.853004723723483 52.391809931618965),4.853004723723483,52.391809931618965
209625,20210067157,2021,Letsel,2,personenauto,fiets,Frontaal,Rechte weg,Binnen,50.0,Brandend,ZOAB,Nat,Duisternis,Regen,J.F. van Hengelstraat,amsterdam,POINT (124557.45969999954 487424.11400000006),POINT (4.940166129496294 52.37384658370301),4.940166129496294,52.37384658370301
209637,20210036516,2021,Uitsluitend materiele schade,3,fiets,fiets,Onbekend,Rechte weg,Binnen,Unknown,Niet brandend,Overig asfalt,Nat,Daglicht,Unknown,Kanaaldijk West,amsterdam,POINT (129863.86300000176 480667.4820000008),POINT (5.018591606768808 52.31339012392158),5.018591606768808,52.31339012392158
209650,20210065606,2021,Uitsluitend materiele schade,2,personenauto,e-bike,Flank,"Kruispunt, 4 takken",Binnen,50.0,Niet brandend,ZOAB,Droog,Daglicht,Unknown,Leuvenstraat,amsterdam,POINT (116320.75200000033 484416.70270000026),POINT (4.819563889559137 52.346299890564026),4.819563889559137,52.346299890564026
209651,20210065632,2021,Uitsluitend materiele schade,2,personenauto,snorfiets,Kop/staart,"Kruispunt, 3 takken",Binnen,50.0,Niet brandend,Overig asfalt,Droog,Daglicht,Droog,Stadionplein,amsterdam,POINT (118911.29470000044 484257.6121000014),POINT (4.857597047650138 52.34504632281341),4.857597047650138,52.34504632281341
209786,20210076258,2021,Uitsluitend materiele schade,2,bestelauto,bromfiets,Kop/staart,Rechte weg,Binnen,50.0,Niet brandend,Overig asfalt,Nat,Daglicht,Droog,Amstellandlaan,amsterdam,POINT (130816.55600000173 480311.5229999982),POINT (5.032587776578119 52.310233634096505),5.032587776578119,52.310233634096505
209828,20210092246,2021,Uitsluitend materiele schade,2,bromfiets,fiets,Flank,"Kruispunt, 4 takken",Binnen,50.0,Niet brandend,Overig asfalt,Nat,Daglicht,Droog,Wijttenbachstraat,amsterdam,POINT (123888.11129999906 486035.0342000015),POINT (4.930465819285362 52.36132493717997),4.930465819285362,52.36132493717997
209896,20230004125,2023,Uitsluitend materiele schade,2,personenauto,bromfiets,Onbekend,Unknown,Unknown,50.0,Unknown,Unknown,Unknown,Daglicht,Unknown,Volendammerweg,amsterdam,POINT (125796.67399999872 489484.31599999964),POINT (4.958183970783842 52.392429615897775),4.958183970783842,52.392429615897775
209971,20210091251,2021,Letsel,3,fiets,vrachtauto,Onbekend,Rechte weg,Binnen,50.0,Niet brandend,Overig asfalt,Droog,Daglicht,Droog,Rozengracht,amsterdam,POINT (120318 487326),POINT (4.877923465754311 52.37271341598058),4.877923465754311,52.37271341598058
210039,20219036359,2021,Uitsluitend materiele schade,1,fiets,unknown,Frontaal,Rechte weg,Binnen,50.0,Niet brandend,Overig asfalt,Droog,Daglicht,Droog,Nassaukade,amsterdam,POINT (120377.85399999842 488176.8060000017),POINT (4.8787146871001195 52.38036361440582),4.8787146871001195,52.38036361440582
210447,20220055520,2022,Uitsluitend materiele schade,2,fiets,personenauto,Frontaal,Rechte weg,Binnen,50.0,Niet brandend,Overig asfalt,Droog,Daglicht,Droog,Werengouw,amsterdam,POINT (125509.2949000001 489421.07719999924),POINT (4.953967809157808 52.39184590260271),4.953967809157808,52.39184590260271
210473,20220036086,2022,Uitsluitend materiele schade,2,personenauto,snorfiets,Flank,"Kruispunt, 4 takken",Binnen,50.0,Niet brandend,Overig asfalt,Droog,Daglicht,Droog,Bijlmerdreef,amsterdam,POINT (126230.45100000128 481376.1770000011),POINT (4.965249729556529 52.31958148383823),4.965249729556529,52.31958148383823
210481,20220055636,2022,Uitsluitend materiele schade,2,personenauto,fiets,Onbekend,"Kruispunt, 4 takken",Binnen,50.0,Niet brandend,Klinkers,Droog,Daglicht,Droog,Nolensstraat,amsterdam,POINT (115026.3841000013 487666.10080000013),POINT (4.800182993701491 52.375410256167854),4.800182993701491,52.375410256167854
210600,20220102349,2022,Uitsluitend materiele schade,1,fiets,unknown,Onbekend,"Kruispunt, 4 takken",Binnen,50.0,Brandend,Overig asfalt,Nat,Duisternis,Regen,Tweede Kostverlorenkade,amsterdam,POINT (119458.48900000006 487040.5229999982),POINT (4.865332831456794 52.37009280216857),4.865332831456794,52.37009280216857
210601,20220103167,2022,Uitsluitend materiele schade,1,e-bike,unknown,Voetganger,Rechte weg,Binnen,50.0,Niet brandend,Klinkers,Droog,Daglicht,Droog,Flevopark,amsterdam,POINT (125292.89200000092 486152.19000000134),POINT (4.951077784364765 52.362455623081594),4.951077784364765,52.362455623081594
210652,20220054888,2022,Letsel,2,personenauto,fiets,Flank,"Kruispunt, 4 takken",Binnen,50.0,Niet brandend,Klinkers,Droog,Daglicht,Droog,Joh.M. Coenenstraat,amsterdam,POINT (120424.65349999815 484992.41589999944),POINT (4.87972946712184 52.35174753305182),4.87972946712184,52.35174753305182
210685,20220054967,2022,Uitsluitend materiele schade,2,bestelauto,fiets,Voetganger,"Kruispunt, 4 takken",Binnen,30.0,Niet brandend,Overig asfalt,Droog,Daglicht,Droog,Bosboom Toussaintstraat,amsterdam,POINT (120125.41220000014 486503.382100001),POINT (4.875180896966023 52.36530812347228),4.875180896966023,52.36530812347228
210929,20230059826,2023,Uitsluitend materiele schade,2,bestelauto,fiets,Onbekend,Unknown,Unknown,Unknown,Unknown,Unknown,Unknown,Daglicht,Unknown,Haarlemmerplein,amsterdam,POINT (120671.81399999931 488705.3269999996),POINT (4.882977858426174 52.38513202982345),4.882977858426174,52.38513202982345
210982,20230006084,2023,Uitsluitend materiele schade,2,bromfiets,fiets,Flank,Rechte weg,Binnen,30.0,Niet brandend,Overig asfalt,Droog,Daglicht,Droog,Spaklerweg,amsterdam,POINT (123355.97300000116 483050.9770000018),POINT (4.922934579584487 52.3344757230173),4.922934579584487,52.3344757230173
211036,20230004086,2023,Uitsluitend materiele schade,2,personenauto,fiets,Flank,"Kruispunt, 3 takken",Binnen,30.0,Brandend,Overig asfalt,Droog,Duisternis,Droog,Stadhouderskade,amsterdam,POINT (121319.8636999987 485662.7672000006),POINT (4.892801202072413 52.357827798097624),4.892801202072413,52.357827798097624
211037,20230004451,2023,Letsel,2,bestelauto,fiets,Flank,"Kruispunt, 4 takken",Binnen,50.0,Niet brandend,Overig asfalt,Nat,Daglicht,Regen,Hobbemakade,amsterdam,POINT (120872.0203000009 485051.2910999991),POINT (4.886289416391227 52.35230463158546),4.886289416391227,52.35230463158546
211440,20210051692,2021,Letsel,2,personenauto,fiets,Flank,"Kruispunt, 4 takken",Binnen,30.0,Brandend,Overig asfalt,Droog,Schemer,Droog,De Ruijterkade,amsterdam,POINT (122503.16930000111 487823.2963999994),POINT (4.909961954935388 52.377316430975746),4.909961954935388,52.377316430975746
211477,20210064154,2021,Letsel,2,bromfiets,fiets,Frontaal,"Kruispunt, 4 takken",Binnen,30.0,Niet brandend,Overig asfalt,Droog,Daglicht,Unknown,Kruislaan,amsterdam,POINT (125108.42870000005 485056.8225999996),POINT (4.948467112531704 52.352601137942116),4.948467112531704,52.352601137942116
211621,20210092247,2021,Letsel,3,bromfiets,personenauto,Onbekend,"Kruispunt, 4 takken",Binnen,50.0,Niet brandend,Overig asfalt,Nat,Daglicht,Regen,Hugo de Grootkade,amsterdam,POINT (120118.78669999912 487409.62319999933),POINT (4.8749895911405305 52.37345234233326),4.8749895911405305,52.37345234233326
211648,20210069182,2021,Letsel,2,bromfiets,personenauto,Flank,"Kruispunt, 4 takken",Binnen,50.0,Brandend,Overig asfalt,Nat,Duisternis,Droog,De Savornin Lohmanstraat,amsterdam,POINT (115698 487544),POINT (4.810059616922694 52.37436139764761),4.810059616922694,52.37436139764761
211656,20220177683,2022,Uitsluitend materiele schade,2,personenauto,fiets,Flank,Rechte weg,Binnen,30.0,Brandend,Overig asfalt,Droog,Duisternis,Droog,De Clercqstraat,amsterdam,POINT (119998.53000000119 487207.2430000007),POINT (4.873244819869726 52.37162584497748),4.873244819869726,52.37162584497748
211691,20220177400,2022,Uitsluitend materiele schade,2,personenauto,fiets,Kop/staart,"Kruispunt, 3 takken",Binnen,50.0,Brandend,Klinkers,Droog,Duisternis,Droog,Watersteeg,amsterdam,POINT (121283.46700000018 486955.79300000146),POINT (4.892137291390595 52.36944638466738),4.892137291390595,52.36944638466738
211705,20220123191,2022,Letsel,2,fiets,voetganger,Voetganger,Rechte weg,Binnen,30.0,Niet brandend,Klinkers,Nat,Daglicht,Droog,Keizersgracht,amsterdam,POINT (121186.58199999854 486338.15300000086),POINT (4.890776876864781 52.36388951251385),4.890776876864781,52.36388951251385
211736,20220123245,2022,Uitsluitend materiele schade,2,bestelauto,fiets,Flank,"Kruispunt, 3 takken",Binnen,30.0,Niet brandend,Klinkers,Nat,Daglicht,Regen,Notweg,amsterdam,POINT (115021.40300000086 486554.08999999985),POINT (4.800242109504592 52.36541604861395),4.800242109504592,52.36541604861395
211737,20220123325,2022,Letsel,2,personenauto,fiets,Flank,Rotonde,Binnen,50.0,Brandend,Overig asfalt,Droog,Daglicht,Droog,Burgemeester Röellstraat,amsterdam,POINT (116353.815200001 487667.91000000015),POINT (4.8196754705497415 52.37552155087834),4.8196754705497415,52.37552155087834
211747,20220142078,2022,Letsel,1,bromfiets,unknown,Eenzijdig,Unknown,Unknown,Unknown,Unknown,Unknown,Unknown,Duisternis,Unknown,Dr. D.M. Sluyspad,amsterdam,POINT (122270.9290000014 486658.86199999973),POINT (4.906664816665485 52.36683750763185),4.906664816665485,52.36683750763185
211789,20220142195,2022,Letsel,2,bromfiets,personenauto,Flank,Rechte weg,Binnen,50.0,Niet brandend,Overig asfalt,Nat,Daglicht,Regen,Ookmeerweg,amsterdam,POINT (114555.14600000158 486400.3605999984),POINT (4.793415408492655 52.36400031723458),4.793415408492655,52.36400031723458
211829,20220178267,2022,Letsel,2,personenauto,bromfiets,Flank,Rechte weg,Binnen,50.0,Niet brandend,Overig asfalt,Droog,Daglicht,Droog,Burg De Vlugtlaan,amsterdam,POINT (116894.13399999961 488205.0940000005),POINT (4.827548899501798 52.38038709734137),4.827548899501798,52.38038709734137
211845,20220142297,2022,Uitsluitend materiele schade,2,bromfiets,fiets,Flank,"Kruispunt, 4 takken",Binnen,50.0,Niet brandend,Overig asfalt,Droog,Daglicht,Droog,Sarphatistraat,amsterdam,POINT (122350.29199999943 486026.3500000015),POINT (4.907891427006411 52.361157641612415),4.907891427006411,52.361157641612415
211909,20220123757,2022,Letsel,2,personenauto,bromfiets,Onbekend,"Kruispunt, 3 takken",Binnen,50.0,Niet brandend,Overig asfalt,Droog,Daglicht,Droog,Tafelbergweg,amsterdam,POINT (125915.86549999937 477976.9305000007),POINT (4.960929009594575 52.289014272556265),4.960929009594575,52.289014272556265
211917,20220155274,2022,Uitsluitend materiele schade,2,bromfiets,e-bike,Frontaal,Rechte weg,Binnen,50.0,Brandend,Overig asfalt,Droog,Duisternis,Droog,Sloterdijkerweg,amsterdam,POINT (118425.76199999824 489122.2010000013),POINT (4.84994287336824 52.38873351233012),4.84994287336824,52.38873351233012
211979,20220123931,2022,Uitsluitend materiele schade,2,e-bike,fiets,Flank,"Kruispunt, 4 takken",Binnen,Unknown,Niet brandend,ZOAB,Droog,Daglicht,Unknown,Baden Powellweg,amsterdam,POINT (114583.69289999828 484920.5287999995),POINT (4.794012312409332 52.35070287602785),4.794012312409332,52.35070287602785
212026,20220155455,2022,Uitsluitend materiele schade,2,fiets,fiets,Onbekend,Rechte weg,Binnen,30.0,Niet brandend,Overig asfalt,Droog,Daglicht,Droog,Weteringschans,amsterdam,POINT (121386.15300000086 485847.5920000002),POINT (4.893755781559271 52.3594929371108),4.893755781559271,52.3594929371108
212027,20220155503,2022,Letsel,1,bromfiets,unknown,Eenzijdig,Unknown,Binnen,50.0,Brandend,Overig asfalt,Droog,Duisternis,Droog,Marnixstraat,amsterdam,POINT (120484.26399999857 488165.8139999993),POINT (4.880278583473512 52.38027152656313),4.880278583473512,52.38027152656313
212166,20220155710,2022,Letsel,2,personenauto,fiets,Flank,"Kruispunt, 4 takken",Binnen,50.0,Niet brandend,Overig asfalt,Droog,Daglicht,Droog,De Lairessestraat,amsterdam,POINT (120194.17929999903 485326.94209999964),POINT (4.876312235344029 52.35473947201889),4.876312235344029,52.35473947201889
212237,20230040196,2023,Uitsluitend materiele schade,2,bromfiets,overig vast object,Vast voorwerp,Rechte weg,Binnen,50.0,Brandend,Overig asfalt,Droog,Duisternis,Droog,Mauritskade,amsterdam,POINT (122687.19299999997 486003.23900000006),POINT (4.912839347024282 52.36096985581937),4.912839347024282,52.36096985581937
212239,20230040749,2023,Letsel,4,fiets,personenauto,Frontaal,"Kruispunt, 3 takken",Binnen,50.0,Brandend,Klinkers,Droog,Duisternis,Droog,Dammerweg,amsterdam,POINT (133025 476934),POINT (5.0651908994576855 52.27997049413434),5.0651908994576855,52.27997049413434
212304,20230058770,2023,Uitsluitend materiele schade,2,snorfiets,personenauto,Flank,"Kruispunt, 4 takken",Binnen,30.0,Niet brandend,Unknown,Nat,Daglicht,Regen,Surinameplein,amsterdam,POINT (118540.94929999858 485732.6206),POINT (4.8520025685130825 52.35827819605222),4.8520025685130825,52.35827819605222
212410,20230059734,2023,Letsel,2,bromfiets,fiets,Frontaal,Rechte weg,Binnen,30.0,Niet brandend,Overig asfalt,Nat,Daglicht,Regen,Wibautstraat,amsterdam,POINT (122587.52600000054 485459.70699999854),POINT (4.911428620404846 52.35607907926202),4.911428620404846,52.35607907926202
212510,20230049975,2023,Uitsluitend materiele schade,2,personenauto,bromfiets,Onbekend,Rechte weg,Binnen,30.0,Niet brandend,Overig asfalt,Droog,Daglicht,Droog,Joh.M. Coenenstraat,amsterdam,POINT (120512.20600000024 485040.5469999984),POINT (4.881009525008684 52.35218560464159),4.881009525008684,52.35218560464159
212540,20230039524,2023,Uitsluitend materiele schade,2,personenauto,fiets,Flank,"Kruispunt, 4 takken",Binnen,50.0,Niet brandend,ZOAB,Droog,Daglicht,Droog,Stadionweg,amsterdam,POINT (120660.4792000018 484660.2199999988),POINT (4.883224537588071 52.348776770629776),4.883224537588071,52.348776770629776
212591,20220212229,2022,Uitsluitend materiele schade,2,personenauto,fiets,Frontaal,"Kruispunt, 4 takken",Binnen,30.0,Niet brandend,Klinkers,Sneeuw/ijzel,Daglicht,Droog,Johan Kernstraat,amsterdam,POINT (116944.71880000085 485848.9063999988),POINT (4.82855854432295 52.35921502877573),4.82855854432295,52.35921502877573
212654,20220210974,2022,Uitsluitend materiele schade,2,personenauto,fiets,Geparkeerd voertuig,Rechte weg,Binnen,30.0,Niet brandend,Klinkers,Droog,Daglicht,Droog,Karspeldreef,amsterdam,POINT (127088.60599999875 480958.0089999996),POINT (4.977870345358476 52.315867426755275),4.977870345358476,52.315867426755275
212655,20220210978,2022,Uitsluitend materiele schade,2,bromfiets,personenauto,Flank,"Kruispunt, 3 takken",Binnen,50.0,Niet brandend,ZOAB,Droog,Daglicht,Droog,Tafelbergweg,amsterdam,POINT (125915.86549999937 477976.9305000007),POINT (4.960929009594575 52.289014272556265),4.960929009594575,52.289014272556265
212727,20220211712,2022,Uitsluitend materiele schade,2,bromfiets,bestelauto,Kop/staart,Rechte weg,Binnen,50.0,Niet brandend,Overig asfalt,Droog,Daglicht,Droog,Stadhouderskade,amsterdam,POINT (121258.94099999964 485680.686999999),POINT (4.891905129879547 52.35798511072149),4.891905129879547,52.35798511072149
212755,20220210179,2022,Letsel,2,snorfiets,voetganger,Voetganger,"Kruispunt, 4 takken",Binnen,30.0,Brandend,Overig asfalt,Nat,Duisternis,Regen,Frederik Hendrikplnts,amsterdam,POINT (120149.60000000149 488001.5560000017),POINT (4.875380664777479 52.37877415565512),4.875380664777479,52.37877415565512
212792,20220211796,2022,Uitsluitend materiele schade,2,fiets,personenauto,Flank,"Kruispunt, 4 takken",Binnen,50.0,Brandend,Overig asfalt,Droog,Duisternis,Droog,President Kennedylaan,amsterdam,POINT (121903.9525000006 483726.0097000003),POINT (4.901565434634373 52.34045699222385),4.901565434634373,52.34045699222385
212824,20220210476,2022,Uitsluitend materiele schade,2,bus,fiets,Flank,"Kruispunt, 4 takken",Binnen,50.0,Niet brandend,Overig asfalt,Nat,Daglicht,Droog,Van Beuningenplein,amsterdam,POINT (119751.71999999881 488282.94000000134),POINT (4.869507983190731 52.381277624543294),4.869507983190731,52.381277624543294
212936,20220211975,2022,Uitsluitend materiele schade,2,bromfiets,personenauto,Frontaal,Rechte weg,Binnen,50.0,Brandend,Overig asfalt,Nat,Duisternis,Mist,Willemsparkweg,amsterdam,POINT (120203.34499999881 485641.37000000104),POINT (4.876414242792789 52.35756591118482),4.876414242792789,52.35756591118482
213476,20230111954,2023,Letsel,2,bromfiets,personenauto,Flank,"Kruispunt, 4 takken",Binnen,30.0,Brandend,Beton,Droog,Schemer,Droog,Slatuinenweg,amsterdam,POINT (119321 487114.9770000018),POINT (4.863306198563006 52.37075302448818),4.863306198563006,52.37075302448818
213491,20230111468,2023,Uitsluitend materiele schade,2,bestelauto,fiets,Flank,Rechte weg,Binnen,30.0,Niet brandend,Overig asfalt,Nat,Daglicht,Regen,Aletta Jacobslaan,amsterdam,POINT (117048.02899999917 484479.43200000003),POINT (4.83022953824643 52.34691436310695),4.83022953824643,52.34691436310695
213519,20230067105,2023,Uitsluitend materiele schade,2,personenauto,bromfiets,Kop/staart,"Kruispunt, 3 takken",Binnen,50.0,Niet brandend,Overig asfalt,Nat,Daglicht,Regen,FIETSPAD,amsterdam,POINT (123204.91230000183 486231.8220000006),POINT (4.920417818433222 52.363054417840004),4.920417818433222,52.363054417840004
213547,20230066994,2023,Uitsluitend materiele schade,2,personenauto,fiets,Flank,"Kruispunt, 3 takken",Binnen,50.0,Niet brandend,Overig asfalt,Droog,Daglicht,Droog,Admiraal De Ruijterweg,amsterdam,POINT (118479.37339999899 488469.8376000002),POINT (4.850801305682657 52.38287414980765),4.850801305682657,52.38287414980765
213732,20230023385,2023,Uitsluitend materiele schade,2,personenauto,e-bike,Flank,Rotonde,Binnen,50.0,Niet brandend,Overig asfalt,Droog,Daglicht,Droog,Burgerweeshuispad,amsterdam,POINT (118642.72670000046 483822.4721999988),POINT (4.853702933958892 52.34111788861203),4.853702933958892,52.34111788861203
213745,20230077167,2023,Uitsluitend materiele schade,2,bestelauto,fiets,Onbekend,Rechte weg,Binnen,50.0,Niet brandend,ZOAB,Droog,Daglicht,Droog,Reinier Claeszenstraat,amsterdam,POINT (119221.82699999958 487547.93499999866),POINT (4.861803946230689 52.37463767644288),4.861803946230689,52.37463767644288
213790,20230020661,2023,Uitsluitend materiele schade,2,bromfiets,personenauto,Flank,"Kruispunt, 4 takken",Binnen,50.0,Niet brandend,Overig asfalt,Droog,Daglicht,Droog,Fridtjof Nansenhof,amsterdam,POINT (118190.69150000066 487321.98600000143),POINT (4.846687165677799 52.372538864599825),4.846687165677799,52.372538864599825
213817,20230022925,2023,Uitsluitend materiele schade,2,personenauto,bromfiets,Geparkeerd voertuig,Rechte weg,Binnen,50.0,Brandend,Overig asfalt,Droog,Duisternis,Droog,Amsteldijk,amsterdam,POINT (122103.35599999875 485634.4070000015),POINT (4.904304750009503 52.35762038936029),4.904304750009503,52.35762038936029
213820,20230024704,2023,Letsel,1,fiets,unknown,Eenzijdig,Rechte weg,Binnen,30.0,Brandend,Klinkers,Droog,Duisternis,Droog,Keizersgracht,amsterdam,POINT (120764.20499999821 487172.8229999989),POINT (4.884491032153418 52.37136477078345),4.884491032153418,52.37136477078345
213826,20230077871,2023,Letsel,1,bromfiets,unknown,Eenzijdig,Rechte weg,Binnen,50.0,Niet brandend,Unknown,Droog,Daglicht,Droog,Amsteldijk,amsterdam,POINT (121580.74100000039 482397.7650000006),POINT (4.896954724703837 52.328500017571194),4.896954724703837,52.328500017571194
213837,20230078938,2023,Letsel,2,personenauto,fiets,Flank,"Kruispunt, 4 takken",Binnen,50.0,Niet brandend,Overig asfalt,Droog,Daglicht,Droog,Van Nijenrodeweg,amsterdam,POINT (119677.99170000106 482322.34160000086),POINT (4.869050997028369 52.327703221584756),4.869050997028369,52.327703221584756
213849,20230024136,2023,Letsel,2,personenauto,fiets,Flank,"Kruispunt, 4 takken",Binnen,50.0,Niet aanwezig,Overig asfalt,Droog,Daglicht,Droog,Scheldestraat,amsterdam,POINT (121190.4386 484387.5846000016),POINT (4.891029528126299 52.346359366704334),4.891029528126299,52.346359366704334
213990,20230087580,2023,Letsel,2,bromfiets,personenauto,Geparkeerd voertuig,Rechte weg,Binnen,30.0,Niet brandend,Klinkers,Droog,Daglicht,Droog,Boomklokstraat,amsterdam,POINT (121384.5850000009 488190.31599999964),POINT (4.893498490833683 52.38054759607952),4.893498490833683,52.38054759607952
213991,20230088182,2023,Uitsluitend materiele schade,2,personenauto,fiets,Flank,"Kruispunt, 4 takken",Binnen,50.0,Brandend,Overig asfalt,Nat,Duisternis,Droog,Weesperstraat,amsterdam,POINT (122347.84200000018 486032.68400000036),POINT (4.9078548461124445 52.36121442172519),4.9078548461124445,52.36121442172519