,accident_id,accident_year,outcome,num_parties,party1_type,party2_type,accident_nature,road_situation,built_up_area,speed_limit_kmh,street_lighting,road_surface,road_condition,light_condition,weather_condition,street_name,municipality,shape,geometry,longitude,latitude
214161,20230086652,2023,Uitsluitend materiele schade,3,bromfiets,fiets,Frontaal,Rechte weg,Binnen,Unknown,Niet brandend,Overig asfalt,Droog,Daglicht,Droog,Stationsplein,amsterdam,POINT (122015.62999999896 487818.34899999946),POINT (4.902802773048826 52.37724289584683),4.902802773048826,52.37724289584683
214223,20230097880,2023,Uitsluitend materiele schade,2,fiets,personenauto,Flank,"Kruispunt, 4 takken",Binnen,50.0,Niet brandend,Overig asfalt,Nat,Daglicht,Droog,President Allendelaan,amsterdam,POINT (116188.4990000017 487087.39400000125),POINT (4.8173149139057365 52.37029267647652),4.8173149139057365,52.37029267647652
214225,20230097881,2023,Uitsluitend materiele schade,2,motor,bromfiets,Flank,"Kruispunt, 4 takken",Binnen,50.0,Niet brandend,Klinkers,Droog,Daglicht,Droog,0079 BRUG,amsterdam,POINT (120917.89609999955 485640.08850000054),POINT (4.886903084649638 52.35759918754495),4.886903084649638,52.35759918754495
214243,20230102957,2023,Uitsluitend materiele schade,3,personenauto,fiets,Onbekend,Rotonde,Binnen,50.0,Brandend,Klinkers,Nat,Duisternis,Regen,Meeuwenlaan,amsterdam,POINT (123499.73119999841 488932.9732000008),POINT (4.924492761966159 52.38734751336917),4.924492761966159,52.38734751336917
214308,20210087319,2021,Letsel,1,fiets,unknown,Eenzijdig,"Kruispunt, 4 takken",Binnen,Unknown,Unknown,Unknown,Droog,Duisternis,Unknown,Nassaukade,amsterdam,POINT (120347.57840000093 486539.8332000002),POINT (4.878438826936818 52.36564978137321),4.878438826936818,52.36564978137321
214339,20210080847,2021,Letsel,2,fiets,unknown,Eenzijdig,Rechte weg,Binnen,50.0,Niet brandend,Overig asfalt,Nat,Daglicht,Regen,Nieuwezijds Voorburgwal,amsterdam,POINT (121177.67599999905 487398.09800000116),POINT (4.890539489241074 52.37341500318253),4.890539489241074,52.37341500318253
214454,20210087208,2021,Uitsluitend materiele schade,3,personenauto,fiets,Onbekend,"Kruispunt, 4 takken",Binnen,30.0,Brandend,Overig asfalt,Droog,Duisternis,Droog,Singel,amsterdam,POINT (121312 486694),POINT (4.892582466097354 52.36709532382749),4.892582466097354,52.36709532382749
214528,20210009887,2021,Letsel,2,personenauto,fiets,Flank,Rechte weg,Binnen,30.0,Niet brandend,Klinkers,Nat,Daglicht,Unknown,Arent Janszoon Ernststr,amsterdam,POINT (120321.30000000075 482792.44000000134),POINT (4.878439196286358 52.331969110214914),4.878439196286358,52.331969110214914
214566,20210015136,2021,Uitsluitend materiele schade,2,bestelauto,bromfiets,Flank,"Kruispunt, 4 takken",Binnen,50.0,Niet brandend,Klinkers,Droog,Daglicht,Droog,Singel,amsterdam,POINT (120990.21730000153 487042.9807999991),POINT (4.887822778817154 52.370211885015216),4.887822778817154,52.370211885015216
214855,20210003038,2021,Uitsluitend materiele schade,2,personenauto,fiets,Onbekend,"Kruispunt, 4 takken",Binnen,30.0,Niet brandend,Klinkers,Nat,Daglicht,Regen,Rustenburgerstraat,amsterdam,POINT (121461.59380000085 485007.6294),POINT (4.894946949033256 52.35194853219995),4.894946949033256,52.35194853219995
214865,20210014283,2021,Letsel,2,fiets,bromfiets,Kop/staart,Rechte weg,Binnen,50.0,Niet brandend,Klinkers,Droog,Daglicht,Droog,Rokin,amsterdam,POINT (121338.5 487089.5),POINT (4.892931934656741 52.37065142487109),4.892931934656741,52.37065142487109
214873,20210028960,2021,Uitsluitend materiele schade,2,bromfiets,personenauto,Onbekend,Unknown,Unknown,30.0,Unknown,Unknown,Unknown,Duisternis,Unknown,Baweanstraat,amsterdam,POINT (124953.48299999908 486311.6169999987),POINT (4.946080857692683 52.363869991739406),4.946080857692683,52.363869991739406
214876,20210033622,2021,Letsel,2,bromfiets,overig wegmeubilair,Vast voorwerp,Rechte weg,Binnen,50.0,Brandend,Overig asfalt,Droog,Duisternis,Droog,Frederiksplein,amsterdam,POINT (121812.52199999988 485858.76099999994),POINT (4.900013522772368 52.35961923968234),4.900013522772368,52.35961923968234
214897,20210026499,2021,Uitsluitend materiele schade,2,personenauto,fiets,Flank,"Kruispunt, 4 takken",Binnen,30.0,Niet brandend,ZOAB,Nat,Daglicht,Regen,Theophile de Bockstraat,amsterdam,POINT (118249.41770000011 485352.31430000067),POINT (4.847764752879034 52.35484085607574),4.847764752879034,52.35484085607574
214937,20210018854,2021,Uitsluitend materiele schade,2,bestelauto,snorfiets,Flank,"Kruispunt, 4 takken",Binnen,50.0,Niet brandend,Overig asfalt,Droog,Daglicht,Droog,Socratesstraat,amsterdam,POINT (116250.48680000007 487506.4408),POINT (4.818176757402154 52.374063112716485),4.818176757402154,52.374063112716485
215083,20210047201,2021,Uitsluitend materiele schade,2,bestelauto,bromfiets,Flank,Rechte weg,Binnen,50.0,Unknown,Overig asfalt,Droog,Daglicht,Droog,Parnassusweg,amsterdam,POINT (119582.43400000036 484295.5879999995),POINT (4.86744172941911 52.34543128577967),4.86744172941911,52.34543128577967
215113,20210053850,2021,Uitsluitend materiele schade,3,fiets,personenauto,Onbekend,Rechte weg,Binnen,50.0,Brandend,Overig asfalt,Droog,Duisternis,Droog,Stadhouderskade,amsterdam,POINT (120556.88199999928 486111.79399999976),POINT (4.881555543033918 52.361816032247795),4.881555543033918,52.361816032247795
215115,20210055023,2021,Uitsluitend materiele schade,2,bromfiets,personenauto,Kop/staart,Rechte weg,Binnen,30.0,Brandend,Klinkers,Droog,Duisternis,Droog,Jodenbreestraat,amsterdam,POINT (121934.8350000009 486943.24500000104),POINT (4.901702367901421 52.369373214864645),4.901702367901421,52.369373214864645
215123,20210062862,2021,Uitsluitend materiele schade,1,snorfiets,unknown,Voetganger,Rechte weg,Binnen,50.0,Niet brandend,Beton,Droog,Daglicht,Droog,Burg De Vlugtlaan,amsterdam,POINT (116757.67399999872 488242.41000000015),POINT (4.8255405752711455 52.38071297497501),4.8255405752711455,52.38071297497501
215149,20210070106,2021,Uitsluitend materiele schade,2,bromfiets,fiets,Flank,"Kruispunt, 4 takken",Binnen,15.0,Niet brandend,Overig asfalt,Droog,Daglicht,Droog,Molukkenstraat,amsterdam,POINT (124599.69370000064 485687.5276999995),POINT (4.9409433153359785 52.35824160921826),4.9409433153359785,52.35824160921826
215156,20210039880,2021,Uitsluitend materiele schade,2,bestelauto,fiets,Frontaal,"Kruispunt, 4 takken",Binnen,50.0,Niet brandend,Overig asfalt,Droog,Daglicht,Droog,Mercatorplein,amsterdam,POINT (118497.86100000143 487052.8830000013),POINT (4.851226754032187 52.37014087418786),4.851226754032187,52.37014087418786
215186,20210035494,2021,Uitsluitend materiele schade,2,snorfiets,personenauto,Kop/staart,Rechte weg,Binnen,50.0,Niet brandend,Overig asfalt,Droog,Daglicht,Droog,Osdorpplein,amsterdam,POINT (115305.54899999872 485951.61300000176),POINT (4.804484827819033 52.36002207511647),4.804484827819033,52.36002207511647
215235,20210057944,2021,Uitsluitend materiele schade,2,bromfiets,overig wegmeubilair,Vast voorwerp,"Kruispunt, 4 takken",Binnen,50.0,Brandend,Overig asfalt,Droog,Duisternis,Droog,Spuistraat,amsterdam,POINT (121119.07019999996 487385.3942999989),POINT (4.889680202496798 52.37329721858644),4.889680202496798,52.37329721858644
215256,20210040611,2021,Uitsluitend materiele schade,3,bestelauto,fiets,Onbekend,Bocht,Binnen,30.0,Niet brandend,Klinkers,Droog,Daglicht,Droog,Herengracht,amsterdam,POINT (120960.6649999991 487328.7030000016),POINT (4.887359929414551 52.37277792145656),4.887359929414551,52.37277792145656
215332,20210059150,2021,Letsel,2,personenauto,bromfiets,Flank,"Kruispunt, 4 takken",Binnen,50.0,Niet brandend,Overig asfalt,Droog,Daglicht,Droog,IJburglaan,amsterdam,POINT (126643.16420000046 486807.32090000063),POINT (4.970845206843833 52.36841489645651),4.970845206843833,52.36841489645651
215472,20210050059,2021,Uitsluitend materiele schade,2,personenauto,snorfiets,Flank,Rotonde,Binnen,50.0,Niet brandend,Klinkers,Droog,Daglicht,Droog,Surinameplein,amsterdam,POINT (118644 485719),POINT (4.853516713518186 52.35816261346271),4.853516713518186,52.35816261346271
215491,20210069655,2021,Uitsluitend materiele schade,2,fiets,personenauto,Flank,Rotonde,Binnen,50.0,Niet brandend,ZOAB,Droog,Daglicht,Droog,Johan van Hasseltweg,amsterdam,POINT (123471.690200001 488950.8929999992),POINT (4.924079194696744 52.38750695405781),4.924079194696744,52.38750695405781
215685,20210076292,2021,Uitsluitend materiele schade,2,personenauto,e-bike,Flank,"Kruispunt, 4 takken",Binnen,50.0,Niet brandend,Overig asfalt,Droog,Daglicht,Droog,Hoofdweg,amsterdam,POINT (118303.32559999824 487482.58370000124),POINT (4.848323507582492 52.37398973296832),4.848323507582492,52.37398973296832
215937,20210077159,2021,Uitsluitend materiele schade,2,personenauto,fiets,Flank,Rotonde,Binnen,50.0,Brandend,Overig asfalt,Nat,Duisternis,Regen,Burgemeester Röellstraat,amsterdam,POINT (116350 487669),POINT (4.819619320655471 52.375531078382004),4.819619320655471,52.375531078382004
216086,20220080670,2022,Letsel,2,personenauto,fiets,Flank,"Kruispunt, 3 takken",Binnen,50.0,Brandend,Overig asfalt,Nat,Duisternis,Regen,Overtoom,amsterdam,POINT (120368.99819999933 486313.9556000009),POINT (4.878776563710008 52.36362110492843),4.878776563710008,52.36362110492843
216102,20220016503,2022,Uitsluitend materiele schade,2,personenauto,bromfiets,Geparkeerd voertuig,Rechte weg,Binnen,30.0,Niet brandend,ZOAB,Nat,Daglicht,Droog,Bos en Lommerweg,amsterdam,POINT (118803.50600000098 488399.76300000027),POINT (4.855569412846473 52.38226584087616),4.855569412846473,52.38226584087616
216127,20220080718,2022,Uitsluitend materiele schade,2,fiets,fiets,Flank,Rechte weg,Binnen,30.0,Niet brandend,Overig asfalt,Nat,Daglicht,Droog,Rozengracht,amsterdam,POINT (120230.15500000119 487290.6160000004),POINT (4.876637233009597 52.37238985523643),4.876637233009597,52.37238985523643
216128,20220081467,2022,Letsel,2,fiets,personenauto,Kop/staart,"Kruispunt, 4 takken",Binnen,50.0,Niet brandend,Overig asfalt,Droog,Daglicht,Droog,Stadionweg,amsterdam,POINT (119292.58579999954 484350.3046000004),POINT (4.863182492483093 52.345904284587874),4.863182492483093,52.345904284587874
216175,20220016827,2022,Uitsluitend materiele schade,2,bestelauto,e-bike,Frontaal,"Kruispunt, 3 takken",Binnen,50.0,Niet brandend,Overig asfalt,Droog,Daglicht,Droog,Hamerstraat,amsterdam,POINT (123315.22069999948 488792.75759999827),POINT (4.921795775835873 52.38607673496304),4.921795775835873,52.38607673496304
216183,20220055273,2022,Uitsluitend materiele schade,2,personenauto,fiets,Flank,"Kruispunt, 4 takken",Binnen,50.0,Niet brandend,Overig asfalt,Droog,Daglicht,Unknown,Molukkenstraat,amsterdam,POINT (124514.25930000097 486567.57360000163),POINT (4.939609442197178 52.36614616340264),4.939609442197178,52.36614616340264
216207,20220055400,2022,Uitsluitend materiele schade,3,snorfiets,personenauto,Los voorwerp,Rechte weg,Binnen,30.0,Niet brandend,Klinkers,Droog,Duisternis,Droog,De Clercqstraat,amsterdam,POINT (119489.2340000011 487024.5560000017),POINT (4.8657859425105165 52.369951291405314),4.8657859425105165,52.369951291405314
216217,20220081045,2022,Uitsluitend materiele schade,2,personenauto,fiets,Flank,Rotonde,Buiten,80.0,Niet brandend,Overig asfalt,Droog,Daglicht,Droog,Dammerweg,amsterdam,POINT (133783.51099999994 478126.36499999836),POINT (5.076230751013394 52.29071674850506),5.076230751013394,52.29071674850506
216234,20220036008,2022,Uitsluitend materiele schade,2,personenauto,bromfiets,Flank,"Kruispunt, 4 takken",Binnen,50.0,Brandend,Overig asfalt,Nat,Duisternis,Regen,Burg Van de Pollstraat,amsterdam,POINT (117268.53049999848 487678.0003999993),POINT (4.833106550310865 52.375675854944994),4.833106550310865,52.375675854944994
216443,20220055824,2022,Letsel,2,personenauto,e-bike,Frontaal,"Kruispunt, 3 takken",Binnen,50.0,Niet brandend,Overig asfalt,Droog,Daglicht,Droog,Zacharias Jansestraat,amsterdam,POINT (123846.96519999951 485235.8484000005),POINT (4.929935807567807 52.35414003716326),4.929935807567807,52.35414003716326
216444,20220055847,2022,Uitsluitend materiele schade,2,personenauto,fiets,Onbekend,Rotonde,Binnen,50.0,Niet aanwezig,ZOAB,Droog,Daglicht,Droog,Burgemeester Röellstraat,amsterdam,POINT (116268.19049999863 487713.7373000011),POINT (4.818412827771764 52.37592737654816),4.818412827771764,52.37592737654816
216456,20220103199,2022,Uitsluitend materiele schade,2,personenauto,e-bike,Flank,"Kruispunt, 4 takken",Binnen,50.0,Unknown,Unknown,Droog,Daglicht,Droog,Nassaukade,amsterdam,POINT (120278.00609999895 487901.5236000009),POINT (4.877276741598292 52.377883273766884),4.877276741598292,52.377883273766884
216488,20220102675,2022,Letsel,2,bromfiets,voetganger,Voetganger,Rechte weg,Binnen,15.0,Niet brandend,Klinkers,Droog,Daglicht,Droog,Hoekenrode,amsterdam,POINT (125119.92500000075 480619.33999999985),POINT (4.949029507723901 52.312720240253675),4.949029507723901,52.312720240253675
216853,20230004165,2023,Uitsluitend materiele schade,2,personenauto,fiets,Geparkeerd voertuig,Rechte weg,Binnen,30.0,Brandend,Klinkers,Droog,Duisternis,Droog,Voorburgstraat,amsterdam,POINT (117903.91000000015 484655.5529999994),POINT (4.842770293719369 52.34855565369936),4.842770293719369,52.34855565369936
217221,20230004263,2023,Letsel,2,personenauto,bromfiets,Flank,"Kruispunt, 3 takken",Binnen,30.0,Niet brandend,Overig asfalt,Droog,Daglicht,Droog,Daniël Goedkoopstraat,amsterdam,POINT (123344.01979999989 483056.7036000006),POINT (4.9227586738450695 52.334526502065685),4.9227586738450695,52.334526502065685
217242,20210004411,2021,Letsel,1,bromfiets,unknown,Eenzijdig,Rechte weg,Binnen,50.0,Niet brandend,Overig asfalt,Sneeuw/ijzel,Daglicht,Regen,Van Leijenberghlaan,amsterdam,POINT (120374.84699999914 482746.7019999996),POINT (4.8792294469991715 52.331561421789196),4.8792294469991715,52.331561421789196
217326,20210039456,2021,Letsel,2,bromfiets,personenauto,Flank,"Kruispunt, 4 takken",Binnen,50.0,Niet brandend,Overig asfalt,Nat,Daglicht,Droog,Diemerparklaan,amsterdam,POINT (128289.55860000104 485324.21979999915),POINT (4.995136191331757 52.35516818994949),4.995136191331757,52.35516818994949
217547,20220177057,2022,Uitsluitend materiele schade,2,bromfiets,motor,Onbekend,Rechte weg,Binnen,50.0,Niet brandend,Beton,Droog,Daglicht,Droog,Transvaalstraat,amsterdam,POINT (123711.27199999988 485420.44200000167),POINT (4.927926977745043 52.3557913359856),4.927926977745043,52.3557913359856
217549,20220178001,2022,Letsel,2,snorfiets,fiets,Frontaal,Rechte weg,Binnen,30.0,Brandend,Overig asfalt,Nat,Duisternis,Regen,2e C Huygensstr,amsterdam,POINT (120034.94999999925 486115.93400000036),POINT (4.873893083299891 52.36182026528217),4.873893083299891,52.36182026528217
217599,20220177834,2022,Letsel,2,fiets,fiets,Onbekend,Rechte weg,Binnen,30.0,Niet brandend,Klinkers,Droog,Daglicht,Droog,Museumplein,amsterdam,POINT (120632.33320000023 485568.22309999913),POINT (4.8827187209600105 52.3569355213319),4.8827187209600105,52.3569355213319
217654,20220142199,2022,Uitsluitend materiele schade,2,bromfiets,personenauto,Flank,"Kruispunt, 4 takken",Binnen,50.0,Niet brandend,Overig asfalt,Droog,Daglicht,Droog,Monnikendammerplantsoen,amsterdam,POINT (125292.00690000132 489271.45910000056),POINT (4.95078904004378 52.39048951927633),4.95078904004378,52.39048951927633
217664,20220178196,2022,Letsel,1,fiets,unknown,Eenzijdig,Rechte weg,Binnen,50.0,Niet brandend,Overig asfalt,Nat,Daglicht,Droog,Jan Evertsenstraat,amsterdam,POINT (118610.4459999986 487085.38500000164),POINT (4.852876303340045 52.370440449511406),4.852876303340045,52.370440449511406
217870,20220141341,2022,Uitsluitend materiele schade,2,personenauto,fiets,Flank,Bocht,Binnen,30.0,Brandend,ZOAB,Droog,Duisternis,Droog,M.Nijhoffstraat,amsterdam,POINT (131214.44570000097 480547.53510000184),POINT (5.038405520082999 52.312372146023975),5.038405520082999,52.312372146023975
218098,20230050753,2023,Letsel,2,bromfiets,fiets,Flank,"Kruispunt, 4 takken",Binnen,Unknown,Niet brandend,Klinkers,Droog,Daglicht,Droog,Korte Prinsengracht,amsterdam,POINT (121113.73020000011 488283.90740000084),POINT (4.889511179878944 52.38137207660279),4.889511179878944,52.38137207660279
218205,20230039854,2023,Uitsluitend materiele schade,2,personenauto,bromfiets,Kop/staart,Rechte weg,Binnen,50.0,Brandend,Overig asfalt,Droog,Duisternis,Droog,Bilderdijkstraat,amsterdam,POINT (119978.97599999979 486574.91000000015),POINT (4.873023575454423 52.3659416474204),4.873023575454423,52.3659416474204
218235,20230049252,2023,Uitsluitend materiele schade,2,bromfiets,personenauto,Kop/staart,Rotonde,Binnen,50.0,Niet brandend,Overig asfalt,Droog,Daglicht,Droog,Zacharias Jansestraat,amsterdam,POINT (123846.96519999951 485235.8484000005),POINT (4.929935807567807 52.35414003716326),4.929935807567807,52.35414003716326
218297,20230066255,2023,Letsel,2,fiets,fiets,Kop/staart,Rechte weg,Binnen,30.0,Niet brandend,Overig asfalt,Droog,Daglicht,Droog,Albatrospad,amsterdam,POINT (123373.70300000161 488999.3200000003),POINT (4.9226353276120935 52.387936544921104),4.9226353276120935,52.387936544921104
218324,20230049396,2023,Letsel,4,personenauto,fiets,Onbekend,Rechte weg,Binnen,50.0,Niet brandend,Overig asfalt,Droog,Daglicht,Droog,Marathonweg,amsterdam,POINT (119416.99799999967 484449.2109999992),POINT (4.8649977654967875 52.34680125628139),4.8649977654967875,52.34680125628139
218334,20230066158,2023,Letsel,2,snorfiets,boom,Vast voorwerp,Rechte weg,Binnen,30.0,Niet aanwezig,ZOAB,Droog,Daglicht,Droog,Plesmanlaan,amsterdam,POINT (116234.52100000158 484957.25),POINT (4.818236189198529 52.351151845921564),4.818236189198529,52.351151845921564
218498,20220211659,2022,Uitsluitend materiele schade,2,bestelauto,bromfiets,Flank,"Kruispunt, 4 takken",Binnen,30.0,Niet brandend,Klinkers,Droog,Daglicht,Droog,Gerrit van der Veenstr,amsterdam,POINT (119901.71420000121 484672.8033999987),POINT (4.872087732013099 52.34884192243797),4.872087732013099,52.34884192243797
218500,20220212334,2022,Uitsluitend materiele schade,2,personenauto,e-bike,Flank,Rechte weg,Binnen,50.0,Brandend,Overig asfalt,Nat,Duisternis,Droog,Van Baerlestraat,amsterdam,POINT (120402.95300000161 485600.12000000104),POINT (4.879348477619372 52.35720779146716),4.879348477619372,52.35720779146716
218586,20220211153,2022,Uitsluitend materiele schade,2,bestelauto,fiets,Frontaal,"Kruispunt, 4 takken",Binnen,50.0,Niet brandend,Overig asfalt,Droog,Daglicht,Droog,Marnixstraat,amsterdam,POINT (120318.07899999991 486880.1160000004),POINT (4.877970631111093 52.36870613765962),4.877970631111093,52.36870613765962
218646,20220211222,2022,Uitsluitend materiele schade,2,personenauto,fiets,Flank,"Kruispunt, 3 takken",Binnen,50.0,Brandend,ZOAB,Droog,Duisternis,Droog,Wibautstraat,amsterdam,POINT (122862.44729999825 484842.5527999997),POINT (4.915522949019002 52.35054864843569),4.915522949019002,52.35054864843569
218846,20220211465,2022,Letsel,2,personenauto,bromfiets,Flank,"Kruispunt, 4 takken",Binnen,50.0,Niet brandend,Overig asfalt,Nat,Daglicht,Regen,Hemonystraat,amsterdam,POINT (121934.37539999932 485704.2441999987),POINT (4.901817453998381 52.358237894785475),4.901817453998381,52.358237894785475
218880,20220210798,2022,Letsel,2,fiets,fiets,Frontaal,"Kruispunt, 4 takken",Binnen,Unknown,Niet brandend,Overig asfalt,Droog,Daglicht,Droog,Parnassusweg,amsterdam,POINT (119640.71999999881 483769.6779999994),POINT (4.868352301915228 52.3407085193602),4.868352301915228,52.3407085193602
218881,20220210801,2022,Uitsluitend materiele schade,2,bromfiets,personenauto,Frontaal,"Kruispunt, 4 takken",Binnen,50.0,Niet brandend,Overig asfalt,Droog,Daglicht,Droog,Bilderdijkkade,amsterdam,POINT (119896.92289999872 486567.8980999999),POINT (4.8718196457962835 52.365873391489686),4.8718196457962835,52.365873391489686
219222,20230111301,2023,Letsel,2,personenauto,fiets,Onbekend,"Kruispunt, 4 takken",Binnen,50.0,Niet brandend,Beton,Droog,Daglicht,Droog,Alexanderplein,amsterdam,POINT (123106.36199999973 486281.7019999996),POINT (4.918966308299095 52.36349699299695),4.918966308299095,52.36349699299695
219250,20230111038,2023,Uitsluitend materiele schade,2,bromfiets,personenauto,Frontaal,"Kruispunt, 3 takken",Binnen,50.0,Brandend,Overig asfalt,Droog,Duisternis,Droog,Van Boshuizenstraat,amsterdam,POINT (120604.00930000097 482001.62110000104),POINT (4.882667363682625 52.32487949661082),4.882667363682625,52.32487949661082
219296,20230067140,2023,Letsel,2,personenauto,fiets,Flank,Rechte weg,Binnen,50.0,Niet brandend,Overig asfalt,Droog,Daglicht,Droog,Nassaukade,amsterdam,POINT (120353.65199999884 486402.7340000011),POINT (4.878542122843588 52.36441801444211),4.878542122843588,52.36441801444211
219384,20230020435,2023,Letsel,2,bromfiets,voetganger,Voetganger,Rechte weg,Binnen,Unknown,Niet brandend,Beton,Droog,Daglicht,Droog,De Ruijterkade,amsterdam,POINT (121488.5549999997 488398.7010000013),POINT (4.895004646066382 52.3824267658551),4.895004646066382,52.3824267658551
219399,20230036828,2023,Uitsluitend materiele schade,1,fiets,unknown,Voetganger,Rechte weg,Binnen,50.0,Niet brandend,Overig asfalt,Droog,Daglicht,Droog,Cornelis Krusemanstraat,amsterdam,POINT (119110.14900000021 484878.55799999833),POINT (4.860448924465722 52.35063997133527),4.860448924465722,52.35063997133527
219414,20230020466,2023,Letsel,2,personenauto,fiets,Flank,"Kruispunt, 4 takken",Binnen,50.0,Niet brandend,Overig asfalt,Nat,Daglicht,Droog,Paulus Potterstraat,amsterdam,POINT (120344.5709999986 485696.9699999988),POINT (4.878481532552233 52.35807453200524),4.878481532552233,52.35807453200524
219426,20230036333,2023,Uitsluitend materiele schade,2,personenauto,fiets,Flank,"Kruispunt, 4 takken",Binnen,50.0,Brandend,Overig asfalt,Droog,Schemer,Droog,Westeinde,amsterdam,POINT (121762 485657),POINT (4.899291825636309 52.3578028939327),4.899291825636309,52.3578028939327
219496,20230078885,2023,Letsel,2,fiets,fiets,Geparkeerd voertuig,Rechte weg,Binnen,Unknown,Niet brandend,Overig asfalt,Droog,Daglicht,Droog,Overdam,amsterdam,POINT (119110.3359999992 482044.1020000018),POINT (4.860753794957353 52.3251658297788),4.860753794957353,52.3251658297788
219501,20230022828,2023,Uitsluitend materiele schade,2,fiets,personenauto,Flank,"Kruispunt, 4 takken",Binnen,30.0,Niet brandend,Klinkers,Droog,Daglicht,Droog,SMEDERIJ MEISTERBRUG,amsterdam,POINT (119726.60610000044 486864.4668999985),POINT (4.869288030404337 52.36852782496966),4.869288030404337,52.36852782496966
219532,20230024027,2023,Letsel,2,personenauto,fiets,Los voorwerp,"Kruispunt, 4 takken",Binnen,30.0,Niet brandend,Overig asfalt,Nat,Daglicht,Regen,Admiraal De Ruijterweg,amsterdam,POINT (118874.89779999852 488043.35990000144),POINT (4.856656258017785 52.379067465080844),4.856656258017785,52.379067465080844
219607,20230036551,2023,Letsel,2,personenauto,bromfiets,Kop/staart,Rechte weg,Binnen,50.0,Niet brandend,Overig asfalt,Droog,Daglicht,Droog,Haarlemmerweg,amsterdam,POINT (113415.40300000086 488628.6579999998),POINT (4.776407503487349 52.38394124078299),4.776407503487349,52.38394124078299
219630,20230024761,2023,Letsel,2,personenauto,fiets,Onbekend,"Kruispunt, 3 takken",Binnen,50.0,Niet brandend,Overig asfalt,Droog,Daglicht,Droog,Marnixplein,amsterdam,POINT (120382.59380000085 487952.09629999846),POINT (4.878807449418029 52.378344388158865),4.878807449418029,52.378344388158865
219672,20230020790,2023,Uitsluitend materiele schade,2,bromfiets,personenauto,Flank,Rechte weg,Binnen,30.0,Brandend,Overig asfalt,Nat,Duisternis,Droog,1e C Huygensstr,amsterdam,POINT (120254.2899999991 485924.3905999996),POINT (4.877132813378075 52.36011272614324),4.877132813378075,52.36011272614324
219680,20230066712,2023,Uitsluitend materiele schade,2,bromfiets,fiets,Kop/staart,Rechte weg,Binnen,30.0,Niet brandend,Overig asfalt,Droog,Daglicht,Droog,Zuiderzeeweg,amsterdam,POINT (126109.79899999872 486967.3819999993),POINT (4.963000335931756 52.36982562851249),4.963000335931756,52.36982562851249
219685,20230077728,2023,Uitsluitend materiele schade,1,fiets,unknown,Onbekend,Rechte weg,Binnen,30.0,Brandend,Beton,Droog,Duisternis,Droog,Admiraal De Ruijterweg,amsterdam,POINT (118192.39699999988 488661.81799999997),POINT (4.846565432375951 52.38458035286413),4.846565432375951,52.38458035286413
219697,20230020837,2023,Uitsluitend materiele schade,2,bromfiets,fiets,Flank,Rechte weg,Binnen,50.0,Niet brandend,Klinkers,Nat,Daglicht,Regen,Overschiestraat,amsterdam,POINT (117625.18400000036 484768.62000000104),POINT (4.838667243920643 52.34955293067262),4.838667243920643,52.34955293067262
219761,20230088168,2023,Uitsluitend materiele schade,2,bromfiets,bestelauto,Flank,Rechte weg,Binnen,50.0,Brandend,Overig asfalt,Nat,Duisternis,Regen,Willem de Zwijgerlaan,amsterdam,POINT (118941.75299999863 488398.6160000004),POINT (4.8575999513883925 52.38226463035152),4.8575999513883925,52.38226463035152
219774,20230097530,2023,Letsel,2,personenauto,bromfiets,Flank,"Kruispunt, 3 takken",Binnen,50.0,Niet aanwezig,Overig asfalt,Nat,Daglicht,Regen,Buikslotermeerplein,amsterdam,POINT (124628.54729999974 490240.82719999924),POINT (4.940955296452347 52.39916521095215),4.940955296452347,52.39916521095215
219808,20230097546,2023,Uitsluitend materiele schade,2,snorfiets,fiets,Flank,Rechte weg,Binnen,30.0,Brandend,Overig asfalt,Nat,Schemer,Regen,Willem Augustinstraat,amsterdam,POINT (117671.80799999833 487660.01199999824),POINT (4.839030536483192 52.37554175354818),4.839030536483192,52.37554175354818
219823,20230088252,2023,Letsel,2,unknown,bromfiets,Eenzijdig,"Kruispunt, 3 takken",Binnen,50.0,Niet brandend,Overig asfalt,Droog,Daglicht,Droog,Schellingwouderdijk,amsterdam,POINT (126398.02600000054 488214.41099999845),POINT (4.967126225865746 52.38104821447545),4.967126225865746,52.38104821447545
219955,20230087266,2023,Letsel,1,bromfiets,unknown,Eenzijdig,Rechte weg,Binnen,50.0,Brandend,Overig asfalt,Droog,Duisternis,Droog,Weteringlaan,amsterdam,POINT (121188.82699999958 485741.80700000003),POINT (4.890869790209671 52.35853010473367),4.890869790209671,52.35853010473367
220031,20230097980,2023,Letsel,2,personenauto,bromfiets,Flank,"Kruispunt, 4 takken",Binnen,50.0,Brandend,Overig asfalt,Droog,Daglicht,Droog,Kölpinstraat,amsterdam,POINT (113794.40619999915 484798.5824000016),POINT (4.7824434629067305 52.34954829618644),4.7824434629067305,52.34954829618644