,accident_id,accident_year,outcome,num_parties,party1_type,party2_type,accident_nature,road_situation,built_up_area,speed_limit_kmh,street_lighting,road_surface,road_condition,light_condition,weather_condition,street_name,municipality,shape,geometry,longitude,latitude
220089,20210080805,2021,Uitsluitend materiele schade,2,personenauto,fiets,Flank,"Kruispunt, 3 takken",Binnen,50.0,Niet brandend,Beton,Nat,Daglicht,Regen,Kwadrantweg,amsterdam,POINT (117510.29450000077 490451.2496000007),POINT (4.83634717819115 52.40061615139752),4.83634717819115,52.40061615139752
220105,20210080848,2021,Uitsluitend materiele schade,2,snorfiets,fiets,Flank,"Kruispunt, 4 takken",Binnen,Unknown,Niet brandend,Overig asfalt,Nat,Schemer,Droog,Ruyschstraat,amsterdam,POINT (122496.7659999989 485619.4990000017),POINT (4.9100809785506305 52.357509822159905),4.9100809785506305,52.357509822159905
220134,20210075818,2021,Uitsluitend materiele schade,2,personenauto,bromfiets,Onbekend,Unknown,Unknown,50.0,Unknown,Unknown,Unknown,Daglicht,Unknown,Kinkerstraat,amsterdam,POINT (119884.55999999866 486699.5249999985),POINT (4.871624392532492 52.36705556878384),4.871624392532492,52.36705556878384
220156,20210088661,2021,Letsel,2,bromfiets,personenauto,Flank,"Kruispunt, 4 takken",Binnen,Unknown,Brandend,Overig asfalt,Nat,Duisternis,Droog,Osdorper Ban,amsterdam,POINT (114125.64699999988 485907.71719999984),POINT (4.787169953042757 52.35954104677884),4.787169953042757,52.35954104677884
220159,20210087357,2021,Uitsluitend materiele schade,2,personenauto,bromfiets,Flank,"Kruispunt, 4 takken",Binnen,Unknown,Niet brandend,Overig asfalt,Droog,Daglicht,Droog,Velserweg,amsterdam,POINT (118107.78390000015 488846.26520000026),POINT (4.845302408511265 52.38623233901139),4.845302408511265,52.38623233901139
220227,20210078910,2021,Uitsluitend materiele schade,2,bromfiets,personenauto,Flank,"Kruispunt, 3 takken",Binnen,50.0,Niet brandend,Overig asfalt,Droog,Schemer,Droog,Meibergdreef,amsterdam,POINT (125492 478792),POINT (4.954645485398784 52.29631714999864),4.954645485398784,52.29631714999864
220242,20210086200,2021,Uitsluitend materiele schade,2,bestelauto,bromfiets,Flank,"Kruispunt, 4 takken",Binnen,50.0,Brandend,Overig asfalt,Droog,Schemer,Droog,Comeniusstraat,amsterdam,POINT (117024 485852),POINT (4.8297219780759955 52.35924831817708),4.8297219780759955,52.35924831817708
220351,20210024765,2021,Uitsluitend materiele schade,3,fiets,fiets,Flank,Bocht,Buiten,50.0,Niet brandend,ZOAB,Droog,Daglicht,Droog,Keverdijk,amsterdam,POINT (134525.2349999994 478866.5859999992),POINT (5.08705726586697 52.297397643382126),5.08705726586697,52.297397643382126
220417,20210028499,2021,Uitsluitend materiele schade,2,bromfiets,motor,Flank,Rechte weg,Binnen,50.0,Brandend,Unknown,Droog,Duisternis,Droog,Postjesweg,amsterdam,POINT (117434.01999999955 486385.38599999994),POINT (4.835681161252013 52.36407018028547),4.835681161252013,52.36407018028547
220424,20210006168,2021,Uitsluitend materiele schade,2,snorfiets,fiets,Kop/staart,Rechte weg,Binnen,Unknown,Niet brandend,Overig asfalt,Droog,Daglicht,Droog,Linnaeusstraat,amsterdam,POINT (123649.32800000161 485609.1009999998),POINT (4.927000167250927 52.357483350519466),4.927000167250927,52.357483350519466
220519,20210033833,2021,Uitsluitend materiele schade,2,bromfiets,overig vast object,Vast voorwerp,Rechte weg,Binnen,50.0,Brandend,Klinkers,Droog,Duisternis,Droog,Sinjeur Semeynsstraat,amsterdam,POINT (117999.41899999976 488285.0210000016),POINT (4.843772550218804 52.381181023510855),4.843772550218804,52.381181023510855
220655,20210007162,2021,Letsel,2,personenauto,fiets,Frontaal,"Kruispunt, 4 takken",Binnen,50.0,Niet brandend,ZOAB,Nat,Daglicht,Droog,Maxwellstraat,amsterdam,POINT (123989 484306),POINT (4.932106239864792 52.34579117729045),4.932106239864792,52.34579117729045
220707,20210074216,2021,Uitsluitend materiele schade,2,personenauto,bromfiets,Kop/staart,"Kruispunt, 3 takken",Binnen,50.0,Niet brandend,Klinkers,Droog,Daglicht,Droog,Monnikenstraat,amsterdam,POINT (121752.53110000119 487382.90480000153),POINT (4.898982171132917 52.37331356323868),4.898982171132917,52.37331356323868
220743,20210034686,2021,Letsel,2,snorfiets,unknown,Eenzijdig,Rechte weg,Binnen,50.0,Niet brandend,Unknown,Droog,Daglicht,Droog,Van Diemenkade,amsterdam,POINT (120959.2509999983 489303.64400000125),POINT (4.887139051154415 52.39052715794708),4.887139051154415,52.39052715794708
220796,20210047181,2021,Uitsluitend materiele schade,2,bromfiets,fiets,Flank,Rechte weg,Binnen,50.0,Brandend,Overig asfalt,Nat,Schemer,Regen,Kinkerstraat,amsterdam,POINT (119207.65100000054 486432.94000000134),POINT (4.861714501501665 52.36461600165814),4.861714501501665,52.36461600165814
220801,20210054757,2021,Uitsluitend materiele schade,2,bestelauto,fiets,Flank,Rechte weg,Binnen,30.0,Niet brandend,ZOAB,Droog,Daglicht,Droog,Hogeweg,amsterdam,POINT (124001.1409999989 485293.131000001),POINT (4.932193474178206 52.3546635766831),4.932193474178206,52.3546635766831
220807,20210061519,2021,Uitsluitend materiele schade,2,fiets,personenauto,Flank,"Kruispunt, 4 takken",Binnen,50.0,Brandend,ZOAB,Nat,Duisternis,Droog,Waterlooplein,amsterdam,POINT (121926 486628),POINT (4.9016036598395765 52.366539478694364),4.9016036598395765,52.366539478694364
220866,20210050906,2021,Uitsluitend materiele schade,2,personenauto,fiets,Flank,"Kruispunt, 3 takken",Binnen,50.0,Niet brandend,Overig asfalt,Droog,Daglicht,Droog,Ringvaartdijk,amsterdam,POINT (114544.08460000157 483761.76040000096),POINT (4.793570297306527 52.34028585516766),4.793570297306527,52.34028585516766
220879,20210038612,2021,Uitsluitend materiele schade,2,personenauto,bromfiets,Flank,"Kruispunt, 3 takken",Binnen,50.0,Niet aanwezig,Overig asfalt,Droog,Daglicht,Droog,Jan Evertsenstraat,amsterdam,POINT (117287.42330000177 487071.0694999993),POINT (4.833452087804698 52.37022253083808),4.833452087804698,52.37022253083808
220906,20210070841,2021,Uitsluitend materiele schade,1,fiets,unknown,Onbekend,Rechte weg,Binnen,30.0,Niet aanwezig,Klinkers,Nat,Daglicht,Droog,Dam,amsterdam,POINT (121391.78000000119 487363.5780000016),POINT (4.893686844914388 52.37311790738286),4.893686844914388,52.37311790738286
220932,20210060666,2021,Uitsluitend materiele schade,1,bromfiets,unknown,Eenzijdig,Rechte weg,Binnen,30.0,Niet brandend,Klinkers,Nat,Daglicht,Unknown,Archimedesplantsoen,amsterdam,POINT (124766.03599999845 485149.7490000017),POINT (4.943433395939801 52.35341757015002),4.943433395939801,52.35341757015002
220981,20210046813,2021,Uitsluitend materiele schade,2,bromfiets,bromfiets,Flank,Rechte weg,Binnen,30.0,Brandend,Overig asfalt,Droog,Duisternis,Droog,Rozengracht,amsterdam,POINT (120318 487326),POINT (4.877923465754311 52.37271341598058),4.877923465754311,52.37271341598058
221040,20210043798,2021,Letsel,2,bromfiets,personenauto,Onbekend,Rechte weg,Binnen,50.0,Niet brandend,Overig asfalt,Droog,Daglicht,Droog,Gelderlandplein,amsterdam,POINT (120175.9450000003 482796.66600000113),POINT (4.8763063633581725 52.33199790303995),4.8763063633581725,52.33199790303995
221141,20210038302,2021,Uitsluitend materiele schade,3,fiets,fiets,Onbekend,Bocht,Binnen,15.0,Niet brandend,Overig asfalt,Droog,Daglicht,Droog,Varenweg,amsterdam,POINT (122937.68600000069 489206.7989999987),POINT (4.916210928550861 52.38977592303519),4.916210928550861,52.38977592303519
221769,20220080461,2022,Uitsluitend materiele schade,2,bromfiets,personenauto,Flank,"Kruispunt, 4 takken",Binnen,50.0,Niet brandend,Klinkers,Nat,Daglicht,Droog,Apollolaan,amsterdam,POINT (119894.94680000097 484805.9136000015),POINT (4.871974528482282 52.35003779269604),4.871974528482282,52.35003779269604
221804,20220081397,2022,Letsel,2,personenauto,e-bike,Flank,"Kruispunt, 3 takken",Binnen,50.0,Niet brandend,Unknown,Droog,Daglicht,Unknown,Willem de Zwijgerlaan,amsterdam,POINT (118815.92599999905 488415.61199999973),POINT (4.855750116562582 52.38240909826044),4.855750116562582,52.38240909826044
221805,20220081405,2022,Letsel,2,snorfiets,bestelauto,Flank,"Kruispunt, 3 takken",Binnen,50.0,Niet brandend,Overig asfalt,Droog,Daglicht,Droog,Wibautstraat,amsterdam,POINT (122866.13300000131 484864.7368000001),POINT (4.915574923625049 52.35074823946396),4.915574923625049,52.35074823946396
221989,20220036096,2022,Uitsluitend materiele schade,1,fiets,unknown,Voetganger,Rechte weg,Binnen,30.0,Brandend,Overig asfalt,Droog,Duisternis,Droog,Willemsparkweg,amsterdam,POINT (119945.97399999946 485529.3029999994),POINT (4.872648044659566 52.356542370113665),4.872648044659566,52.356542370113665
222105,20220055827,2022,Letsel,2,snorfiets,fiets,Onbekend,"Kruispunt, 3 takken",Binnen,50.0,Niet brandend,Klinkers,Droog,Schemer,Droog,Leidsegracht,amsterdam,POINT (120551.99810000136 486527.73319999874),POINT (4.88144123606027 52.3655538940373),4.88144123606027,52.3655538940373
222116,20220102338,2022,Letsel,3,fiets,voetganger,Voetganger,Rechte weg,Binnen,15.0,Niet brandend,Klinkers,Droog,Daglicht,Droog,Singel,amsterdam,POINT (121011.61199999973 487222.76999999955),POINT (4.8881187362778515 52.37182902694766),4.8881187362778515,52.37182902694766
222134,20220102745,2022,Letsel,2,fiets,fiets,Flank,"Kruispunt, 4 takken",Binnen,30.0,Niet brandend,Klinkers,Droog,Daglicht,Droog,Gerard Doustraat,amsterdam,POINT (121155.9737999998 485397.81230000034),POINT (4.890422145991284 52.35543649253752),4.890422145991284,52.35543649253752
222143,20220015454,2022,Uitsluitend materiele schade,2,fiets,personenauto,Flank,Rotonde,Unknown,50.0,Niet brandend,Overig asfalt,Nat,Daglicht,Droog,Jan Tooropstraat,amsterdam,POINT (117541.6548999995 486995.7435999997),POINT (4.837193323345367 52.36956295951539),4.837193323345367,52.36956295951539
222228,20230087823,2023,Uitsluitend materiele schade,4,fiets,fiets,Onbekend,Unknown,Unknown,30.0,Unknown,Unknown,Unknown,Duisternis,Unknown,Herengracht,amsterdam,POINT (120909.53880000114 487052.05000000075),POINT (4.886637262237511 52.37028839032029),4.886637262237511,52.37028839032029
222574,20230003928,2023,Uitsluitend materiele schade,2,bromfiets,personenauto,Flank,"Kruispunt, 3 takken",Binnen,50.0,Niet brandend,ZOAB,Droog,Daglicht,Droog,Daniël Goedkoopstraat,amsterdam,POINT (123350.73889999837 483053.6209000014),POINT (4.9228575407353565 52.33449918348598),4.9228575407353565,52.33449918348598
222785,20210069665,2021,Letsel,2,personenauto,bromfiets,Flank,Rechte weg,Buiten,50.0,Niet brandend,Overig asfalt,Droog,Daglicht,Droog,Van Nijenrodeweg,amsterdam,POINT (120492.03299999982 482340.3200000003),POINT (4.880990212208654 52.32791649032364),4.880990212208654,52.32791649032364
222966,20210027995,2021,Letsel,2,personenauto,fiets,Onbekend,Rechte weg,Binnen,50.0,Niet brandend,ZOAB,Nat,Daglicht,Regen,Willemsparkweg,amsterdam,POINT (119945.97399999946 485529.3029999994),POINT (4.872648044659566 52.356542370113665),4.872648044659566,52.356542370113665
222967,20210041154,2021,Letsel,2,bromfiets,fiets,Flank,"Kruispunt, 3 takken",Binnen,50.0,Niet brandend,Klinkers,Droog,Daglicht,Droog,P Cornelisz Hooftstr,amsterdam,POINT (120524.56929999962 485950.35979999974),POINT (4.881097737006287 52.360363147844126),4.881097737006287,52.360363147844126
222972,20210090812,2021,Letsel,2,snorfiets,personenauto,Frontaal,Rechte weg,Buiten,50.0,Niet brandend,Beton,Droog,Daglicht,Droog,Osdorperweg,amsterdam,POINT (114052.7509999983 486384.9200000018),POINT (4.786041791360923 52.36382432555311),4.786041791360923,52.36382432555311
222973,20210090818,2021,Letsel,3,personenauto,snorfiets,Frontaal,"Kruispunt, 4 takken",Binnen,50.0,Niet brandend,Beton,Droog,Daglicht,Droog,Etnastraat,amsterdam,POINT (113030 485359),POINT (4.771155234179502 52.35452701414636),4.771155234179502,52.35452701414636
223123,20210046796,2021,Letsel,2,bestelauto,e-bike,Flank,"Kruispunt, 4 takken",Binnen,50.0,Niet aanwezig,ZOAB,Nat,Daglicht,Unknown,Beethovenstraat,amsterdam,POINT (120232.04300000146 484453.2340000011),POINT (4.876958268650328 52.34688958165729),4.876958268650328,52.34688958165729
223135,20220177995,2022,Uitsluitend materiele schade,2,bromfiets,e-bike,Flank,"Kruispunt, 4 takken",Binnen,50.0,Niet brandend,Overig asfalt,Nat,Daglicht,Droog,Weesperzijde,amsterdam,POINT (122744.67909999937 484487.9675000012),POINT (4.913828513751156 52.34735496378523),4.913828513751156,52.34735496378523
223149,20220141934,2022,Uitsluitend materiele schade,2,personenauto,fiets,Flank,"Kruispunt, 4 takken",Binnen,50.0,Brandend,Overig asfalt,Droog,Duisternis,Unknown,0228 BRUG,amsterdam,POINT (122081.85660000145 487784.1838000007),POINT (4.9037786767013785 52.376939817556185),4.9037786767013785,52.376939817556185
223161,20220176164,2022,Letsel,2,bromfiets,scootmobiel,Flank,"Kruispunt, 4 takken",Binnen,30.0,Niet brandend,Overig asfalt,Droog,Daglicht,Droog,Bullewijkpad,amsterdam,POINT (125661.26049999893 480025.6805999987),POINT (4.957019323887587 52.307413881496046),4.957019323887587,52.307413881496046
223162,20220177095,2022,Letsel,1,fiets,unknown,Eenzijdig,Rechte weg,Binnen,30.0,Niet brandend,Beton,Droog,Daglicht,Droog,Beethovenplein,amsterdam,POINT (120247.81399999931 483845.23900000006),POINT (4.877252483407859 52.34142633068704),4.877252483407859,52.34142633068704
223173,20220123214,2022,Uitsluitend materiele schade,2,snorfiets,fiets,Flank,"Kruispunt, 4 takken",Binnen,Unknown,Niet brandend,Klinkers,Droog,Daglicht,Unknown,Ruyschstraat,amsterdam,POINT (122515.16200000048 485618.28500000015),POINT (4.910351126411883 52.35749999957362),4.910351126411883,52.35749999957362
223230,20220178180,2022,Letsel,3,fiets,fiets,Onbekend,Rechte weg,Binnen,50.0,Niet brandend,Overig asfalt,Droog,Daglicht,Droog,Piet Heinkade,amsterdam,POINT (123649.98600000143 487608.1229999997),POINT (4.9268234333371295 52.37544927484906),4.9268234333371295,52.37544927484906
223268,20220177924,2022,Letsel,1,bromfiets,unknown,Eenzijdig,Rechte weg,Binnen,50.0,Niet brandend,Overig asfalt,Droog,Daglicht,Droog,Admiraal De Ruijterweg,amsterdam,POINT (118995.97399999946 487558.07499999925),POINT (4.8584863567344545 52.37471404460115),4.8584863567344545,52.37471404460115
223360,20220142405,2022,Letsel,2,fiets,los voorwerp,Los voorwerp,"Kruispunt, 4 takken",Binnen,50.0,Niet brandend,ZOAB,Droog,Daglicht,Droog,Haringbuisdijk,amsterdam,POINT (127317.80750000104 486213.5683999993),POINT (4.980799531096245 52.363113026928445),4.980799531096245,52.363113026928445
223361,20220142442,2022,Uitsluitend materiele schade,2,snorfiets,personenauto,Flank,"Kruispunt, 4 takken",Binnen,50.0,Brandend,Overig asfalt,Droog,Duisternis,Droog,Tweede Schinkelstraat,amsterdam,POINT (118797.8702000007 485214.6693000011),POINT (4.855829631944598 52.353640214196815),4.855829631944598,52.353640214196815
223403,20220155246,2022,Uitsluitend materiele schade,2,bromfiets,fiets,Flank,Rechte weg,Binnen,Unknown,Niet brandend,Overig asfalt,Droog,Daglicht,Droog,Holterbergweg,amsterdam,POINT (124323.98099999875 480402.1009999998),POINT (4.937377538321796 52.3107240086024),4.937377538321796,52.3107240086024
223428,20220142605,2022,Letsel,2,bromfiets,boom,Vast voorwerp,Bocht,Buiten,60.0,Brandend,Overig asfalt,Droog,Duisternis,Droog,Dammerweg,amsterdam,POINT (133344.3359999992 477516.26900000125),POINT (5.069832920621016 52.285216350102665),5.069832920621016,52.285216350102665
223435,20220155332,2022,Uitsluitend materiele schade,2,fiets,fiets,Frontaal,Rechte weg,Binnen,50.0,Niet brandend,Overig asfalt,Droog,Daglicht,Droog,Westerdokskade,amsterdam,POINT (121303.98800000176 488438.05000000075),POINT (4.892289966032308 52.38276910859094),4.892289966032308,52.38276910859094
223486,20220141342,2022,Uitsluitend materiele schade,2,personenauto,bromfiets,Kop/staart,Rechte weg,Binnen,50.0,Niet brandend,Overig asfalt,Droog,Daglicht,Droog,Jan Evertsenstraat,amsterdam,POINT (118998.11199999973 487188.4829999991),POINT (4.85855734221344 52.3713925687279),4.85855734221344,52.3713925687279
223573,20220155637,2022,Uitsluitend materiele schade,1,fiets,unknown,Flank,Rechte weg,Binnen,15.0,Niet brandend,Overig asfalt,Droog,Daglicht,Droog,Vondelpark,amsterdam,POINT (119699.30999999866 485568.6550000012),POINT (4.869023288430105 52.35688024429024),4.869023288430105,52.35688024429024
223665,20220141909,2022,Uitsluitend materiele schade,2,personenauto,fiets,Flank,"Kruispunt, 4 takken",Binnen,50.0,Niet brandend,Overig asfalt,Droog,Daglicht,Droog,Meibergdreef,amsterdam,POINT (125792.30460000038 478968.97989999875),POINT (4.95903222135098 52.297923773828046),4.95903222135098,52.297923773828046
223666,20220141913,2022,Letsel,2,fiets,personenauto,Flank,"Kruispunt, 4 takken",Binnen,30.0,Niet brandend,Beton,Droog,Daglicht,Droog,Revaleiland,amsterdam,POINT (120558.42410000041 489655.40630000085),POINT (4.881214961107904 52.39366352465862),4.881214961107904,52.39366352465862
223726,20230059465,2023,Letsel,2,personenauto,fiets,Onbekend,Rechte weg,Binnen,30.0,Niet brandend,Klinkers,Droog,Daglicht,Droog,Goereestraat,amsterdam,POINT (123909.32149999961 489624.6979999989),POINT (4.9304450598295215 52.39358760201511),4.9304450598295215,52.39358760201511
223766,20230049064,2023,Uitsluitend materiele schade,2,bestelauto,fiets,Flank,"Kruispunt, 4 takken",Binnen,50.0,Niet brandend,Overig asfalt,Droog,Daglicht,Droog,Kamerlingh Onneslaan,amsterdam,POINT (123222.89409999922 484616.5214000009),POINT (4.92083438419197 52.34853818464339),4.92083438419197,52.34853818464339
223775,20230060000,2023,Uitsluitend materiele schade,2,bestelauto,fiets,Frontaal,Rotonde,Binnen,Unknown,Niet brandend,ZOAB,Droog,Daglicht,Droog,J.F. Berghoefplantsoen,amsterdam,POINT (116420.19839999825 487476.1446999982),POINT (4.82067229351592 52.373802785737126),4.82067229351592,52.373802785737126
223811,20230058525,2023,Uitsluitend materiele schade,2,personenauto,fiets,Frontaal,Rechte weg,Binnen,30.0,Niet brandend,Beton,Droog,Daglicht,Droog,Bankwerkerij,amsterdam,POINT (122998.69299999997 488540.7259999998),POINT (4.917170552194572 52.383793291520625),4.917170552194572,52.383793291520625
223827,20230049171,2023,Letsel,1,fiets,unknown,Eenzijdig,Rechte weg,Binnen,Unknown,Brandend,Beton,Droog,Duisternis,Droog,De Boelelaan,amsterdam,POINT (118899.71299999952 483152.6180000007),POINT (4.857545578052516 52.33511463851531),4.857545578052516,52.33511463851531
223849,20230049207,2023,Uitsluitend materiele schade,2,bestelauto,fiets,Flank,"Kruispunt, 4 takken",Binnen,50.0,Niet brandend,Beton,Droog,Daglicht,Droog,FIETSPAD,amsterdam,POINT (122552.73840000108 490343.7749999985),POINT (4.910446370774227 52.39997161066385),4.910446370774227,52.39997161066385
223877,20230058649,2023,Uitsluitend materiele schade,2,bromfiets,personenauto,Flank,"Kruispunt, 3 takken",Binnen,50.0,Niet brandend,ZOAB,Droog,Daglicht,Droog,Buikslotermeerplein,amsterdam,POINT (124311.79360000044 490131.0445000008),POINT (4.936311394494499 52.398160939073115),4.936311394494499,52.398160939073115
223888,20230066189,2023,Uitsluitend materiele schade,2,personenauto,fiets,Flank,Rechte weg,Binnen,30.0,Niet brandend,Klinkers,Droog,Daglicht,Droog,Keizersgracht,amsterdam,POINT (120814.52400000021 487369.75499999896),POINT (4.885209851924682 52.37313778908886),4.885209851924682,52.37313778908886
223901,20230059415,2023,Letsel,2,bromfiets,fiets,Flank,"Kruispunt, 4 takken",Binnen,50.0,Niet brandend,Overig asfalt,Droog,Daglicht,Droog,FIETSPAD,amsterdam,POINT (123228.69610000029 491452.16519999877),POINT (4.920273167889629 52.40997255725345),4.920273167889629,52.40997255725345
223908,20230066406,2023,Uitsluitend materiele schade,2,personenauto,fiets,Flank,"Kruispunt, 4 takken",Binnen,50.0,Niet brandend,Overig asfalt,Droog,Daglicht,Droog,FIETSPAD,amsterdam,POINT (120053.85029999912 492154),POINT (4.873542204978361 52.416087012361515),4.873542204978361,52.416087012361515
223953,20230049969,2023,Uitsluitend materiele schade,2,personenauto,fiets,Frontaal,Rechte weg,Binnen,50.0,Niet aanwezig,Overig asfalt,Droog,Daglicht,Droog,Wittenburgergracht,amsterdam,POINT (123070 487011.5),POINT (4.918363178190634 52.37005381514493),4.918363178190634,52.37005381514493
224012,20220210893,2022,Letsel,1,fiets,unknown,Eenzijdig,Rechte weg,Binnen,30.0,Unknown,Klinkers,Unknown,Daglicht,Regen,Rembrandtplein,amsterdam,POINT (121593.68499999866 486548.5540000014),POINT (4.896732593085084 52.3658053614277),4.896732593085084,52.3658053614277
224046,20220211605,2022,Letsel,1,snorfiets,unknown,Eenzijdig,Rechte weg,Binnen,50.0,Brandend,Overig asfalt,Nat,Duisternis,Droog,Kinkerstraat,amsterdam,POINT (119240.3740000017 486445.756000001),POINT (4.862193545917004 52.364733313922116),4.862193545917004,52.364733313922116
224059,20220211620,2022,Letsel,2,motor,fiets,Flank,"Kruispunt, 4 takken",Binnen,50.0,Brandend,ZOAB,Droog,Duisternis,Droog,Hobbemakade,amsterdam,POINT (120876.45279999822 485429.69359999895),POINT (4.886316091505912 52.35570573022864),4.886316091505912,52.35570573022864
224126,20220210988,2022,Letsel,2,personenauto,fiets,Flank,Bocht,Binnen,15.0,Brandend,Klinkers,Droog,Duisternis,Droog,Sarphatistraat,amsterdam,POINT (122737.97700000182 486149.29399999976),POINT (4.913570840777726 52.3622854856006),4.913570840777726,52.3622854856006
224127,20220211653,2022,Uitsluitend materiele schade,2,personenauto,bromfiets,Flank,"Kruispunt, 3 takken",Binnen,50.0,Brandend,Overig asfalt,Droog,Duisternis,Droog,Zeeburgerdijk,amsterdam,POINT (124960.79430000111 486576.79089999944),POINT (4.946164504988685 52.36625360493763),4.946164504988685,52.36625360493763
224165,20220211051,2022,Uitsluitend materiele schade,2,bromfiets,fiets,Onbekend,"Kruispunt, 4 takken",Binnen,50.0,Niet brandend,Overig asfalt,Droog,Daglicht,Droog,Tasmanstraat,amsterdam,POINT (120760.12629999965 489348.9199000001),POINT (4.884209360998738 52.39092167756673),4.884209360998738,52.39092167756673
224168,20220211739,2022,Uitsluitend materiele schade,2,personenauto,fiets,Flank,"Kruispunt, 4 takken",Binnen,50.0,Brandend,Overig asfalt,Nat,Duisternis,Regen,Burg De Vlugtlaan,amsterdam,POINT (116849.30330000073 488238.9200000018),POINT (4.826886666312145 52.38068798481288),4.826886666312145,52.38068798481288
224207,20220212429,2022,Letsel,1,bromfiets,unknown,Eenzijdig,Unknown,Unknown,30.0,Unknown,Unknown,Unknown,Daglicht,Unknown,Javastraat,amsterdam,POINT (124327.20600000024 486302.7509999983),POINT (4.9368873440978085 52.363755695889736),4.9368873440978085,52.363755695889736
224208,20220212442,2022,Uitsluitend materiele schade,2,bromfiets,personenauto,Flank,"Kruispunt, 4 takken",Buiten,50.0,Niet brandend,Overig asfalt,Nat,Daglicht,Regen,Basisweg,amsterdam,POINT (117224.1537999995 489501.30779999867),POINT (4.8322498422880775 52.3920592310921),4.8322498422880775,52.3920592310921
224209,20220212462,2022,Letsel,2,bus,e-bike,Flank,"Kruispunt, 4 takken",Binnen,50.0,Niet brandend,ZOAB,Droog,Daglicht,Droog,Prins Hendrikkade,amsterdam,POINT (122231.19099999964 487416.90199999884),POINT (4.906007493957364 52.37364787829629),4.906007493957364,52.37364787829629
224343,20220210553,2022,Uitsluitend materiele schade,2,personenauto,fiets,Flank,Rotonde,Binnen,50.0,Niet brandend,Beton,Nat,Daglicht,Regen,OOSTOEVER NOORDZIJDE,amsterdam,POINT (117108.2137000002 487083.82840000093),POINT (4.830819345915313 52.370324861832586),4.830819345915313,52.370324861832586
224373,20220210563,2022,Uitsluitend materiele schade,3,bromfiets,e-bike,Onbekend,Rechte weg,Binnen,30.0,Brandend,Overig asfalt,Droog,Schemer,Droog,Slotermeerlaan,amsterdam,POINT (116265.1959999986 487503.80099999905),POINT (4.818393052628006 52.374040426129156),4.818393052628006,52.374040426129156
224476,20220212103,2022,Letsel,2,personenauto,fiets,Flank,Rotonde,Binnen,50.0,Niet brandend,Overig asfalt,Nat,Schemer,Droog,Admiralengracht,amsterdam,POINT (118838.9459999986 487154.4063999988),POINT (4.856223931724463 52.371075855898106),4.856223931724463,52.371075855898106
224477,20220212107,2022,Letsel,2,personenauto,bromfiets,Kop/staart,Rechte weg,Binnen,30.0,Brandend,ZOAB,Sneeuw/ijzel,Duisternis,Droog,Wigbolt Ripperdastraat,amsterdam,POINT (115244.88100000098 488362.1079999991),POINT (4.803309154754991 52.3816812565573),4.803309154754991,52.3816812565573
224524,20220211462,2022,Letsel,2,bromfiets,overig vast object,Vast voorwerp,Rotonde,Binnen,30.0,Brandend,Klinkers,Nat,Duisternis,Droog,Hogeweg,amsterdam,POINT (124050.39620000124 485339.8104000017),POINT (4.932912141056257 52.355085878194636),4.932912141056257,52.355085878194636
224915,20230111882,2023,Uitsluitend materiele schade,2,bromfiets,personenauto,Kop/staart,"Kruispunt, 4 takken",Binnen,30.0,Brandend,Overig asfalt,Droog,Duisternis,Droog,Da Costakade,amsterdam,POINT (120034.79600000009 486767.12099999934),POINT (4.873823106486786 52.36767265788616),4.873823106486786,52.36767265788616
224924,20230111317,2023,Letsel,2,bromfiets,fiets,Flank,"Kruispunt, 4 takken",Binnen,50.0,Brandend,Overig asfalt,Nat,Duisternis,Regen,Duivendrechtselaan,amsterdam,POINT (124556.94739999995 483484.76000000164),POINT (4.940515098563718 52.33844212185402),4.940515098563718,52.33844212185402
224935,20230111372,2023,Letsel,3,snorfiets,personenauto,Onbekend,"Kruispunt, 4 takken",Binnen,30.0,Niet brandend,Overig asfalt,Droog,Daglicht,Droog,Van Hallstraat,amsterdam,POINT (119834.29940000176 488422.6436999999),POINT (4.87070616702237 52.3825384722541),4.87070616702237,52.3825384722541
225019,20230023115,2023,Uitsluitend materiele schade,2,motor,fiets,Flank,Rechte weg,Binnen,50.0,Niet brandend,Overig asfalt,Droog,Daglicht,Droog,FIETSPAD,amsterdam,POINT (127870.48930000141 485878.1926999986),POINT (4.98894036528151 52.36012644205408),4.98894036528151,52.36012644205408
225020,20230024338,2023,Uitsluitend materiele schade,3,fiets,personenauto,Onbekend,Rechte weg,Binnen,50.0,Niet brandend,Overig asfalt,Nat,Daglicht,Regen,Stadionplein,amsterdam,POINT (118898.70499999821 484012.51000000164),POINT (4.857438587358473 52.34284268929078),4.857438587358473,52.34284268929078
225037,20230036745,2023,Uitsluitend materiele schade,2,bromfiets,fiets,Flank,Rechte weg,Binnen,50.0,Brandend,Overig asfalt,Droog,Duisternis,Droog,Jan Evertsenstraat,amsterdam,POINT (118579.58100000024 487087.79199999943),POINT (4.852422853542546 52.37046003573042),4.852422853542546,52.37046003573042
225064,20230020975,2023,Letsel,1,bromfiets,unknown,Eenzijdig,Rechte weg,Binnen,30.0,Brandend,Overig asfalt,Nat,Duisternis,Regen,Witte de Withstraat,amsterdam,POINT (119035.2899999991 486743.2270000018),POINT (4.859150873850679 52.36739337413274),4.859150873850679,52.36739337413274