,accident_id,accident_year,outcome,num_parties,party1_type,party2_type,accident_nature,road_situation,built_up_area,speed_limit_kmh,street_lighting,road_surface,road_condition,light_condition,weather_condition,street_name,municipality,shape,geometry,longitude,latitude
225068,20230023190,2023,Uitsluitend materiele schade,2,personenauto,fiets,Flank,Rechte weg,Binnen,50.0,Niet brandend,Overig asfalt,Droog,Daglicht,Droog,Amstel,amsterdam,POINT (121816.73900000006 486633.73800000176),POINT (4.899998952037527 52.36658445759862),4.899998952037527,52.36658445759862
225082,20230067244,2023,Uitsluitend materiele schade,1,fiets,unknown,Eenzijdig,Rechte weg,Binnen,50.0,Brandend,Overig asfalt,Nat,Duisternis,Regen,Govert Flinckstraat,amsterdam,POINT (120971.36899999902 485251.368999999),POINT (4.88772732159111 52.354108957448794),4.88772732159111,52.354108957448794
225118,20230023285,2023,Uitsluitend materiele schade,1,bromfiets,unknown,Voetganger,"Kruispunt, 4 takken",Binnen,50.0,Brandend,Klinkers,Droog,Duisternis,Droog,Bos en Lommerweg,amsterdam,POINT (117896.21220000088 487958.9792999998),POINT (4.8422928126181155 52.37824384965774),4.8422928126181155,52.37824384965774
225136,20230078220,2023,Uitsluitend materiele schade,3,fiets,fiets,Onbekend,Rechte weg,Binnen,Unknown,Brandend,Overig asfalt,Nat,Duisternis,Regen,Vondelpark,amsterdam,POINT (119037.54800000042 485391.5460000001),POINT (4.859328569658893 52.35524559565476),4.859328569658893,52.35524559565476
225140,20230078543,2023,Letsel,2,bromfiets,lichtmast,Vast voorwerp,Rotonde,Binnen,50.0,Brandend,Klinkers,Nat,Duisternis,Regen,Distelweg,amsterdam,POINT (122601.4662999995 489335.07239999995),POINT (4.911259668086963 52.39090900871486),4.911259668086963,52.39090900871486
225272,20230036503,2023,Uitsluitend materiele schade,2,personenauto,fiets,Flank,"Kruispunt, 4 takken",Binnen,50.0,Brandend,Overig asfalt,Droog,Duisternis,Droog,Govert Flinckstraat,amsterdam,POINT (121793.74920000136 485535.1928999983),POINT (4.899769891763816 52.35671009371424),4.899769891763816,52.35671009371424
225282,20230077942,2023,Uitsluitend materiele schade,3,personenauto,fiets,Onbekend,"Kruispunt, 4 takken",Binnen,50.0,Niet brandend,Unknown,Droog,Daglicht,Droog,Scheldestraat,amsterdam,POINT (121204.8590000011 484556.9990000017),POINT (4.891224136253611 52.34788283766145),4.891224136253611,52.34788283766145
225290,20230022914,2023,Uitsluitend materiele schade,1,bromfiets,unknown,Voetganger,Rechte weg,Binnen,50.0,Niet aanwezig,ZOAB,Droog,Daglicht,Droog,Prins Hendrikkade,amsterdam,POINT (121780.42799999937 487762.5859999992),POINT (4.8993542778875385 52.376727557957345),4.8993542778875385,52.376727557957345
225356,20230036615,2023,Letsel,2,bromfiets,trein/tram,Onbekend,"Kruispunt, 4 takken",Binnen,Unknown,Niet brandend,Overig asfalt,Droog,Daglicht,Droog,Zuiderzeeweg,amsterdam,POINT (126049.8024000004 487216.82840000093),POINT (4.962097927296892 52.37206433504461),4.962097927296892,52.37206433504461
225398,20230078120,2023,Uitsluitend materiele schade,2,personenauto,bromfiets,Flank,"Kruispunt, 3 takken",Buiten,50.0,Unknown,ZOAB,Droog,Daglicht,Droog,Basisweg,amsterdam,POINT (117019.3834999986 489502.9622000009),POINT (4.829241567484335 52.39205996655608),4.829241567484335,52.39205996655608
225462,20230087555,2023,Letsel,2,fiets,fiets,Frontaal,Rechte weg,Binnen,Unknown,Niet brandend,Overig asfalt,Droog,Daglicht,Droog,Brettenpad,amsterdam,POINT (115709.07600000128 488889.3759999983),POINT (4.810064913498277 52.386453323808205),4.810064913498277,52.386453323808205
225519,20230096997,2023,Letsel,2,fiets,voetganger,Voetganger,"Kruispunt, 4 takken",Binnen,30.0,Niet brandend,Overig asfalt,Nat,Daglicht,Regen,Andries Copierstraat,amsterdam,POINT (117491.1398999989 486727.28119999915),POINT (4.836481584992171 52.36714677749682),4.836481584992171,52.36714677749682
225603,20230097145,2023,Letsel,2,personenauto,bromfiets,Flank,"Kruispunt, 4 takken",Binnen,Unknown,Brandend,Overig asfalt,Nat,Duisternis,Regen,Middenweg,amsterdam,POINT (124536.9849999994 484519.09600000083),POINT (4.940128599771751 52.34773700082473),4.940128599771751,52.34773700082473
225684,20230087358,2023,Letsel,2,e-bike,e-bike,Frontaal,Bocht,Binnen,30.0,Niet brandend,Beton,Droog,Daglicht,Droog,Prinses Irenestraat,amsterdam,POINT (120538.3740000017 483821.66000000015),POINT (4.881518399177097 52.341232712901366),4.881518399177097,52.341232712901366
225685,20230087954,2023,Letsel,2,personenauto,fiets,Flank,"Kruispunt, 4 takken",Binnen,50.0,Brandend,Overig asfalt,Nat,Duisternis,Regen,Radarweg,amsterdam,POINT (117461.69240000099 489372.2164000012),POINT (4.835753733183972 52.39091536100288),4.835753733183972,52.39091536100288
225708,20230097348,2023,Letsel,2,personenauto,fiets,Flank,"Kruispunt, 4 takken",Binnen,50.0,Niet brandend,Overig asfalt,Nat,Daglicht,Droog,Maxwellstraat,amsterdam,POINT (123833.75780000165 484470.74340000004),POINT (4.929812817019019 52.34726300673897),4.929812817019019,52.34726300673897
225729,20230088064,2023,Uitsluitend materiele schade,2,fiets,bromfiets,Frontaal,Rechte weg,Binnen,30.0,Niet brandend,Unknown,Nat,Schemer,Droog,FIETSPAD,amsterdam,POINT (124648.30799999833 481151.17500000075),POINT (4.942065824690815 52.3174742599368),4.942065824690815,52.3174742599368
225800,20210078638,2021,Uitsluitend materiele schade,2,snorfiets,personenauto,Flank,Rechte weg,Binnen,50.0,Brandend,Overig asfalt,Nat,Duisternis,Droog,Jan Puntstraat,amsterdam,POINT (116947.50989999995 485518.0042999983),POINT (4.828636951017895 52.35624132467615),4.828636951017895,52.35624132467615
225831,20210075819,2021,Letsel,3,bromfiets,unknown,Eenzijdig,Rechte weg,Binnen,30.0,Niet brandend,Overig asfalt,Droog,Daglicht,Unknown,Brouwersgracht,amsterdam,POINT (121298.34800000116 488054.8729999997),POINT (4.892245568972146 52.3793250454262),4.892245568972146,52.3793250454262
225847,20210081691,2021,Letsel,3,snorfiets,motor,Flank,"Kruispunt, 4 takken",Binnen,Unknown,Niet brandend,ZOAB,Droog,Daglicht,Droog,De Ruijterkade,amsterdam,POINT (122503.16930000111 487823.2963999994),POINT (4.909961954935388 52.377316430975746),4.909961954935388,52.377316430975746
225929,20210087282,2021,Uitsluitend materiele schade,2,personenauto,fiets,Flank,"Kruispunt, 4 takken",Binnen,50.0,Niet brandend,Overig asfalt,Nat,Daglicht,Regen,Weteringschans,amsterdam,POINT (120898.76940000057 486028.8104999997),POINT (4.886582915980709 52.36109156499025),4.886582915980709,52.36109156499025
226107,20210004192,2021,Uitsluitend materiele schade,2,bromfiets,personenauto,Flank,"Kruispunt, 4 takken",Binnen,50.0,Brandend,Overig asfalt,Droog,Duisternis,Droog,Jan van Galenstraat,amsterdam,POINT (118245.14699999988 487318.1240000017),POINT (4.847487192248901 52.37250780344898),4.847487192248901,52.37250780344898
226392,20210058767,2021,Letsel,2,snorfiets,personenauto,Flank,"Kruispunt, 3 takken",Binnen,50.0,Brandend,Overig asfalt,Droog,Schemer,Droog,De Cuserstraat,amsterdam,POINT (119664.00160000101 481862.7038999982),POINT (4.868893984816506 52.32357139869964),4.868893984816506,52.32357139869964
226412,20210045957,2021,Letsel,2,bromfiets,fiets,Flank,Rechte weg,Binnen,30.0,Niet brandend,Overig asfalt,Droog,Daglicht,Droog,Piet Heinkade,amsterdam,POINT (123007.36300000176 487766.6229999997),POINT (4.917371604479668 52.376836698636424),4.917371604479668,52.376836698636424
226418,20210053173,2021,Uitsluitend materiele schade,2,fiets,fiets,Flank,"Kruispunt, 4 takken",Binnen,Unknown,Brandend,Overig asfalt,Droog,Duisternis,Droog,Buitenveldertselaan,amsterdam,POINT (119681.56689999998 483132.06060000136),POINT (4.869018535734459 52.33498066975381),4.869018535734459,52.33498066975381
226422,20210057268,2021,Uitsluitend materiele schade,2,personenauto,fiets,Flank,"Kruispunt, 4 takken",Binnen,50.0,Niet brandend,Overig asfalt,Nat,Daglicht,Droog,Zeeburgerdijk,amsterdam,POINT (124503.4375 486565.48270000145),POINT (4.939450749687961 52.36612677100302),4.939450749687961,52.36612677100302
226425,20210059445,2021,Uitsluitend materiele schade,2,personenauto,e-bike,Flank,"Kruispunt, 3 takken",Binnen,50.0,Brandend,ZOAB,Droog,Duisternis,Droog,Linnaeusstraat,amsterdam,POINT (123564.00239999965 485834.22940000147),POINT (4.925726650742188 52.359501782956656),4.925726650742188,52.359501782956656
226442,20210044099,2021,Letsel,2,bromfiets,personenauto,Onbekend,"Kruispunt, 3 takken",Binnen,50.0,Niet brandend,Overig asfalt,Droog,Daglicht,Droog,IJburglaan,amsterdam,POINT (126078.6464000009 487223.7269000001),POINT (4.9625208695604375 52.37212785412836),4.9625208695604375,52.37212785412836
226444,20210044107,2021,Uitsluitend materiele schade,3,personenauto,fiets,Los voorwerp,"Kruispunt, 4 takken",Binnen,30.0,Niet aanwezig,Beton,Droog,Daglicht,Droog,Clara Zetkinstraat,amsterdam,POINT (125869.41789999977 481820.6347000003),POINT (4.959916287388409 52.32355702287408),4.959916287388409,52.32355702287408
226468,20210061515,2021,Uitsluitend materiele schade,2,personenauto,bromfiets,Kop/staart,Rechte weg,Binnen,50.0,Niet brandend,Overig asfalt,Nat,Daglicht,Droog,Heemstedestraat,amsterdam,POINT (118180.26399999857 484991.0179999992),POINT (4.8467892713222716 52.35158915753174),4.8467892713222716,52.35158915753174
226507,20210062869,2021,Letsel,2,fiets,fiets,Frontaal,Rechte weg,Binnen,50.0,Brandend,Overig asfalt,Nat,Duisternis,Droog,Hoofddorpplein,amsterdam,POINT (118392.36400000006 484991.8900000006),POINT (4.8499021039853405 52.35161116635708),4.8499021039853405,52.35161116635708
226517,20210044787,2021,Uitsluitend materiele schade,2,personenauto,bromfiets,Flank,"Kruispunt, 4 takken",Binnen,50.0,Niet brandend,Overig asfalt,Droog,Daglicht,Droog,Rustenburgerstraat,amsterdam,POINT (121216.34769999981 484949.9483000003),POINT (4.891353289119221 52.351415109399326),4.891353289119221,52.351415109399326
226614,20210071667,2021,Uitsluitend materiele schade,1,bromfiets,unknown,Voetganger,Rechte weg,Binnen,30.0,Niet brandend,Overig asfalt,Droog,Daglicht,Droog,Meer en Vaart,amsterdam,POINT (115436.9459999986 486122.8289999999),POINT (4.806393514484166 52.3615703082678),4.806393514484166,52.3615703082678
226617,20210088659,2021,Letsel,2,personenauto,fiets,Onbekend,"Kruispunt, 3 takken",Binnen,50.0,Niet brandend,Overig asfalt,Droog,Daglicht,Droog,Warmondstraat,amsterdam,POINT (118357.27499999851 484992.4670000002),POINT (4.849387050260182 52.35161401312277),4.849387050260182,52.35161401312277
226639,20210057950,2021,Uitsluitend materiele schade,2,bromfiets,overig vast object,Vast voorwerp,Rechte weg,Binnen,30.0,Brandend,Overig asfalt,Droog,Duisternis,Droog,Nassaukade,amsterdam,POINT (120212.62700000033 487735.188000001),POINT (4.876333840032611 52.37638423335597),4.876333840032611,52.37638423335597
226654,20210040607,2021,Letsel,1,fiets,unknown,Eenzijdig,Rechte weg,Binnen,50.0,Brandend,Overig asfalt,Droog,Duisternis,Droog,Kinkerstraat,amsterdam,POINT (119328.95199999958 486470.4470000006),POINT (4.863491346588333 52.36496097839189),4.863491346588333,52.36496097839189
226734,20210052326,2021,Uitsluitend materiele schade,2,snorfiets,fiets,Onbekend,"Kruispunt, 3 takken",Binnen,50.0,Niet brandend,Overig asfalt,Droog,Daglicht,Droog,Spaarndammerstraat,amsterdam,POINT (120580.44099999964 488839.0720000006),POINT (4.881622078501065 52.38632830849161),4.881622078501065,52.38632830849161
226799,20210065528,2021,Letsel,2,bestelauto,fiets,Flank,"Kruispunt, 3 takken",Binnen,50.0,Brandend,ZOAB,Nat,Duisternis,Unknown,Jodenbreestraat,amsterdam,POINT (122090.75549999997 486837.67440000176),POINT (4.90400203389201 52.36843378443208),4.90400203389201,52.36843378443208
226883,20210067608,2021,Uitsluitend materiele schade,2,bromfiets,personenauto,Kop/staart,Rechte weg,Binnen,50.0,Niet brandend,Overig asfalt,Droog,Daglicht,Droog,Stadionweg,amsterdam,POINT (118988.38599999994 484243.93499999866),POINT (4.858729791218856 52.344928459522094),4.858729791218856,52.344928459522094
227076,20210092249,2021,Uitsluitend materiele schade,2,personenauto,fiets,Onbekend,Rechte weg,Binnen,30.0,Niet brandend,Klinkers,Droog,Daglicht,Droog,Oosterdoksstraat,amsterdam,POINT (122248.53400000185 487756.36199999973),POINT (4.90622907809685 52.37669974203825),4.90622907809685,52.37669974203825
227272,20210092474,2021,Letsel,2,personenauto,fiets,Frontaal,"Kruispunt, 4 takken",Binnen,50.0,Niet brandend,Klinkers,Nat,Daglicht,Regen,Wingerdweg,amsterdam,POINT (122944.78689999878 489335.0822999999),POINT (4.916302991265728 52.390929256160554),4.916302991265728,52.390929256160554
227301,20210090805,2021,Uitsluitend materiele schade,2,bromfiets,bestelauto,Flank,Unknown,Binnen,50.0,Niet brandend,ZOAB,Nat,Daglicht,Droog,Oosterpark,amsterdam,POINT (123241.34730000049 485773.59849999845),POINT (4.920995977318789 52.35893831425981),4.920995977318789,52.35893831425981
227408,20210092046,2021,Uitsluitend materiele schade,2,personenauto,bromfiets,Kop/staart,"Kruispunt, 4 takken",Binnen,50.0,Brandend,Overig asfalt,Droog,Duisternis,Droog,Elzenhagensingel,amsterdam,POINT (123937.28200000152 490719.1460000016),POINT (4.93075453947702 52.403425299454945),4.93075453947702,52.403425299454945
227454,20220081394,2022,Letsel,3,personenauto,fiets,Voetganger,"Kruispunt, 3 takken",Binnen,50.0,Niet brandend,Klinkers,Droog,Daglicht,Droog,Damrak,amsterdam,POINT (121590.95560000092 487655.001699999),POINT (4.896582551344711 52.375749170976185),4.896582551344711,52.375749170976185
227486,20220080612,2022,Uitsluitend materiele schade,2,personenauto,fiets,Flank,"Kruispunt, 4 takken",Binnen,30.0,Niet aanwezig,Klinkers,Nat,Duisternis,Unknown,0116 BRUG,amsterdam,POINT (120905.18899999931 485049.93019999936),POINT (4.886776371448683 52.35229445988666),4.886776371448683,52.35229445988666
227497,20220016579,2022,Uitsluitend materiele schade,2,personenauto,fiets,Flank,"Kruispunt, 4 takken",Binnen,50.0,Niet brandend,Overig asfalt,Droog,Daglicht,Unknown,Valentijnkade,amsterdam,POINT (124604.5511999987 485725.1915999986),POINT (4.941011215417181 52.35858037727682),4.941011215417181,52.35858037727682
227516,20220080764,2022,Letsel,2,bromfiets,lichtmast,Vast voorwerp,Rechte weg,Binnen,Unknown,Brandend,Overig asfalt,Nat,Duisternis,Unknown,Christoffel Plantijnpad,amsterdam,POINT (116690.04699999839 486383.55799999833),POINT (4.824759265361058 52.3640023647099),4.824759265361058,52.3640023647099
227561,20220016750,2022,Uitsluitend materiele schade,1,bromfiets,unknown,Frontaal,Rechte weg,Binnen,30.0,Brandend,Klinkers,Droog,Duisternis,Unknown,Prinsengracht,amsterdam,POINT (120622.78299999982 487002.6770000011),POINT (4.882431890712307 52.36982678578933),4.882431890712307,52.36982678578933
227606,20220035793,2022,Uitsluitend materiele schade,2,personenauto,fiets,Flank,"Kruispunt, 4 takken",Binnen,50.0,Niet brandend,Overig asfalt,Droog,Daglicht,Droog,Basisweg,amsterdam,POINT (117498.9646999985 489434.5190999992),POINT (4.836294293483275 52.39147783529354),4.836294293483275,52.39147783529354
227741,20220081304,2022,Uitsluitend materiele schade,2,personenauto,fiets,Flank,"Kruispunt, 4 takken",Binnen,50.0,Niet brandend,ZOAB,Droog,Daglicht,Droog,Radarweg,amsterdam,POINT (117430.78709999844 488814.66050000116),POINT (4.835362119204851 52.38590238280303),4.835362119204851,52.38590238280303
227840,20220103084,2022,Uitsluitend materiele schade,1,snorfiets,unknown,Voetganger,Unknown,Binnen,30.0,Unknown,Unknown,Droog,Schemer,Unknown,Prinsengracht,amsterdam,POINT (120793.92100000009 487792.3779999986),POINT (4.88486430309559 52.37693473629868),4.88486430309559,52.37693473629868
227862,20220102586,2022,Uitsluitend materiele schade,2,motor,fiets,Onbekend,"Kruispunt, 4 takken",Binnen,50.0,Brandend,Overig asfalt,Droog,Daglicht,Droog,Rhijnestein,amsterdam,POINT (120811.07699999958 482552.4376000017),POINT (4.8856487213307656 52.329842797961625),4.8856487213307656,52.329842797961625
227919,20220103012,2022,Letsel,2,snorfiets,fiets,Flank,"Kruispunt, 4 takken",Binnen,50.0,Niet brandend,ZOAB,Nat,Daglicht,Unknown,Willem de Zwijgerlaan,amsterdam,POINT (119323.05900000036 487127.9290000014),POINT (4.863335056278083 52.37086956125721),4.863335056278083,52.37086956125721
227920,20220103062,2022,Uitsluitend materiele schade,2,bestelauto,fiets,Flank,"Kruispunt, 4 takken",Binnen,50.0,Niet brandend,Overig asfalt,Droog,Daglicht,Unknown,KOEKJESBRUG 0170,amsterdam,POINT (120308.97320000082 486589.253800001),POINT (4.877866949224664 52.36609150148132),4.877866949224664,52.36609150148132
227987,20220055155,2022,Letsel,2,personenauto,fiets,Flank,"Kruispunt, 3 takken",Binnen,50.0,Niet brandend,Overig asfalt,Droog,Daglicht,Droog,Raasdorperweg,amsterdam,POINT (112747.45199999958 487861.10979999974),POINT (4.766693684750124 52.37699218545007),4.766693684750124,52.37699218545007
228203,20230003959,2023,Letsel,2,fiets,bestelauto,Eenzijdig,"Kruispunt, 4 takken",Binnen,50.0,Niet brandend,Overig asfalt,Droog,Daglicht,Droog,De Boelelaan,amsterdam,POINT (118906.746199999 483142.0524000004),POINT (4.857649896417663 52.33502014392285),4.857649896417663,52.33502014392285
228239,20230003988,2023,Uitsluitend materiele schade,1,bromfiets,unknown,Voetganger,Rechte weg,Binnen,30.0,Brandend,Beton,Droog,Schemer,Droog,Troelstralaan,amsterdam,POINT (115087.70100000128 487434.7100000009),POINT (4.801110881873829 52.37333516661076),4.801110881873829,52.37333516661076
228568,20210001217,2021,Letsel,2,personenauto,snorfiets,Flank,Rechte weg,Binnen,50.0,Niet brandend,Overig asfalt,Droog,Daglicht,Droog,Aalsmeerweg,amsterdam,POINT (118205.48600000143 484542.32499999925),POINT (4.847208509093673 52.34755831747515),4.847208509093673,52.34755831747515
228883,20210030986,2021,Letsel,2,fiets,scootmobiel,Flank,Bocht,Binnen,50.0,Niet aanwezig,Overig asfalt,Droog,Daglicht,Droog,Burg Van de Pollstraat,amsterdam,POINT (117155.99100000039 487248.8740000017),POINT (4.831502270933894 52.37181145780369),4.831502270933894,52.37181145780369
228952,20210035028,2021,Letsel,1,fiets,unknown,Eenzijdig,Rechte weg,Binnen,30.0,Niet brandend,Klinkers,Droog,Daglicht,Droog,Oosterpark,amsterdam,POINT (122935.09899999946 485828.7800000012),POINT (4.916495220593528 52.35941645992535),4.916495220593528,52.35941645992535
228993,20220141918,2022,Uitsluitend materiele schade,2,personenauto,bromfiets,Onbekend,Rechte weg,Binnen,30.0,Niet brandend,Klinkers,Droog,Daglicht,Droog,Buiten Oranjestraat,amsterdam,POINT (120993.88199999928 488425.4829999991),POINT (4.8877366826948085 52.38263704393925),4.8877366826948085,52.38263704393925
229047,20220178104,2022,Uitsluitend materiele schade,2,bromfiets,overig vast object,Vast voorwerp,Rechte weg,Binnen,50.0,Brandend,Overig asfalt,Droog,Duisternis,Droog,Hoofdweg,amsterdam,POINT (118323.84600000083 487420.3969999999),POINT (4.84863161778312 52.37343221728533),4.84863161778312,52.37343221728533
229076,20220177878,2022,Uitsluitend materiele schade,2,personenauto,fiets,Flank,Rechte weg,Buiten,50.0,Niet aanwezig,Overig asfalt,Droog,Duisternis,Droog,Hogeweyselaan,amsterdam,POINT (130646.40509999916 481340.3344999999),POINT (5.030018485134314 52.31947259718675),5.030018485134314,52.31947259718675
229263,20220155345,2022,Letsel,1,fiets,unknown,Eenzijdig,Rechte weg,Binnen,50.0,Brandend,Beton,Droog,Duisternis,Droog,Hoge Dijkpad,amsterdam,POINT (126500.19999999925 477677.38899999857),POINT (4.9695184420872165 52.286352698663066),4.9695184420872165,52.286352698663066
229415,20220155644,2022,Letsel,2,e-bike,e-bike,Onbekend,Rechte weg,Binnen,50.0,Niet brandend,Overig asfalt,Droog,Daglicht,Droog,Plesmanlaan,amsterdam,POINT (116528.64999999851 484982.5489999987),POINT (4.822550080130333 52.35139988677091),4.822550080130333,52.35139988677091
229438,20220141620,2022,Letsel,2,snorfiets,voetganger,Voetganger,Rechte weg,Binnen,30.0,Niet brandend,Overig asfalt,Droog,Daglicht,Droog,Holendrechtplein,amsterdam,POINT (126068.73800000176 479192.8920000009),POINT (4.963065305813482 52.29995078312134),4.963065305813482,52.29995078312134
229463,20220124190,2022,Letsel,3,vrachtauto,fiets,Los voorwerp,"Kruispunt, 4 takken",Binnen,50.0,Niet brandend,Overig asfalt,Nat,Daglicht,Droog,Westerkade,amsterdam,POINT (120362.09070000052 487864.62000000104),POINT (4.8785153664555025 52.377556922360974),4.8785153664555025,52.377556922360974
229498,20220124230,2022,Letsel,2,bromfiets,unknown,Eenzijdig,Rechte weg,Binnen,50.0,Niet brandend,Overig asfalt,Nat,Daglicht,Droog,Hoofddorpweg,amsterdam,POINT (118485.02600000054 484924.81799999997),POINT (4.8512693559788085 52.3510145371062),4.8512693559788085,52.3510145371062
229543,20230050666,2023,Letsel,2,scootmobiel,fiets,Onbekend,"Kruispunt, 3 takken",Binnen,30.0,Niet brandend,Overig asfalt,Droog,Daglicht,Droog,Hogelandplein,amsterdam,POINT (121337.59380000085 483508.9803000018),POINT (4.893276895766565 52.338472079490764),4.893276895766565,52.338472079490764
229565,20230040780,2023,Letsel,3,fiets,fiets,Onbekend,Rechte weg,Binnen,Unknown,Niet brandend,ZOAB,Droog,Daglicht,Droog,Beethovenstraat,amsterdam,POINT (120244.69299999997 483321.5210000016),POINT (4.877260749456915 52.33671930483808),4.877260749456915,52.33671930483808
229566,20230040784,2023,Uitsluitend materiele schade,2,snorfiets,bromfiets,Onbekend,"Kruispunt, 4 takken",Binnen,50.0,Niet brandend,Overig asfalt,Droog,Daglicht,Droog,Lambertus Zijlplein,amsterdam,POINT (115142.37079999968 487837.6251000017),POINT (4.801865853392774 52.376960206902815),4.801865853392774,52.376960206902815
229738,20230066021,2023,Letsel,2,bromfiets,fiets,Frontaal,Rechte weg,Binnen,Unknown,Brandend,Beton,Nat,Schemer,Regen,FIETSPAD,amsterdam,POINT (126005.62299999967 489042.84800000116),POINT (4.961291635190192 52.38847307606812),4.961291635190192,52.38847307606812
229752,20230050446,2023,Uitsluitend materiele schade,3,personenauto,fiets,Onbekend,"Kruispunt, 4 takken",Binnen,50.0,Niet brandend,Overig asfalt,Droog,Daglicht,Droog,TORONTOBRUG 0350,amsterdam,POINT (122075.32770000026 485756.7972000018),POINT (4.90388134824263 52.358718671346416),4.90388134824263,52.358718671346416
229844,20230049999,2023,Uitsluitend materiele schade,2,bromfiets,personenauto,Flank,"Kruispunt, 4 takken",Binnen,30.0,Niet brandend,Overig asfalt,Droog,Daglicht,Droog,Kantershofpad,amsterdam,POINT (127556.97800000012 481083.71400000155),POINT (4.984728844788353 52.31702076396097),4.984728844788353,52.31702076396097
229885,20220210894,2022,Letsel,2,bestelauto,fiets,Flank,Rechte weg,Binnen,50.0,Niet brandend,Klinkers,Droog,Daglicht,Droog,Brederodestraat,amsterdam,POINT (119221.25400000066 485997.9699999988),POINT (4.861960487270751 52.36070769341644),4.861960487270751,52.36070769341644
229887,20220212226,2022,Letsel,2,bromfiets,fiets,Flank,Rechte weg,Binnen,50.0,Brandend,Overig asfalt,Droog,Duisternis,Droog,Eerste Van Swindenstraat,amsterdam,POINT (123452 486108),POINT (4.9240568364702035 52.36195583351931),4.9240568364702035,52.36195583351931
229981,20220211672,2022,Uitsluitend materiele schade,2,fiets,personenauto,Flank,"Kruispunt, 3 takken",Binnen,30.0,Brandend,Klinkers,Nat,Duisternis,Regen,Akerwateringstraat,amsterdam,POINT (113901.24379999936 485349.53830000013),POINT (4.783944097241786 52.35450784574307),4.783944097241786,52.35450784574307
230016,20220210126,2022,Letsel,2,bromfiets,personenauto,Flank,"Kruispunt, 4 takken",Binnen,50.0,Brandend,Overig asfalt,Nat,Schemer,Regen,Basisweg,amsterdam,POINT (116316.24300000072 489510.48800000176),POINT (4.818911538870262 52.39207849077191),4.818911538870262,52.39207849077191
230017,20220211746,2022,Letsel,3,bestelauto,fiets,Onbekend,"Kruispunt, 4 takken",Binnen,50.0,Niet brandend,Overig asfalt,Nat,Daglicht,Regen,Pieter Baststraat,amsterdam,POINT (120770.9598999992 485149.131000001),POINT (4.884796199022815 52.35317766359334),4.884796199022815,52.35317766359334
230048,20220211774,2022,Uitsluitend materiele schade,2,personenauto,e-bike,Flank,"Kruispunt, 4 takken",Binnen,50.0,Brandend,Overig asfalt,Nat,Duisternis,Droog,Mauritskade,amsterdam,POINT (122381.87330000103 485939.44260000065),POINT (4.908363468417167 52.36037845233814),4.908363468417167,52.36037845233814
230049,20220211784,2022,Letsel,1,fiets,unknown,Eenzijdig,Rechte weg,Binnen,30.0,Brandend,Klinkers,Droog,Duisternis,Droog,Ruysdaelstraat,amsterdam,POINT (120654.76199999824 485236.7470000014),POINT (4.88308178483031 52.35395784509874),4.88308178483031,52.35395784509874
230224,20220210596,2022,Uitsluitend materiele schade,2,personenauto,fiets,Flank,"Kruispunt, 3 takken",Binnen,50.0,Niet aanwezig,Beton,Droog,Daglicht,Droog,Gerrit van der Veenstr,amsterdam,POINT (119583.21130000055 484654.28119999915),POINT (4.8674153888099765 52.348655022276866),4.8674153888099765,52.348655022276866
230328,20220210728,2022,Uitsluitend materiele schade,3,personenauto,fiets,Onbekend,Rechte weg,Binnen,30.0,Niet brandend,Klinkers,Droog,Daglicht,Droog,Erasmusgracht,amsterdam,POINT (118247.01700000092 487621.9910000004),POINT (4.847481420012488 52.375238853153476),4.847481420012488,52.375238853153476
230368,20220211478,2022,Uitsluitend materiele schade,2,bromfiets,personenauto,Onbekend,"Kruispunt, 4 takken",Binnen,50.0,Brandend,Overig asfalt,Nat,Duisternis,Regen,Plesmanlaan,amsterdam,POINT (116868.82459999993 484967.4624999985),POINT (4.827544392941607 52.35128801310774),4.827544392941607,52.35128801310774
230867,20230036695,2023,Letsel,2,personenauto,fiets,Eenzijdig,"Kruispunt, 4 takken",Binnen,50.0,Niet brandend,ZOAB,Droog,Daglicht,Droog,Bos en Lommerweg,amsterdam,POINT (117896.8610999994 487964.68189999834),POINT (4.8423017123253675 52.378295144042085),4.8423017123253675,52.378295144042085
230888,20230067034,2023,Uitsluitend materiele schade,2,personenauto,fiets,Onbekend,"Kruispunt, 4 takken",Binnen,50.0,Niet brandend,Overig asfalt,Droog,Daglicht,Droog,Valeriusstraat,amsterdam,POINT (119694.45380000025 485272.5925000012),POINT (4.8689830788599044 52.35421913124742),4.8689830788599044,52.35421913124742
230928,20230020419,2023,Letsel,2,bromfiets,fiets,Flank,"Kruispunt, 3 takken",Binnen,50.0,Niet brandend,ZOAB,Nat,Daglicht,Droog,Th. K. van Lohuizenlaan,amsterdam,POINT (124976.64999999851 486567.59760000184),POINT (4.946398114874036 52.366171848371515),4.946398114874036,52.366171848371515
230929,20230023217,2023,Uitsluitend materiele schade,2,personenauto,fiets,Voetganger,"Kruispunt, 4 takken",Binnen,50.0,Niet brandend,Beton,Droog,Daglicht,Droog,Van Hallstraat,amsterdam,POINT (119830.23200000077 488421.46709999815),POINT (4.870646552368385 52.382527637298985),4.870646552368385,52.382527637298985