,accident_id,accident_year,outcome,num_parties,party1_type,party2_type,accident_nature,road_situation,built_up_area,speed_limit_kmh,street_lighting,road_surface,road_condition,light_condition,weather_condition,street_name,municipality,shape,geometry,longitude,latitude
231002,20230078351,2023,Uitsluitend materiele schade,3,snorfiets,personenauto,Onbekend,Rechte weg,Binnen,50.0,Niet brandend,Overig asfalt,Nat,Daglicht,Regen,Stadionweg,amsterdam,POINT (119380 484368.5),POINT (4.864463356703649 52.34607348496923),4.864463356703649,52.34607348496923
231013,20230024524,2023,Letsel,2,bestelauto,bromfiets,Flank,"Kruispunt, 4 takken",Binnen,30.0,Niet aanwezig,Klinkers,Nat,Daglicht,Regen,Tweede Bloemdwarsstraat,amsterdam,POINT (120434.06100000069 487442.88760000095),POINT (4.879615654499696 52.37377123481103),4.879615654499696,52.37377123481103
231033,20230020561,2023,Uitsluitend materiele schade,2,personenauto,fiets,Flank,"Kruispunt, 4 takken",Binnen,50.0,Brandend,ZOAB,Droog,Duisternis,Droog,Raadhuisstraat,amsterdam,POINT (120965.61600000039 487402.2569999993),POINT (4.887425180487271 52.37343927901261),4.887425180487271,52.37343927901261
231105,20230024638,2023,Letsel,1,fiets,unknown,Eenzijdig,"Kruispunt, 4 takken",Binnen,50.0,Niet brandend,Klinkers,Nat,Daglicht,Regen,Dam,amsterdam,POINT (121359.78700000048 487377.59800000116),POINT (4.893215659480843 52.37324195022244),4.893215659480843,52.37324195022244
231198,20230020772,2023,Letsel,2,bromfiets,voetganger,Voetganger,"Kruispunt, 4 takken",Binnen,50.0,Brandend,Overig asfalt,Droog,Duisternis,Droog,De Boelelaan,amsterdam,POINT (119680.80750000104 483146.16629999876),POINT (4.869005914984336 52.33510739356808),4.869005914984336,52.33510739356808
231223,20230023008,2023,Uitsluitend materiele schade,2,bromfiets,personenauto,Kop/staart,"Kruispunt, 3 takken",Binnen,50.0,Niet brandend,Overig asfalt,Nat,Daglicht,Droog,Osdorper Ban,amsterdam,POINT (114866.77120000124 486139.1671000011),POINT (4.798021457620469 52.36167577901104),4.798021457620469,52.36167577901104
231236,20230077715,2023,Uitsluitend materiele schade,2,personenauto,bromfiets,Flank,"Kruispunt, 4 takken",Binnen,50.0,Brandend,Overig asfalt,Droog,Duisternis,Droog,Zandpad,amsterdam,POINT (120543 486119),POINT (4.881351014971975 52.36187992410592),4.881351014971975,52.36187992410592
231312,20230086407,2023,Uitsluitend materiele schade,2,personenauto,bromfiets,Flank,"Kruispunt, 3 takken",Binnen,50.0,Niet brandend,Overig asfalt,Droog,Daglicht,Droog,Nieuwe Utrechtseweg,amsterdam,POINT (122666.24940000102 483123.9129000008),POINT (4.912808533276376 52.3350910929706),4.912808533276376,52.3350910929706
231393,20230088335,2023,Letsel,2,personenauto,bromfiets,Onbekend,"Kruispunt, 3 takken",Binnen,50.0,Brandend,Overig asfalt,Droog,Duisternis,Droog,Posbankpad,amsterdam,POINT (125660.48180000111 478909.2023999989),POINT (4.957105007422954 52.29737951256789),4.957105007422954,52.29737951256789
231467,20230097196,2023,Letsel,2,personenauto,fiets,Flank,"Kruispunt, 3 takken",Binnen,50.0,Niet brandend,Overig asfalt,Nat,Daglicht,Regen,Ruys de Beerenbrouckstr,amsterdam,POINT (115460.1400000006 488438.6737000011),POINT (4.806461559201304 52.382384911824964),4.806461559201304,52.382384911824964
231484,20230097827,2023,Letsel,2,personenauto,fiets,Geparkeerd voertuig,Rechte weg,Binnen,50.0,Brandend,Beton,Droog,Duisternis,Droog,Planciusstraat,amsterdam,POINT (120847.42500000075 488992.96400000155),POINT (4.885527961440717 52.38772805138262),4.885527961440717,52.38772805138262
231485,20230097829,2023,Letsel,2,trekker met oplegger,fiets,Flank,Rechte weg,Binnen,50.0,Niet brandend,Overig asfalt,Droog,Daglicht,Droog,Ceintuurbaan,amsterdam,POINT (121816.35000000149 485295.4239999987),POINT (4.900125288558312 52.354556577138965),4.900125288558312,52.354556577138965
231539,20230097340,2023,Uitsluitend materiele schade,2,personenauto,fiets,Flank,"Kruispunt, 3 takken",Binnen,50.0,Brandend,Overig asfalt,Droog,Duisternis,Droog,Cas Oorthuyskade,amsterdam,POINT (127767.02299999818 485807.7969999984),POINT (4.987427204677321 52.359488648094015),4.987427204677321,52.359488648094015
231585,20230087493,2023,Uitsluitend materiele schade,2,fiets,personenauto,Onbekend,"Kruispunt, 4 takken",Binnen,50.0,Brandend,Overig asfalt,Nat,Duisternis,Regen,Vijzelgracht,amsterdam,POINT (121192.13199999928 485970.8984000012),POINT (4.890895276598107 52.360589224112196),4.890895276598107,52.360589224112196
231613,20210087325,2021,Uitsluitend materiele schade,2,personenauto,fiets,Flank,"Kruispunt, 4 takken",Binnen,50.0,Brandend,Klinkers,Droog,Daglicht,Droog,Javastraat,amsterdam,POINT (123958.52950000018 486268.7708999999),POINT (4.9314779882375 52.36342959441278),4.9314779882375,52.36342959441278
231614,20210087340,2021,Uitsluitend materiele schade,2,personenauto,e-bike,Flank,"Kruispunt, 4 takken",Binnen,50.0,Niet brandend,Overig asfalt,Nat,Daglicht,Unknown,L. van Sonsbeeckstraat,amsterdam,POINT (115225.75079999864 485935.3231999986),POINT (4.803315365165739 52.35986990320372),4.803315365165739,52.35986990320372
231642,20210079163,2021,Uitsluitend materiele schade,2,personenauto,bromfiets,Onbekend,Rechte weg,Binnen,50.0,Brandend,Overig asfalt,Nat,Duisternis,Regen,Johan Huizingalaan,amsterdam,POINT (116845 486310.5),POINT (4.827042383099208 52.36335656152033),4.827042383099208,52.36335656152033
231644,20210080808,2021,Uitsluitend materiele schade,2,bromfiets,bromfiets,Flank,"Kruispunt, 4 takken",Binnen,50.0,Niet brandend,Klinkers,Droog,Daglicht,Droog,Singel,amsterdam,POINT (121017.25759999827 487264.3436000012),POINT (4.888197430011961 52.37220301020308),4.888197430011961,52.37220301020308
231656,20210078630,2021,Uitsluitend materiele schade,2,fiets,personenauto,Flank,"Kruispunt, 4 takken",Binnen,50.0,Niet brandend,Beton,Droog,Daglicht,Droog,Linnaeushof,amsterdam,POINT (124242.62469999865 484911.26779999956),POINT (4.935772848102524 52.351245201250435),4.935772848102524,52.351245201250435
231705,20210087363,2021,Uitsluitend materiele schade,2,personenauto,bromfiets,Kop/staart,"Kruispunt, 3 takken",Binnen,50.0,Niet brandend,Overig asfalt,Nat,Daglicht,Unknown,Jan van Galenstraat,amsterdam,POINT (119213.50140000135 487591.90890000015),POINT (4.861677007530797 52.37503233839617),4.861677007530797,52.37503233839617
231771,20210083339,2021,Uitsluitend materiele schade,2,personenauto,bromfiets,Flank,"Kruispunt, 4 takken",Binnen,30.0,Brandend,Overig asfalt,Droog,Duisternis,Droog,Gooiseweg,amsterdam,POINT (125951.29500000179 481271.1400000006),POINT (4.961164592139298 52.31862279591837),4.961164592139298,52.31862279591837
231858,20210022678,2021,Uitsluitend materiele schade,2,personenauto,fiets,Kop/staart,"Kruispunt, 3 takken",Binnen,50.0,Niet brandend,Overig asfalt,Droog,Daglicht,Droog,Spuistraat,amsterdam,POINT (121449.07470000163 487838.39770000055),POINT (4.894480751021963 52.37738875225135),4.894480751021963,52.37738875225135
231885,20210025593,2021,Uitsluitend materiele schade,2,snorfiets,fiets,Onbekend,Bocht,Binnen,50.0,Niet brandend,Overig asfalt,Nat,Daglicht,Droog,Mercatorplein,amsterdam,POINT (118440.92199999839 486985.2010000013),POINT (4.850398088909268 52.36952881175548),4.850398088909268,52.36952881175548
231938,20210002734,2021,Uitsluitend materiele schade,2,snorfiets,personenauto,Flank,"Kruispunt, 4 takken",Binnen,30.0,Niet brandend,Klinkers,Unknown,Schemer,Harde windstoten,Keizersgracht,amsterdam,POINT (120757.40089999884 487062.5335999988),POINT (4.88440236077997 52.37037314433008),4.88440236077997,52.37037314433008
232009,20210009525,2021,Uitsluitend materiele schade,1,bromfiets,unknown,Onbekend,Rechte weg,Binnen,50.0,Niet brandend,Klinkers,Droog,Daglicht,Droog,Jaagpad,amsterdam,POINT (118129.10399999842 483748.72300000116),POINT (4.846174507138638 52.34042086761163),4.846174507138638,52.34042086761163
232028,20210027985,2021,Uitsluitend materiele schade,2,snorfiets,fiets,Flank,Rechte weg,Binnen,50.0,Niet brandend,Overig asfalt,Droog,Daglicht,Droog,Meer en Vaart,amsterdam,POINT (115508.07699999958 485892.5179999992),POINT (4.807464756848447 52.359505573409756),4.807464756848447,52.359505573409756
232289,20210059448,2021,Uitsluitend materiele schade,2,bromfiets,personenauto,Flank,Rechte weg,Binnen,30.0,Brandend,ZOAB,Droog,Daglicht,Droog,Rozengracht,amsterdam,POINT (120318 487326),POINT (4.877923465754311 52.37271341598058),4.877923465754311,52.37271341598058
232295,20210061859,2021,Letsel,2,personenauto,snorfiets,Onbekend,"Kruispunt, 4 takken",Binnen,50.0,Niet brandend,Overig asfalt,Nat,Daglicht,Droog,Weteringlaan,amsterdam,POINT (121185.9849999994 485686.30999999866),POINT (4.890833651413056 52.358031160813745),4.890833651413056,52.358031160813745
232338,20210039186,2021,Uitsluitend materiele schade,2,fiets,voetganger,Voetganger,Rechte weg,Binnen,50.0,Niet brandend,Beton,Droog,Daglicht,Droog,De Clercqstraat,amsterdam,POINT (119851.59299999848 487146.3040000014),POINT (4.87109366183996 52.37106878478821),4.87109366183996,52.37106878478821
232364,20210083346,2021,Letsel,2,snorfiets,personenauto,Flank,"Kruispunt, 4 takken",Binnen,50.0,Brandend,Overig asfalt,Nat,Schemer,Droog,Nassaukade,amsterdam,POINT (120394.16440000013 488362.8596000001),POINT (4.878935061268404 52.38203675473564),4.878935061268404,52.38203675473564
232432,20210062465,2021,Letsel,2,personenauto,fiets,Flank,"Kruispunt, 4 takken",Binnen,50.0,Niet brandend,Overig asfalt,Nat,Daglicht,Unknown,Beukenweg,amsterdam,POINT (122997 485674),POINT (4.917418617593776 52.358029008579194),4.917418617593776,52.358029008579194
232448,20210055882,2021,Uitsluitend materiele schade,2,bromfiets,bromfiets,Flank,Bocht,Binnen,30.0,Niet brandend,Klinkers,Droog,Daglicht,Unknown,Balboastraat,amsterdam,POINT (118840.8900000006 486967.70699999854),POINT (4.856272559254461 52.369398069083836),4.856272559254461,52.369398069083836
232604,20210036364,2021,Letsel,2,bromfiets,voetganger,Voetganger,"Kruispunt, 4 takken",Binnen,30.0,Niet brandend,Overig asfalt,Droog,Daglicht,Droog,Vijzelstraat,amsterdam,POINT (121288.50979999825 486316.9237000011),POINT (4.892275391659281 52.36370498343699),4.892275391659281,52.36370498343699
232657,20210065523,2021,Letsel,2,fiets,bestelauto,Flank,"Kruispunt, 3 takken",Binnen,50.0,Niet brandend,Overig asfalt,Nat,Daglicht,Unknown,Herwijk,amsterdam,POINT (114222.72810000181 490135.49760000035),POINT (4.788081916320025 52.39754397005541),4.788081916320025,52.39754397005541
232663,20210090040,2021,Letsel,2,bromfiets,personenauto,Flank,"Kruispunt, 3 takken",Binnen,50.0,Niet brandend,Overig asfalt,Droog,Daglicht,Droog,Klaprozenweg,amsterdam,POINT (122124.98299999908 490329.5993000008),POINT (4.9041628243968605 52.39981874863832),4.9041628243968605,52.39981874863832
232692,20210067152,2021,Uitsluitend materiele schade,2,personenauto,snorfiets,Flank,Rotonde,Binnen,50.0,Brandend,Overig asfalt,Droog,Duisternis,Droog,Nieuwe Leeuwarderweg,amsterdam,POINT (123674.25780000165 490016.2300999984),POINT (4.9269552651181545 52.3970930460261),4.9269552651181545,52.3970930460261
232728,20210040885,2021,Letsel,2,personenauto,fiets,Flank,"Kruispunt, 3 takken",Binnen,30.0,Niet brandend,Klinkers,Droog,Daglicht,Droog,Polderweg,amsterdam,POINT (123659.76220000163 485583.5425999984),POINT (4.927155709908057 52.35725424342136),4.927155709908057,52.35725424342136
232747,20210069173,2021,Uitsluitend materiele schade,2,personenauto,fiets,Flank,"Kruispunt, 4 takken",Binnen,50.0,Brandend,Beton,Nat,Duisternis,Regen,Rhijnvis Feithstraat,amsterdam,POINT (119092.89799999818 485817.2589999996),POINT (4.86009554858808 52.35907521852365),4.86009554858808,52.35907521852365
233268,20210090381,2021,Letsel,2,fiets,scootmobiel,Kop/staart,Rechte weg,Binnen,30.0,Niet brandend,Unknown,Droog,Daglicht,Droog,Buikslotermeerplein,amsterdam,POINT (124262.42799999937 490272.5639999993),POINT (4.9355731420821956 52.399430052590745),4.9355731420821956,52.399430052590745
233453,20220081070,2022,Uitsluitend materiele schade,2,personenauto,fiets,Flank,Rechte weg,Binnen,50.0,Niet brandend,Klinkers,Droog,Daglicht,Droog,Keizersgracht,amsterdam,POINT (121414.30900000036 486326.73800000176),POINT (4.894121242989086 52.363800893884374),4.894121242989086,52.363800893884374
233478,20220055472,2022,Uitsluitend materiele schade,2,bestelauto,fiets,Kop/staart,Rechte weg,Binnen,30.0,Niet brandend,Overig asfalt,Droog,Daglicht,Droog,Van Woustraat,amsterdam,POINT (122006.29399999976 485055.55099999905),POINT (4.902936767805783 52.352412196791875),4.902936767805783,52.352412196791875
233633,20220054543,2022,Uitsluitend materiele schade,3,bestelauto,e-bike,Los voorwerp,Rechte weg,Binnen,50.0,Niet brandend,Overig asfalt,Nat,Daglicht,Regen,Coentunnelcircuit,amsterdam,POINT (120201.1790000014 492684.4759999998),POINT (4.87565260523742 52.42086386691905),4.87565260523742,52.42086386691905
233685,20220102567,2022,Letsel,2,personenauto,fiets,Flank,Rotonde,Binnen,50.0,Niet brandend,Overig asfalt,Droog,Daglicht,Droog,Postjesweg,amsterdam,POINT (117998.50499999896 486394.3933000006),POINT (4.843967269591659 52.364189448158015),4.843967269591659,52.364189448158015
233777,20220103023,2022,Uitsluitend materiele schade,2,bestelauto,fiets,Flank,"Kruispunt, 4 takken",Binnen,50.0,Niet brandend,Klinkers,Droog,Daglicht,Droog,Kleine Wittenburgerstr,amsterdam,POINT (123131.33909999952 486975.0533999987),POINT (4.919267271436787 52.369729820552934),4.919267271436787,52.369729820552934
233889,20230066398,2023,Uitsluitend materiele schade,1,snorfiets,unknown,Onbekend,Unknown,Unknown,Unknown,Unknown,Unknown,Unknown,Daglicht,Unknown,Hoogoorddreef,amsterdam,POINT (124464.7659999989 479934.2270000018),POINT (4.939484282810183 52.306526844731344),4.939484282810183,52.306526844731344
233918,20230050148,2023,Letsel,2,bromfiets,voetganger,Voetganger,Unknown,Unknown,50.0,Unknown,Unknown,Unknown,Daglicht,Unknown,IJburglaan,amsterdam,POINT (127927.25800000131 485668.6409999989),POINT (4.989790582056589 52.35824591510434),4.989790582056589,52.35824591510434
234085,20230004155,2023,Letsel,2,snorfiets,personenauto,Flank,"Kruispunt, 3 takken",Binnen,30.0,Niet brandend,Klinkers,Droog,Daglicht,Droog,Gerrit van der Veenstr,amsterdam,POINT (120081.09169999883 484682.7129999995),POINT (4.874719218565236 52.34894241089517),4.874719218565236,52.34894241089517
234185,20230004051,2023,Uitsluitend materiele schade,2,personenauto,snorfiets,Flank,"Kruispunt, 4 takken",Binnen,50.0,Niet brandend,Overig asfalt,Droog,Daglicht,Droog,Meer en Vaart,amsterdam,POINT (115646.07499999925 485514.9970000014),POINT (4.809534632967224 52.356122613318746),4.809534632967224,52.356122613318746
234216,20230004082,2023,Uitsluitend materiele schade,2,motor,fiets,Flank,"Kruispunt, 4 takken",Binnen,50.0,Brandend,Overig asfalt,Droog,Duisternis,Droog,Korte 's-Gravesandestr,amsterdam,POINT (122815.02199999988 486174.006000001),POINT (4.914699523719997 52.3625121001152),4.914699523719997,52.3625121001152
234371,20230065962,2023,Letsel,2,bromfiets,unknown,Eenzijdig,Unknown,Unknown,30.0,Unknown,Unknown,Unknown,Duisternis,Unknown,Geldersekade,amsterdam,POINT (121927.82800000161 487457.5769999996),POINT (4.901548880033048 52.37399524998712),4.901548880033048,52.37399524998712
234804,20220177988,2022,Uitsluitend materiele schade,2,snorfiets,fiets,Flank,"Kruispunt, 4 takken",Binnen,Unknown,Niet brandend,Overig asfalt,Droog,Daglicht,Droog,Meibergpad,amsterdam,POINT (126150.05900000036 479018.18299999833),POINT (4.964272397068976 52.29838485606456),4.964272397068976,52.29838485606456
234818,20220123142,2022,Uitsluitend materiele schade,2,personenauto,fiets,Flank,"Kruispunt, 4 takken",Binnen,50.0,Niet brandend,Beton,Droog,Daglicht,Droog,FIETSPAD,amsterdam,POINT (124870.9450000003 485704.0318999998),POINT (4.9449235531715034 52.358404881139094),4.9449235531715034,52.358404881139094
234843,20220177447,2022,Uitsluitend materiele schade,2,fiets,trein/tram,Flank,Rechte weg,Binnen,50.0,Niet brandend,Overig asfalt,Droog,Daglicht,Droog,Arlandaweg,amsterdam,POINT (117411.59299999848 488814.9840000011),POINT (4.835080159502526 52.385903976125284),4.835080159502526,52.385903976125284
234844,20220178019,2022,Letsel,2,personenauto,fiets,Flank,"Kruispunt, 4 takken",Binnen,50.0,Niet brandend,ZOAB,Droog,Daglicht,Droog,Stadhouderskade,amsterdam,POINT (120609.43710000068 486089.7252999991),POINT (4.88232931623876 52.36162098705331),4.88232931623876,52.36162098705331
234868,20220142036,2022,Letsel,2,fiets,voetganger,Voetganger,Rechte weg,Binnen,50.0,Niet brandend,Beton,Droog,Daglicht,Droog,Prins Hendrikkade,amsterdam,POINT (121565.63199999928 487992.97300000116),POINT (4.896177051982896 52.37878507433459),4.896177051982896,52.37878507433459
234902,20220142161,2022,Letsel,2,fiets,fiets,Onbekend,Rechte weg,Binnen,Unknown,Niet brandend,Unknown,Droog,Daglicht,Droog,Spui,amsterdam,POINT (121133.31199999899 486902.8500000015),POINT (4.88993794674252 52.36896133140446),4.88993794674252,52.36896133140446
234938,20220142191,2022,Letsel,2,personenauto,bromfiets,Flank,Unknown,Binnen,50.0,Niet brandend,ZOAB,Droog,Daglicht,Droog,Parnassusweg,amsterdam,POINT (119680.70300000161 483236.26999999955),POINT (4.868994931488814 52.33591717860852),4.868994931488814,52.33591717860852
235014,20220142337,2022,Letsel,2,bromfiets,fiets,Flank,"Kruispunt, 4 takken",Binnen,50.0,Brandend,Overig asfalt,Droog,Duisternis,Droog,Gillis van Ledenberchstr,amsterdam,POINT (119923.75600000098 487756.59329999983),POINT (4.872089549940384 52.37655823063261),4.872089549940384,52.37655823063261
235064,20220123739,2022,Uitsluitend materiele schade,2,personenauto,fiets,Flank,"Kruispunt, 4 takken",Binnen,30.0,Niet brandend,Overig asfalt,Droog,Daglicht,Droog,De Clercqstraat,amsterdam,POINT (119895.04100000113 487163.313000001),POINT (4.871729840521973 52.37122442838052),4.871729840521973,52.37122442838052
235065,20220123743,2022,Uitsluitend materiele schade,2,fiets,fiets,Flank,Rechte weg,Binnen,Unknown,Niet brandend,Overig asfalt,Droog,Daglicht,Droog,Abcouderpad,amsterdam,POINT (125223.0540000014 480910.73800000176),POINT (4.950516058045231 52.315344758519956),4.950516058045231,52.315344758519956
235072,20220142507,2022,Uitsluitend materiele schade,2,personenauto,fiets,Onbekend,"Kruispunt, 4 takken",Binnen,50.0,Niet brandend,Overig asfalt,Droog,Daglicht,Droog,Jodenbreestraat,amsterdam,POINT (122097.06410000101 486845.7395000011),POINT (4.9040938697595315 52.36850664596971),4.9040938697595315,52.36850664596971
235108,20220155305,2022,Uitsluitend materiele schade,2,personenauto,fiets,Flank,"Kruispunt, 3 takken",Binnen,30.0,Niet brandend,ZOAB,Droog,Duisternis,Droog,Stadhouderskade,amsterdam,POINT (120445.23739999905 486224.07829999924),POINT (4.879905047026576 52.362818152672446),4.879905047026576,52.362818152672446
235164,20220124027,2022,Uitsluitend materiele schade,2,bromfiets,fiets,Flank,"Kruispunt, 4 takken",Binnen,50.0,Niet brandend,Overig asfalt,Droog,Daglicht,Unknown,0137 BRUG,amsterdam,POINT (120881 485308),POINT (4.886395178155366 52.35461231387614),4.886395178155366,52.35461231387614
235176,20220155462,2022,Letsel,2,personenauto,fiets,Flank,Rechte weg,Binnen,50.0,Niet brandend,Overig asfalt,Droog,Daglicht,Droog,Slotermeerlaan,amsterdam,POINT (116362.0159999989 487797.0300000012),POINT (4.819781049102534 52.37668255504472),4.819781049102534,52.37668255504472
235227,20220124115,2022,Uitsluitend materiele schade,1,bromfiets,unknown,Eenzijdig,"Kruispunt, 4 takken",Binnen,30.0,Niet brandend,Klinkers,Nat,Daglicht,Regen,Diemerparklaan,amsterdam,POINT (128378.04270000011 485424.9177000001),POINT (4.99642700413372 52.35607749884696),4.99642700413372,52.35607749884696
235228,20220124116,2022,Uitsluitend materiele schade,2,bromfiets,bromfiets,Flank,Bocht,Binnen,30.0,Niet brandend,Klinkers,Nat,Daglicht,Regen,IJsbaanpad,amsterdam,POINT (118774.47800000012 483838.1810000017),POINT (4.855634462849097 52.34126776769678),4.855634462849097,52.34126776769678
235236,20220141617,2022,Uitsluitend materiele schade,2,personenauto,snorfiets,Kop/staart,"Kruispunt, 4 takken",Binnen,50.0,Niet brandend,Overig asfalt,Droog,Daglicht,Droog,Amstelveenseweg,amsterdam,POINT (118841.4849999994 484976.0210000016),POINT (4.85649543108049 52.3514982857908),4.85649543108049,52.3514982857908
235287,20220124167,2022,Letsel,2,bromfiets,unknown,Eenzijdig,Rechte weg,Buiten,80.0,Niet aanwezig,Overig asfalt,Nat,Daglicht,Regen,Haarlemmerweg,amsterdam,POINT (113832.433699999 488640.9932000004),POINT (4.782531032891826 52.38408353296076),4.782531032891826,52.38408353296076
235288,20220124173,2022,Letsel,2,personenauto,fiets,Frontaal,Rechte weg,Binnen,30.0,Niet brandend,Overig asfalt,Droog,Daglicht,Droog,Onderlangs,amsterdam,POINT (125080.23900000006 483599.6429999992),POINT (4.9481828985809395 52.33950335326598),4.9481828985809395,52.33950335326598
235389,20230059471,2023,Uitsluitend materiele schade,2,bromfiets,personenauto,Frontaal,Rechte weg,Binnen,50.0,Niet aanwezig,Klinkers,Droog,Daglicht,Droog,Nieuwe Kerkstraat,amsterdam,POINT (122421.48699999973 486429.73699999973),POINT (4.9088974877714415 52.36478723886595),4.9088974877714415,52.36478723886595
235469,20230050215,2023,Letsel,2,fiets,personenauto,Flank,Rotonde,Binnen,50.0,Niet brandend,ZOAB,Droog,Daglicht,Droog,Meeuwenlaan,amsterdam,POINT (123447.70120000094 488971.6944999993),POINT (4.923724872652865 52.387692524913284),4.923724872652865,52.387692524913284
235498,20230049110,2023,Uitsluitend materiele schade,2,snorfiets,personenauto,Flank,"Kruispunt, 3 takken",Binnen,50.0,Niet brandend,Overig asfalt,Droog,Daglicht,Droog,Asingaborg,amsterdam,POINT (119788.33300000057 483132.7259999998),POINT (4.8705848578912105 52.33499349885424),4.8705848578912105,52.33499349885424
235535,20230059270,2023,Uitsluitend materiele schade,2,personenauto,fiets,Kop/staart,Rechte weg,Binnen,30.0,Brandend,Klinkers,Droog,Daglicht,Droog,Madurastraat,amsterdam,POINT (124429.92100000009 486387.47199999914),POINT (4.938387588893935 52.36452283946471),4.938387588893935,52.36452283946471
235617,20230059397,2023,Uitsluitend materiele schade,2,fiets,fiets,Kop/staart,Rechte weg,Binnen,50.0,Niet brandend,Overig asfalt,Droog,Daglicht,Droog,Piet Heinkade,amsterdam,POINT (123007.36300000176 487766.6229999997),POINT (4.917371604479668 52.376836698636424),4.917371604479668,52.376836698636424
235644,20230040022,2023,Uitsluitend materiele schade,2,motor,e-bike,Flank,"Kruispunt, 4 takken",Binnen,50.0,Niet brandend,Klinkers,Droog,Daglicht,Droog,Reguliersgracht,amsterdam,POINT (121551.04659999907 486301.45380000025),POINT (4.896131178823022 52.36358200064003),4.896131178823022,52.36358200064003
235667,20230040600,2023,Letsel,2,trein/tram,fiets,Flank,"Kruispunt, 4 takken",Binnen,50.0,Niet brandend,ZOAB,Droog,Daglicht,Droog,Ecuplein,amsterdam,POINT (114084.89600000158 484722.23600000143),POINT (4.7867159427450225 52.34888386258337),4.7867159427450225,52.34888386258337
235677,20230040642,2023,Uitsluitend materiele schade,3,personenauto,fiets,Flank,"Kruispunt, 4 takken",Binnen,30.0,Brandend,Klinkers,Droog,Duisternis,Droog,Binnen Brouwersstraat,amsterdam,POINT (121165.81969999894 488103.1972000003),POINT (4.890294397945421 52.379751197289416),4.890294397945421,52.379751197289416
235684,20230049432,2023,Letsel,2,fiets,personenauto,Flank,"Kruispunt, 4 takken",Binnen,50.0,Niet brandend,ZOAB,Droog,Daglicht,Droog,Vrijheidslaan,amsterdam,POINT (122171.00530000031 484354.37000000104),POINT (4.905422651360131 52.34612030568019),4.905422651360131,52.34612030568019
235692,20230040107,2023,Uitsluitend materiele schade,2,personenauto,bromfiets,Kop/staart,Rechte weg,Binnen,50.0,Niet brandend,Overig asfalt,Droog,Daglicht,Droog,Bos en Lommerweg,amsterdam,POINT (118639.1259999983 488131.4629999995),POINT (4.853184225465642 52.37984370415305),4.853184225465642,52.37984370415305
235771,20220210923,2022,Uitsluitend materiele schade,2,personenauto,bromfiets,Onbekend,Unknown,Binnen,30.0,Unknown,Unknown,Nat,Daglicht,Unknown,Dam,amsterdam,POINT (121391.78000000119 487363.5780000016),POINT (4.893686844914388 52.37311790738286),4.893686844914388,52.37311790738286
235904,20220212465,2022,Uitsluitend materiele schade,2,personenauto,fiets,Flank,"Kruispunt, 4 takken",Binnen,50.0,Niet brandend,Klinkers,Nat,Daglicht,Regen,Groeneweg,amsterdam,POINT (131387.59679999948 479831.0914000012),POINT (5.040994775440068 52.305940536290116),5.040994775440068,52.305940536290116
235940,20220211792,2022,Letsel,2,bromfiets,fiets,Flank,"Kruispunt, 4 takken",Binnen,50.0,Brandend,ZOAB,Nat,Duisternis,Droog,Stadhouderskade,amsterdam,POINT (121764.0485999994 485649.38699999824),POINT (4.899322648948649 52.35773459736638),4.899322648948649,52.35773459736638
236040,20220210530,2022,Uitsluitend materiele schade,2,unknown,fiets,Flank,"Kruispunt, 4 takken",Binnen,50.0,Niet brandend,Klinkers,Droog,Daglicht,Droog,Dalsteindreef,amsterdam,POINT (124904.12209999934 482091.4899000004),POINT (4.945733517295384 52.32593933737003),4.945733517295384,52.32593933737003
236041,20220210546,2022,Uitsluitend materiele schade,2,fiets,personenauto,Flank,"Kruispunt, 4 takken",Binnen,50.0,Niet brandend,Overig asfalt,Nat,Daglicht,Droog,Burg De Vlugtlaan,amsterdam,POINT (116849.30330000073 488238.9200000018),POINT (4.826886666312145 52.38068798481288),4.826886666312145,52.38068798481288
236130,20220211396,2022,Uitsluitend materiele schade,2,snorfiets,personenauto,Flank,"Kruispunt, 4 takken",Binnen,50.0,Brandend,ZOAB,Droog,Duisternis,Droog,Meer en Vaart,amsterdam,POINT (115635.4149999991 485492.8352999985),POINT (4.809380757697184 52.35592267750352),4.809380757697184,52.35592267750352
236162,20220212081,2022,Uitsluitend materiele schade,2,personenauto,fiets,Flank,"Kruispunt, 3 takken",Binnen,50.0,Niet brandend,Overig asfalt,Nat,Daglicht,Droog,Borgerstraat,amsterdam,POINT (119170.23759999871 486345.45120000094),POINT (4.861174556849263 52.36382727687669),4.861174556849263,52.36382727687669
236554,20230111860,2023,Uitsluitend materiele schade,2,fiets,fiets,Flank,"Kruispunt, 4 takken",Binnen,50.0,Niet brandend,Klinkers,Droog,Daglicht,Droog,Eerste Van Swindenstraat,amsterdam,POINT (123686 486186),POINT (4.927484756264803 52.362670235394596),4.927484756264803,52.362670235394596