,accident_id,accident_year,outcome,num_parties,party1_type,party2_type,accident_nature,road_situation,built_up_area,speed_limit_kmh,street_lighting,road_surface,road_condition,light_condition,weather_condition,street_name,municipality,shape,geometry,longitude,latitude
236565,20230111340,2023,Uitsluitend materiele schade,2,personenauto,fiets,Kop/staart,Rechte weg,Binnen,30.0,Brandend,Overig asfalt,Droog,Schemer,Droog,Heemstedestraat,amsterdam,POINT (118180.26399999857 484991.0179999992),POINT (4.8467892713222716 52.35158915753174),4.8467892713222716,52.35158915753174
236571,20230111389,2023,Uitsluitend materiele schade,2,vrachtauto,fiets,Geparkeerd voertuig,Rechte weg,Binnen,30.0,Niet brandend,Overig asfalt,Droog,Daglicht,Droog,Czaar Peterstraat,amsterdam,POINT (123687.93600000069 486877.125),POINT (4.927448816276284 52.36888172114393),4.927448816276284,52.36888172114393
236641,20230036704,2023,Uitsluitend materiele schade,2,snorfiets,fiets,Kop/staart,"Kruispunt, 4 takken",Binnen,50.0,Niet aanwezig,Overig asfalt,Droog,Daglicht,Regen,Rhijnspoorplein,amsterdam,POINT (122352.8841000013 486019.304299999),POINT (4.907930162915401 52.36109447365124),4.907930162915401,52.36109447365124
236746,20230020450,2023,Uitsluitend materiele schade,2,e-bike,personenauto,Onbekend,"Kruispunt, 4 takken",Binnen,30.0,Brandend,Klinkers,Droog,Schemer,Droog,Spaarndammerstraat,amsterdam,POINT (120363 489331),POINT (4.878377512592565 52.39073570866182),4.878377512592565,52.39073570866182
237004,20230024228,2023,Uitsluitend materiele schade,2,e-bike,voetganger,Voetganger,"Kruispunt, 3 takken",Binnen,30.0,Niet brandend,Overig asfalt,Droog,Daglicht,Droog,Oudezijds Voorburgwal,amsterdam,POINT (121551.21040000021 487216.1094999984),POINT (4.896042582078004 52.37180229884593),4.896042582078004,52.37180229884593
237023,20230077983,2023,Uitsluitend materiele schade,2,fiets,bromfiets,Flank,Rechte weg,Binnen,30.0,Niet brandend,Beton,Droog,Daglicht,Droog,Weteringschans,amsterdam,POINT (121386.15300000086 485847.5920000002),POINT (4.893755781559271 52.3594929371108),4.893755781559271,52.3594929371108
237031,20230020264,2023,Uitsluitend materiele schade,2,personenauto,fiets,Flank,"Kruispunt, 4 takken",Binnen,30.0,Brandend,Klinkers,Droog,Duisternis,Droog,Kamperfoelieweg,amsterdam,POINT (122809.41530000046 489671.02739999816),POINT (4.914282196029987 52.39394056514058),4.914282196029987,52.39394056514058
237064,20230088139,2023,Uitsluitend materiele schade,2,personenauto,bromfiets,Onbekend,"Kruispunt, 3 takken",Binnen,50.0,Niet brandend,Overig asfalt,Nat,Daglicht,Droog,Burgemeester Stramanweg,amsterdam,POINT (124265.20080000162 480517.8407999985),POINT (4.936505073926532 52.31176093314802),4.936505073926532,52.31176093314802
237099,20230097523,2023,Letsel,2,fiets,fiets,Onbekend,Rechte weg,Binnen,30.0,Niet brandend,ZOAB,Droog,Daglicht,Droog,Neerkanne,amsterdam,POINT (119753.40199999884 481944.0540000014),POINT (4.870196753459725 52.324308258034364),4.870196753459725,52.324308258034364
237136,20230087642,2023,Uitsluitend materiele schade,1,fiets,unknown,Voetganger,Rechte weg,Binnen,60.0,Brandend,Klinkers,Nat,Duisternis,Regen,Dammerweg,amsterdam,POINT (133344.3359999992 477516.26900000125),POINT (5.069832920621016 52.285216350102665),5.069832920621016,52.285216350102665
237204,20230087787,2023,Uitsluitend materiele schade,3,personenauto,fiets,Onbekend,Rechte weg,Binnen,50.0,Brandend,Klinkers,Nat,Duisternis,Droog,Westerstraat,amsterdam,POINT (120618.53000000119 487941.4219999984),POINT (4.882273409845261 52.378263280428136),4.882273409845261,52.378263280428136
237251,20230087857,2023,Uitsluitend materiele schade,1,bromfiets,unknown,Onbekend,Bocht,Binnen,Unknown,Niet brandend,Overig asfalt,Nat,Daglicht,Regen,Ouderkerkerdijk,amsterdam,POINT (122374.49599999934 482244.23600000143),POINT (4.9086133210481195 52.32716786326125),4.9086133210481195,52.32716786326125
237381,20210087346,2021,Uitsluitend materiele schade,2,personenauto,bromfiets,Flank,"Kruispunt, 3 takken",Binnen,50.0,Brandend,Overig asfalt,Droog,Duisternis,Droog,Van Houweningenstraat,amsterdam,POINT (119918.08799999952 487565.5053000003),POINT (4.872026263996628 52.374840510637256),4.872026263996628,52.374840510637256
237395,20210084456,2021,Uitsluitend materiele schade,2,snorfiets,personenauto,Flank,"Kruispunt, 4 takken",Binnen,30.0,Brandend,Klinkers,Nat,Duisternis,Regen,Martin Niemöllerstraat,amsterdam,POINT (125709.71339999884 481226.33680000156),POINT (4.957625451393182 52.3182073176209),4.957625451393182,52.3182073176209
237432,20210075820,2021,Letsel,2,fiets,fiets,Frontaal,Rechte weg,Binnen,30.0,Niet brandend,Overig asfalt,Droog,Daglicht,Droog,Haarlemmerdijk,amsterdam,POINT (120785.18499999866 488589.2109999992),POINT (4.884654864476022 52.384095543167824),4.884654864476022,52.384095543167824
237439,20210089775,2021,Letsel,2,fiets,unknown,Eenzijdig,"Kruispunt, 3 takken",Binnen,Unknown,Brandend,Overig asfalt,Nat,Duisternis,Droog,Robert Scottstraat,amsterdam,POINT (118117.9600000009 487591.21559999883),POINT (4.845589657811944 52.374953613931275),4.845589657811944,52.374953613931275
237457,20210087358,2021,Letsel,2,personenauto,snorfiets,Flank,Rechte weg,Binnen,50.0,Niet brandend,Klinkers,Droog,Daglicht,Droog,Maassluisstraat,amsterdam,POINT (117481.1790000014 484621.1400000006),POINT (4.836570269826403 52.34821767472583),4.836570269826403,52.34821767472583
237516,20210087224,2021,Uitsluitend materiele schade,2,personenauto,e-bike,Frontaal,"Kruispunt, 3 takken",Binnen,50.0,Niet brandend,Overig asfalt,Droog,Daglicht,Droog,Heemstedestraat,amsterdam,POINT (117488.20839999989 484977.9664000012),POINT (4.836633651755854 52.35142504865842),4.836633651755854,52.35142504865842
237520,20210080073,2021,Uitsluitend materiele schade,2,snorfiets,personenauto,Flank,Rotonde,Binnen,50.0,Niet brandend,Overig asfalt,Droog,Daglicht,Droog,OOSTOEVER NOORDZIJDE,amsterdam,POINT (117149 487101),POINT (4.8314162718754226 52.370481999550314),4.8314162718754226,52.370481999550314
237544,20210087390,2021,Uitsluitend materiele schade,2,personenauto,fiets,Kop/staart,"Kruispunt, 4 takken",Binnen,30.0,Niet brandend,Klinkers,Nat,Daglicht,Regen,Top Naeffstraat,amsterdam,POINT (116176.90159999952 487958.49230000004),POINT (4.8170439999305135 52.378120589759156),4.8170439999305135,52.378120589759156
237744,20210025346,2021,Letsel,2,personenauto,snorfiets,Onbekend,Rotonde,Binnen,Unknown,Niet brandend,Overig asfalt,Droog,Daglicht,Droog,Postjesweg,amsterdam,POINT (117760.6446999982 486403.25290000066),POINT (4.84047429707739 52.36425299639509),4.84047429707739,52.36425299639509
237935,20210014970,2021,Letsel,2,personenauto,fiets,Flank,Unknown,Binnen,50.0,Niet aanwezig,Overig asfalt,Droog,Duisternis,Droog,Ferdinand Bolstraat,amsterdam,POINT (121202.09600000083 485096.61100000143),POINT (4.8911293886755605 52.35273233850009),4.8911293886755605,52.35273233850009
237986,20210032846,2021,Letsel,2,personenauto,bromfiets,Frontaal,Rechte weg,Buiten,50.0,Niet brandend,Overig asfalt,Nat,Daglicht,Regen,Dukdalfweg,amsterdam,POINT (116744.5390000008 492248.9759999998),POINT (4.824891011157176 52.416719721561044),4.824891011157176,52.416719721561044
238102,20210045964,2021,Uitsluitend materiele schade,2,personenauto,fiets,Flank,"Kruispunt, 4 takken",Binnen,30.0,Niet brandend,Klinkers,Droog,Daglicht,Droog,Theophile de Bockstraat,amsterdam,POINT (118249.41770000011 485352.31430000067),POINT (4.847764752879034 52.35484085607574),4.847764752879034,52.35484085607574
238105,20210048397,2021,Uitsluitend materiele schade,1,fiets,unknown,Frontaal,"Kruispunt, 4 takken",Binnen,30.0,Niet brandend,Overig asfalt,Droog,Daglicht,Droog,Hemonystraat,amsterdam,POINT (121928.95279999822 485715.1671999991),POINT (4.9017367817279744 52.35833573695349),4.9017367817279744,52.35833573695349
238186,20210055037,2021,Uitsluitend materiele schade,2,personenauto,fiets,Flank,Rechte weg,Binnen,30.0,Niet brandend,Overig asfalt,Droog,Daglicht,Droog,Marnixstraat,amsterdam,POINT (120357.90799999982 486788.7670000009),POINT (4.878564830282337 52.367887672117476),4.878564830282337,52.367887672117476
238215,20210050923,2021,Uitsluitend materiele schade,2,personenauto,fiets,Flank,"Kruispunt, 4 takken",Binnen,50.0,Niet brandend,Overig asfalt,Nat,Daglicht,Regen,Jan Pieter Heijestraat,amsterdam,POINT (119436.67680000141 486024.68290000036),POINT (4.8651200139657425 52.36096175850215),4.8651200139657425,52.36096175850215
238229,20210088053,2021,Letsel,2,personenauto,bromfiets,Kop/staart,Rechte weg,Binnen,50.0,Brandend,ZOAB,Nat,Duisternis,Droog,Pieter Calandlaan,amsterdam,POINT (117066.51099999994 485521.1950000003),POINT (4.83038331290916 52.356278229861694),4.83038331290916,52.356278229861694
238235,20210040538,2021,Uitsluitend materiele schade,2,snorfiets,personenauto,Frontaal,Bocht,Binnen,50.0,Niet brandend,Klinkers,Droog,Daglicht,Droog,Nieuwstad,amsterdam,POINT (131632.09699999914 479736.94099999964),POINT (5.044586141687492 52.30510479170507),5.044586141687492,52.30510479170507
238236,20210041153,2021,Uitsluitend materiele schade,2,motor,fiets,Flank,"Kruispunt, 4 takken",Binnen,50.0,Brandend,Overig asfalt,Droog,Duisternis,Droog,Marnixstraat,amsterdam,POINT (120171.96799999848 487260.68200000003),POINT (4.8757859383135225 52.37211714292982),4.8757859383135225,52.37211714292982
238252,20210085176,2021,Letsel,2,bestelauto,e-bike,Geparkeerd voertuig,"Kruispunt, 3 takken",Binnen,Unknown,Niet brandend,Overig asfalt,Nat,Daglicht,Droog,Zeeburgerdijk,amsterdam,POINT (125049.84800000116 486567.05099999905),POINT (4.947472834400233 52.36617093205342),4.947472834400233,52.36617093205342
238336,20210072170,2021,Uitsluitend materiele schade,2,bromfiets,personenauto,Eenzijdig,"Kruispunt, 3 takken",Binnen,30.0,Niet brandend,Overig asfalt,Nat,Daglicht,Droog,Transformatorweg,amsterdam,POINT (118284.89409999922 489455.79459999874),POINT (4.847837190972572 52.39172218211111),4.847837190972572,52.39172218211111
238342,20210072641,2021,Uitsluitend materiele schade,2,fiets,bromfiets,Frontaal,Rechte weg,Binnen,50.0,Niet brandend,Klinkers,Nat,Daglicht,Droog,Tussen Meer,amsterdam,POINT (114490.19099999964 485581.71599999815),POINT (4.792560435129765 52.35663821450801),4.792560435129765,52.35663821450801
238383,20210050540,2021,Uitsluitend materiele schade,2,bromfiets,personenauto,Flank,"Kruispunt, 4 takken",Binnen,50.0,Niet brandend,ZOAB,Droog,Daglicht,Droog,Hoofdweg,amsterdam,POINT (118585.34800000116 486725.0859999992),POINT (4.852546819756579 52.36720068810637),4.852546819756579,52.36720068810637
238384,20210050545,2021,Uitsluitend materiele schade,2,bromfiets,personenauto,Flank,"Kruispunt, 4 takken",Binnen,50.0,Brandend,Overig asfalt,Droog,Duisternis,Droog,Insulindeweg,amsterdam,POINT (124517 486075),POINT (4.939694332244337 52.36171938135959),4.939694332244337,52.36171938135959
238393,20210068294,2021,Uitsluitend materiele schade,2,bromfiets,bestelauto,Flank,"Kruispunt, 3 takken",Buiten,50.0,Niet brandend,Overig asfalt,Nat,Daglicht,Droog,Wilhelmina Druckerstraat,amsterdam,POINT (116867.12669999897 484820.29630000144),POINT (4.827536151874678 52.349965275253155),4.827536151874678,52.349965275253155
238482,20210068201,2021,Uitsluitend materiele schade,2,personenauto,bromfiets,Onbekend,Bocht,Binnen,50.0,Niet brandend,Overig asfalt,Nat,Daglicht,Droog,Basisweg,amsterdam,POINT (130324.27199999988 478937.5780000016),POINT (5.025469758293843 52.29786339202191),5.025469758293843,52.29786339202191
238489,20210035264,2021,Uitsluitend materiele schade,2,personenauto,bromfiets,Flank,Rechte weg,Binnen,50.0,Niet aanwezig,Overig asfalt,Droog,Daglicht,Unknown,Volendammerweg,amsterdam,POINT (125184.11800000072 489234.51999999955),POINT (4.9492074582548575 52.39015168582869),4.9492074582548575,52.39015168582869
238507,20210065619,2021,Letsel,2,fiets,boom,Vast voorwerp,Rechte weg,Binnen,30.0,Brandend,Overig asfalt,Droog,Duisternis,Unknown,Derde Marnixdwarsstraat,amsterdam,POINT (120178.51749999821 487338.3110000007),POINT (4.875874065603477 52.372815231220684),4.875874065603477,52.372815231220684
238512,20210069171,2021,Letsel,2,e-bike,voetganger,Voetganger,Rechte weg,Binnen,Unknown,Niet brandend,Klinkers,Droog,Daglicht,Droog,Marnixstraat,amsterdam,POINT (120156.70300000161 487265.5370000005),POINT (4.875561290763485 52.372159807784456),4.875561290763485,52.372159807784456
238628,20230004048,2023,Uitsluitend materiele schade,1,bromfiets,unknown,Onbekend,Unknown,Unknown,30.0,Unknown,Unknown,Unknown,Duisternis,Unknown,Herengracht,amsterdam,POINT (121186.73099999875 487911.6579999998),POINT (4.890620778967317 52.37803106973946),4.890620778967317,52.37803106973946
239182,20220081491,2022,Uitsluitend materiele schade,2,fiets,personenauto,Flank,Rechte weg,Binnen,50.0,Brandend,Overig asfalt,Droog,Duisternis,Droog,Elementenstraat,amsterdam,POINT (118574.08399999887 489636.2289999984),POINT (4.852065812385733 52.39336305347113),4.852065812385733,52.39336305347113
239192,20220016705,2022,Uitsluitend materiele schade,1,bromfiets,unknown,Eenzijdig,Rechte weg,Binnen,50.0,Niet brandend,Overig asfalt,Nat,Daglicht,Droog,Stadionweg,amsterdam,POINT (118990.52699999884 484318.9770000018),POINT (4.858753180815245 52.34560302488486),4.858753180815245,52.34560302488486
239214,20220080837,2022,Letsel,2,snorfiets,bromfiets,Frontaal,Rechte weg,Binnen,50.0,Brandend,Overig asfalt,Droog,Duisternis,Droog,Bos en Lommerweg,amsterdam,POINT (117797.49700000137 487990.47199999914),POINT (4.84083964323988 52.37852020145866),4.84083964323988,52.37852020145866
239322,20220055468,2022,Uitsluitend materiele schade,2,snorfiets,voetganger,Voetganger,"Kruispunt, 4 takken",Binnen,50.0,Niet brandend,Overig asfalt,Droog,Daglicht,Droog,Koos Vorrinkweg,amsterdam,POINT (114981.95179999992 485135.4490999989),POINT (4.799831717367379 52.352663561232816),4.799831717367379,52.352663561232816
239356,20220055527,2022,Uitsluitend materiele schade,2,fiets,personenauto,Flank,"Kruispunt, 4 takken",Binnen,50.0,Niet brandend,Overig asfalt,Droog,Daglicht,Droog,Valkenburgerstraat,amsterdam,POINT (122105.35990000144 486839.4043000005),POINT (4.904216291875826 52.36845020649106),4.904216291875826,52.36845020649106
239396,20220081273,2022,Letsel,2,personenauto,fiets,Flank,"Kruispunt, 4 takken",Binnen,50.0,Niet brandend,Overig asfalt,Droog,Schemer,Droog,Tussen Meer,amsterdam,POINT (114381.84499999881 485546.5879999995),POINT (4.790974347578945 52.35631451228897),4.790974347578945,52.35631451228897
239424,20220081285,2022,Letsel,2,fiets,personenauto,Kop/staart,Rechte weg,Binnen,30.0,Niet aanwezig,Klinkers,Nat,Daglicht,Unknown,Rokin,amsterdam,POINT (121331.27100000158 487268.1570000015),POINT (4.892807895166933 52.37225662451333),4.892807895166933,52.37225662451333
239425,20220081289,2022,Uitsluitend materiele schade,2,personenauto,fiets,Flank,"Kruispunt, 4 takken",Binnen,Unknown,Niet brandend,Unknown,Droog,Daglicht,Droog,Middenweg,amsterdam,POINT (124544.38749999925 484511.41420000046),POINT (4.940237930941414 52.34766837180954),4.940237930941414,52.34766837180954
239486,20220054633,2022,Uitsluitend materiele schade,2,personenauto,fiets,Flank,Rechte weg,Binnen,50.0,Niet brandend,Overig asfalt,Droog,Daglicht,Droog,Hobbemakade,amsterdam,POINT (120862.1099999994 485113.71400000155),POINT (4.886137629244646 52.35286503051373),4.886137629244646,52.35286503051373
239513,20220103080,2022,Uitsluitend materiele schade,2,personenauto,snorfiets,Onbekend,Rechte weg,Binnen,50.0,Niet brandend,ZOAB,Droog,Daglicht,Droog,Hoekenes,amsterdam,POINT (114972.57299999893 485806.48999999836),POINT (4.799614216253631 52.358693663094094),4.799614216253631,52.358693663094094
239529,20220055816,2022,Letsel,2,personenauto,fiets,Flank,"Kruispunt, 4 takken",Binnen,30.0,Niet brandend,Overig asfalt,Droog,Daglicht,Unknown,Linnaeuskade,amsterdam,POINT (124243.65069999918 485529.0104999989),POINT (4.935731434533412 52.35679714070016),4.935731434533412,52.35679714070016
239540,20220102908,2022,Letsel,1,fiets,unknown,Eenzijdig,Bocht,Binnen,50.0,Niet brandend,Overig asfalt,Droog,Daglicht,Droog,Nieuwezijds Voorburgwal,amsterdam,POINT (121177.67599999905 487398.09800000116),POINT (4.890539489241074 52.37341500318253),4.890539489241074,52.37341500318253
239542,20220103183,2022,Letsel,2,fiets,e-bike,Onbekend,Rechte weg,Binnen,50.0,Niet aanwezig,Unknown,Nat,Daglicht,Regen,Plesmanlaan,amsterdam,POINT (114864.84099999815 484567.01300000027),POINT (4.798180690441729 52.34754636018137),4.798180690441729,52.34754636018137
239573,20220102382,2022,Letsel,2,personenauto,fiets,Flank,"Kruispunt, 3 takken",Binnen,50.0,Niet brandend,Beton,Droog,Daglicht,Unknown,Radarweg,amsterdam,POINT (117501.58269999921 490451.30260000005),POINT (4.836219170586531 52.40061603239427),4.836219170586531,52.40061603239427
239961,20230006103,2023,Uitsluitend materiele schade,2,personenauto,fiets,Kop/staart,"Kruispunt, 4 takken",Binnen,30.0,Brandend,Overig asfalt,Droog,Duisternis,Droog,Dr. H. Colijnstraat,amsterdam,POINT (115461.72509999946 488234.56799999997),POINT (4.806508861568117 52.38055069310542),4.806508861568117,52.38055069310542
240021,20230004666,2023,Letsel,3,fiets,bromfiets,Onbekend,Bocht,Binnen,Unknown,Brandend,Beton,Droog,Daglicht,Droog,Oosterdoksstraat,amsterdam,POINT (122346.59809999913 487734.96269999817),POINT (4.907671240182224 52.376513260644394),4.907671240182224,52.376513260644394
240391,20230004284,2023,Letsel,2,snorfiets,personenauto,Flank,"Kruispunt, 4 takken",Binnen,50.0,Niet brandend,Beton,Droog,Daglicht,Droog,Burgemeester Eliasstraat,amsterdam,POINT (116847.56749999896 488232.4004999995),POINT (4.826861914241508 52.38062927214431),4.826861914241508,52.38062927214431
240487,20210030004,2021,Letsel,2,personenauto,fiets,Flank,"Kruispunt, 4 takken",Binnen,50.0,Niet brandend,Klinkers,Droog,Daglicht,Droog,Buitenveldertselaan,amsterdam,POINT (119653.5139000006 482657.9844000004),POINT (4.868656717311756 52.33071818509226),4.868656717311756,52.33071818509226
240612,20220178322,2022,Letsel,3,e-bike,e-bike,Onbekend,Rechte weg,Buiten,Unknown,Niet brandend,Overig asfalt,Droog,Daglicht,Droog,Gooilandseweg,amsterdam,POINT (130725.00299999863 479417.04100000113),POINT (5.031309677859308 52.30219040968319),5.031309677859308,52.30219040968319
240625,20220141958,2022,Uitsluitend materiele schade,2,snorfiets,personenauto,Flank,"Kruispunt, 3 takken",Binnen,50.0,Niet brandend,ZOAB,Droog,Daglicht,Droog,Slotermeerlaan,amsterdam,POINT (116352.2939000018 487759.1644000001),POINT (4.819642635697555 52.376341565184674),4.819642635697555,52.376341565184674
240634,20220177086,2022,Uitsluitend materiele schade,2,personenauto,fiets,Onbekend,"Kruispunt, 4 takken",Binnen,50.0,Niet brandend,Overig asfalt,Droog,Daglicht,Droog,Piet Heinkade,amsterdam,POINT (123081.87959999964 487761.9228999987),POINT (4.918466340607362 52.37679879405618),4.918466340607362,52.37679879405618
240637,20220177700,2022,Uitsluitend materiele schade,2,personenauto,bromfiets,Flank,Rechte weg,Binnen,50.0,Niet brandend,Overig asfalt,Droog,Daglicht,Droog,Amstelveenseweg,amsterdam,POINT (118908.4990000017 483155.7039999999),POINT (4.857674149056168 52.33514295027657),4.857674149056168,52.33514295027657
240638,20220177744,2022,Uitsluitend materiele schade,2,personenauto,fiets,Flank,"Kruispunt, 3 takken",Binnen,50.0,Niet brandend,Beton,Droog,Daglicht,Droog,De Ruijterkade,amsterdam,POINT (122177.22470000014 487918.76309999824),POINT (4.905166029807351 52.37815503064225),4.905166029807351,52.37815503064225
240705,20220142218,2022,Uitsluitend materiele schade,2,personenauto,e-bike,Flank,"Kruispunt, 3 takken",Binnen,50.0,Niet brandend,ZOAB,Droog,Daglicht,Droog,De Boelelaan,amsterdam,POINT (120741.15659999847 483099.3093000017),POINT (4.884567393187924 52.33475337541613),4.884567393187924,52.33475337541613
240716,20220177937,2022,Uitsluitend materiele schade,2,fiets,voetganger,Voetganger,Rechte weg,Binnen,30.0,Niet brandend,Beton,Droog,Daglicht,Droog,Leidseplein,amsterdam,POINT (120578.33999999985 486313.68200000003),POINT (4.88184988409056 52.36363180462766),4.88184988409056,52.36363180462766
240734,20220123465,2022,Uitsluitend materiele schade,3,bestelauto,fiets,Onbekend,"Kruispunt, 4 takken",Binnen,30.0,Niet brandend,Klinkers,Droog,Daglicht,Droog,Van Speijkstraat,amsterdam,POINT (119121.6585999988 486894.36620000005),POINT (4.860402803018942 52.36875735070478),4.860402803018942,52.36875735070478
240772,20220142305,2022,Letsel,3,bestelauto,fiets,Flank,Rechte weg,Binnen,50.0,Niet brandend,Overig asfalt,Droog,Daglicht,Droog,Durgerdammerdijk,amsterdam,POINT (126834.46299999952 488083.4149999991),POINT (4.973547010046545 52.37989346898525),4.973547010046545,52.37989346898525
240841,20220142472,2022,Letsel,2,bromfiets,fiets,Kop/staart,Rechte weg,Binnen,30.0,Niet brandend,ZOAB,Droog,Daglicht,Droog,Amstelveenseweg,amsterdam,POINT (118747.50800000131 485433.3669999987),POINT (4.855066879210849 52.35560239106678),4.855066879210849,52.35560239106678
240909,20220123929,2022,Uitsluitend materiele schade,2,bromfiets,fiets,Flank,"Kruispunt, 3 takken",Binnen,30.0,Niet brandend,Klinkers,Droog,Daglicht,Droog,Tweede Helmersstraat,amsterdam,POINT (120263.70059999824 486430.1911999993),POINT (4.8772187102470275 52.36465909896352),4.8772187102470275,52.36465909896352
240926,20220155382,2022,Letsel,2,fiets,fiets,Flank,Rechte weg,Binnen,Unknown,Niet brandend,ZOAB,Droog,Daglicht,Droog,Vondelpark,amsterdam,POINT (120246.92500000075 485987.7030000016),POINT (4.877018156004619 52.36068126749362),4.877018156004619,52.36068126749362
240968,20220155459,2022,Uitsluitend materiele schade,2,bromfiets,bromfiets,Flank,Rechte weg,Binnen,30.0,Niet brandend,Overig asfalt,Droog,Daglicht,Droog,Burg De Vlugtlaan,amsterdam,POINT (116576.74199999869 488290.55000000075),POINT (4.822877850395634 52.38113298508439),4.822877850395634,52.38113298508439
241064,20220141618,2022,Uitsluitend materiele schade,2,personenauto,fiets,Flank,"Kruispunt, 3 takken",Binnen,50.0,Niet brandend,Klinkers,Droog,Daglicht,Droog,Prinsengracht,amsterdam,POINT (120623.6763000004 487031.67159999907),POINT (4.882442041737804 52.370087424414),4.882442041737804,52.370087424414
241094,20220124158,2022,Uitsluitend materiele schade,2,fiets,bromfiets,Flank,Rechte weg,Binnen,50.0,Niet brandend,Overig asfalt,Droog,Daglicht,Droog,Piet Heinkade,amsterdam,POINT (123653.90199999884 487616.5850000009),POINT (4.926880149476305 52.375525549125044),4.926880149476305,52.375525549125044
241142,20220141872,2022,Uitsluitend materiele schade,2,bestelauto,fiets,Onbekend,"Kruispunt, 3 takken",Binnen,50.0,Niet brandend,Overig asfalt,Droog,Daglicht,Droog,Reigersbospad,amsterdam,POINT (125977.31300000101 480651.5859999992),POINT (4.961599510255966 52.31305595095216),4.961599510255966,52.31305595095216
241232,20230059539,2023,Letsel,3,personenauto,fiets,Los voorwerp,"Kruispunt, 4 takken",Binnen,50.0,Niet brandend,Overig asfalt,Droog,Daglicht,Droog,Kabelweg,amsterdam,POINT (118242.56949999928 489484.4818000011),POINT (4.847212302849379 52.39197716674136),4.847212302849379,52.39197716674136
241309,20230039830,2023,Uitsluitend materiele schade,4,personenauto,fiets,Onbekend,Rechte weg,Binnen,50.0,Niet brandend,Overig asfalt,Droog,Daglicht,Droog,Haarlemmerweg,amsterdam,POINT (113415.40300000086 488628.6579999998),POINT (4.776407503487349 52.38394124078299),4.776407503487349,52.38394124078299
241311,20230040395,2023,Uitsluitend materiele schade,2,personenauto,fiets,Onbekend,Rotonde,Binnen,50.0,Niet brandend,Overig asfalt,Droog,Daglicht,Droog,Mosplein,amsterdam,POINT (122617.63219999894 489342.6658000015),POINT (4.911496410151092 52.39097820672522),4.911496410151092,52.39097820672522
241400,20230066604,2023,Uitsluitend materiele schade,2,bromfiets,bromfiets,Onbekend,Rechte weg,Binnen,30.0,Niet brandend,Klinkers,Droog,Daglicht,Droog,Osdorper Ban,amsterdam,POINT (114717.65100000054 486061.5469999984),POINT (4.795841682032019 52.3609672765716),4.795841682032019,52.3609672765716
241493,20220212222,2022,Uitsluitend materiele schade,2,bestelauto,fiets,Flank,Rotonde,Binnen,50.0,Niet brandend,Overig asfalt,Nat,Daglicht,Droog,Henk Sneevlietweg,amsterdam,POINT (118146.63010000065 484441.7399000004),POINT (4.846355792315578 52.34665038674303),4.846355792315578,52.34665038674303
241759,20220211241,2022,Uitsluitend materiele schade,2,e-bike,personenauto,Flank,"Kruispunt, 4 takken",Binnen,30.0,Brandend,Klinkers,Nat,Schemer,Regen,Bilderdijkkade,amsterdam,POINT (119896.92289999872 486567.8980999999),POINT (4.8718196457962835 52.365873391489686),4.8718196457962835,52.365873391489686
241761,20220211912,2022,Letsel,1,fiets,unknown,Eenzijdig,Unknown,Unknown,30.0,Unknown,Unknown,Unknown,Daglicht,Unknown,Prinsengracht,amsterdam,POINT (120793.92100000009 487792.3779999986),POINT (4.88486430309559 52.37693473629868),4.88486430309559,52.37693473629868
241795,20220210555,2022,Letsel,2,personenauto,fiets,Frontaal,"Kruispunt, 4 takken",Binnen,30.0,Brandend,Overig asfalt,Nat,Duisternis,Droog,Korte Prinsengracht,amsterdam,POINT (121087.87220000103 488308.40019999817),POINT (4.889128940581713 52.38159060336896),4.889128940581713,52.38159060336896
242361,20230112101,2023,Uitsluitend materiele schade,1,bromfiets,unknown,Voetganger,"Kruispunt, 3 takken",Binnen,30.0,Brandend,Overig asfalt,Nat,Duisternis,Droog,Buikslotermeerdijk,amsterdam,POINT (123462.00699999928 490499.2250000015),POINT (4.923791514365306 52.401421696689056),4.923791514365306,52.401421696689056
242377,20230023659,2023,Letsel,2,fiets,bestelauto,Onbekend,Rechte weg,Binnen,50.0,Niet brandend,Overig asfalt,Droog,Daglicht,Droog,C. van Eesterenlaan,amsterdam,POINT (124449.92399999872 486934.19099999964),POINT (4.938631578448973 52.369437506884786),4.938631578448973,52.369437506884786
242398,20230020849,2023,Uitsluitend materiele schade,2,fiets,bestelauto,Flank,Rechte weg,Binnen,50.0,Brandend,Beton,Nat,Duisternis,Droog,Leeuwenhoekstraat,amsterdam,POINT (122360.44999999925 485671.2120000012),POINT (4.908075010099445 52.35796650250044),4.908075010099445,52.35796650250044
242415,20230066991,2023,Uitsluitend materiele schade,2,personenauto,bromfiets,Flank,"Kruispunt, 4 takken",Binnen,30.0,Niet brandend,Klinkers,Droog,Daglicht,Droog,Keizersgracht,amsterdam,POINT (120856.34180000052 487637.9226000011),POINT (4.885796655688078 52.37555048807719),4.885796655688078,52.37555048807719