,accident_id,accident_year,outcome,num_parties,party1_type,party2_type,accident_nature,road_situation,built_up_area,speed_limit_kmh,street_lighting,road_surface,road_condition,light_condition,weather_condition,street_name,municipality,shape,geometry,longitude,latitude
242425,20230020885,2023,Uitsluitend materiele schade,4,bromfiets,personenauto,Geparkeerd voertuig,Rechte weg,Binnen,30.0,Niet brandend,Klinkers,Droog,Daglicht,Droog,Lutmastraat,amsterdam,POINT (121577.45899999887 484875.2529999986),POINT (4.896660640442928 52.35076588121853),4.896660640442928,52.35076588121853
242593,20230023342,2023,Uitsluitend materiele schade,2,personenauto,snorfiets,Flank,"Kruispunt, 4 takken",Binnen,50.0,Niet brandend,Overig asfalt,Droog,Daglicht,Droog,Kabelweg,amsterdam,POINT (118245.32869999856 489442.67350000143),POINT (4.847257412258415 52.39160161185052),4.847257412258415,52.39160161185052
242614,20230078861,2023,Letsel,2,fiets,motor,Flank,"Kruispunt, 4 takken",Binnen,30.0,Niet brandend,Overig asfalt,Droog,Daglicht,Droog,Molukkenstraat,amsterdam,POINT (124499.42419999838 486304.63170000166),POINT (4.939415488877362 52.36378218799088),4.939415488877362,52.36378218799088
242638,20230074705,2023,Uitsluitend materiele schade,3,personenauto,fiets,Onbekend,"Kruispunt, 4 takken",Binnen,50.0,Niet aanwezig,ZOAB,Droog,Daglicht,Droog,Bart Poesiatstraat,amsterdam,POINT (114796.53869999945 484996.21719999984),POINT (4.797127056591924 52.35139871870698),4.797127056591924,52.35139871870698
242640,20230079067,2023,Letsel,2,fiets,personenauto,Eenzijdig,Rechte weg,Binnen,50.0,Brandend,Overig asfalt,Droog,Duisternis,Droog,Mauritskade,amsterdam,POINT (122402.24300000072 485905.8839999996),POINT (4.908665742394669 52.360078059212526),4.908665742394669,52.360078059212526
242662,20230077007,2023,Uitsluitend materiele schade,2,snorfiets,personenauto,Flank,"Kruispunt, 4 takken",Binnen,50.0,Niet brandend,Overig asfalt,Droog,Daglicht,Droog,Mendes da Costahof,amsterdam,POINT (114867.27120000124 487798.6330000013),POINT (4.7978306755442786 52.37658973875328),4.7978306755442786,52.37658973875328
242703,20230024725,2023,Letsel,2,personenauto,bromfiets,Flank,Rotonde,Binnen,50.0,Niet brandend,Overig asfalt,Droog,Daglicht,Droog,Slotermeerlaan,amsterdam,POINT (116315.97419999912 487736.88390000165),POINT (4.819111852052468 52.37613876824421),4.819111852052468,52.37613876824421
242763,20230020199,2023,Uitsluitend materiele schade,1,bromfiets,unknown,Eenzijdig,"Kruispunt, 4 takken",Binnen,50.0,Niet brandend,Overig asfalt,Nat,Daglicht,Droog,Kinkerstraat,amsterdam,POINT (119919.66899999976 486716.02899999917),POINT (4.872138135811316 52.36720613843117),4.872138135811316,52.36720613843117
242788,20230074557,2023,Uitsluitend materiele schade,1,fiets,unknown,Voetganger,Rechte weg,Binnen,50.0,Niet brandend,ZOAB,Droog,Daglicht,Droog,Jan Evertsenstraat,amsterdam,POINT (118337.38899999857 487015.4829999991),POINT (4.848874649092671 52.36979406153061),4.848874649092671,52.36979406153061
242818,20230077558,2023,Uitsluitend materiele schade,2,bromfiets,fiets,Flank,"Kruispunt, 3 takken",Binnen,Unknown,Unknown,Klinkers,Droog,Schemer,Droog,Banstraat,amsterdam,POINT (120040.40709999949 485355.5822999999),POINT (4.874052223506368 52.35498710719578),4.874052223506368,52.35498710719578
242820,20230077829,2023,Uitsluitend materiele schade,2,personenauto,fiets,Onbekend,"Kruispunt, 4 takken",Binnen,50.0,Brandend,ZOAB,Droog,Schemer,Droog,President Kennedylaan,amsterdam,POINT (121287.46649999917 483768.68730000034),POINT (4.892515401052231 52.34080308515281),4.892515401052231,52.34080308515281
242827,20230078288,2023,Letsel,2,fiets,fiets,Frontaal,Rechte weg,Binnen,30.0,Niet brandend,ZOAB,Nat,Daglicht,Droog,Amstelplein,amsterdam,POINT (122985.87299999967 484270.16699999943),POINT (4.917388852565552 52.34541161486595),4.917388852565552,52.34541161486595
242840,20230097446,2023,Uitsluitend materiele schade,2,personenauto,fiets,Geparkeerd voertuig,Rechte weg,Binnen,30.0,Niet brandend,Klinkers,Nat,Daglicht,Droog,Eikenweg,amsterdam,POINT (123254.2890000008 485740.98900000006),POINT (4.921189029628617 52.35864598938687),4.921189029628617,52.35864598938687
243005,20230097647,2023,Letsel,2,fiets,unknown,Eenzijdig,Rechte weg,Binnen,30.0,Niet brandend,ZOAB,Droog,Daglicht,Droog,Ferdinand Bolstraat,amsterdam,POINT (121219.59200000018 484929.9219999984),POINT (4.891402915318194 52.35123532593569),4.891402915318194,52.35123532593569
243042,20230087201,2023,Uitsluitend materiele schade,2,fiets,fiets,Flank,Rechte weg,Binnen,30.0,Niet brandend,Klinkers,Nat,Daglicht,Droog,Postjeskade,amsterdam,POINT (118372.61800000072 485843.40199999884),POINT (4.849519584270652 52.359262620631895),4.849519584270652,52.359262620631895
243123,20230102879,2023,Letsel,2,fiets,personenauto,Flank,Rechte weg,Binnen,50.0,Niet brandend,Unknown,Nat,Daglicht,Regen,Pieter Calandlaan,amsterdam,POINT (116744.15300000086 485513.89400000125),POINT (4.825652507364651 52.356190261505056),4.825652507364651,52.356190261505056
243172,20230087471,2023,Letsel,3,fiets,fiets,Onbekend,Bocht,Binnen,30.0,Niet brandend,Klinkers,Droog,Daglicht,Droog,Chestertonlaan,amsterdam,POINT (125001.2509999983 481915.55900000036),POINT (4.947173905298948 52.32436347744723),4.947173905298948,52.32436347744723
243234,20210080849,2021,Uitsluitend materiele schade,4,personenauto,fiets,Flank,"Kruispunt, 4 takken",Binnen,50.0,Niet brandend,Overig asfalt,Droog,Daglicht,Droog,Kamerlingh Onneslaan,amsterdam,POINT (123888.46400000155 485191.75499999896),POINT (4.930548991405342 52.35374610504436),4.930548991405342,52.35374610504436
243315,20210087255,2021,Letsel,1,fiets,unknown,Eenzijdig,Rechte weg,Binnen,50.0,Brandend,Unknown,Droog,Schemer,Droog,Carolina MacGillavrylaan,amsterdam,POINT (125290.56799999997 485236.68499999866),POINT (4.951124527544798 52.354227508780056),4.951124527544798,52.354227508780056
243316,20210087292,2021,Uitsluitend materiele schade,2,personenauto,fiets,Flank,"Kruispunt, 3 takken",Binnen,Unknown,Niet brandend,Overig asfalt,Droog,Daglicht,Droog,Eerste Van Swindenstraat,amsterdam,POINT (123452 486108),POINT (4.9240568364702035 52.36195583351931),4.9240568364702035,52.36195583351931
243376,20210022467,2021,Letsel,2,motor,fiets,Onbekend,Unknown,Unknown,Unknown,Unknown,Unknown,Unknown,Daglicht,Unknown,Veldzicht,amsterdam,POINT (115077.37440000102 486387.05900000036),POINT (4.801083667990437 52.36391897977017),4.801083667990437,52.36391897977017
243377,20210022468,2021,Letsel,2,snorfiets,personenauto,Flank,"Kruispunt, 4 takken",Binnen,50.0,Niet brandend,Overig asfalt,Droog,Daglicht,Droog,Burgemeester Fockstraat,amsterdam,POINT (117201.97720000148 488087.54659999907),POINT (4.832083169231522 52.37935195557156),4.832083169231522,52.37935195557156
243403,20210022681,2021,Uitsluitend materiele schade,2,fiets,personenauto,Flank,Unknown,Binnen,50.0,Niet brandend,Overig asfalt,Droog,Daglicht,Droog,Van Speijkstraat,amsterdam,POINT (119135.29399999976 486752.80999999866),POINT (4.860618105107811 52.367486038611865),4.860618105107811,52.367486038611865
243558,20210012109,2021,Uitsluitend materiele schade,2,motor,fiets,Flank,"Kruispunt, 4 takken",Binnen,50.0,Niet brandend,Overig asfalt,Droog,Daglicht,Droog,Sumatrastraat,amsterdam,POINT (124293.24819999933 486027.12220000103),POINT (4.936413981203281 52.36127662477703),4.936413981203281,52.36127662477703
243730,20210030003,2021,Letsel,2,e-bike,voetganger,Voetganger,Rechte weg,Binnen,30.0,Niet brandend,Klinkers,Droog,Daglicht,Droog,Eerste Van Swindenstraat,amsterdam,POINT (123789.17199999839 486220.59699999914),POINT (4.928996162622641 52.362987042313456),4.928996162622641,52.362987042313456
243862,20210065636,2021,Uitsluitend materiele schade,2,fiets,snorfiets,Onbekend,Bocht,Binnen,30.0,Niet brandend,Klinkers,Droog,Daglicht,Droog,Surinamestraat,amsterdam,POINT (118690.64200000092 485713.91099999845),POINT (4.854201915251175 52.358119961954486),4.854201915251175,52.358119961954486
243876,20210052019,2021,Uitsluitend materiele schade,1,snorfiets,unknown,Voetganger,"Kruispunt, 4 takken",Binnen,30.0,Niet brandend,Overig asfalt,Droog,Daglicht,Droog,Churchill-laan,amsterdam,POINT (121472.00560000166 484469.6746000014),POINT (4.8951533607835 52.347114387550796),4.8951533607835,52.347114387550796
243910,20210038592,2021,Uitsluitend materiele schade,2,personenauto,fiets,Geparkeerd voertuig,Rechte weg,Binnen,50.0,Niet brandend,Klinkers,Droog,Daglicht,Droog,Amstel,amsterdam,POINT (121743.42500000075 486673.2569999993),POINT (4.898918665028053 52.36693519276456),4.898918665028053,52.36693519276456
243913,20210042929,2021,Letsel,2,snorfiets,bromfiets,Flank,"Kruispunt, 3 takken",Binnen,Unknown,Niet brandend,ZOAB,Droog,Daglicht,Droog,Den Brielstraat,amsterdam,POINT (119009.5362999998 488714.51410000026),POINT (4.858561629282988 52.385108127704484),4.858561629282988,52.385108127704484
243915,20210044768,2021,Letsel,2,personenauto,fiets,Geparkeerd voertuig,Rotonde,Binnen,Unknown,Unknown,Unknown,Droog,Daglicht,Droog,Meibergdreef,amsterdam,POINT (125442.07349999994 478374.73629999906),POINT (4.95395017651875 52.292564316675204),4.95395017651875,52.292564316675204
243947,20210050926,2021,Letsel,3,bromfiets,voetganger,Voetganger,Rechte weg,Binnen,30.0,Niet brandend,Overig asfalt,Droog,Daglicht,Droog,Burg De Vlugtlaan,amsterdam,POINT (116757.67399999872 488242.41000000015),POINT (4.8255405752711455 52.38071297497501),4.8255405752711455,52.38071297497501
244047,20210066638,2021,Uitsluitend materiele schade,2,bestelauto,snorfiets,Flank,Rotonde,Binnen,50.0,Niet brandend,Overig asfalt,Droog,Daglicht,Droog,Oostoever,amsterdam,POINT (117099.53539999947 487087.6383999996),POINT (4.830691494056684 52.37035850428278),4.830691494056684,52.37035850428278
244084,20210072161,2021,Uitsluitend materiele schade,2,fiets,fiets,Frontaal,"Kruispunt, 4 takken",Binnen,30.0,Niet brandend,Overig asfalt,Droog,Daglicht,Droog,Piet Heinkade,amsterdam,POINT (123081.87959999964 487761.9228999987),POINT (4.918466340607362 52.37679879405618),4.918466340607362,52.37679879405618
244095,20210043792,2021,Letsel,2,motor,fiets,Voetganger,"Kruispunt, 4 takken",Binnen,50.0,Niet brandend,Beton,Droog,Daglicht,Droog,Dr. H. Colijnstraat,amsterdam,POINT (115461.72509999946 488234.56799999997),POINT (4.806508861568117 52.38055069310542),4.806508861568117,52.38055069310542
244117,20210064153,2021,Letsel,2,personenauto,bromfiets,Flank,"Kruispunt, 3 takken",Binnen,50.0,Niet brandend,Overig asfalt,Droog,Duisternis,Droog,IJburglaan,amsterdam,POINT (126683.49350000173 486849.3575000018),POINT (4.971433800285989 52.368794775934134),4.971433800285989,52.368794775934134
244125,20210038878,2021,Uitsluitend materiele schade,2,snorfiets,brommobiel,Onbekend,"Kruispunt, 3 takken",Binnen,50.0,Niet brandend,Overig asfalt,Droog,Daglicht,Droog,MUSEUMBRUG 0082,amsterdam,POINT (120863.60060000047 485973.5368999988),POINT (4.886072251549268 52.36059261995623),4.886072251549268,52.36059261995623
244150,20210034481,2021,Uitsluitend materiele schade,2,personenauto,bromfiets,Kop/staart,"Kruispunt, 4 takken",Binnen,50.0,Niet brandend,Overig asfalt,Droog,Daglicht,Droog,De Savornin Lohmanstraat,amsterdam,POINT (115307.48000000045 487612.5469999984),POINT (4.804317068826444 52.37494935097341),4.804317068826444,52.37494935097341
244206,20210065559,2021,Uitsluitend materiele schade,2,snorfiets,personenauto,Flank,Rechte weg,Buiten,50.0,Niet brandend,Overig asfalt,Nat,Daglicht,Regen,Rhôneweg,amsterdam,POINT (116453.8385999985 489294.17920000106),POINT (4.820957656645471 52.39014416779808),4.820957656645471,52.39014416779808
244263,20210069661,2021,Uitsluitend materiele schade,2,snorfiets,personenauto,Flank,"Kruispunt, 4 takken",Binnen,50.0,Niet brandend,Overig asfalt,Droog,Daglicht,Droog,H. Diesveldsingel,amsterdam,POINT (114330.14299999923 484894.118999999),POINT (4.790294334472223 52.35044681714152),4.790294334472223,52.35044681714152
244702,20210093634,2021,Uitsluitend materiele schade,2,personenauto,fiets,Kop/staart,"Kruispunt, 4 takken",Binnen,50.0,Niet brandend,Klinkers,Droog,Daglicht,Droog,Javastraat,amsterdam,POINT (124234.35190000013 486301.86620000005),POINT (4.935524245329461 52.36374255109933),4.935524245329461,52.36374255109933
244813,20220080537,2022,Uitsluitend materiele schade,2,personenauto,bromfiets,Kop/staart,"Kruispunt, 3 takken",Binnen,50.0,Niet brandend,Overig asfalt,Nat,Daglicht,Regen,C. van Eesterenlaan,amsterdam,POINT (124437.25230000168 486837.9776000008),POINT (4.9384542697809275 52.36857209882662),4.9384542697809275,52.36857209882662
244826,20220016314,2022,Uitsluitend materiele schade,2,bromfiets,fiets,Flank,"Kruispunt, 4 takken",Unknown,50.0,Brandend,Overig asfalt,Droog,Duisternis,Droog,Roetersstraat,amsterdam,POINT (122563.45729999989 486358.5357000008),POINT (4.910988647339378 52.36415573180251),4.910988647339378,52.36415573180251
244877,20220081465,2022,Uitsluitend materiele schade,3,bestelauto,e-bike,Onbekend,Rotonde,Binnen,50.0,Niet brandend,Overig asfalt,Droog,Daglicht,Droog,Hoofddorpplein,amsterdam,POINT (118423.41699999943 484941.8999999985),POINT (4.850363294015222 52.35116396020524),4.850363294015222,52.35116396020524
244878,20220081470,2022,Uitsluitend materiele schade,2,snorfiets,personenauto,Flank,"Kruispunt, 4 takken",Binnen,50.0,Niet brandend,Overig asfalt,Droog,Daglicht,Droog,Pieter Calandlaan,amsterdam,POINT (114996.72679999843 485085.71119999886),POINT (4.8000544832067975 52.35221763193469),4.8000544832067975,52.35221763193469
244909,20220080831,2022,Letsel,1,bromfiets,unknown,Eenzijdig,Rechte weg,Binnen,30.0,Brandend,Beton,Nat,Duisternis,Droog,Jodenbreestraat,amsterdam,POINT (122030.69999999925 486878.8839999996),POINT (4.903116235284905 52.36880054600789),4.903116235284905,52.36880054600789
244910,20220080861,2022,Uitsluitend materiele schade,2,personenauto,fiets,Onbekend,"Kruispunt, 4 takken",Binnen,50.0,Niet brandend,Overig asfalt,Droog,Daglicht,Droog,Molukkenstraat,amsterdam,POINT (124504.95369999856 486556.4395999983),POINT (4.939473830210639 52.366045581664785),4.939473830210639,52.366045581664785
245067,20220054311,2022,Uitsluitend materiele schade,2,bromfiets,personenauto,Flank,"Kruispunt, 3 takken",Binnen,30.0,Niet brandend,Klinkers,Nat,Daglicht,Unknown,FIETSPAD,amsterdam,POINT (126503.30660000071 481241.7129999995),POINT (4.969262886867101 52.31838719776441),4.969262886867101,52.31838719776441
245115,20220081293,2022,Uitsluitend materiele schade,2,personenauto,fiets,Flank,"Kruispunt, 4 takken",Binnen,50.0,Niet brandend,Overig asfalt,Droog,Daglicht,Droog,Joan Muyskenweg,amsterdam,POINT (122646.27380000055 483303.63479999825),POINT (4.912498197167662 52.33670514641239),4.912498197167662,52.33670514641239
245139,20220055749,2022,Uitsluitend materiele schade,2,e-bike,fiets,Kop/staart,Rechte weg,Binnen,Unknown,Niet brandend,Overig asfalt,Droog,Daglicht,Droog,Sarphatistraat,amsterdam,POINT (123528.70399999991 486658.75400000066),POINT (4.925131324855314 52.366910046813075),4.925131324855314,52.366910046813075
245200,20220103130,2022,Uitsluitend materiele schade,2,bromfiets,personenauto,Flank,"Kruispunt, 4 takken",Binnen,50.0,Niet brandend,Overig asfalt,Droog,Daglicht,Droog,Pieter Calandlaan,amsterdam,POINT (114269.41519999877 484851.68939999864),POINT (4.789408217470487 52.350060995370285),4.789408217470487,52.350060995370285
245208,20220055823,2022,Letsel,2,snorfiets,bus,Flank,"Kruispunt, 4 takken",Binnen,50.0,Niet brandend,Overig asfalt,Droog,Daglicht,Droog,Slotermeerlaan,amsterdam,POINT (116421.39999999851 488106.1713999994),POINT (4.820617604947702 52.379465045004245),4.820617604947702,52.379465045004245
245246,20220102449,2022,Uitsluitend materiele schade,2,bromfiets,bromfiets,Onbekend,Unknown,Unknown,30.0,Unknown,Unknown,Unknown,Duisternis,Unknown,Noordermarkt,amsterdam,POINT (120932.40300000086 488126.5799999982),POINT (4.8868640481270464 52.37994691078371),4.8868640481270464,52.37994691078371
245258,20220015519,2022,Uitsluitend materiele schade,2,personenauto,fiets,Flank,Rechte weg,Binnen,50.0,Niet brandend,Klinkers,Droog,Daglicht,Droog,Prinsengracht,amsterdam,POINT (120972.7509999983 488035.82499999925),POINT (4.887465796446267 52.379133773054974),4.887465796446267,52.379133773054974
245267,20220103267,2022,Uitsluitend materiele schade,1,fiets,unknown,Flank,"Kruispunt, 4 takken",Binnen,50.0,Niet brandend,Unknown,Nat,Daglicht,Droog,Insulindeweg,amsterdam,POINT (124018.62640000135 486012.999400001),POINT (4.932383819642637 52.36113427888685),4.932383819642637,52.36113427888685
245549,20230003944,2023,Uitsluitend materiele schade,2,bromfiets,personenauto,Flank,"Kruispunt, 4 takken",Binnen,50.0,Brandend,Klinkers,Nat,Duisternis,Regen,Daniël Stalpertstraat,amsterdam,POINT (121164.69929999858 485479.9772000015),POINT (4.89054195509839 52.35617547210663),4.89054195509839,52.35617547210663
245602,20230004381,2023,Letsel,2,bestelauto,bromfiets,Flank,"Kruispunt, 4 takken",Binnen,50.0,Niet brandend,Overig asfalt,Nat,Daglicht,Droog,Meibergdreef,amsterdam,POINT (125032.7809999995 478517.2899999991),POINT (4.947938363914008 52.29382338611108),4.947938363914008,52.29382338611108
245630,20230004435,2023,Uitsluitend materiele schade,3,fiets,fiets,Onbekend,Rechte weg,Binnen,50.0,Niet brandend,Overig asfalt,Droog,Daglicht,Droog,Maassluisstraat,amsterdam,POINT (117412.56799999997 484886.9270000011),POINT (4.835533676695816 52.350601684448385),4.835533676695816,52.350601684448385
245633,20230006131,2023,Uitsluitend materiele schade,2,snorfiets,fiets,Flank,"Kruispunt, 4 takken",Binnen,50.0,Niet brandend,Overig asfalt,Nat,Daglicht,Regen,Vrijheidslaan,amsterdam,POINT (122362.98699999973 484442.1196000017),POINT (4.908231473023119 52.34692037705785),4.908231473023119,52.34692037705785
245682,20230004712,2023,Letsel,2,bromfiets,bromfiets,Frontaal,Bocht,Binnen,50.0,Brandend,Overig asfalt,Droog,Duisternis,Droog,Holterbergweg,amsterdam,POINT (124254.00310000032 480540.2335000001),POINT (4.936338832387322 52.31196156060165),4.936338832387322,52.31196156060165
246216,20220177609,2022,Uitsluitend materiele schade,2,personenauto,bromfiets,Onbekend,Unknown,Unknown,Unknown,Unknown,Unknown,Unknown,Daglicht,Unknown,Insulindeweg,amsterdam,POINT (124511.32310000062 486056.5100999996),POINT (4.939612670386005 52.36155289093149),4.939612670386005,52.36155289093149
246217,20220177691,2022,Uitsluitend materiele schade,2,bromfiets,personenauto,Flank,Rotonde,Binnen,50.0,Niet brandend,Overig asfalt,Droog,Daglicht,Droog,Bijlmerdreef,amsterdam,POINT (125975.51300000027 481232.10080000013),POINT (4.961523134878437 52.31827321122528),4.961523134878437,52.31827321122528
246294,20220177806,2022,Uitsluitend materiele schade,1,fiets,unknown,Flank,Rechte weg,Binnen,50.0,Niet brandend,Overig asfalt,Droog,Daglicht,Droog,Laanweg,amsterdam,POINT (122462.83900000155 488809.4129999988),POINT (4.909274185370681 52.38617656030892),4.909274185370681,52.38617656030892
246332,20220178177,2022,Uitsluitend materiele schade,3,personenauto,fiets,Onbekend,Rechte weg,Binnen,50.0,Brandend,Overig asfalt,Droog,Duisternis,Droog,Jan van Galenstraat,amsterdam,POINT (118671.54899999872 487463.81500000134),POINT (4.8537325723783695 52.37384553887285),4.8537325723783695,52.37384553887285
246362,20220177912,2022,Uitsluitend materiele schade,2,bromfiets,fiets,Flank,Rechte weg,Binnen,30.0,Niet brandend,Overig asfalt,Droog,Daglicht,Droog,Memlingstraat,amsterdam,POINT (120078.3599999994 484735.4389999993),POINT (4.874673656836432 52.349416102361516),4.874673656836432,52.349416102361516
246402,20220123555,2022,Uitsluitend materiele schade,2,bromfiets,overig vast object,Vast voorwerp,Rechte weg,Binnen,30.0,Brandend,Overig asfalt,Droog,Duisternis,Droog,Spuistraat,amsterdam,POINT (121070.5859999992 487018.6950000003),POINT (4.889005278468938 52.369998592674236),4.889005278468938,52.369998592674236
246482,20220142496,2022,Uitsluitend materiele schade,2,personenauto,e-bike,Flank,"Kruispunt, 4 takken",Binnen,30.0,Niet brandend,Klinkers,Droog,Daglicht,Droog,Eerste Van Swindenstraat,amsterdam,POINT (123686 486186),POINT (4.927484756264803 52.362670235394596),4.927484756264803,52.362670235394596
246503,20220123787,2022,Uitsluitend materiele schade,2,bromfiets,fiets,Flank,"Kruispunt, 4 takken",Binnen,50.0,Niet brandend,Overig asfalt,Droog,Daglicht,Droog,Van Limburg Stirumstraat,amsterdam,POINT (120127.66319999844 488745.15989999846),POINT (4.874981316071079 52.385455719485876),4.874981316071079,52.385455719485876
246521,20220155327,2022,Letsel,2,fiets,voetganger,Voetganger,Rechte weg,Binnen,30.0,Niet brandend,Overig asfalt,Droog,Daglicht,Droog,Rokin,amsterdam,POINT (121289.85300000012 486984.94900000095),POINT (4.8922281312657105 52.36970881027743),4.8922281312657105,52.36970881027743
246552,20220142622,2022,Uitsluitend materiele schade,2,fiets,fiets,Flank,"Kruispunt, 3 takken",Binnen,Unknown,Niet brandend,Overig asfalt,Droog,Daglicht,Droog,Admiraal De Ruijterweg,amsterdam,POINT (118516.24100000039 488430.65300000086),POINT (4.851347037987908 52.38252444042549),4.851347037987908,52.38252444042549
246600,20220124044,2022,Uitsluitend materiele schade,2,personenauto,fiets,Flank,Rechte weg,Binnen,50.0,Niet brandend,Beton,Droog,Daglicht,Droog,Prins Bernhardplein,amsterdam,POINT (123078.28000000119 484647.0780000016),POINT (4.918709155922917 52.34880442651725),4.918709155922917,52.34880442651725
246601,20220124059,2022,Letsel,2,bromfiets,personenauto,Flank,"Kruispunt, 3 takken",Binnen,50.0,Niet brandend,Overig asfalt,Droog,Daglicht,Droog,Pretoriusstraat,amsterdam,POINT (123685.02189999819 485485.0197999999),POINT (4.927535661379873 52.35637022425164),4.927535661379873,52.35637022425164
246690,20220124178,2022,Letsel,2,personenauto,bromfiets,Flank,"Kruispunt, 4 takken",Binnen,50.0,Niet brandend,Klinkers,Droog,Daglicht,Droog,Markengouw,amsterdam,POINT (125812.75789999962 489861.1759000011),POINT (4.958387488822984 52.39581743144217),4.958387488822984,52.39581743144217
246724,20220124209,2022,Uitsluitend materiele schade,2,bromfiets,lichtmast,Vast voorwerp,Rechte weg,Binnen,50.0,Brandend,Overig asfalt,Nat,Duisternis,Droog,Plesmanlaan,amsterdam,POINT (115516.13800000027 484833.6779999994),POINT (4.807707362876929 52.349990123365636),4.807707362876929,52.349990123365636
246767,20230058672,2023,Uitsluitend materiele schade,2,bromfiets,fiets,Flank,Rechte weg,Binnen,50.0,Niet aanwezig,Overig asfalt,Droog,Daglicht,Droog,Moerdijkstraat,amsterdam,POINT (121870.95600000024 483907.0329999998),POINT (4.901063459458284 52.342081925361654),4.901063459458284,52.342081925361654
246862,20230058499,2023,Uitsluitend materiele schade,4,fiets,fiets,Onbekend,Rechte weg,Binnen,50.0,Niet brandend,Overig asfalt,Droog,Daglicht,Droog,Zeilstraat,amsterdam,POINT (118680.16180000082 484897.09420000017),POINT (4.854136262152368 52.35077830834067),4.854136262152368,52.35077830834067
246954,20230059313,2023,Uitsluitend materiele schade,2,trein/tram,fiets,Flank,Rechte weg,Binnen,50.0,Niet brandend,Unknown,Droog,Daglicht,Droog,De Cuserstraat,amsterdam,POINT (119664.00160000101 481862.7038999982),POINT (4.868893984816506 52.32357139869964),4.868893984816506,52.32357139869964
246973,20230049254,2023,Uitsluitend materiele schade,2,personenauto,bromfiets,Flank,Rotonde,Binnen,50.0,Niet brandend,Overig asfalt,Droog,Daglicht,Droog,Osdorper Ban,amsterdam,POINT (114237.74909999967 485944.6794000007),POINT (4.788811042539062 52.35988156294628),4.788811042539062,52.35988156294628
247024,20230040564,2023,Uitsluitend materiele schade,2,snorfiets,personenauto,Flank,Rechte weg,Binnen,50.0,Niet brandend,Overig asfalt,Droog,Daglicht,Droog,Parnassusweg,amsterdam,POINT (119646.3049999997 483870.7749999985),POINT (4.8684236345825065 52.3416174697153),4.8684236345825065,52.3416174697153
247032,20230050518,2023,Uitsluitend materiele schade,2,bromfiets,personenauto,Flank,"Kruispunt, 3 takken",Binnen,50.0,Niet brandend,ZOAB,Droog,Daglicht,Droog,Oostzaanstraat,amsterdam,POINT (120013.21570000052 489410.1834000014),POINT (4.873231033583388 52.391425162638754),4.873231033583388,52.391425162638754
247053,20230050541,2023,Letsel,2,fiets,voetganger,Voetganger,Rechte weg,Binnen,Unknown,Niet brandend,Overig asfalt,Droog,Daglicht,Droog,Beethovenstraat,amsterdam,POINT (120244.69299999997 483321.5210000016),POINT (4.877260749456915 52.33671930483808),4.877260749456915,52.33671930483808
247075,20230040132,2023,Uitsluitend materiele schade,2,e-bike,fiets,Frontaal,"Kruispunt, 4 takken",Binnen,30.0,Niet brandend,ZOAB,Droog,Daglicht,Droog,HAARLEMMERSLUIS 0014,amsterdam,POINT (121429.13210000098 488044.58989999816),POINT (4.894167286704327 52.37924064070966),4.894167286704327,52.37924064070966
247083,20230049463,2023,Letsel,3,fiets,fiets,Onbekend,Rechte weg,Binnen,30.0,Niet aanwezig,Overig asfalt,Droog,Daglicht,Droog,Jan Evertsenstraat,amsterdam,POINT (118579.58100000024 487087.79199999943),POINT (4.852422853542546 52.37046003573042),4.852422853542546,52.37046003573042
247187,20220211633,2022,Uitsluitend materiele schade,1,bromfiets,unknown,Eenzijdig,"Kruispunt, 4 takken",Binnen,50.0,Brandend,Overig asfalt,Nat,Duisternis,Droog,Westeinde,amsterdam,POINT (121725.49560000002 485839.40790000185),POINT (4.898737938057021 52.359440042838415),4.898737938057021,52.359440042838415
247256,20220211057,2022,Uitsluitend materiele schade,2,personenauto,fiets,Flank,"Kruispunt, 4 takken",Binnen,30.0,Niet brandend,Overig asfalt,Nat,Daglicht,Regen,Spaarndammerdijk,amsterdam,POINT (119196.52829999849 489514.0892999992),POINT (4.861222886783977 52.392306318423685),4.861222886783977,52.392306318423685
247354,20220211176,2022,Uitsluitend materiele schade,2,fiets,fiets,Geparkeerd voertuig,Rechte weg,Binnen,Unknown,Unknown,Unknown,Nat,Schemer,Unknown,Troepiaalsingel,amsterdam,POINT (125914.60300000012 480960.2170000002),POINT (4.960653294911188 52.315826449083296),4.960653294911188,52.315826449083296
247356,20220211198,2022,Uitsluitend materiele schade,1,fiets,unknown,Voetganger,"Kruispunt, 4 takken",Binnen,15.0,Brandend,Klinkers,Nat,Duisternis,Droog,Reguliersdwarsstraat,amsterdam,POINT (121355 486581),POINT (4.893225096229935 52.36608239446872),4.893225096229935,52.36608239446872
247429,20220210552,2022,Uitsluitend materiele schade,2,personenauto,snorfiets,Flank,"Kruispunt, 3 takken",Binnen,30.0,Brandend,Overig asfalt,Droog,Duisternis,Droog,Troelstralaan,amsterdam,POINT (115101.01240000129 487542.7270000018),POINT (4.801293519720682 52.374306902069684),4.801293519720682,52.374306902069684