,accident_id,accident_year,outcome,num_parties,party1_type,party2_type,accident_nature,road_situation,built_up_area,speed_limit_kmh,street_lighting,road_surface,road_condition,light_condition,weather_condition,street_name,municipality,shape,geometry,longitude,latitude
247553,20220210668,2022,Uitsluitend materiele schade,2,personenauto,fiets,Frontaal,"Kruispunt, 4 takken",Binnen,15.0,Niet brandend,Klinkers,Droog,Daglicht,Unknown,Kinderdijkstraat,amsterdam,POINT (122005.43340000138 483988.9695000015),POINT (4.903028703262502 52.342826407010655),4.903028703262502,52.342826407010655
247587,20220210702,2022,Letsel,2,personenauto,fiets,Flank,"Kruispunt, 3 takken",Binnen,50.0,Niet brandend,Overig asfalt,Nat,Daglicht,Droog,Wibautstraat,amsterdam,POINT (122949.15399999917 484752.94099999964),POINT (4.9168040330451195 52.34974833934168),4.9168040330451195,52.34974833934168
247655,20220210804,2022,Letsel,2,e-bike,voetganger,Voetganger,Rechte weg,Binnen,50.0,Niet brandend,Overig asfalt,Nat,Daglicht,Droog,Jan Pieter Heijestraat,amsterdam,POINT (119271.42300000042 486475.34699999914),POINT (4.862646234169733 52.36500127682234),4.862646234169733,52.36500127682234
247656,20220211511,2022,Letsel,2,fiets,unknown,Eenzijdig,Rechte weg,Binnen,Unknown,Brandend,Overig asfalt,Nat,Duisternis,Droog,De Ruijterkade,amsterdam,POINT (121497.99599999934 488399.33100000024),POINT (4.895143243124019 52.38243300405771),4.895143243124019,52.38243300405771
248065,20230111587,2023,Uitsluitend materiele schade,2,bromfiets,bestelauto,Flank,Rechte weg,Binnen,30.0,Niet brandend,Overig asfalt,Nat,Daglicht,Regen,Paulus Potterstraat,amsterdam,POINT (120525.70300000161 485788.061999999),POINT (4.881131015033039 52.35890459975467),4.881131015033039,52.35890459975467
248079,20230066772,2023,Uitsluitend materiele schade,2,personenauto,fiets,Flank,"Kruispunt, 3 takken",Binnen,50.0,Niet brandend,Overig asfalt,Droog,Daglicht,Droog,Linnaeusstraat,amsterdam,POINT (123439 486104),POINT (4.923866368444891 52.36191913739694),4.923866368444891,52.36191913739694
248093,20230020867,2023,Uitsluitend materiele schade,2,fiets,fiets,Flank,Rechte weg,Binnen,50.0,Niet brandend,ZOAB,Nat,Daglicht,Droog,Frederik Hendrikplnts,amsterdam,POINT (120261.94299999997 487998.19200000167),POINT (4.877030853565189 52.37875104201343),4.877030853565189,52.37875104201343
248141,20230020370,2023,Letsel,2,overig wegmeubilair,fiets,Eenzijdig,Rechte weg,Binnen,30.0,Niet brandend,Beton,Nat,Daglicht,Regen,Parnassusweg,amsterdam,POINT (119651.08199999854 483552.30000000075),POINT (4.868527168323239 52.33875553962886),4.868527168323239,52.33875553962886
248168,20230020402,2023,Uitsluitend materiele schade,2,personenauto,fiets,Flank,Rechte weg,Binnen,50.0,Niet brandend,Klinkers,Nat,Daglicht,Regen,Olympiaplein,amsterdam,POINT (119362.76900000125 484755.93400000036),POINT (4.864169466184197 52.349554354703244),4.864169466184197,52.349554354703244
248194,20230020428,2023,Letsel,2,bromfiets,personenauto,Onbekend,Rechte weg,Binnen,50.0,Niet brandend,Overig asfalt,Droog,Daglicht,Droog,Hemonylaan,amsterdam,POINT (121862.3350000009 485624.14400000125),POINT (4.900767864699961 52.35751366749753),4.900767864699961,52.35751366749753
248202,20230036822,2023,Letsel,2,fiets,voetganger,Voetganger,"Kruispunt, 4 takken",Binnen,50.0,Niet brandend,Overig asfalt,Droog,Daglicht,Droog,P Cornelisz Hooftstr,amsterdam,POINT (120282.39440000057 485844.6697999984),POINT (4.877553603113518 52.359398028518015),4.877553603113518,52.359398028518015
248236,20230020505,2023,Uitsluitend materiele schade,2,bromfiets,bestelauto,Kop/staart,Rechte weg,Binnen,30.0,Niet brandend,Overig asfalt,Droog,Daglicht,Droog,Elandsgracht,amsterdam,POINT (120560.65799999982 487018.59099999815),POINT (4.881518091734391 52.36996591706872),4.881518091734391,52.36996591706872
248283,20230078908,2023,Letsel,2,bromfiets,fiets,Flank,"Kruispunt, 4 takken",Binnen,50.0,Niet brandend,Overig asfalt,Droog,Daglicht,Droog,FIETSPAD,amsterdam,POINT (122156 485445),POINT (4.905095993796829 52.355921275338254),4.905095993796829,52.355921275338254
248293,20230022808,2023,Uitsluitend materiele schade,2,personenauto,bromfiets,Onbekend,"Kruispunt, 4 takken",Binnen,50.0,Niet brandend,ZOAB,Droog,Daglicht,Droog,Pesetalaan,amsterdam,POINT (114028.57200000063 484645.98849999905),POINT (4.785898633724757 52.34819441398417),4.785898633724757,52.34819441398417
248294,20230024602,2023,Uitsluitend materiele schade,1,bromfiets,unknown,Voetganger,Rechte weg,Binnen,50.0,Niet aanwezig,ZOAB,Droog,Daglicht,Droog,Stadhouderskade,amsterdam,POINT (120518.30299999937 486144.54100000113),POINT (4.880985840147014 52.36210791891622),4.880985840147014,52.36210791891622
248325,20230024021,2023,Uitsluitend materiele schade,2,bestelauto,fiets,Flank,"Kruispunt, 4 takken",Binnen,50.0,Niet brandend,Overig asfalt,Droog,Daglicht,Droog,Nobelweg,amsterdam,POINT (123784.53730000183 484493.5844999999),POINT (4.929088367461894 52.34746549472182),4.929088367461894,52.34746549472182
248327,20230024641,2023,Uitsluitend materiele schade,2,bestelauto,fiets,Flank,Rechte weg,Binnen,50.0,Niet brandend,Overig asfalt,Nat,Daglicht,Regen,Churchill-laan,amsterdam,POINT (121332.17300000042 484442.9279999994),POINT (4.893103951129641 52.34686545789281),4.893103951129641,52.34686545789281
248404,20230024160,2023,Uitsluitend materiele schade,2,personenauto,e-bike,Flank,"Kruispunt, 3 takken",Binnen,50.0,Niet brandend,Beton,Droog,Daglicht,Droog,Kamperfoelieweg,amsterdam,POINT (122795.63470000029 489983.8319000006),POINT (4.91404974090655 52.396751015733955),4.91404974090655,52.396751015733955
248474,20230024234,2023,Letsel,2,personenauto,fiets,Flank,"Kruispunt, 4 takken",Binnen,50.0,Niet brandend,Overig asfalt,Droog,Daglicht,Droog,Utrechtsestraat,amsterdam,POINT (121747.88340000063 486121.8836000003),POINT (4.899038648422317 52.36198009770566),4.899038648422317,52.36198009770566
248484,20230077088,2023,Uitsluitend materiele schade,2,bromfiets,fiets,Frontaal,Rechte weg,Binnen,30.0,Niet brandend,Overig asfalt,Droog,Daglicht,Droog,Johan Huizingalaan,amsterdam,POINT (116871.67799999937 484001.1799999997),POINT (4.827695745252711 52.34260397832246),4.827695745252711,52.34260397832246
248638,20230097615,2023,Uitsluitend materiele schade,2,trein/tram,e-bike,Flank,"Kruispunt, 4 takken",Binnen,50.0,Brandend,Overig asfalt,Nat,Schemer,Regen,1e C Huygensstr,amsterdam,POINT (120133.75899999961 486228.48900000006),POINT (4.875331942567186 52.362838110272676),4.875331942567186,52.362838110272676
248657,20230087709,2023,Letsel,2,personenauto,fiets,Flank,"Kruispunt, 4 takken",Binnen,30.0,Niet brandend,Overig asfalt,Nat,Daglicht,Regen,Utrechtsedwarsstraat,amsterdam,POINT (121758.99590000138 486067.9978),POINT (4.899207108733494 52.36149648147822),4.899207108733494,52.36149648147822
248751,20230087297,2023,Uitsluitend materiele schade,2,personenauto,fiets,Kop/staart,Rechte weg,Binnen,30.0,Niet brandend,Overig asfalt,Droog,Daglicht,Droog,Ceintuurbaan,amsterdam,POINT (121319.80999999866 485122.8660000004),POINT (4.892854467245355 52.35297552886028),4.892854467245355,52.35297552886028
248789,20230087386,2023,Uitsluitend materiele schade,2,personenauto,bromfiets,Flank,Rechte weg,Binnen,50.0,Brandend,Overig asfalt,Droog,Duisternis,Droog,Stadhouderskade,amsterdam,POINT (120686.35399999842 486088.743999999),POINT (4.883458562656379 52.36161697790491),4.883458562656379,52.36161697790491
248790,20230087388,2023,Letsel,2,bromfiets,voetganger,Voetganger,Rechte weg,Buiten,Unknown,Brandend,Overig asfalt,Nat,Duisternis,Droog,Provincialeweg,amsterdam,POINT (126560.55799999833 482119.29300000146),POINT (4.970028474098257 52.326277375325944),4.970028474098257,52.326277375325944
248840,20230098009,2023,Uitsluitend materiele schade,2,snorfiets,personenauto,Geparkeerd voertuig,"Kruispunt, 3 takken",Binnen,50.0,Brandend,Overig asfalt,Droog,Schemer,Droog,Julianaplein,amsterdam,POINT (123159.21889999881 484297.0163999982),POINT (4.919930126003327 52.3456629905821),4.919930126003327,52.3456629905821
248884,20210080827,2021,Letsel,2,personenauto,e-bike,Flank,"Kruispunt, 3 takken",Binnen,15.0,Niet aanwezig,Overig asfalt,Droog,Daglicht,Droog,Riekerweg,amsterdam,POINT (117525.32200000063 483361.07499999925),POINT (4.837358371140956 52.33689612924648),4.837358371140956,52.33689612924648
248941,20210088657,2021,Uitsluitend materiele schade,2,bus,snorfiets,Flank,Rechte weg,Binnen,50.0,Niet brandend,Overig asfalt,Droog,Daglicht,Droog,Olympiaplein,amsterdam,POINT (119593.72300000116 484423.68499999866),POINT (4.8675939164346005 52.34658326069918),4.8675939164346005,52.34658326069918
249011,20210084848,2021,Uitsluitend materiele schade,2,personenauto,bromfiets,Flank,"Kruispunt, 3 takken",Binnen,30.0,Niet brandend,Klinkers,Droog,Daglicht,Droog,Egelantiersgracht,amsterdam,POINT (120316.73310000077 487619.22509999946),POINT (4.87787460220515 52.375348629557834),4.87787460220515,52.375348629557834
249083,20210016372,2021,Uitsluitend materiele schade,2,personenauto,fiets,Onbekend,Bocht,Binnen,50.0,Brandend,Overig asfalt,Nat,Duisternis,Regen,Europaboulevard,amsterdam,POINT (121087.23699999973 482279.5879999995),POINT (4.889727340889262 52.32740770131465),4.889727340889262,52.32740770131465
249191,20210033247,2021,Uitsluitend materiele schade,2,e-bike,bromfiets,Kop/staart,Rechte weg,Binnen,50.0,Brandend,Beton,Droog,Duisternis,Unknown,Raadhuisstraat,amsterdam,POINT (120875.23600000143 487435.26199999824),POINT (4.88609468955041 52.3737302951456),4.88609468955041,52.3737302951456
249264,20210024203,2021,Uitsluitend materiele schade,2,personenauto,bromfiets,Flank,"Kruispunt, 4 takken",Binnen,Unknown,Niet brandend,Overig asfalt,Droog,Daglicht,Droog,Marnixstraat,amsterdam,POINT (120176 487276),POINT (4.875843555276513 52.372255065674786),4.875843555276513,52.372255065674786
249270,20210033825,2021,Uitsluitend materiele schade,1,bromfiets,unknown,Eenzijdig,Rechte weg,Binnen,50.0,Brandend,Overig asfalt,Droog,Schemer,Droog,Martelaarsgracht,amsterdam,POINT (121587.42399999872 487902.30000000075),POINT (4.896506101178609 52.37797149690647),4.896506101178609,52.37797149690647
249308,20210019350,2021,Uitsluitend materiele schade,2,fiets,personenauto,Flank,"Kruispunt, 4 takken",Binnen,Unknown,Niet brandend,Klinkers,Droog,Daglicht,Droog,Frederik Hendrikstraat,amsterdam,POINT (119920.21180000156 487443.25609999895),POINT (4.8720702113238445 52.373741960437805),4.8720702113238445,52.373741960437805
249334,20210013009,2021,Uitsluitend materiele schade,2,snorfiets,fiets,Flank,Rechte weg,Binnen,50.0,Niet brandend,Overig asfalt,Droog,Daglicht,Droog,Paulus Potterstraat,amsterdam,POINT (120409.67500000075 485739.86300000176),POINT (4.87943277656737 52.35846412737978),4.87943277656737,52.35846412737978
249342,20210025580,2021,Uitsluitend materiele schade,3,personenauto,fiets,Onbekend,Rechte weg,Binnen,15.0,Brandend,Klinkers,Droog,Duisternis,Droog,Koningin Wilhelminaplein,amsterdam,POINT (117665.03700000048 485391.8520000018),POINT (4.839182968309223 52.3551567912358),4.839182968309223,52.3551567912358
249380,20210026496,2021,Uitsluitend materiele schade,2,personenauto,fiets,Onbekend,Rechte weg,Binnen,30.0,Niet aanwezig,Unknown,Droog,Daglicht,Droog,Van Woustraat,amsterdam,POINT (121906.12900000066 485286.45699999854),POINT (4.901443926631697 52.35448140267752),4.901443926631697,52.35448140267752
249618,20210035493,2021,Uitsluitend materiele schade,2,personenauto,fiets,Flank,"Kruispunt, 4 takken",Binnen,50.0,Niet brandend,Overig asfalt,Droog,Daglicht,Droog,Admiraal De Ruijterweg,amsterdam,POINT (118874.89779999852 488043.35990000144),POINT (4.856656258017785 52.379067465080844),4.856656258017785,52.379067465080844
249729,20210056654,2021,Uitsluitend materiele schade,2,snorfiets,bromfiets,Flank,"Kruispunt, 4 takken",Binnen,Unknown,Niet brandend,ZOAB,Nat,Daglicht,Droog,Plesmanlaan,amsterdam,POINT (115267.53599999845 484763.2349999994),POINT (4.804067178637002 52.349339116210025),4.804067178637002,52.349339116210025
249817,20210044442,2021,Letsel,2,fiets,fiets,Eenzijdig,Rechte weg,Binnen,50.0,Niet brandend,Overig asfalt,Droog,Daglicht,Droog,Van Baerlestraat,amsterdam,POINT (120516.65500000119 485301.5689999983),POINT (4.881048069431687 52.35453177017994),4.881048069431687,52.35453177017994
249833,20210067942,2021,Uitsluitend materiele schade,1,fiets,unknown,Onbekend,Rechte weg,Binnen,50.0,Niet brandend,Overig asfalt,Droog,Daglicht,Droog,Willem de Zwijgerlaan,amsterdam,POINT (119273.6240000017 487641.1180000007),POINT (4.862554645271871 52.375478508079915),4.862554645271871,52.375478508079915
249881,20210047578,2021,Uitsluitend materiele schade,1,snorfiets,unknown,Eenzijdig,Rotonde,Binnen,50.0,Niet brandend,Overig asfalt,Nat,Daglicht,Droog,Beemsterstraat,amsterdam,POINT (125163.28200000152 489653.72199999914),POINT (4.948864135740456 52.393918053310614),4.948864135740456,52.393918053310614
249926,20210069650,2021,Uitsluitend materiele schade,2,fiets,overig vast object,Vast voorwerp,Rechte weg,Binnen,30.0,Niet brandend,Klinkers,Droog,Daglicht,Droog,Mercatorstraat,amsterdam,POINT (118453.42300000042 487219.4990000017),POINT (4.850556162232077 52.371635337578226),4.850556162232077,52.371635337578226
250331,20210090825,2021,Letsel,2,bromfiets,fiets,Los voorwerp,"Kruispunt, 3 takken",Binnen,Unknown,Niet brandend,Overig asfalt,Droog,Daglicht,Droog,Hogevecht,amsterdam,POINT (125572.6649999991 480233.2019999996),POINT (4.955702203120745 52.30927424260545),4.955702203120745,52.30927424260545
250355,20210077158,2021,Uitsluitend materiele schade,1,bromfiets,unknown,Flank,"Kruispunt, 4 takken",Binnen,30.0,Brandend,ZOAB,Nat,Duisternis,Regen,Elandsgracht,amsterdam,POINT (120497.94150000066 486985.0379000008),POINT (4.880600679331988 52.36966042933614),4.880600679331988,52.36966042933614
250662,20220081139,2022,Uitsluitend materiele schade,2,bromfiets,fiets,Flank,Rechte weg,Binnen,30.0,Brandend,Overig asfalt,Droog,Daglicht,Droog,Europaplein,amsterdam,POINT (121252.68910000101 483910.4985000007),POINT (4.891990889184804 52.34207545734561),4.891990889184804,52.34207545734561
250688,20220055538,2022,Letsel,2,bromfiets,fiets,Flank,"Kruispunt, 4 takken",Binnen,50.0,Niet brandend,Overig asfalt,Droog,Daglicht,Droog,Johan Huizingalaan,amsterdam,POINT (116847.61969999969 485848.0379000008),POINT (4.827133308059287 52.359200488249805),4.827133308059287,52.359200488249805
250728,20220054377,2022,Letsel,2,personenauto,fiets,Flank,"Kruispunt, 4 takken",Binnen,30.0,Niet brandend,Klinkers,Droog,Daglicht,Droog,De Boelelaan,amsterdam,POINT (120732.28909999877 483100.89350000024),POINT (4.884437135147512 52.334767060502635),4.884437135147512,52.334767060502635
250730,20220054441,2022,Uitsluitend materiele schade,1,fiets,unknown,Onbekend,Rotonde,Binnen,50.0,Niet brandend,Overig asfalt,Nat,Daglicht,Droog,Zuiderzeeweg,amsterdam,POINT (126633.61129999906 488366.3995999992),POINT (4.970573354125796 52.38242641180587),4.970573354125796,52.38242641180587
250731,20220055641,2022,Letsel,1,bromfiets,unknown,Eenzijdig,Rechte weg,Binnen,50.0,Brandend,Overig asfalt,Droog,Duisternis,Droog,Mauritskade,amsterdam,POINT (122594.81300000101 485953.12999999896),POINT (4.911488044563223 52.36051406787703),4.911488044563223,52.36051406787703
250736,20220081307,2022,Letsel,2,bromfiets,personenauto,Geparkeerd voertuig,Rechte weg,Binnen,50.0,Niet brandend,Overig asfalt,Droog,Daglicht,Droog,Overtoom,amsterdam,POINT (119398.69200000167 485933.7199999988),POINT (4.864572032805695 52.36014178891083),4.864572032805695,52.36014178891083
250817,20220103117,2022,Uitsluitend materiele schade,4,personenauto,e-bike,Onbekend,"Kruispunt, 3 takken",Binnen,50.0,Niet brandend,Overig asfalt,Droog,Daglicht,Droog,Vrolikstraat,amsterdam,POINT (123595.37420000136 485723.2391999997),POINT (4.926197534605522 52.35850606934463),4.926197534605522,52.35850606934463
250842,20220102846,2022,Uitsluitend materiele schade,2,bromfiets,fiets,Flank,"Kruispunt, 3 takken",Binnen,30.0,Niet brandend,Overig asfalt,Droog,Daglicht,Droog,Kadoelenpad,amsterdam,POINT (122737.81399999931 491832.8830000013),POINT (4.913022469557413 52.41336550899591),4.913022469557413,52.41336550899591
250929,20220055058,2022,Uitsluitend materiele schade,2,personenauto,bromfiets,Kop/staart,Rechte weg,Binnen,50.0,Niet brandend,Klinkers,Droog,Daglicht,Droog,Damrak,amsterdam,POINT (121725.39600000158 487823.48699999973),POINT (4.898540096384547 52.37727156062918),4.898540096384547,52.37727156062918
251161,20230003958,2023,Letsel,2,fiets,fiets,Onbekend,"Kruispunt, 4 takken",Binnen,50.0,Brandend,Beton,Droog,Schemer,Droog,Orteliuskade,amsterdam,POINT (118308.34200000018 487008.1779999994),POINT (4.848448957487902 52.369726469773525),4.848448957487902,52.369726469773525
251225,20230004039,2023,Letsel,2,personenauto,fiets,Flank,"Kruispunt, 4 takken",Binnen,50.0,Niet brandend,ZOAB,Nat,Daglicht,Regen,Bijlmerdreef,amsterdam,POINT (126216 481409),POINT (4.965034983473555 52.31987572314168),4.965034983473555,52.31987572314168
251374,20230040569,2023,Uitsluitend materiele schade,1,bromfiets,unknown,Onbekend,Unknown,Unknown,Unknown,Unknown,Unknown,Unknown,Daglicht,Unknown,BLAUWBRUG 0236,amsterdam,POINT (121881.55799999833 486604.71400000155),POINT (4.90095346767635 52.366327522194034),4.90095346767635,52.366327522194034
251556,20230004271,2023,Letsel,2,bestelauto,e-bike,Flank,Rotonde,Binnen,50.0,Niet brandend,Overig asfalt,Nat,Daglicht,Regen,Hugo de Grootplein,amsterdam,POINT (119981.78249999881 487556.3216000013),POINT (4.872962538863532 52.37476204002756),4.872962538863532,52.37476204002756
251634,20210009522,2021,Letsel,2,bromfiets,bestelauto,Flank,"Kruispunt, 4 takken",Binnen,50.0,Niet brandend,Overig asfalt,Droog,Daglicht,Droog,Johan Huizingalaan,amsterdam,POINT (116847.61969999969 485848.0379000008),POINT (4.827133308059287 52.359200488249805),4.827133308059287,52.359200488249805
251670,20210027230,2021,Letsel,2,personenauto,fiets,Onbekend,Rechte weg,Binnen,30.0,Niet brandend,Klinkers,Droog,Daglicht,Droog,Curaçaostraat,amsterdam,POINT (118544.20300000161 485824.97100000083),POINT (4.852040319521777 52.35910838989957),4.852040319521777,52.35910838989957
251735,20210091223,2021,Letsel,2,bromfiets,personenauto,Flank,"Kruispunt, 4 takken",Binnen,50.0,Niet brandend,Overig asfalt,Droog,Daglicht,Droog,Gustav Mahlerlaan,amsterdam,POINT (119793.86670000106 483319.7551999986),POINT (4.87064649055211 52.33667474680105),4.87064649055211,52.33667474680105
251847,20220177035,2022,Uitsluitend materiele schade,2,bus,fiets,Voetganger,Rechte weg,Binnen,50.0,Niet brandend,Overig asfalt,Droog,Daglicht,Droog,Insulindeweg,amsterdam,POINT (124380.78500000015 486017.30999999866),POINT (4.937699920064701 52.36119332511579),4.937699920064701,52.36119332511579
251880,20220176210,2022,Letsel,2,fiets,fiets,Flank,"Kruispunt, 3 takken",Binnen,50.0,Niet brandend,Klinkers,Droog,Daglicht,Droog,Willem de Zwijgerlaan,amsterdam,POINT (119245.94350000098 487154.37689999864),POINT (4.862199948196667 52.371102240067046),4.862199948196667,52.371102240067046
251882,20220177751,2022,Uitsluitend materiele schade,2,personenauto,fiets,Flank,"Kruispunt, 3 takken",Binnen,30.0,Niet brandend,Klinkers,Droog,Daglicht,Droog,Prinsengracht,amsterdam,POINT (120689.95059999824 487612.4241000004),POINT (4.883355855327126 52.37531095431837),4.883355855327126,52.37531095431837
251891,20220123144,2022,Uitsluitend materiele schade,2,bromfiets,bestelauto,Frontaal,"Kruispunt, 4 takken",Binnen,50.0,Niet brandend,Overig asfalt,Droog,Daglicht,Droog,Johan Huizingalaan,amsterdam,POINT (116877.3104000017 484477.03390000015),POINT (4.827724495925658 52.34688099406395),4.827724495925658,52.34688099406395
252017,20220123499,2022,Uitsluitend materiele schade,2,bromfiets,snorfiets,Flank,"Kruispunt, 4 takken",Binnen,50.0,Brandend,ZOAB,Droog,Duisternis,Droog,Bilderdijkstraat,amsterdam,POINT (119808.14400000125 487129.2950000018),POINT (4.870457472950803 52.37091313771353),4.870457472950803,52.37091313771353
252118,20220142599,2022,Letsel,2,bromfiets,personenauto,Flank,"Kruispunt, 4 takken",Binnen,50.0,Niet brandend,Overig asfalt,Droog,Daglicht,Droog,Meer en Vaart,amsterdam,POINT (115703.6988000013 485305.4428999983),POINT (4.810404921074098 52.35424342839877),4.810404921074098,52.35424342839877
252267,20220141577,2022,Uitsluitend materiele schade,2,personenauto,bromfiets,Frontaal,"Kruispunt, 4 takken",Binnen,50.0,Brandend,Overig asfalt,Droog,Duisternis,Droog,Banne Buikslootlaan,amsterdam,POINT (122681.89779999852 491067.0815999992),POINT (4.912274430185734 52.40647977416993),4.912274430185734,52.40647977416993
252297,20220124137,2022,Uitsluitend materiele schade,2,personenauto,bromfiets,Onbekend,Rechte weg,Binnen,50.0,Niet brandend,Overig asfalt,Droog,Daglicht,Droog,Kabelweg,amsterdam,POINT (118247.76999999955 489326.66000000015),POINT (4.847305973009988 52.39055913829474),4.847305973009988,52.39055913829474
252299,20220124147,2022,Letsel,2,fiets,fiets,Frontaal,"Kruispunt, 3 takken",Binnen,30.0,Niet brandend,Klinkers,Droog,Daglicht,Droog,Stadionkade,amsterdam,POINT (119363.3033999987 484069.3574000001),POINT (4.864250007879216 52.3433839155881),4.864250007879216,52.3433839155881
252498,20230059217,2023,Letsel,2,e-bike,personenauto,Flank,"Kruispunt, 3 takken",Binnen,30.0,Niet brandend,Overig asfalt,Droog,Daglicht,Droog,Jan Oudegeeststraat,amsterdam,POINT (114537.31830000132 485119.0117999986),POINT (4.793307835537656 52.35248327103089),4.793307835537656,52.35248327103089
252531,20230058620,2023,Letsel,3,bestelauto,bromfiets,Onbekend,Rechte weg,Binnen,30.0,Niet brandend,Klinkers,Droog,Daglicht,Droog,Abcouderpad,amsterdam,POINT (125259.33300000057 480845.25400000066),POINT (4.951053862811425 52.31475818673641),4.951053862811425,52.31475818673641
252571,20230049265,2023,Uitsluitend materiele schade,1,fiets,unknown,Voetganger,"Kruispunt, 4 takken",Binnen,30.0,Niet aanwezig,Overig asfalt,Droog,Daglicht,Droog,Plantage Middenlaan,amsterdam,POINT (122454.44530000165 486700.2925999984),POINT (4.909355165481826 52.367220762650206),4.909355165481826,52.367220762650206
252577,20230059381,2023,Letsel,2,bromfiets,fiets,Flank,"Kruispunt, 4 takken",Binnen,30.0,Brandend,Overig asfalt,Droog,Schemer,Droog,Gulden Kruis,amsterdam,POINT (126318.43499999866 481218.18200000003),POINT (4.966553575423014 52.318166104845666),4.966553575423014,52.318166104845666
252603,20230059821,2023,Uitsluitend materiele schade,2,bromfiets,fiets,Onbekend,"Kruispunt, 4 takken",Binnen,50.0,Niet brandend,Overig asfalt,Nat,Daglicht,Regen,Mr. Visserplein,amsterdam,POINT (122045.31489999965 486790.3381000012),POINT (4.903339498253784 52.36800563370964),4.903339498253784,52.36800563370964
252671,20230048888,2023,Uitsluitend materiele schade,2,bromfiets,personenauto,Flank,"Kruispunt, 4 takken",Binnen,Unknown,Niet brandend,ZOAB,Droog,Daglicht,Droog,Meer en Vaart,amsterdam,POINT (115403.34200000018 486227.7569999993),POINT (4.80588785541726 52.3625108964499),4.80588785541726,52.3625108964499
252733,20220211566,2022,Letsel,2,snorfiets,bromfiets,Flank,Rechte weg,Binnen,50.0,Brandend,Unknown,Droog,Duisternis,Droog,Meteorenweg,amsterdam,POINT (121176.51799999923 491563.33900000155),POINT (4.890102899072659 52.410849002621994),4.890102899072659,52.410849002621994
252770,20220210913,2022,Uitsluitend materiele schade,2,bromfiets,fiets,Frontaal,Rechte weg,Binnen,50.0,Brandend,Overig asfalt,Droog,Duisternis,Droog,Insulindeweg,amsterdam,POINT (124695.14799999818 486087.31599999964),POINT (4.942308473280747 52.361839926359714),4.942308473280747,52.361839926359714
252806,20220211621,2022,Letsel,2,fiets,personenauto,Flank,"Kruispunt, 3 takken",Binnen,60.0,Niet brandend,Overig asfalt,Droog,Daglicht,Droog,Amsteldijk,amsterdam,POINT (122328.19170000032 485140.3337999992),POINT (4.907653051987687 52.35319340336218),4.907653051987687,52.35319340336218
252844,20220211016,2022,Letsel,2,personenauto,fiets,Flank,Rechte weg,Buiten,50.0,Niet brandend,Overig asfalt,Droog,Daglicht,Droog,Postjesweg,amsterdam,POINT (118260.98800000176 486396.9620000012),POINT (4.847820465756358 52.3642301533627),4.847820465756358,52.3642301533627
252875,20220211722,2022,Uitsluitend materiele schade,2,bromfiets,personenauto,Flank,Rechte weg,Binnen,50.0,Niet brandend,Overig asfalt,Nat,Daglicht,Regen,Rijnstraat,amsterdam,POINT (122230.56799999997 484048.0379999988),POINT (4.906326556643306 52.34337074579366),4.906326556643306,52.34337074579366
252913,20220211087,2022,Letsel,1,fiets,unknown,Eenzijdig,Unknown,Unknown,60.0,Unknown,Unknown,Unknown,Daglicht,Unknown,Buikslotermeerdijk,amsterdam,POINT (123590.9450000003 490957.1700000018),POINT (4.9256431819320765 52.405544767443914),4.9256431819320765,52.405544767443914
252914,20220212488,2022,Uitsluitend materiele schade,2,personenauto,bromfiets,Onbekend,Unknown,Unknown,30.0,Unknown,Unknown,Unknown,Daglicht,Unknown,Ceintuurbaan,amsterdam,POINT (121317.03299999982 485132.77899999917),POINT (4.892812716135894 52.35306444999656),4.892812716135894,52.35306444999656
252983,20220210456,2022,Letsel,2,snorfiets,bus,Flank,"Kruispunt, 3 takken",Binnen,50.0,Niet brandend,Overig asfalt,Nat,Daglicht,Droog,Ringdijk,amsterdam,POINT (122946.12620000169 484772.8176999986),POINT (4.916757703078948 52.34992680174903),4.916757703078948,52.34992680174903
253022,20220211888,2022,Letsel,2,fiets,bestelauto,Eenzijdig,"Kruispunt, 4 takken",Binnen,50.0,Niet brandend,Overig asfalt,Nat,Daglicht,Droog,Jacob van Lennepkade,amsterdam,POINT (119339.74579999968 486277.5144000016),POINT (4.863670273028626 52.363227741283815),4.863670273028626,52.363227741283815
253221,20220210771,2022,Uitsluitend materiele schade,2,fiets,fiets,Flank,"Kruispunt, 4 takken",Binnen,50.0,Brandend,Beton,Droog,Duisternis,Droog,Stadionweg,amsterdam,POINT (119350 484362),POINT (4.864023798164941 52.34601312218894),4.864023798164941,52.34601312218894
253571,20230111638,2023,Uitsluitend materiele schade,1,fiets,unknown,Voetganger,Rechte weg,Binnen,30.0,Brandend,Unknown,Droog,Duisternis,Droog,Osdorper Ban,amsterdam,POINT (115013.27400000021 486191.9979999997),POINT (4.800165826825271 52.36216126531659),4.800165826825271,52.36216126531659