,accident_id,accident_year,outcome,num_parties,party1_type,party2_type,accident_nature,road_situation,built_up_area,speed_limit_kmh,street_lighting,road_surface,road_condition,light_condition,weather_condition,street_name,municipality,shape,geometry,longitude,latitude
253617,20230111464,2023,Letsel,2,motor,fiets,Frontaal,Rechte weg,Binnen,50.0,Brandend,Overig asfalt,Nat,Duisternis,Regen,IJdoornlaan,amsterdam,POINT (125268.43360000104 490076.89130000025),POINT (4.950371430170814 52.397726912486135),4.950371430170814,52.397726912486135
253643,20230066783,2023,Letsel,3,personenauto,fiets,Onbekend,"Kruispunt, 4 takken",Binnen,50.0,Niet brandend,Overig asfalt,Droog,Daglicht,Droog,Nassaukade,amsterdam,POINT (120049.61780000106 487217.34760000184),POINT (4.873993910507227 52.37171991157909),4.873993910507227,52.37171991157909
253644,20230067293,2023,Letsel,3,bromfiets,unknown,Eenzijdig,"Kruispunt, 4 takken",Binnen,50.0,Niet brandend,Klinkers,Droog,Daglicht,Droog,Quellijnstraat,amsterdam,POINT (121171.84380000085 485549.0238999985),POINT (4.890639880619272 52.35679645668271),4.890639880619272,52.35679645668271
253686,20230024334,2023,Letsel,3,fiets,fiets,Onbekend,Rechte weg,Binnen,50.0,Niet brandend,Overig asfalt,Droog,Daglicht,Droog,Stadhouderskade,amsterdam,POINT (121192.3946999982 485680.13479999825),POINT (4.890928359467203 52.35797605682354),4.890928359467203,52.35797605682354
253693,20230067187,2023,Letsel,2,bromfiets,fiets,Flank,Rechte weg,Binnen,30.0,Niet brandend,Overig asfalt,Droog,Daglicht,Droog,De Ruijterkade,amsterdam,POINT (121488.5549999997 488398.7010000013),POINT (4.895004646066382 52.3824267658551),4.895004646066382,52.3824267658551
253705,20230023779,2023,Uitsluitend materiele schade,2,bromfiets,personenauto,Frontaal,"Kruispunt, 4 takken",Binnen,50.0,Niet brandend,Overig asfalt,Droog,Daglicht,Droog,Paasheuvelweg,amsterdam,POINT (125507.43499999866 478787.08300000057),POINT (4.954872171029238 52.29627378580924),4.954872171029238,52.29627378580924
253717,20230067202,2023,Uitsluitend materiele schade,2,snorfiets,fiets,Flank,"Kruispunt, 3 takken",Buiten,30.0,Niet brandend,Overig asfalt,Droog,Daglicht,Droog,Van Limburg Stirumstraat,amsterdam,POINT (120127.66319999844 488745.15989999846),POINT (4.874981316071079 52.385455719485876),4.874981316071079,52.385455719485876
253771,20230067456,2023,Uitsluitend materiele schade,2,bromfiets,personenauto,Flank,"Kruispunt, 4 takken",Binnen,50.0,Niet brandend,Klinkers,Droog,Daglicht,Droog,Keizersgracht,amsterdam,POINT (120757.40089999884 487062.5335999988),POINT (4.88440236077997 52.37037314433008),4.88440236077997,52.37037314433008
253870,20230020582,2023,Uitsluitend materiele schade,2,fiets,fiets,Flank,"Kruispunt, 4 takken",Binnen,50.0,Brandend,ZOAB,Nat,Duisternis,Droog,Marnixstraat,amsterdam,POINT (120171.96799999848 487260.68200000003),POINT (4.8757859383135225 52.37211714292982),4.8757859383135225,52.37211714292982
253900,20230024652,2023,Letsel,1,fiets,unknown,Eenzijdig,Rechte weg,Binnen,50.0,Niet brandend,Overig asfalt,Droog,Daglicht,Droog,Burg Van Tienhovengracht,amsterdam,POINT (117132.00310000032 487824.1864),POINT (4.831085221469557 52.376980260606075),4.831085221469557,52.376980260606075
253944,20230078028,2023,Letsel,2,fiets,trein/tram,Flank,Rechte weg,Binnen,50.0,Niet brandend,Klinkers,Nat,Daglicht,Regen,Insulindeweg,amsterdam,POINT (124219.31300000101 485997.93499999866),POINT (4.93533127953042 52.36101017124875),4.93533127953042,52.36101017124875
253983,20230022951,2023,Uitsluitend materiele schade,3,personenauto,fiets,Onbekend,"Kruispunt, 4 takken",Binnen,50.0,Brandend,Overig asfalt,Nat,Duisternis,Droog,Reyer Anslostraat,amsterdam,POINT (119087 485794),POINT (4.860011454210355 52.3588657978755),4.860011454210355,52.3588657978755
254061,20230078138,2023,Letsel,2,bromfiets,personenauto,Flank,"Kruispunt, 4 takken",Binnen,50.0,Niet brandend,Overig asfalt,Droog,Daglicht,Droog,Dijkmanshuizenstraat,amsterdam,POINT (125550.81949999928 489878.3894999996),POINT (4.954537702963636 52.395958142021136),4.954537702963636,52.395958142021136
254069,20230020818,2023,Uitsluitend materiele schade,1,bromfiets,unknown,Flank,"Kruispunt, 3 takken",Binnen,50.0,Unknown,Overig asfalt,Droog,Daglicht,Droog,Houtmankade,amsterdam,POINT (120580.68950000033 488793.40680000186),POINT (4.881630408223018 52.38591791934252),4.881630408223018,52.38591791934252
254123,20230103026,2023,Uitsluitend materiele schade,2,fiets,personenauto,Flank,"Kruispunt, 3 takken",Binnen,50.0,Niet brandend,Overig asfalt,Droog,Daglicht,Droog,Jan Evertsenstraat,amsterdam,POINT (119023.51399999857 487191.35500000045),POINT (4.858930019222236 52.37142004486753),4.858930019222236,52.37142004486753
254185,20230087631,2023,Uitsluitend materiele schade,2,bromfiets,fiets,Frontaal,"Kruispunt, 4 takken",Binnen,50.0,Niet brandend,Overig asfalt,Nat,Daglicht,Regen,Koninginneweg,amsterdam,POINT (119623.45199999958 485393.7879999988),POINT (4.867928197955793 52.35530378390853),4.867928197955793,52.35530378390853
254210,20230087678,2023,Letsel,2,bestelauto,fiets,Frontaal,Rotonde,Buiten,60.0,Niet aanwezig,Beton,Nat,Daglicht,Mist,Gooilandseweg,amsterdam,POINT (134248.40399999917 478181.2157000005),POINT (5.083041292892759 52.291227443736126),5.083041292892759,52.291227443736126
254281,20230097732,2023,Uitsluitend materiele schade,2,bestelauto,e-bike,Flank,"Kruispunt, 4 takken",Binnen,50.0,Niet brandend,Overig asfalt,Droog,Daglicht,Droog,Prins Hendrikkade,amsterdam,POINT (122404.34200000018 487265.3465999998),POINT (4.908564759670134 52.37229610864568),4.908564759670134,52.37229610864568
254316,20230097824,2023,Uitsluitend materiele schade,2,snorfiets,motor,Kop/staart,Rechte weg,Binnen,Unknown,Niet aanwezig,Klinkers,Unknown,Daglicht,Droog,Het Laagt,amsterdam,POINT (124465.54300000146 489897.4450000003),POINT (4.938591571980507 52.39607008844127),4.938591571980507,52.39607008844127
254455,20210088981,2021,Letsel,2,personenauto,bromfiets,Flank,"Kruispunt, 4 takken",Binnen,50.0,Niet brandend,Beton,Nat,Daglicht,Regen,Kalkmarkt,amsterdam,POINT (122322.87700000033 487333.69000000134),POINT (4.907361911058038 52.372905490245785),4.907361911058038,52.372905490245785
254469,20210075196,2021,Letsel,2,bus,bromfiets,Flank,"Kruispunt, 4 takken",Binnen,50.0,Brandend,Overig asfalt,Droog,Duisternis,Droog,Lodewijk van Deysselstr,amsterdam,POINT (116343.72459999844 487842.0549999997),POINT (4.819507261176482 52.377085916058356),4.819507261176482,52.377085916058356
254475,20210083076,2021,Uitsluitend materiele schade,2,fiets,bestelauto,Flank,"Kruispunt, 4 takken",Binnen,50.0,Niet brandend,ZOAB,Nat,Daglicht,Droog,Wibautstraat,amsterdam,POINT (122541.01099999994 485490.41800000146),POINT (4.910742896172171 52.35635234335688),4.910742896172171,52.35635234335688
254478,20210089615,2021,Uitsluitend materiele schade,2,personenauto,bromfiets,Flank,"Kruispunt, 3 takken",Binnen,50.0,Niet brandend,Klinkers,Droog,Daglicht,Droog,Van der Hoopstraat,amsterdam,POINT (119793.75899999961 488588.0789999999),POINT (4.870093412182449 52.38402268155433),4.870093412182449,52.38402268155433
254479,20210077486,2021,Uitsluitend materiele schade,3,fiets,fiets,Onbekend,Bocht,Binnen,50.0,Unknown,Overig asfalt,Nat,Duisternis,Unknown,Weteringschans,amsterdam,POINT (120791.8440000005 486125.0089999996),POINT (4.885003475602133 52.361949481826684),4.885003475602133,52.361949481826684
254504,20210088652,2021,Letsel,1,snorfiets,unknown,Eenzijdig,Rechte weg,Binnen,50.0,Niet brandend,Overig asfalt,Droog,Daglicht,Droog,Jan van Galenstraat,amsterdam,POINT (118380.98999999836 487355.1070000008),POINT (4.8494778298211445 52.37284925412981),4.8494778298211445,52.37284925412981
254537,20210078274,2021,Uitsluitend materiele schade,2,personenauto,bromfiets,Kop/staart,Rechte weg,Binnen,50.0,Niet brandend,ZOAB,Droog,Daglicht,Droog,Jan Pieter Heijestraat,amsterdam,POINT (119284.86400000006 486421.98000000045),POINT (4.862849232287272 52.364522527286574),4.862849232287272,52.364522527286574
254570,20210086196,2021,Letsel,3,motor,fiets,Flank,"Kruispunt, 3 takken",Binnen,50.0,Niet brandend,Overig asfalt,Droog,Daglicht,Droog,Marnixstraat,amsterdam,POINT (120404.14699999988 487963.02899999917),POINT (4.87912284564305 52.37844400173631),4.87912284564305,52.37844400173631
254577,20210084845,2021,Uitsluitend materiele schade,2,personenauto,e-bike,Flank,Rechte weg,Binnen,50.0,Niet brandend,Overig asfalt,Nat,Daglicht,Droog,Kinkerstraat,amsterdam,POINT (119328.95199999958 486470.4470000006),POINT (4.863491346588333 52.36496097839189),4.863491346588333,52.36496097839189
254642,20210008583,2021,Uitsluitend materiele schade,2,bromfiets,personenauto,Onbekend,Unknown,Unknown,30.0,Unknown,Unknown,Unknown,Duisternis,Unknown,Swammerdamstraat,amsterdam,POINT (122352.01199999824 485594.7010000013),POINT (4.90795857550385 52.35727837118036),4.90795857550385,52.35727837118036
254856,20210016713,2021,Letsel,1,bromfiets,unknown,Eenzijdig,Rechte weg,Binnen,50.0,Brandend,Overig asfalt,Nat,Duisternis,Regen,Oostelijke Handelskade,amsterdam,POINT (124326.18600000069 487454.3779999986),POINT (4.93676729323489 52.37410570667194),4.93676729323489,52.37410570667194
254868,20210033826,2021,Uitsluitend materiele schade,2,personenauto,fiets,Flank,"Kruispunt, 4 takken",Binnen,50.0,Niet brandend,Overig asfalt,Droog,Daglicht,Droog,Azaleastraat,amsterdam,POINT (122806.8136 489893.9294000007),POINT (4.914222600329417 52.395943693602455),4.914222600329417,52.395943693602455
254917,20210011585,2021,Letsel,1,bromfiets,unknown,Eenzijdig,Rechte weg,Binnen,50.0,Niet brandend,Overig asfalt,Droog,Daglicht,Droog,Piet Heinkade,amsterdam,POINT (123007.36300000176 487766.6229999997),POINT (4.917371604479668 52.376836698636424),4.917371604479668,52.376836698636424
255062,20210073096,2021,Uitsluitend materiele schade,2,bromfiets,unknown,Onbekend,Unknown,Unknown,50.0,Unknown,Unknown,Unknown,Duisternis,Unknown,Beethovenstraat,amsterdam,POINT (120221.20199999958 484344.2120000012),POINT (4.876810440731425 52.345909080048585),4.876810440731425,52.345909080048585
255092,20210034682,2021,Uitsluitend materiele schade,2,snorfiets,fiets,Onbekend,Rechte weg,Binnen,30.0,Niet brandend,Overig asfalt,Droog,Daglicht,Droog,Surinameplein,amsterdam,POINT (118458.54899999872 485791.9820000008),POINT (4.850786572465506 52.35880621807055),4.850786572465506,52.35880621807055
255100,20210041606,2021,Uitsluitend materiele schade,2,personenauto,fiets,Flank,Rotonde,Binnen,50.0,Niet brandend,Overig asfalt,Nat,Daglicht,Droog,Jan Evertsenstraat,amsterdam,POINT (117533.18679999933 487010.3770000003),POINT (4.837067358417429 52.369693895606474),4.837067358417429,52.369693895606474
255139,20210060247,2021,Uitsluitend materiele schade,2,fiets,personenauto,Flank,Rechte weg,Binnen,30.0,Brandend,Klinkers,Droog,Duisternis,Droog,Oude Turfmarkt,amsterdam,POINT (121350.91299999878 486839.70600000024),POINT (4.89313919972556 52.3684072127759),4.89313919972556,52.3684072127759
255166,20210044783,2021,Uitsluitend materiele schade,2,personenauto,fiets,Flank,"Kruispunt, 4 takken",Binnen,30.0,Brandend,Overig asfalt,Droog,Duisternis,Droog,Javastraat,amsterdam,POINT (123892.3440000005 486255.19299999997),POINT (4.930507590715959 52.36330382094795),4.930507590715959,52.36330382094795
255188,20210037331,2021,Uitsluitend materiele schade,2,bromfiets,voetganger,Voetganger,Rechte weg,Binnen,30.0,Niet brandend,Overig asfalt,Nat,Daglicht,Unknown,De Clercqstraat,amsterdam,POINT (119490.26799999923 487032.8830000013),POINT (4.865800244889092 52.370026195220596),4.865800244889092,52.370026195220596
255259,20210042376,2021,Letsel,3,fiets,fiets,Kop/staart,Rechte weg,Binnen,30.0,Niet brandend,ZOAB,Droog,Duisternis,Droog,Zuiderzeeweg,amsterdam,POINT (125116.98600000143 486464.82499999925),POINT (4.94846761944537 52.36525584682647),4.94846761944537,52.36525584682647
255376,20210057565,2021,Letsel,2,personenauto,fiets,Flank,"Kruispunt, 4 takken",Binnen,50.0,Brandend,ZOAB,Droog,Duisternis,Droog,Linnaeusstraat,amsterdam,POINT (123539 485898),POINT (4.925353664102062 52.36007348031172),4.925353664102062,52.36007348031172
255386,20210086858,2021,Letsel,2,personenauto,fiets,Flank,Rotonde,Binnen,50.0,Niet brandend,ZOAB,Droog,Daglicht,Droog,Werengouw,amsterdam,POINT (125149.96840000153 489646.94420000166),POINT (4.948669149685341 52.39385641517225),4.948669149685341,52.39385641517225
255450,20210065484,2021,Uitsluitend materiele schade,1,bromfiets,unknown,Flank,Rechte weg,Binnen,30.0,Brandend,Overig asfalt,Droog,Duisternis,Unknown,Abcouderstraatweg,amsterdam,POINT (126104.26300000027 477466.4690000005),POINT (4.963733895010678 52.28443641322352),4.963733895010678,52.28443641322352
255625,20210093231,2021,Uitsluitend materiele schade,1,bromfiets,unknown,Onbekend,Rechte weg,Binnen,30.0,Niet brandend,Klinkers,Droog,Daglicht,Droog,Louis Couperusstraat,amsterdam,POINT (116743.62900000066 487714.9050000012),POINT (4.825394368082158 52.3759712029606),4.825394368082158,52.3759712029606
255843,20210091228,2021,Uitsluitend materiele schade,2,personenauto,bromfiets,Flank,"Kruispunt, 4 takken",Binnen,50.0,Brandend,Overig asfalt,Droog,Duisternis,Droog,Weteringlaan,amsterdam,POINT (121185.9849999994 485686.30999999866),POINT (4.890833651413056 52.358031160813745),4.890833651413056,52.358031160813745
256014,20210077147,2021,Uitsluitend materiele schade,2,personenauto,fiets,Flank,"Kruispunt, 4 takken",Binnen,Unknown,Brandend,Overig asfalt,Droog,Duisternis,Droog,Efua Sutherlandstraat,amsterdam,POINT (126389.82829999924 481594.89649999887),POINT (4.967568641980786 52.32155552991174),4.967568641980786,52.32155552991174
256209,20220080721,2022,Uitsluitend materiele schade,2,bromfiets,personenauto,Flank,Rechte weg,Binnen,50.0,Brandend,Overig asfalt,Nat,Duisternis,Unknown,Transformatorweg,amsterdam,POINT (119188.89999999851 489551.5549999997),POINT (4.861106829476446 52.39264253314306),4.861106829476446,52.39264253314306
256249,20220016813,2022,Letsel,3,personenauto,fiets,Los voorwerp,"Kruispunt, 3 takken",Binnen,50.0,Niet brandend,Overig asfalt,Droog,Daglicht,Droog,Zeeburgerdijk,amsterdam,POINT (124402.79210000113 486565.75290000066),POINT (4.937973082858209 52.36612360208301),4.937973082858209,52.36612360208301
256335,20220054198,2022,Letsel,2,fiets,fiets,Flank,Rechte weg,Binnen,50.0,Niet brandend,Overig asfalt,Droog,Daglicht,Droog,Nassaukade,amsterdam,POINT (120359.73600000143 486506.3969999999),POINT (4.878620762389127 52.36535004751166),4.878620762389127,52.36535004751166
256415,20220055663,2022,Uitsluitend materiele schade,2,personenauto,snorfiets,Onbekend,Rotonde,Binnen,50.0,Niet brandend,Overig asfalt,Droog,Daglicht,Droog,Baden Powellweg,amsterdam,POINT (114840.02789999917 484599.5976999998),POINT (4.797812663312513 52.34783739325024),4.797812663312513,52.34783739325024
256423,20220081327,2022,Uitsluitend materiele schade,2,fiets,voetganger,Voetganger,"Kruispunt, 4 takken",Binnen,50.0,Niet brandend,Klinkers,Droog,Daglicht,Droog,LELIESLUIS 061,amsterdam,POINT (120773.82899999991 487685.6369000003),POINT (4.884580120784862 52.37597417265916),4.884580120784862,52.37597417265916
256448,20220055736,2022,Uitsluitend materiele schade,2,personenauto,fiets,Flank,"Kruispunt, 4 takken",Binnen,50.0,Brandend,Beton,Droog,Duisternis,Droog,Marnixstraat,amsterdam,POINT (120318.07899999991 486880.1160000004),POINT (4.877970631111093 52.36870613765962),4.877970631111093,52.36870613765962
256800,20230024650,2023,Dodelijk,2,fiets,bus,Flank,"Kruispunt, 4 takken",Binnen,50.0,Niet brandend,Overig asfalt,Nat,Daglicht,Regen,Churchill-laan,amsterdam,POINT (121196.43789999932 484453.67980000004),POINT (4.891110929622674 52.34695375551382),4.891110929622674,52.34695375551382
256928,20230004199,2023,Letsel,2,fiets,voetganger,Voetganger,"Kruispunt, 4 takken",Binnen,30.0,Niet brandend,Overig asfalt,Droog,Daglicht,Droog,Wijttenbachstraat,amsterdam,POINT (123768.34809999913 485973.1286999993),POINT (4.928713436807703 52.36076177492051),4.928713436807703,52.36076177492051
256947,20230004028,2023,Letsel,2,unknown,bromfiets,Eenzijdig,Rechte weg,Binnen,50.0,Brandend,Overig asfalt,Droog,Duisternis,Droog,Klaprozenweg,amsterdam,POINT (121878.51799999923 490515.6790000014),POINT (4.90052320799627 52.401476271137746),4.90052320799627,52.401476271137746
257567,20210068255,2021,Letsel,2,bromfiets,brommobiel,Kop/staart,Rechte weg,Binnen,50.0,Niet brandend,Overig asfalt,Droog,Daglicht,Droog,Hoofddorpweg,amsterdam,POINT (118485.02600000054 484924.81799999997),POINT (4.8512693559788085 52.3510145371062),4.8512693559788085,52.3510145371062
257583,20210019537,2021,Letsel,2,personenauto,fiets,Frontaal,Rechte weg,Binnen,30.0,Niet brandend,Overig asfalt,Droog,Daglicht,Droog,Vijzelstraat,amsterdam,POINT (121263.84299999848 486197.81599999964),POINT (4.891925213016765 52.36263301153487),4.891925213016765,52.36263301153487
257624,20220177978,2022,Letsel,2,trein/tram,fiets,Flank,"Kruispunt, 3 takken",Binnen,50.0,Niet aanwezig,Beton,Droog,Daglicht,Droog,Sarphatistraat,amsterdam,POINT (123331.09800000116 486505.1490000002),POINT (4.922244561213799 52.36551818921207),4.922244561213799,52.36551818921207
257658,20220176035,2022,Uitsluitend materiele schade,2,bromfiets,bromfiets,Flank,"Kruispunt, 4 takken",Binnen,Unknown,Niet brandend,Overig asfalt,Droog,Daglicht,Droog,Muntbergweg,amsterdam,POINT (124816.58669999987 479432.5863999985),POINT (4.944687557916113 52.30203777900031),4.944687557916113,52.30203777900031
257661,20220177094,2022,Uitsluitend materiele schade,2,personenauto,bromfiets,Flank,Rechte weg,Binnen,30.0,Niet brandend,Overig asfalt,Nat,Daglicht,Unknown,Apollolaan,amsterdam,POINT (119584.09899999946 484866.811999999),POINT (4.8674060482874655 52.35056515834756),4.8674060482874655,52.35056515834756
257662,20220177395,2022,Uitsluitend materiele schade,2,personenauto,fiets,Frontaal,Rechte weg,Binnen,50.0,Niet brandend,Overig asfalt,Droog,Daglicht,Droog,Beethovenstraat,amsterdam,POINT (120239.80700000003 484063.875),POINT (4.877112417423186 52.34339077776129),4.877112417423186,52.34339077776129
257663,20220177402,2022,Uitsluitend materiele schade,2,fiets,fiets,Frontaal,Rechte weg,Binnen,30.0,Brandend,Klinkers,Droog,Duisternis,Droog,Kloveniersburgwal,amsterdam,POINT (121549.05000000075 486848.0399999991),POINT (4.896047487115438 52.36849421667335),4.896047487115438,52.36849421667335
257675,20220123213,2022,Uitsluitend materiele schade,2,bromfiets,bestelauto,Flank,"Kruispunt, 4 takken",Binnen,50.0,Niet aanwezig,Overig asfalt,Droog,Daglicht,Droog,Ruyschstraat,amsterdam,POINT (122515.16200000048 485618.28500000015),POINT (4.910351126411883 52.35749999957362),4.910351126411883,52.35749999957362
257738,20220142194,2022,Uitsluitend materiele schade,2,snorfiets,personenauto,Flank,Rechte weg,Binnen,50.0,Niet brandend,Overig asfalt,Droog,Daglicht,Droog,Pieter Calandlaan,amsterdam,POINT (115655.05359999835 485266.40309999883),POINT (4.809695497237712 52.353889087456174),4.809695497237712,52.353889087456174
257867,20220142487,2022,Uitsluitend materiele schade,2,fiets,fiets,Flank,"Kruispunt, 4 takken",Binnen,30.0,Niet brandend,Overig asfalt,Droog,Daglicht,Droog,Ringdijk,amsterdam,POINT (122952.64900000021 484775.46499999985),POINT (4.91685318134336 52.349950974424914),4.91685318134336,52.349950974424914
257878,20220155219,2022,Uitsluitend materiele schade,2,bestelauto,bromfiets,Flank,Rechte weg,Binnen,50.0,Niet brandend,Beton,Droog,Daglicht,Droog,Geraniumweg,amsterdam,POINT (122348.0309999995 489150.94299999997),POINT (4.907554651622286 52.38923916865257),4.907554651622286,52.38923916865257
257995,20220124064,2022,Uitsluitend materiele schade,2,bromfiets,personenauto,Onbekend,"Kruispunt, 4 takken",Binnen,50.0,Niet brandend,Overig asfalt,Droog,Daglicht,Droog,Amstelveenseweg,amsterdam,POINT (118904.997299999 482345.8847000003),POINT (4.8577095588882635 52.32786461141353),4.8577095588882635,52.32786461141353
258003,20220141493,2022,Uitsluitend materiele schade,2,snorfiets,snorfiets,Frontaal,Rechte weg,Binnen,50.0,Niet brandend,Overig asfalt,Droog,Daglicht,Droog,Mercatorstraat,amsterdam,POINT (118336.86199999973 487572.2250000015),POINT (4.848806180385234 52.37479760077721),4.848806180385234,52.37479760077721
258035,20220141582,2022,Letsel,2,fiets,fiets,Frontaal,"Kruispunt, 4 takken",Binnen,30.0,Niet aanwezig,Klinkers,Droog,Daglicht,Droog,Amsteldijk,amsterdam,POINT (122513.19280000031 484618.17650000006),POINT (4.9104187881526125 52.3485115627123),4.9104187881526125,52.3485115627123
258126,20220124229,2022,Uitsluitend materiele schade,2,bromfiets,personenauto,Frontaal,Rechte weg,Binnen,30.0,Niet brandend,Overig asfalt,Droog,Daglicht,Droog,Vespuccistraat,amsterdam,POINT (118705.25400000066 486962.375),POINT (4.854281645728655 52.36934120179816),4.854281645728655,52.36934120179816
258134,20220141846,2022,Uitsluitend materiele schade,2,fiets,personenauto,Flank,Rechte weg,Binnen,50.0,Niet brandend,Klinkers,Droog,Daglicht,Droog,Amstel,amsterdam,POINT (121454.97500000149 486686.86199999973),POINT (4.894682324769206 52.3670399234467),4.894682324769206,52.3670399234467
258158,20230176302,2023,Letsel,2,personenauto,fiets,Flank,Rechte weg,Binnen,50.0,Brandend,Overig asfalt,Droog,Duisternis,Droog,Vijzelstraat,amsterdam,POINT (121281.02199999988 486274.75400000066),POINT (4.892169693424016 52.363325531810226),4.892169693424016,52.363325531810226
258197,20230058707,2023,Uitsluitend materiele schade,2,personenauto,bromfiets,Kop/staart,Rechte weg,Binnen,50.0,Brandend,Overig asfalt,Droog,Daglicht,Droog,Surinameplein,amsterdam,POINT (118448.31080000103 485718.81159999967),POINT (4.850644236686403 52.358147934954985),4.850644236686403,52.358147934954985
258252,20230059137,2023,Letsel,2,personenauto,fiets,Flank,"Kruispunt, 3 takken",Binnen,50.0,Brandend,ZOAB,Droog,Duisternis,Droog,Derde Schinkelstraat,amsterdam,POINT (118808.4189000018 485163.24230000004),POINT (4.8559899915124625 52.353178720115196),4.8559899915124625,52.353178720115196
258266,20230049094,2023,Uitsluitend materiele schade,2,fiets,personenauto,Flank,Rechte weg,Binnen,30.0,Niet brandend,Klinkers,Droog,Daglicht,Droog,Herengracht,amsterdam,POINT (121435.6950000003 486474.23999999836),POINT (4.89442048346464 52.36512784691726),4.89442048346464,52.36512784691726
258267,20230050194,2023,Letsel,2,fiets,fiets,Onbekend,Rechte weg,Binnen,50.0,Niet brandend,Overig asfalt,Droog,Daglicht,Droog,Beethovenstraat,amsterdam,POINT (120209.22199999914 484340.7899999991),POINT (4.876634989509551 52.34587756716028),4.876634989509551,52.34587756716028
258275,20230059580,2023,Uitsluitend materiele schade,2,personenauto,bromfiets,Flank,"Kruispunt, 4 takken",Binnen,50.0,Brandend,ZOAB,Droog,Duisternis,Droog,Jan van Galenstraat,amsterdam,POINT (118818.57829999924 487523.52219999954),POINT (4.85588513368657 52.37439184973622),4.85588513368657,52.37439184973622
258306,20230050269,2023,Letsel,2,motor,fiets,Flank,Rechte weg,Binnen,50.0,Niet brandend,ZOAB,Droog,Daglicht,Droog,Linnaeusstraat,amsterdam,POINT (123649.32800000161 485609.1009999998),POINT (4.927000167250927 52.357483350519466),4.927000167250927,52.357483350519466
258331,20230059278,2023,Uitsluitend materiele schade,2,bromfiets,fiets,Frontaal,Rechte weg,Binnen,Unknown,Niet brandend,Overig asfalt,Droog,Daglicht,Droog,De Ruijterkade,amsterdam,POINT (121488.5549999997 488398.7010000013),POINT (4.895004646066382 52.3824267658551),4.895004646066382,52.3824267658551
258361,20230059314,2023,Uitsluitend materiele schade,2,bromfiets,personenauto,Flank,Rechte weg,Binnen,50.0,Niet brandend,Overig asfalt,Droog,Daglicht,Droog,Meer en Vaart,amsterdam,POINT (115436.9459999986 486122.8289999999),POINT (4.806393514484166 52.3615703082678),4.806393514484166,52.3615703082678
258373,20230040483,2023,Uitsluitend materiele schade,3,personenauto,fiets,Onbekend,"Kruispunt, 4 takken",Binnen,50.0,Niet brandend,Unknown,Droog,Daglicht,Droog,Uiterwaardenstraat,amsterdam,POINT (122244.60379999876 483984.9415999986),POINT (4.906538658773734 52.342804512465065),4.906538658773734,52.342804512465065
258397,20230039373,2023,Letsel,2,personenauto,fiets,Flank,"Kruispunt, 4 takken",Binnen,50.0,Niet brandend,Beton,Droog,Daglicht,Droog,HEENWEGPAD,amsterdam,POINT (117508.53869999945 484483.0306000002),POINT (4.836987174767955 52.346978315437),4.836987174767955,52.346978315437
258449,20230048816,2023,Uitsluitend materiele schade,2,personenauto,fiets,Frontaal,Rotonde,Binnen,50.0,Niet brandend,Overig asfalt,Droog,Daglicht,Droog,Prins Bernhardplein,amsterdam,POINT (123004.95340000093 484580.40029999986),POINT (4.9176393611892015 52.34820090561183),4.9176393611892015,52.34820090561183
258481,20230048887,2023,Uitsluitend materiele schade,2,bromfiets,fiets,Flank,Rechte weg,Binnen,30.0,Niet brandend,Beton,Droog,Daglicht,Droog,Oosterdoksstraat,amsterdam,POINT (122248.53400000185 487756.36199999973),POINT (4.90622907809685 52.37669974203825),4.90622907809685,52.37669974203825
258555,20220211540,2022,Uitsluitend materiele schade,2,e-bike,vrachtauto,Flank,"Kruispunt, 4 takken",Binnen,50.0,Niet brandend,ZOAB,Nat,Daglicht,Droog,Keizersgracht,amsterdam,POINT (120784 487496),POINT (4.884748788047232 52.37427048715652),4.884748788047232,52.37427048715652
258643,20220210973,2022,Uitsluitend materiele schade,2,personenauto,fiets,Onbekend,"Kruispunt, 3 takken",Binnen,50.0,Niet brandend,ZOAB,Droog,Daglicht,Droog,Europaplein,amsterdam,POINT (121306.32220000029 483898.5491999984),POINT (4.892779077552232 52.3419713553017),4.892779077552232,52.3419713553017
258644,20220210977,2022,Uitsluitend materiele schade,2,personenauto,snorfiets,Flank,"Kruispunt, 3 takken",Binnen,50.0,Niet brandend,Overig asfalt,Droog,Daglicht,Droog,Pieter Calandlaan,amsterdam,POINT (116810.32189999893 485515.32290000096),POINT (4.826623583742893 52.3562077069916),4.826623583742893,52.3562077069916
258645,20220212305,2022,Letsel,2,personenauto,fiets,Flank,"Kruispunt, 4 takken",Binnen,30.0,Brandend,ZOAB,Nat,Daglicht,Regen,Plantage Kerklaan,amsterdam,POINT (122619.9215000011 486608.6145000011),POINT (4.9117935138176465 52.36640660259752),4.9117935138176465,52.36640660259752
258790,20220211167,2022,Letsel,2,trein/tram,fiets,Flank,Rotonde,Binnen,50.0,Brandend,Overig asfalt,Droog,Duisternis,Droog,Hugo de Grootplein,amsterdam,POINT (119981.78249999881 487556.3216000013),POINT (4.872962538863532 52.37476204002756),4.872962538863532,52.37476204002756