,accident_id,accident_year,outcome,num_parties,party1_type,party2_type,accident_nature,road_situation,built_up_area,speed_limit_kmh,street_lighting,road_surface,road_condition,light_condition,weather_condition,street_name,municipality,shape,geometry,longitude,latitude
258856,20220210527,2022,Uitsluitend materiele schade,2,bestelauto,e-bike,Flank,Rechte weg,Binnen,Unknown,Brandend,Overig asfalt,Droog,Duisternis,Droog,Hoogoorddreef,amsterdam,POINT (124895.68899999931 480323.0320000015),POINT (4.945767759836374 52.31004496026033),4.945767759836374,52.31004496026033
258885,20220211246,2022,Uitsluitend materiele schade,2,personenauto,e-bike,Flank,"Kruispunt, 3 takken",Binnen,50.0,Brandend,Klinkers,Droog,Schemer,Droog,Bilderdijkkade,amsterdam,POINT (119705.49810000136 487026.3929999992),POINT (4.8689611144802525 52.36998174245277),4.8689611144802525,52.36998174245277
259493,20230113534,2023,Letsel,3,personenauto,fiets,Onbekend,Rechte weg,Binnen,50.0,Niet brandend,Overig asfalt,Droog,Daglicht,Droog,Van Woustraat,amsterdam,POINT (121841.04500000179 485432.6490000002),POINT (4.900474230439893 52.355791354530176),4.900474230439893,52.355791354530176
259512,20230111299,2023,Uitsluitend materiele schade,2,bromfiets,vrachtauto,Geparkeerd voertuig,Rechte weg,Binnen,30.0,Niet brandend,Klinkers,Droog,Daglicht,Droog,Lindengracht,amsterdam,POINT (120695.81700000167 488145.3500000015),POINT (4.883387594329616 52.38010087034943),4.883387594329616,52.38010087034943
259564,20230020308,2023,Uitsluitend materiele schade,2,bromfiets,e-bike,Flank,"Kruispunt, 4 takken",Binnen,50.0,Brandend,Overig asfalt,Nat,Duisternis,Regen,Panamalaan,amsterdam,POINT (124161.30680000037 487121.63439999893),POINT (4.9343766862480685 52.37110599397751),4.9343766862480685,52.37110599397751
259592,20230020333,2023,Uitsluitend materiele schade,2,personenauto,fiets,Kop/staart,Rechte weg,Binnen,30.0,Brandend,Overig asfalt,Nat,Duisternis,Droog,Eerste Van Swindenstraat,amsterdam,POINT (123789.17199999839 486220.59699999914),POINT (4.928996162622641 52.362987042313456),4.928996162622641,52.362987042313456
259628,20230020388,2023,Uitsluitend materiele schade,2,bus,fiets,Frontaal,Rechte weg,Binnen,50.0,Brandend,ZOAB,Nat,Daglicht,Regen,Klaprozenweg,amsterdam,POINT (121261.64400000125 490958.4609999992),POINT (4.891414775056243 52.405418071262964),4.891414775056243,52.405418071262964
259646,20230067880,2023,Letsel,3,personenauto,fiets,Flank,"Kruispunt, 4 takken",Binnen,30.0,Brandend,Klinkers,Droog,Duisternis,Droog,Haag en Veld,amsterdam,POINT (125691.65819999948 480423.48860000074),POINT (4.957430450719357 52.310990789117135),4.957430450719357,52.310990789117135
259701,20230036835,2023,Letsel,2,bromfiets,bromfiets,Frontaal,Rechte weg,Buiten,Unknown,Brandend,ZOAB,Droog,Duisternis,Droog,Ookmeerweg,amsterdam,POINT (113018.44799999893 485352.3990000002),POINT (4.770986503422255 52.35446680720761),4.770986503422255,52.35446680720761
259709,20230077655,2023,Uitsluitend materiele schade,2,fiets,fiets,Flank,"Kruispunt, 4 takken",Binnen,30.0,Unknown,Unknown,Droog,Daglicht,Droog,Ingelandenweg,amsterdam,POINT (114050.83700000122 485548.2432000004),POINT (4.786115567402869 52.356304814976575),4.786115567402869,52.356304814976575
259790,20230079021,2023,Letsel,2,bromfiets,unknown,Eenzijdig,"Kruispunt, 4 takken",Binnen,50.0,Niet brandend,Overig asfalt,Droog,Schemer,Droog,Westeinde,amsterdam,POINT (121762 485657),POINT (4.899291825636309 52.3578028939327),4.899291825636309,52.3578028939327
259807,20230077376,2023,Uitsluitend materiele schade,2,bromfiets,personenauto,Geparkeerd voertuig,Rechte weg,Binnen,30.0,Brandend,Klinkers,Droog,Duisternis,Droog,Nieuwstad,amsterdam,POINT (131315.54199999943 480043.11499999836),POINT (5.039923425794395 52.307843011525016),5.039923425794395,52.307843011525016
259843,20230022877,2023,Uitsluitend materiele schade,2,personenauto,fiets,Flank,Rotonde,Binnen,50.0,Niet brandend,Overig asfalt,Droog,Daglicht,Droog,FIETSPAD,amsterdam,POINT (114885.25299999863 484565.9704999998),POINT (4.798480366030788 52.34753848145908),4.798480366030788,52.34753848145908
259931,20230074556,2023,Uitsluitend materiele schade,2,bestelauto,fiets,Flank,"Kruispunt, 4 takken",Binnen,50.0,Niet brandend,Unknown,Droog,Daglicht,Droog,Middenweg,amsterdam,POINT (124531.87950000167 484514.2602000013),POINT (4.9400541113552325 52.34769325659675),4.9400541113552325,52.34769325659675
259964,20230078313,2023,Uitsluitend materiele schade,2,unknown,fiets,Flank,"Kruispunt, 3 takken",Binnen,Unknown,Niet brandend,Overig asfalt,Nat,Daglicht,Regen,Jachthavenweg,amsterdam,POINT (118637.15780000016 483335.3696999997),POINT (4.853673828150653 52.33673978064262),4.853673828150653,52.33673978064262
259999,20230087546,2023,Uitsluitend materiele schade,2,personenauto,fiets,Flank,"Kruispunt, 3 takken",Binnen,50.0,Brandend,Overig asfalt,Nat,Duisternis,Regen,De Ruijterkade,amsterdam,POINT (122264.12070000172 487923.6070000008),POINT (4.906441677447287 52.37820375196887),4.906441677447287,52.37820375196887
260008,20230097467,2023,Uitsluitend materiele schade,2,snorfiets,personenauto,Kop/staart,Rechte weg,Binnen,Unknown,Brandend,Overig asfalt,Droog,Duisternis,Droog,De Ruijterkade,amsterdam,POINT (121488.5549999997 488398.7010000013),POINT (4.895004646066382 52.3824267658551),4.895004646066382,52.3824267658551
260062,20230088219,2023,Letsel,2,motor,fiets,Flank,"Kruispunt, 4 takken",Binnen,50.0,Niet brandend,Overig asfalt,Droog,Daglicht,Droog,Koopvaardersplantsoen,amsterdam,POINT (122950.24709999934 491037.1030000001),POINT (4.916220687168376 52.406226091468696),4.916220687168376,52.406226091468696
260086,20230097001,2023,Uitsluitend materiele schade,2,personenauto,fiets,Onbekend,"Kruispunt, 4 takken",Binnen,50.0,Niet brandend,Klinkers,Nat,Daglicht,Regen,Reguliersgracht,amsterdam,POINT (121551.04659999907 486301.45380000025),POINT (4.896131178823022 52.36358200064003),4.896131178823022,52.36358200064003
260092,20230102651,2023,Uitsluitend materiele schade,2,fiets,fiets,Flank,Rechte weg,Binnen,Unknown,Niet aanwezig,Klinkers,Droog,Daglicht,Droog,Gare du Nord,amsterdam,POINT (123952.9059999995 490512.9930000007),POINT (4.931003190673672 52.40157342987135),4.931003190673672,52.40157342987135
260144,20230086588,2023,Uitsluitend materiele schade,2,personenauto,fiets,Flank,Rechte weg,Binnen,30.0,Brandend,Overig asfalt,Droog,Duisternis,Droog,Rozengracht,amsterdam,POINT (120465.5 487384.5),POINT (4.8800833073852115 52.3732484675128),4.8800833073852115,52.3732484675128
260184,20230087816,2023,Uitsluitend materiele schade,2,bromfiets,fiets,Flank,Rotonde,Binnen,50.0,Niet brandend,Overig asfalt,Nat,Daglicht,Regen,Werengouw,amsterdam,POINT (125143.49680000171 489644.059799999),POINT (4.948574332746264 52.393830140155266),4.948574332746264,52.393830140155266
260271,20230097326,2023,Letsel,2,bromfiets,trein/tram,Onbekend,"Kruispunt, 4 takken",Binnen,50.0,Niet aanwezig,Overig asfalt,Nat,Daglicht,Regen,Dr. H. Colijnstraat,amsterdam,POINT (115457.72040000185 487821.23160000145),POINT (4.8064986934952705 52.376835677552464),4.8064986934952705,52.376835677552464
260272,20230097331,2023,Uitsluitend materiele schade,2,personenauto,fiets,Flank,"Kruispunt, 4 takken",Binnen,30.0,Brandend,Klinkers,Nat,Duisternis,Regen,Boeninlaan,amsterdam,POINT (124847.1521999985 481208.3524999991),POINT (4.94497687792762 52.31799907582333),4.94497687792762,52.31799907582333
260363,20210084454,2021,Uitsluitend materiele schade,2,bromfiets,bromfiets,Kop/staart,Rechte weg,Binnen,30.0,Brandend,Overig asfalt,Nat,Duisternis,Regen,Albert Cuypstraat,amsterdam,POINT (121754.33300000057 485574.63899999857),POINT (4.899187423124265 52.357062224920796),4.899187423124265,52.357062224920796
260419,20210075844,2021,Uitsluitend materiele schade,1,fiets,unknown,Flank,"Kruispunt, 4 takken",Binnen,30.0,Niet brandend,Overig asfalt,Nat,Daglicht,Droog,Leidsekade,amsterdam,POINT (120457.42000000179 486502.93499999866),POINT (4.880055246999378 52.3653250855379),4.880055246999378,52.3653250855379
260424,20210088648,2021,Uitsluitend materiele schade,2,bromfiets,bestelauto,Flank,"Kruispunt, 4 takken",Binnen,50.0,Niet brandend,ZOAB,Droog,Daglicht,Droog,Van Nijenrodeweg,amsterdam,POINT (120387.41860000044 482357.3093000017),POINT (4.879453885452095 52.328062603823795),4.879453885452095,52.328062603823795
260470,20210087222,2021,Uitsluitend materiele schade,2,personenauto,fiets,Flank,"Kruispunt, 3 takken",Binnen,50.0,Niet brandend,ZOAB,Droog,Daglicht,Droog,De Ruijterkade,amsterdam,POINT (122209.95499999821 487913.0709999986),POINT (4.9056472491967735 52.37810582970461),4.9056472491967735,52.37810582970461
260485,20210085604,2021,Uitsluitend materiele schade,2,personenauto,bromfiets,Flank,"Kruispunt, 3 takken",Binnen,50.0,Niet brandend,Overig asfalt,Droog,Daglicht,Droog,Wiltzanghlaan,amsterdam,POINT (118282.65300000086 488355.5560999997),POINT (4.847924554079915 52.381833954350135),4.847924554079915,52.381833954350135
260670,20210018472,2021,Uitsluitend materiele schade,2,bromfiets,personenauto,Flank,Rechte weg,Binnen,50.0,Niet brandend,Overig asfalt,Droog,Daglicht,Droog,Jan Evertsenstraat,amsterdam,POINT (117164.10500000045 487098.125),POINT (4.831638380911268 52.37045720219543),4.831638380911268,52.37045720219543
260686,20210033256,2021,Uitsluitend materiele schade,1,bromfiets,unknown,Eenzijdig,"Kruispunt, 4 takken",Binnen,50.0,Niet brandend,ZOAB,Nat,Daglicht,Droog,Prinsengracht,amsterdam,POINT (120649.61499999836 487451.9120000005),POINT (4.88277994891585 52.37386586593931),4.88277994891585,52.37386586593931
260692,20210011383,2021,Uitsluitend materiele schade,2,fiets,personenauto,Flank,Rotonde,Binnen,50.0,Niet brandend,Overig asfalt,Droog,Daglicht,Droog,Leeuwenveldseweg,amsterdam,POINT (131771.94000000134 480533.8979999982),POINT (5.046581584665354 52.312273401142996),5.046581584665354,52.312273401142996
260734,20210032219,2021,Uitsluitend materiele schade,2,personenauto,fiets,Flank,Bocht,Binnen,50.0,Niet brandend,Overig asfalt,Droog,Daglicht,Droog,Hondsrugweg,amsterdam,POINT (124964.88580000028 479751.02439999953),POINT (4.94683334369021 52.3049078451333),4.94683334369021,52.3049078451333
260792,20210033613,2021,Uitsluitend materiele schade,2,brommobiel,fiets,Flank,Rechte weg,Binnen,Unknown,Niet brandend,Klinkers,Droog,Daglicht,Droog,Ferdinand Bolstraat,amsterdam,POINT (121178.34499999881 485210.04199999943),POINT (4.890769388772254 52.353750318147),4.890769388772254,52.353750318147
261069,20210044102,2021,Uitsluitend materiele schade,2,personenauto,fiets,Frontaal,"Kruispunt, 4 takken",Binnen,30.0,Brandend,Klinkers,Droog,Duisternis,Droog,Bijlmerdreef,amsterdam,POINT (126445.54699999839 481493.68389999866),POINT (4.968394442102741 52.32064878135968),4.968394442102741,52.32064878135968
261146,20210055809,2021,Letsel,2,personenauto,fiets,Flank,Rotonde,Binnen,50.0,Niet brandend,Beton,Nat,Daglicht,Regen,Korte Muiderweg,amsterdam,POINT (131796.38769999892 480533.50030000135),POINT (5.046940113607728 52.31227085839446),5.046940113607728,52.31227085839446
261156,20210037347,2021,Letsel,2,bromfiets,personenauto,Flank,"Kruispunt, 4 takken",Binnen,50.0,Niet brandend,Overig asfalt,Droog,Daglicht,Droog,Zuiderzeeweg,amsterdam,POINT (126064.22700000182 487056.88899999857),POINT (4.962323501069682 52.370627661612176),4.962323501069682,52.370627661612176
261192,20210036769,2021,Uitsluitend materiele schade,2,personenauto,bromfiets,Flank,"Kruispunt, 4 takken",Binnen,50.0,Niet brandend,Overig asfalt,Nat,Daglicht,Unknown,KOEKJESBRUG 0170,amsterdam,POINT (120308.97320000082 486589.253800001),POINT (4.877866949224664 52.36609150148132),4.877866949224664,52.36609150148132
261212,20210057938,2021,Uitsluitend materiele schade,2,personenauto,fiets,Flank,Rechte weg,Binnen,50.0,Niet brandend,Klinkers,Droog,Daglicht,Droog,Volendammerweg,amsterdam,POINT (125800.61100000143 489468.08199999854),POINT (4.958243218643869 52.39228392518207),4.958243218643869,52.39228392518207
261273,20210056655,2021,Uitsluitend materiele schade,2,bromfiets,fiets,Flank,"Kruispunt, 3 takken",Binnen,30.0,Brandend,Beton,Nat,Duisternis,Unknown,Weesperzijde,amsterdam,POINT (122246.65249999985 485672.04769999906),POINT (4.906404505132464 52.35796724057149),4.906404505132464,52.35796724057149
261317,20210072629,2021,Letsel,2,personenauto,bromfiets,Flank,"Kruispunt, 3 takken",Binnen,50.0,Niet brandend,Overig asfalt,Nat,Daglicht,Unknown,Contactweg,amsterdam,POINT (118792.37420000136 489642.2335000001),POINT (4.8552719659105 52.39343146253172),4.8552719659105,52.39343146253172
261373,20210045078,2021,Uitsluitend materiele schade,2,e-bike,fiets,Flank,Rechte weg,Binnen,50.0,Niet brandend,Klinkers,Droog,Daglicht,Droog,Zeeburgerstraat,amsterdam,POINT (123565.5850000009 486631.1710000001),POINT (4.925675387071293 52.36666426111987),4.925675387071293,52.36666426111987
261403,20210065488,2021,Uitsluitend materiele schade,1,bromfiets,unknown,Flank,Rechte weg,Binnen,50.0,Niet brandend,Overig asfalt,Droog,Daglicht,Unknown,Postjesweg,amsterdam,POINT (117343.88100000098 486389.381000001),POINT (4.834357401449557 52.364099911976375),4.834357401449557,52.364099911976375
261433,20210038295,2021,Uitsluitend materiele schade,3,personenauto,fiets,Onbekend,"Kruispunt, 4 takken",Binnen,Unknown,Niet aanwezig,Overig asfalt,Droog,Daglicht,Droog,Korte Prinsengracht,amsterdam,POINT (121113.73020000011 488283.90740000084),POINT (4.889511179878944 52.38137207660279),4.889511179878944,52.38137207660279
261454,20210065544,2021,Uitsluitend materiele schade,3,fiets,fiets,Los voorwerp,Rechte weg,Binnen,50.0,Niet brandend,Unknown,Droog,Daglicht,Unknown,Middenweg,amsterdam,POINT (125318.79300000146 483717.1649999991),POINT (4.951672812777228 52.340572504364786),4.951672812777228,52.340572504364786
261463,20210087281,2021,Letsel,2,personenauto,bromfiets,Flank,"Kruispunt, 3 takken",Binnen,50.0,Niet brandend,Overig asfalt,Nat,Daglicht,Regen,Th. Weeversweg,amsterdam,POINT (124701 489888),POINT (4.942051662727154 52.395998253691985),4.942051662727154,52.395998253691985
261488,20210065596,2021,Uitsluitend materiele schade,2,personenauto,fiets,Flank,"Kruispunt, 4 takken",Binnen,30.0,Niet brandend,ZOAB,Droog,Daglicht,Unknown,Burg Van Leeuwenlaan,amsterdam,POINT (115824 487548),POINT (4.811909354516187 52.37440635059786),4.811909354516187,52.37440635059786
261528,20210071176,2021,Uitsluitend materiele schade,2,fiets,fiets,Los voorwerp,Rechte weg,Binnen,Unknown,Niet brandend,ZOAB,Droog,Daglicht,Droog,Haarlemmerweg,amsterdam,POINT (116843.08999999985 488671.58399999887),POINT (4.826746270043792 52.38457598869574),4.826746270043792,52.38457598869574
261773,20230004182,2023,Letsel,3,personenauto,fiets,Onbekend,Unknown,Unknown,50.0,Unknown,Unknown,Unknown,Duisternis,Droog,Plantage Middenlaan,amsterdam,POINT (122532.53700000048 486650.66899999976),POINT (4.910506498555549 52.36677940132587),4.910506498555549,52.36677940132587
262110,20220016323,2022,Letsel,2,personenauto,bromfiets,Onbekend,"Kruispunt, 4 takken",Binnen,50.0,Niet brandend,Overig asfalt,Nat,Daglicht,Droog,Sneeuwbalstraat,amsterdam,POINT (122791.87920000032 489984.5507000014),POINT (4.913994496990801 52.396757255378205),4.913994496990801,52.396757255378205
262159,20220081456,2022,Uitsluitend materiele schade,1,bromfiets,unknown,Voetganger,Rechte weg,Binnen,60.0,Niet brandend,Overig asfalt,Droog,Daglicht,Droog,Liergouw,amsterdam,POINT (126835.3440000005 488456.40399999917),POINT (4.97352868089421 52.383245699094346),4.97352868089421,52.383245699094346
262288,20220055464,2022,Uitsluitend materiele schade,2,bromfiets,fiets,Onbekend,"Kruispunt, 3 takken",Binnen,50.0,Unknown,Unknown,Unknown,Schemer,Unknown,Nassaukade,amsterdam,POINT (120410.70980000123 488363.2604999989),POINT (4.879178019519323 52.38204140042892),4.879178019519323,52.38204140042892
262448,20220102129,2022,Uitsluitend materiele schade,2,bromfiets,fiets,Flank,Rechte weg,Binnen,50.0,Brandend,Overig asfalt,Droog,Duisternis,Droog,Hoofdweg,amsterdam,POINT (118288.74100000039 487488.3520000018),POINT (4.84810871562799 52.37404059916766),4.84810871562799,52.37404059916766
262501,20220102616,2022,Uitsluitend materiele schade,3,personenauto,bromfiets,Flank,"Kruispunt, 4 takken",Binnen,50.0,Niet brandend,ZOAB,Droog,Daglicht,Droog,Gerrit van der Veenstr,amsterdam,POINT (120247.18409999833 484689.2028999999),POINT (4.877156099492266 52.34901126689217),4.877156099492266,52.34901126689217
262524,20220054760,2022,Uitsluitend materiele schade,2,personenauto,fiets,Flank,"Kruispunt, 4 takken",Binnen,50.0,Brandend,Overig asfalt,Nat,Duisternis,Regen,Zeilstraat,amsterdam,POINT (118818 484966),POINT (4.856151826845438 52.35140667822232),4.856151826845438,52.35140667822232
262536,20220102415,2022,Letsel,2,fiets,fiets,Onbekend,Rechte weg,Binnen,30.0,Brandend,Unknown,Droog,Duisternis,Droog,Buiksloterweg,amsterdam,POINT (122223.99599999934 488500.97300000116),POINT (4.905796095571158 52.38339031383632),4.905796095571158,52.38339031383632
262537,20220103005,2022,Uitsluitend materiele schade,2,bestelauto,fiets,Onbekend,"Kruispunt, 4 takken",Binnen,50.0,Niet brandend,ZOAB,Droog,Daglicht,Droog,Oostoever,amsterdam,POINT (116844.72899999842 486385.8819999993),POINT (4.8270298508618374 52.36403401805332),4.8270298508618374,52.36403401805332
262667,20230003953,2023,Dodelijk,2,personenauto,fiets,Flank,"Kruispunt, 4 takken",Binnen,50.0,Niet brandend,Overig asfalt,Nat,Daglicht,Droog,Nieuwe Achtergracht,amsterdam,POINT (122308.6689000018 486147.98149999976),POINT (4.907268577510363 52.3622483081342),4.907268577510363,52.3622483081342
262873,20230003967,2023,Uitsluitend materiele schade,2,bromfiets,fiets,Flank,Rechte weg,Binnen,50.0,Niet brandend,ZOAB,Nat,Daglicht,Regen,Nassaukade,amsterdam,POINT (120259.34699999914 486653.3379999995),POINT (4.877131737955176 52.366664307714544),4.877131737955176,52.366664307714544
262912,20230004579,2023,Letsel,2,bromfiets,voetganger,Voetganger,Rechte weg,Binnen,50.0,Niet brandend,Overig asfalt,Nat,Schemer,Droog,FIETSPAD,amsterdam,POINT (122230.48800000176 485469.73099999875),POINT (4.906186937076012 52.35614798896935),4.906186937076012,52.35614798896935
262978,20230006134,2023,Letsel,2,snorfiets,personenauto,Onbekend,Rechte weg,Binnen,30.0,Niet brandend,ZOAB,Nat,Daglicht,Regen,Nieuwe Laan,amsterdam,POINT (114848.6400000006 486189.18299999833),POINT (4.7977493210146545 52.36212395665451),4.7977493210146545,52.36212395665451
263037,20230004129,2023,Uitsluitend materiele schade,2,bestelauto,bromfiets,Kop/staart,"Kruispunt, 3 takken",Binnen,30.0,Niet brandend,Klinkers,Droog,Daglicht,Droog,Van Effenstraat,amsterdam,POINT (119292.98209999874 486552.72940000147),POINT (4.862954528869803 52.36569813533555),4.862954528869803,52.36569813533555
263283,20210093237,2021,Letsel,2,bromfiets,fiets,Frontaal,Rechte weg,Binnen,50.0,Niet brandend,Klinkers,Nat,Schemer,Mist,Provincialeweg,amsterdam,POINT (129801.92599999905 479505.2650000006),POINT (5.017770172502403 52.30294183543023),5.017770172502403,52.30294183543023
263403,20210039877,2021,Letsel,2,bromfiets,fiets,Flank,Rechte weg,Binnen,Unknown,Brandend,Beton,Droog,Duisternis,Droog,Abcouderpad,amsterdam,POINT (125027.39699999988 481300.6730000004),POINT (4.9476120973726445 52.318838652614446),4.9476120973726445,52.318838652614446
263588,20210068262,2021,Letsel,2,bromfiets,fiets,Frontaal,"Kruispunt, 4 takken",Binnen,50.0,Niet brandend,Overig asfalt,Droog,Daglicht,Droog,Buitenveldertselaan,amsterdam,POINT (119659.18670000136 481980.5588000007),POINT (4.868811001202093 52.32463029260951),4.868811001202093,52.32463029260951
263673,20220178028,2022,Uitsluitend materiele schade,2,bestelauto,fiets,Flank,"Kruispunt, 4 takken",Binnen,30.0,Niet brandend,Klinkers,Nat,Daglicht,Droog,Jan Oudegeeststraat,amsterdam,POINT (114740.30270000175 485172.20259999856),POINT (4.796280648803844 52.35297621901498),4.796280648803844,52.35297621901498
263674,20220178031,2022,Uitsluitend materiele schade,2,fiets,personenauto,Flank,Rechte weg,Binnen,50.0,Niet brandend,Overig asfalt,Droog,Daglicht,Droog,Amstelveenseweg,amsterdam,POINT (118771.05799999833 485328.05999999866),POINT (4.855423887958066 52.35465752104136),4.855423887958066,52.35465752104136
263694,20220142045,2022,Uitsluitend materiele schade,1,snorfiets,unknown,Voetganger,Rechte weg,Binnen,30.0,Niet brandend,Overig asfalt,Nat,Daglicht,Droog,Damrak,amsterdam,POINT (121725.39600000158 487823.48699999973),POINT (4.898540096384547 52.37727156062918),4.898540096384547,52.37727156062918
263703,20220177202,2022,Uitsluitend materiele schade,1,bromfiets,unknown,Onbekend,Bocht,Binnen,50.0,Brandend,ZOAB,Nat,Duisternis,Droog,Nieuwe Westerdokstraat,amsterdam,POINT (121334.29199999943 488243.75400000066),POINT (4.892754514681305 52.381024776458084),4.892754514681305,52.381024776458084
263704,20220177205,2022,Uitsluitend materiele schade,2,personenauto,bromfiets,Geparkeerd voertuig,Rechte weg,Binnen,30.0,Niet brandend,Klinkers,Droog,Daglicht,Droog,Niftrikhof,amsterdam,POINT (125910.64400000125 479046.625),POINT (4.960760284342453 52.29862787607227),4.960760284342453,52.29862787607227
263706,20220177832,2022,Uitsluitend materiele schade,3,snorfiets,personenauto,Flank,Rechte weg,Binnen,30.0,Niet brandend,Klinkers,Droog,Daglicht,Droog,Van Hogendorpstraat,amsterdam,POINT (120023.6240000017 488476.00400000066),POINT (4.873481219352952 52.383030129501186),4.873481219352952,52.383030129501186
263717,20220123316,2022,Letsel,2,personenauto,e-bike,Frontaal,Rotonde,Binnen,50.0,Niet brandend,Overig asfalt,Droog,Daglicht,Droog,Johan Jongkindstraat,amsterdam,POINT (117551.54520000145 485855.1576000005),POINT (4.837465571062538 52.3593129124571),4.837465571062538,52.3593129124571
263729,20220142156,2022,Letsel,2,fiets,bromfiets,Frontaal,Rechte weg,Binnen,Unknown,Niet brandend,Unknown,Droog,Daglicht,Droog,Tasmanstraat,amsterdam,POINT (120765.79800000042 489350.2340000011),POINT (4.884292543087141 52.390933841508726),4.884292543087141,52.390933841508726
263758,20220142204,2022,Letsel,2,motor,fiets,Flank,Rechte weg,Binnen,50.0,Niet brandend,Beton,Droog,Daglicht,Droog,Vijzelstraat,amsterdam,POINT (121263.84299999848 486197.81599999964),POINT (4.891925213016765 52.36263301153487),4.891925213016765,52.36263301153487
263800,20220178272,2022,Letsel,2,personenauto,bromfiets,Flank,"Kruispunt, 3 takken",Binnen,50.0,Niet brandend,Overig asfalt,Droog,Daglicht,Droog,Daniël Goedkoopstraat,amsterdam,POINT (123344.01979999989 483056.7036000006),POINT (4.9227586738450695 52.334526502065685),4.9227586738450695,52.334526502065685
263920,20220155308,2022,Letsel,3,personenauto,fiets,Los voorwerp,"Kruispunt, 4 takken",Binnen,50.0,Niet brandend,Klinkers,Droog,Daglicht,Droog,Halvemaansteeg,amsterdam,POINT (121527.95399999991 486683.0186999999),POINT (4.895754177528011 52.36700983496419),4.895754177528011,52.36700983496419
264012,20220155584,2022,Letsel,2,fiets,fiets,Kop/staart,Rechte weg,Binnen,50.0,Niet brandend,Overig asfalt,Droog,Daglicht,Droog,Mauritskade,amsterdam,POINT (123498.13500000164 486423.5799999982),POINT (4.9247045473427145 52.36479470638551),4.9247045473427145,52.36479470638551
264132,20220141843,2022,Letsel,1,fiets,unknown,Eenzijdig,"Kruispunt, 4 takken",Binnen,30.0,Niet brandend,Overig asfalt,Droog,Daglicht,Droog,Bilderdijkkade,amsterdam,POINT (119766.63159999996 486880.95230000094),POINT (4.869873970681 52.36867855299803),4.869873970681,52.36867855299803
264262,20230060054,2023,Uitsluitend materiele schade,2,bromfiets,personenauto,Kop/staart,Rechte weg,Binnen,50.0,Niet brandend,Overig asfalt,Nat,Daglicht,Harde windstoten/Regen,Haarlemmerweg,amsterdam,POINT (120343.68299999833 488750.05700000003),POINT (4.878153701703012 52.38551341165871),4.878153701703012,52.38551341165871
264406,20230065892,2023,Letsel,2,personenauto,bromfiets,Flank,"Kruispunt, 4 takken",Binnen,50.0,Brandend,Klinkers,Droog,Duisternis,Droog,Abraham Kuyperplein,amsterdam,POINT (115131.09580000117 488439.97410000116),POINT (4.801628800000852 52.3823728001398),4.801628800000852,52.3823728001398
264574,20220212280,2022,Letsel,2,bromfiets,personenauto,Flank,"Kruispunt, 4 takken",Binnen,50.0,Niet brandend,ZOAB,Nat,Daglicht,Regen,Omval,amsterdam,POINT (122795.8740000017 484287.7960000001),POINT (4.9145989733796975 52.345558952574976),4.9145989733796975,52.345558952574976
264650,20220212369,2022,Uitsluitend materiele schade,3,personenauto,bromfiets,Onbekend,"Kruispunt, 3 takken",Binnen,50.0,Niet brandend,Overig asfalt,Nat,Daglicht,Regen,De Ruijterkade,amsterdam,POINT (122510.54800000042 487876.7479999997),POINT (4.910065145435032 52.37779725321885),4.910065145435032,52.37779725321885
264699,20220211765,2022,Letsel,2,bromfiets,voetganger,Voetganger,Rechte weg,Binnen,50.0,Niet brandend,Overig asfalt,Droog,Daglicht,Droog,Buikslotermeerplein,amsterdam,POINT (124327.16699999943 490231.7710000016),POINT (4.936528060425812 52.39906705674485),4.936528060425812,52.39906705674485
264811,20220210519,2022,Uitsluitend materiele schade,2,personenauto,bromfiets,Flank,"Kruispunt, 4 takken",Binnen,50.0,Niet brandend,ZOAB,Droog,Daglicht,Droog,Jacob van Lennepstraat,amsterdam,POINT (119976.07690000162 486607.5603),POINT (4.872977611140594 52.366234899960915),4.872977611140594,52.366234899960915
264853,20220210535,2022,Letsel,1,bromfiets,unknown,Eenzijdig,Rechte weg,Binnen,30.0,Niet brandend,Overig asfalt,Nat,Daglicht,Droog,Amstel,amsterdam,POINT (121816.73900000006 486633.73800000176),POINT (4.899998952037527 52.36658445759862),4.899998952037527,52.36658445759862
264894,20220211285,2022,Uitsluitend materiele schade,2,snorfiets,fiets,Frontaal,Rechte weg,Binnen,30.0,Brandend,Overig asfalt,Droog,Duisternis,Droog,Koningsplein,amsterdam,POINT (121034 486669),POINT (4.88850342278723 52.36685351946717),4.88850342278723,52.36685351946717
264923,20220211994,2022,Uitsluitend materiele schade,2,bromfiets,fiets,Onbekend,"Kruispunt, 4 takken",Binnen,50.0,Brandend,Overig asfalt,Nat,Duisternis,Regen,Van Woustraat,amsterdam,POINT (122053.47250000015 484839.38379999995),POINT (4.903650376089083 52.350472259344656),4.903650376089083,52.350472259344656
264957,20220210693,2022,Letsel,2,personenauto,e-bike,Frontaal,"Kruispunt, 4 takken",Binnen,50.0,Niet brandend,Klinkers,Droog,Daglicht,Droog,Latherusstraat,amsterdam,POINT (122821.86699999869 489531.31120000035),POINT (4.914478512256486 52.39268562730174),4.914478512256486,52.39268562730174