,accident_id,accident_year,outcome,num_parties,party1_type,party2_type,accident_nature,road_situation,built_up_area,speed_limit_kmh,street_lighting,road_surface,road_condition,light_condition,weather_condition,street_name,municipality,shape,geometry,longitude,latitude
265384,20230111629,2023,Letsel,2,bromfiets,fiets,Frontaal,"Kruispunt, 4 takken",Binnen,30.0,Brandend,Klinkers,Nat,Duisternis,Regen,Potgieterstraat,amsterdam,POINT (119918 486939),POINT (4.872090363595373 52.36920993364161),4.872090363595373,52.36920993364161
265416,20230111321,2023,Uitsluitend materiele schade,3,personenauto,fiets,Flank,"Kruispunt, 4 takken",Binnen,50.0,Niet brandend,Overig asfalt,Droog,Daglicht,Droog,Orteliusstraat,amsterdam,POINT (118271.51700000092 487326.375),POINT (4.847873497579089 52.37258372154524),4.847873497579089,52.37258372154524
265417,20230111913,2023,Letsel,3,personenauto,fiets,Onbekend,Bocht,Binnen,30.0,Brandend,Klinkers,Droog,Duisternis,Regen,Oudebrugsteeg,amsterdam,POINT (121614.9990000017 487636.8429999985),POINT (4.896937427401913 52.375587435845425),4.896937427401913,52.375587435845425
265429,20230111996,2023,Letsel,2,bromfiets,fiets,Flank,"Kruispunt, 4 takken",Binnen,30.0,Niet brandend,Overig asfalt,Droog,Daglicht,Droog,Beethovenstraat,amsterdam,POINT (120358.6827000007 484838.7719999999),POINT (4.878777044457938 52.35036253190493),4.878777044457938,52.35036253190493
265484,20230020292,2023,Letsel,2,fiets,trein/tram,Flank,"Kruispunt, 4 takken",Binnen,50.0,Niet brandend,Overig asfalt,Nat,Daglicht,Regen,Roetersstraat,amsterdam,POINT (122591.26029999927 486105.2939000018),POINT (4.9114212284130625 52.36188140572834),4.9114212284130625,52.36188140572834
265555,20230036761,2023,Letsel,2,bromfiets,bromfiets,Frontaal,"Kruispunt, 4 takken",Binnen,30.0,Niet brandend,Overig asfalt,Droog,Daglicht,Droog,Schinkelkade,amsterdam,POINT (118580.97250000015 484912.27600000054),POINT (4.852678873554128 52.35090818626605),4.852678873554128,52.35090818626605
265556,20230067063,2023,Uitsluitend materiele schade,2,personenauto,fiets,Flank,"Kruispunt, 4 takken",Binnen,50.0,Niet brandend,Klinkers,Droog,Daglicht,Droog,Velserweg,amsterdam,POINT (118107.78390000015 488846.26520000026),POINT (4.845302408511265 52.38623233901139),4.845302408511265,52.38623233901139
265623,20230020473,2023,Uitsluitend materiele schade,2,bromfiets,personenauto,Flank,Rotonde,Binnen,50.0,Niet brandend,Overig asfalt,Nat,Daglicht,Droog,Nieuwe Leeuwarderweg,amsterdam,POINT (123669.26559999958 490010.1158000007),POINT (4.9268824908415 52.39703781009033),4.9268824908415,52.39703781009033
265634,20230036319,2023,Letsel,2,bestelauto,fiets,Eenzijdig,"Kruispunt, 4 takken",Binnen,30.0,Niet brandend,Overig asfalt,Droog,Daglicht,Droog,Olympiaplein,amsterdam,POINT (119446.04050000012 484427.9307000004),POINT (4.865426216458634 52.346611883425744),4.865426216458634,52.346611883425744
265682,20230024561,2023,Letsel,2,personenauto,fiets,Flank,"Kruispunt, 3 takken",Binnen,50.0,Niet brandend,Overig asfalt,Droog,Daglicht,Droog,Kamerlingh Onneslaan,amsterdam,POINT (123430.77859999985 484694.5513000004),POINT (4.923877940446193 52.349251449571895),4.923877940446193,52.349251449571895
265763,20230024677,2023,Letsel,4,fiets,personenauto,Onbekend,"Kruispunt, 4 takken",Binnen,50.0,Brandend,Overig asfalt,Droog,Duisternis,Droog,Hendrik Jacobszstraat,amsterdam,POINT (119143.3702000007 484892.7831999995),POINT (4.860934976385988 52.35076998625011),4.860934976385988,52.35076998625011
265778,20230077851,2023,Uitsluitend materiele schade,2,bromfiets,personenauto,Flank,Rotonde,Binnen,50.0,Brandend,Overig asfalt,Droog,Duisternis,Droog,Westerleestraat,amsterdam,POINT (122871 491363.82400000095),POINT (4.915024869481594 52.40915777942954),4.915024869481594,52.40915777942954
265888,20230020285,2023,Letsel,2,personenauto,bromfiets,Flank,Rechte weg,Binnen,30.0,Niet brandend,Overig asfalt,Nat,Daglicht,Droog,Radarweg,amsterdam,POINT (117588.26700000092 490899.1730000004),POINT (4.837442884012642 52.40464703772443),4.837442884012642,52.40464703772443
265889,20230020821,2023,Uitsluitend materiele schade,2,personenauto,bromfiets,Frontaal,"Kruispunt, 4 takken",Binnen,50.0,Brandend,Beton,Nat,Daglicht,Droog,Diemerparklaan,amsterdam,POINT (128302.99379999936 485338.41149999946),POINT (4.99533226877749 52.35529638970587),4.99533226877749,52.35529638970587
265977,20230087629,2023,Uitsluitend materiele schade,2,snorfiets,fiets,Flank,"Kruispunt, 4 takken",Binnen,50.0,Niet brandend,Overig asfalt,Droog,Daglicht,Droog,Vondelpark,amsterdam,POINT (120136.77670000121 485969.681499999),POINT (4.875403074072999 52.36051232345374),4.875403074072999,52.36051232345374
265980,20230097583,2023,Letsel,1,fiets,unknown,Eenzijdig,Rechte weg,Binnen,30.0,Brandend,Overig asfalt,Droog,Duisternis,Droog,Stadhouderskade,amsterdam,POINT (120518.30299999937 486144.54100000113),POINT (4.880985840147014 52.36210791891622),4.880985840147014,52.36210791891622
266000,20230088277,2023,Letsel,2,bestelauto,fiets,Eenzijdig,Rechte weg,Binnen,50.0,Niet brandend,Overig asfalt,Nat,Daglicht,Regen,Kinkerstraat,amsterdam,POINT (119539.33300000057 486550.90399999917),POINT (4.866571497022616 52.365697690277315),4.866571497022616,52.365697690277315
266021,20230087710,2023,Uitsluitend materiele schade,2,personenauto,fiets,Flank,Rechte weg,Binnen,30.0,Brandend,Klinkers,Nat,Duisternis,Regen,Ferdinand Bolstraat,amsterdam,POINT (121140.60300000012 485392.75499999896),POINT (4.890197041689071 52.35539009391429),4.890197041689071,52.35539009391429
266061,20230087186,2023,Uitsluitend materiele schade,1,bromfiets,unknown,Onbekend,Rechte weg,Binnen,50.0,Brandend,Overig asfalt,Nat,Duisternis,Regen,De Clercqstraat,amsterdam,POINT (119489.2340000011 487024.5560000017),POINT (4.8657859425105165 52.369951291405314),4.8657859425105165,52.369951291405314
266080,20230086651,2023,Uitsluitend materiele schade,2,personenauto,fiets,Flank,"Kruispunt, 3 takken",Binnen,50.0,Brandend,Overig asfalt,Droog,Duisternis,Droog,Westeinde,amsterdam,POINT (121762 485657),POINT (4.899291825636309 52.3578028939327),4.899291825636309,52.3578028939327
266083,20230087822,2023,Uitsluitend materiele schade,2,e-bike,fiets,Onbekend,"Kruispunt, 4 takken",Binnen,50.0,Niet brandend,ZOAB,Droog,Daglicht,Droog,Barkpad,amsterdam,POINT (122661.71299999952 490615.1559999995),POINT (4.912021367617783 52.402417015162555),4.912021367617783,52.402417015162555
266084,20230087824,2023,Uitsluitend materiele schade,3,bromfiets,e-bike,Frontaal,"Kruispunt, 3 takken",Binnen,30.0,Brandend,Overig asfalt,Droog,Schemer,Droog,Haarlemmer Houttuinen,amsterdam,POINT (121150 488350),POINT (4.890037201659656 52.38196830621541),4.890037201659656,52.38196830621541
266106,20230087262,2023,Letsel,2,personenauto,bromfiets,Geparkeerd voertuig,Rechte weg,Binnen,30.0,Niet brandend,Klinkers,Droog,Daglicht,Droog,Van Hogendorpstraat,amsterdam,POINT (119892.78500000015 488439.561999999),POINT (4.8715633760562715 52.38269426450353),4.8715633760562715,52.38269426450353
266161,20230097350,2023,Uitsluitend materiele schade,1,fiets,unknown,Voetganger,Rechte weg,Binnen,15.0,Niet brandend,Unknown,Droog,Daglicht,Droog,Willinklaan,amsterdam,POINT (115173.49700000137 487201.36300000176),POINT (4.80239834398511 52.371244263951446),4.80239834398511,52.371244263951446
266162,20230097932,2023,Letsel,2,personenauto,bromfiets,Kop/staart,Rechte weg,Binnen,50.0,Brandend,Overig asfalt,Nat,Duisternis,Droog,Amsteldijk,amsterdam,POINT (122252.83100000024 485255.54399999976),POINT (4.906535743925911 52.354224350348595),4.906535743925911,52.354224350348595
266186,20230086861,2023,Uitsluitend materiele schade,2,bromfiets,personenauto,Flank,"Kruispunt, 3 takken",Binnen,30.0,Brandend,Klinkers,Droog,Duisternis,Droog,Postjesweg,amsterdam,POINT (118559.86470000073 486402.72580000013),POINT (4.852207615398303 52.364301864016525),4.852207615398303,52.364301864016525
266351,20210080031,2021,Uitsluitend materiele schade,2,snorfiets,personenauto,Geparkeerd voertuig,Rechte weg,Binnen,50.0,Niet brandend,Overig asfalt,Droog,Daglicht,Droog,Keurenplein,amsterdam,POINT (113898.18200000003 486008.9140000008),POINT (4.783818582702642 52.36043354820784),4.783818582702642,52.36043354820784
266355,20210085165,2021,Letsel,2,e-bike,voetganger,Voetganger,"Kruispunt, 4 takken",Binnen,50.0,Niet brandend,Overig asfalt,Nat,Daglicht,Regen,0137 BRUG,amsterdam,POINT (120881 485308),POINT (4.886395178155366 52.35461231387614),4.886395178155366,52.35461231387614
266366,20210087286,2021,Letsel,2,bestelauto,e-bike,Flank,Rotonde,Binnen,50.0,Niet brandend,Overig asfalt,Nat,Daglicht,Regen,Plesmanlaan,amsterdam,POINT (114849.30319999903 484592.34650000185),POINT (4.797949646739081 52.347772902900175),4.797949646739081,52.347772902900175
266404,20210000125,2021,Dodelijk,3,bestelauto,fiets,Onbekend,Rechte weg,Binnen,30.0,Niet brandend,Klinkers,Droog,Daglicht,Droog,Waalstraat,amsterdam,POINT (121796.84899999946 484367.44099999964),POINT (4.899930624263759 52.34621530143159),4.899930624263759,52.34621530143159
266415,20210022673,2021,Uitsluitend materiele schade,1,fiets,unknown,Onbekend,Rechte weg,Binnen,30.0,Niet brandend,Overig asfalt,Droog,Daglicht,Droog,Mauvestraat,amsterdam,POINT (121981.9600000009 484860.36499999836),POINT (4.902598769362277 52.35065653221241),4.902598769362277,52.35065653221241
266449,20210030795,2021,Letsel,2,personenauto,snorfiets,Onbekend,"Kruispunt, 3 takken",Binnen,50.0,Niet brandend,Beton,Droog,Daglicht,Droog,Wibautstraat,amsterdam,POINT (122861 484859),POINT (4.915500136872653 52.35069638061421),4.915500136872653,52.35069638061421
266504,20210005420,2021,Uitsluitend materiele schade,2,personenauto,fiets,Flank,Rechte weg,Binnen,30.0,Niet brandend,Klinkers,Droog,Daglicht,Droog,Eerste Oosterparkstraat,amsterdam,POINT (122668.62900000066 485541.2320000008),POINT (4.912611238950817 52.356816550923185),4.912611238950817,52.356816550923185
266608,20210017314,2021,Letsel,2,bromfiets,personenauto,Frontaal,Rechte weg,Binnen,15.0,Brandend,Klinkers,Droog,Duisternis,Droog,Heer Halewijnstraat,amsterdam,POINT (118723.71400000155 487885.28599999845),POINT (4.854453068976206 52.37763684911637),4.854453068976206,52.37763684911637
266640,20210016714,2021,Uitsluitend materiele schade,2,snorfiets,personenauto,Flank,Rechte weg,Binnen,30.0,Niet brandend,Overig asfalt,Nat,Daglicht,Unknown,Overschiestraat,amsterdam,POINT (117679.53200000152 484687.46400000155),POINT (4.839473856071118 52.34882725356409),4.839473856071118,52.34882725356409
266907,20210061063,2021,Letsel,2,fiets,fiets,Onbekend,Unknown,Unknown,30.0,Unknown,Unknown,Unknown,Schemer,Unknown,Nieuwmarkt,amsterdam,POINT (121813.43200000003 487260.01000000164),POINT (4.899888573224361 52.372212754900524),4.899888573224361,52.372212754900524
266921,20210041610,2021,Uitsluitend materiele schade,2,personenauto,fiets,Flank,"Kruispunt, 4 takken",Binnen,50.0,Niet brandend,Beton,Nat,Daglicht,Droog,Jacob van Lennepstraat,amsterdam,POINT (119968 486601),POINT (4.872859712971377 52.36617542559926),4.872859712971377,52.36617542559926
267121,20210046809,2021,Uitsluitend materiele schade,2,personenauto,fiets,Onbekend,"Kruispunt, 4 takken",Binnen,50.0,Brandend,Unknown,Droog,Duisternis,Droog,Marnixstraat,amsterdam,POINT (120311.53299999982 486895.756000001),POINT (4.877872906173016 52.368846285318305),4.877872906173016,52.368846285318305
267195,20210059146,2021,Uitsluitend materiele schade,2,personenauto,bromfiets,Frontaal,Rechte weg,Binnen,50.0,Niet aanwezig,Overig asfalt,Droog,Daglicht,Droog,Kinkerstraat,amsterdam,POINT (119246.17700000107 486438.44200000167),POINT (4.862279517904755 52.364667958800105),4.862279517904755,52.364667958800105
267210,20210038855,2021,Letsel,2,personenauto,fiets,Onbekend,"Kruispunt, 4 takken",Buiten,Unknown,Unknown,Unknown,Unknown,Daglicht,Unknown,Willem Schermerhornstr,amsterdam,POINT (115231.37200000137 488649.36300000176),POINT (4.80307674567337 52.384261885931),4.80307674567337,52.384261885931
267217,20210045072,2021,Letsel,2,personenauto,fiets,Geparkeerd voertuig,Rechte weg,Binnen,30.0,Niet brandend,Overig asfalt,Droog,Daglicht,Droog,Westerstraat,amsterdam,POINT (120623.37200000137 487929.2170000002),POINT (4.8823457661494905 52.378153893995744),4.8823457661494905,52.378153893995744
267233,20210065105,2021,Letsel,2,personenauto,e-bike,Flank,"Kruispunt, 4 takken",Binnen,50.0,Niet brandend,Unknown,Droog,Daglicht,Unknown,Tussen Meer,amsterdam,POINT (114599.40680000186 485614.0471000001),POINT (4.794159649077016 52.35693682314924),4.794159649077016,52.35693682314924
267365,20210071184,2021,Uitsluitend materiele schade,2,personenauto,e-bike,Flank,"Kruispunt, 4 takken",Binnen,50.0,Niet brandend,Overig asfalt,Droog,Daglicht,Droog,Johan Huizingalaan,amsterdam,POINT (116838.71110000089 485757.7586000003),POINT (4.827012780459863 52.35838850784578),4.827012780459863,52.35838850784578
267639,20219005925,2021,Uitsluitend materiele schade,2,fiets,voetganger,Voetganger,Rechte weg,Binnen,50.0,Brandend,Beton,Droog,Daglicht,Droog,Kinkerstraat,amsterdam,POINT (119328.95199999958 486470.4470000006),POINT (4.863491346588333 52.36496097839189),4.863491346588333,52.36496097839189
267944,20220081451,2022,Uitsluitend materiele schade,2,vrachtauto,bromfiets,Onbekend,"Kruispunt, 3 takken",Binnen,Unknown,Niet brandend,Overig asfalt,Droog,Daglicht,Droog,Stadhouderskade,amsterdam,POINT (120855.02400000021 485969.80700000003),POINT (4.885946727931439 52.36055856517722),4.885946727931439,52.36055856517722
267958,20220016474,2022,Letsel,2,personenauto,e-bike,Frontaal,"Kruispunt, 4 takken",Binnen,30.0,Niet brandend,Beton,Droog,Schemer,Droog,Bilderdijkkade,amsterdam,POINT (119896.92289999872 486567.8980999999),POINT (4.8718196457962835 52.365873391489686),4.8718196457962835,52.365873391489686
267970,20220080807,2022,Uitsluitend materiele schade,3,personenauto,fiets,Onbekend,"Kruispunt, 4 takken",Binnen,50.0,Brandend,Overig asfalt,Droog,Duisternis,Droog,Nieuwe Passeerdersstraat,amsterdam,POINT (120425.35790000111 486657.29349999875),POINT (4.879568660466097 52.36671033252324),4.879568660466097,52.36671033252324
267973,20220081498,2022,Uitsluitend materiele schade,2,personenauto,e-bike,Flank,"Kruispunt, 3 takken",Binnen,50.0,Niet brandend,Klinkers,Droog,Daglicht,Droog,Haarlemmerweg,amsterdam,POINT (119578.40989999846 488719.4362999983),POINT (4.86691662668722 52.385189367758876),4.86691662668722,52.385189367758876
268096,20220055427,2022,Letsel,2,snorfiets,bromfiets,Onbekend,"Kruispunt, 4 takken",Binnen,50.0,Niet brandend,Overig asfalt,Droog,Daglicht,Droog,Eva Besnyöstraat,amsterdam,POINT (128976.50699999928 484899.0320000015),POINT (5.005252200700776 52.351379805983285),5.005252200700776,52.351379805983285
268107,20220081081,2022,Letsel,1,fiets,unknown,Eenzijdig,Unknown,Unknown,50.0,Unknown,Unknown,Unknown,Duisternis,Unknown,Stadhouderskade,amsterdam,POINT (120504.77299999818 486175.9910000004),POINT (4.880783990485225 52.362389719896846),4.880783990485225,52.362389719896846
268136,20220055532,2022,Uitsluitend materiele schade,2,bromfiets,los voorwerp,Los voorwerp,Rechte weg,Binnen,50.0,Niet brandend,Overig asfalt,Nat,Daglicht,Regen,Matthijs Vermeulenpad,amsterdam,POINT (120207.60689999908 483668.5309000015),POINT (4.876680770951642 52.33983565293434),4.876680770951642,52.33983565293434
268298,20220054752,2022,Letsel,2,personenauto,fiets,Flank,"Kruispunt, 4 takken",Binnen,30.0,Niet brandend,Overig asfalt,Droog,Daglicht,Droog,Steengroevenpad,amsterdam,POINT (126709 478163),POINT (4.97253778789414 52.29072790632401),4.97253778789414,52.29072790632401
268315,20220102894,2022,Letsel,2,vrachtauto,fiets,Flank,"Kruispunt, 4 takken",Binnen,50.0,Niet brandend,Overig asfalt,Droog,Daglicht,Droog,Wijenburg,amsterdam,POINT (119886.41160000116 482807.3914999999),POINT (4.872057713645552 52.33207588117773),4.872057713645552,52.33207588117773
268316,20220103173,2022,Uitsluitend materiele schade,2,snorfiets,personenauto,Flank,"Kruispunt, 3 takken",Binnen,50.0,Niet brandend,Unknown,Droog,Daglicht,Droog,Haarlemmerweg,amsterdam,POINT (119741.21020000055 488731.59259999916),POINT (4.869306538411736 52.38530910038971),4.869306538411736,52.38530910038971
268351,20220102963,2022,Uitsluitend materiele schade,2,personenauto,fiets,Flank,"Kruispunt, 4 takken",Binnen,30.0,Niet brandend,Klinkers,Droog,Daglicht,Droog,Raden Adjeng Kartinistr,amsterdam,POINT (126351.48110000044 481573.1185999997),POINT (4.967008055792385 52.321357805820966),4.967008055792385,52.321357805820966
268354,20220103253,2022,Uitsluitend materiele schade,2,personenauto,snorfiets,Flank,Rechte weg,Binnen,50.0,Niet brandend,Overig asfalt,Nat,Daglicht,Regen,Zeilstraat,amsterdam,POINT (118609.95399999991 484905.51399999857),POINT (4.853104951241184 52.350849334358955),4.853104951241184,52.350849334358955
268364,20220015578,2022,Uitsluitend materiele schade,2,personenauto,bromfiets,Flank,"Kruispunt, 4 takken",Binnen,50.0,Niet brandend,Overig asfalt,Nat,Daglicht,Mist,Burgemeester Röellstraat,amsterdam,POINT (116882.36300000176 487525.4743999988),POINT (4.827453125202621 52.374278399235244),4.827453125202621,52.374278399235244
268635,20230059458,2023,Uitsluitend materiele schade,1,bromfiets,unknown,Onbekend,Unknown,Unknown,Unknown,Unknown,Unknown,Unknown,Daglicht,Unknown,Marnixstraat,amsterdam,POINT (120529.14299999923 486397.2989999987),POINT (4.881119063696781 52.36438020993506),4.881119063696781,52.36438020993506
268705,20230004338,2023,Letsel,1,fiets,unknown,Eenzijdig,Rechte weg,Binnen,30.0,Niet brandend,Overig asfalt,Droog,Daglicht,Droog,IJdok,amsterdam,POINT (121501.73299999908 488570.4450000003),POINT (4.895181064930748 52.38397108049759),4.895181064930748,52.38397108049759
268707,20230004558,2023,Letsel,2,snorfiets,voetganger,Voetganger,"Kruispunt, 4 takken",Binnen,50.0,Niet brandend,Klinkers,Nat,Daglicht,Droog,Transformatorweg,amsterdam,POINT (118462.33900000155 489449.53599999845),POINT (4.850444535402817 52.391677776769264),4.850444535402817,52.391677776769264
269033,20210060671,2021,Letsel,2,motor,fiets,Flank,"Kruispunt, 4 takken",Binnen,50.0,Niet brandend,Beton,Droog,Daglicht,Droog,Rijnstraat,amsterdam,POINT (122311.08879999816 483704.6653999984),POINT (4.907541467759607 52.34028952678348),4.907541467759607,52.34028952678348
269063,20210037622,2021,Letsel,2,snorfiets,personenauto,Flank,"Kruispunt, 4 takken",Binnen,50.0,Niet brandend,Overig asfalt,Droog,Daglicht,Droog,Koos Vorrinkweg,amsterdam,POINT (114996.14600000158 485075.0700000003),POINT (4.800047224167302 52.35212195488326),4.800047224167302,52.35212195488326
269383,20220141988,2022,Letsel,2,e-bike,fiets,Frontaal,Bocht,Binnen,50.0,Brandend,Overig asfalt,Droog,Duisternis,Droog,Spaklerweg,amsterdam,POINT (123126.5 483792.2650000006),POINT (4.919497773450789 52.3411247053548),4.919497773450789,52.3411247053548
269422,20220142015,2022,Uitsluitend materiele schade,3,bromfiets,fiets,Kop/staart,Rechte weg,Binnen,30.0,Niet brandend,Klinkers,Droog,Daglicht,Droog,Hendrikje Stoffelsstraat,amsterdam,POINT (118000.11100000143 485707.53500000015),POINT (4.844066415891323 52.35801658539359),4.844066415891323,52.35801658539359
269460,20220177892,2022,Uitsluitend materiele schade,1,bromfiets,unknown,Onbekend,Unknown,Unknown,30.0,Unknown,Unknown,Unknown,Daglicht,Unknown,Eerste Oosterparkstraat,amsterdam,POINT (122400.17799999937 485436.0379999988),POINT (4.908680965349282 52.35585527349133),4.908680965349282,52.35585527349133
269461,20220178165,2022,Uitsluitend materiele schade,2,bromfiets,fiets,Flank,"Kruispunt, 4 takken",Binnen,30.0,Niet brandend,Klinkers,Droog,Daglicht,Droog,FIETSPAD,amsterdam,POINT (120390.37719999999 488993.1442000009),POINT (4.878814495817992 52.38770104298317),4.878814495817992,52.38770104298317
269544,20220178264,2022,Letsel,1,bromfiets,unknown,Eenzijdig,Bocht,Binnen,Unknown,Niet brandend,Unknown,Droog,Daglicht,Droog,EGoliplein,amsterdam,POINT (125872.40399999917 481656.5850000009),POINT (4.9599742658250845 52.322082792744965),4.9599742658250845,52.322082792744965
269556,20220123500,2022,Uitsluitend materiele schade,2,snorfiets,bromfiets,Kop/staart,Rechte weg,Binnen,50.0,Niet brandend,Overig asfalt,Droog,Daglicht,Droog,Stadionweg,amsterdam,POINT (120030.39999999851 484447.51199999824),POINT (4.873999713756661 52.34682536202096),4.873999713756661,52.34682536202096
269562,20220142306,2022,Letsel,2,fiets,unknown,Eenzijdig,"Kruispunt, 4 takken",Binnen,Unknown,Niet brandend,Beton,Droog,Daglicht,Droog,Abcouderpad,amsterdam,POINT (125456.57800000161 480373.1860000007),POINT (4.953987767055762 52.31052612267274),4.953987767055762,52.31052612267274
269589,20220142464,2022,Letsel,2,fiets,fiets,Frontaal,Rechte weg,Binnen,50.0,Brandend,Beton,Droog,Duisternis,Droog,Van Diemenstraat,amsterdam,POINT (120842.16699999943 489306.7870000005),POINT (4.885418807462911 52.39054813066903),4.885418807462911,52.39054813066903
269655,20220155354,2022,Uitsluitend materiele schade,2,scootmobiel,e-bike,Flank,"Kruispunt, 4 takken",Binnen,30.0,Brandend,Klinkers,Droog,Duisternis,Droog,Haarlemmerweg,amsterdam,POINT (120546.43409999833 488714.8984999992),POINT (4.881135313867958 52.38521019632457),4.881135313867958,52.38521019632457
269885,20220124235,2022,Letsel,2,bromfiets,fiets,Frontaal,Rechte weg,Binnen,30.0,Niet brandend,ZOAB,Droog,Daglicht,Droog,Vrouwengelukhof,amsterdam,POINT (117950.47500000149 488022.63599999994),POINT (4.8430826700558605 52.378819610966914),4.8430826700558605,52.378819610966914
269896,20220141916,2022,Uitsluitend materiele schade,1,fiets,unknown,Voetganger,Rechte weg,Binnen,Unknown,Niet brandend,Overig asfalt,Droog,Daglicht,Droog,Nieuwezijds Voorburgwal,amsterdam,POINT (121083 486866),POINT (4.889202957585901 52.368627044814126),4.889202957585901,52.368627044814126
269907,20230050633,2023,Letsel,2,personenauto,fiets,Flank,"Kruispunt, 4 takken",Binnen,50.0,Niet brandend,Overig asfalt,Nat,Daglicht,Regen,Broekzijdschepad,amsterdam,POINT (126251.35860000178 478154.4147000015),POINT (4.9658309599617825 52.290627036164),4.9658309599617825,52.290627036164
269987,20230050163,2023,Letsel,2,bus,fiets,Flank,Rotonde,Binnen,50.0,Niet brandend,Beton,Droog,Daglicht,Droog,HAARLEMMERMEERCIRCUIT,amsterdam,POINT (118917.36250000075 484741.69220000133),POINT (4.857634188974386 52.34939729269473),4.857634188974386,52.34939729269473
269998,20230059165,2023,Uitsluitend materiele schade,3,bestelauto,fiets,Onbekend,Rechte weg,Binnen,30.0,Niet brandend,Klinkers,Droog,Daglicht,Droog,Singel,amsterdam,POINT (121410.74500000104 487949.01999999955),POINT (4.893906808919448 52.37838060261159),4.893906808919448,52.37838060261159
270018,20230049655,2023,Uitsluitend materiele schade,1,bromfiets,unknown,Voetganger,Rechte weg,Binnen,30.0,Niet brandend,Overig asfalt,Droog,Daglicht,Droog,Holendrechtplein,amsterdam,POINT (126225.88599999994 479239.51300000027),POINT (4.965365094455349 52.300378027920935),4.965365094455349,52.300378027920935
270095,20230049216,2023,Uitsluitend materiele schade,2,bestelauto,bromfiets,Flank,"Kruispunt, 3 takken",Binnen,50.0,Niet brandend,Overig asfalt,Droog,Daglicht,Droog,Aalbersestraat,amsterdam,POINT (114870.38919999823 488095.9182999991),POINT (4.797840956918358 52.37926171915457),4.797840956918358,52.37926171915457
270153,20230066416,2023,Uitsluitend materiele schade,2,fiets,fiets,Onbekend,"Kruispunt, 3 takken",Binnen,30.0,Unknown,Unknown,Unknown,Daglicht,Unknown,Stadhouderskade,amsterdam,POINT (121751.53940000013 485669.1248999983),POINT (4.89913707760455 52.357911231370764),4.89913707760455,52.357911231370764
270160,20230048782,2023,Uitsluitend materiele schade,2,personenauto,bromfiets,Geparkeerd voertuig,Rechte weg,Binnen,30.0,Niet brandend,Klinkers,Droog,Duisternis,Droog,Kalkmarkt,amsterdam,POINT (122320.30999999866 487331.8209999986),POINT (4.9073243993149775 52.37288854021409),4.9073243993149775,52.37288854021409
270184,20230048825,2023,Uitsluitend materiele schade,2,personenauto,bromfiets,Kop/staart,Rechte weg,Binnen,50.0,Niet brandend,Overig asfalt,Droog,Daglicht,Droog,Nassaukade,amsterdam,POINT (120050.16899999976 487291.4699999988),POINT (4.873994296580131 52.37238610473422),4.873994296580131,52.37238610473422
270348,20220210983,2022,Uitsluitend materiele schade,2,trekker,fiets,Flank,"Kruispunt, 4 takken",Binnen,50.0,Niet brandend,Overig asfalt,Nat,Daglicht,Droog,Minervaplein,amsterdam,POINT (119915.25800000131 484444.1640000008),POINT (4.872310334831201 52.346787933569175),4.872310334831201,52.346787933569175
270385,20220212367,2022,Uitsluitend materiele schade,2,snorfiets,personenauto,Frontaal,Rechte weg,Binnen,30.0,Brandend,Beton,Nat,Duisternis,Regen,Oosterendstraat,amsterdam,POINT (126063.25299999863 489387.9129999988),POINT (4.962108435169462 52.39157733004325),4.962108435169462,52.39157733004325
270468,20220211805,2022,Letsel,1,fiets,unknown,Eenzijdig,Rechte weg,Binnen,30.0,Brandend,Overig asfalt,Droog,Duisternis,Droog,Linnaeusstraat,amsterdam,POINT (123698.14699999988 485452.73099999875),POINT (4.927731321566051 52.3560807811918),4.927731321566051,52.3560807811918
270530,20220210504,2022,Uitsluitend materiele schade,2,bestelauto,fiets,Flank,Rechte weg,Binnen,30.0,Niet brandend,Overig asfalt,Droog,Daglicht,Droog,Ceintuurbaan,amsterdam,POINT (121319.80999999866 485122.8660000004),POINT (4.892854467245355 52.35297552886028),4.892854467245355,52.35297552886028
270531,20220211889,2022,Letsel,2,personenauto,fiets,Frontaal,"Kruispunt, 4 takken",Binnen,50.0,Brandend,Overig asfalt,Nat,Duisternis,Droog,IJburglaan,amsterdam,POINT (128008.1587000005 485608.72740000114),POINT (4.990982942186922 52.35771142719693),4.990982942186922,52.35771142719693
270669,20220212067,2022,Uitsluitend materiele schade,2,bromfiets,fiets,Frontaal,Rechte weg,Binnen,50.0,Brandend,Klinkers,Droog,Duisternis,Droog,Huidenstraat,amsterdam,POINT (120842.08900000155 486889.06599999964),POINT (4.885663461097022 52.36881941498595),4.885663461097022,52.36881941498595
270713,20220210739,2022,Uitsluitend materiele schade,2,personenauto,fiets,Flank,"Kruispunt, 4 takken",Binnen,50.0,Niet brandend,Overig asfalt,Nat,Daglicht,Regen,Kerkstraat,amsterdam,POINT (121722.94249999896 486222.9232000001),POINT (4.898662512010282 52.36288666215819),4.898662512010282,52.36288666215819