,accident_id,accident_year,outcome,num_parties,party1_type,party2_type,accident_nature,road_situation,built_up_area,speed_limit_kmh,street_lighting,road_surface,road_condition,light_condition,weather_condition,street_name,municipality,shape,geometry,longitude,latitude
287443,20230048954,2023,Uitsluitend materiele schade,2,personenauto,e-bike,Flank,"Kruispunt, 4 takken",Binnen,50.0,Niet brandend,Overig asfalt,Droog,Daglicht,Droog,Pieter Calandlaan,amsterdam,POINT (115192.91209999844 485119.5181999989),POINT (4.802929857557835 52.35253571151378),4.802929857557835,52.35253571151378
287454,20230059033,2023,Uitsluitend materiele schade,2,personenauto,fiets,Geparkeerd voertuig,Rechte weg,Binnen,30.0,Brandend,Overig asfalt,Droog,Duisternis,Droog,Leidsebosje,amsterdam,POINT (120497.86499999836 486275.3049999997),POINT (4.880672389059895 52.36328185026452),4.880672389059895,52.36328185026452
287494,20230040775,2023,Uitsluitend materiele schade,2,fiets,e-bike,Flank,"Kruispunt, 4 takken",Binnen,50.0,Niet brandend,Klinkers,Droog,Daglicht,Droog,Bos en Lommerweg,amsterdam,POINT (118259.7591000013 487941.9604999982),POINT (4.847633547144365 52.378115345828625),4.847633547144365,52.378115345828625
287541,20230058469,2023,Letsel,2,personenauto,fiets,Flank,"Kruispunt, 3 takken",Binnen,50.0,Niet brandend,Overig asfalt,Droog,Daglicht,Droog,Dr. H. Colijnstraat,amsterdam,POINT (115462.83639999852 488102.27600000054),POINT (4.8065407508469296 52.37936184190246),4.8065407508469296,52.37936184190246
287544,20230059163,2023,Uitsluitend materiele schade,2,bromfiets,personenauto,Flank,Rechte weg,Binnen,50.0,Niet brandend,ZOAB,Droog,Daglicht,Droog,Wibautstraat,amsterdam,POINT (122643.73800000176 485208.6429999992),POINT (4.912277863797096 52.35382599410421),4.912277863797096,52.35382599410421
287552,20230039719,2023,Letsel,2,personenauto,fiets,Flank,"Kruispunt, 3 takken",Binnen,50.0,Niet brandend,Overig asfalt,Droog,Daglicht,Droog,Kramatweg,amsterdam,POINT (124876.26520000026 486567.20369999856),POINT (4.944924331336921 52.36616281197547),4.944924331336921,52.36616281197547
287576,20230060070,2023,Uitsluitend materiele schade,2,bromfiets,personenauto,Flank,"Kruispunt, 4 takken",Binnen,50.0,Niet brandend,Overig asfalt,Droog,Daglicht,Droog,Comeniusstraat,amsterdam,POINT (116863.87550000101 485848.09479999915),POINT (4.827371923280991 52.359202128374974),4.827371923280991,52.359202128374974
287626,20230058908,2023,Letsel,2,fiets,voetganger,Voetganger,"Kruispunt, 4 takken",Binnen,50.0,Niet brandend,ZOAB,Droog,Daglicht,Droog,Tweede Bloemdwarsstraat,amsterdam,POINT (120457 487381),POINT (4.879958853756077 52.373216477421614),4.879958853756077,52.373216477421614
287639,20230049214,2023,Uitsluitend materiele schade,2,bromfiets,fiets,Eenzijdig,"Kruispunt, 4 takken",Binnen,30.0,Niet aanwezig,Overig asfalt,Droog,Daglicht,Droog,Broekzijdschepad,amsterdam,POINT (126251.35860000178 478154.4147000015),POINT (4.9658309599617825 52.290627036164),4.9658309599617825,52.290627036164
287658,20230049821,2023,Letsel,2,bromfiets,personenauto,Flank,"Kruispunt, 4 takken",Binnen,50.0,Niet brandend,Overig asfalt,Droog,Daglicht,Droog,Prins Hendrikkade,amsterdam,POINT (122545 487201),POINT (4.910636347442003 52.3717261366233),4.910636347442003,52.3717261366233
287673,20230049282,2023,Uitsluitend materiele schade,2,personenauto,bromfiets,Flank,Rechte weg,Binnen,50.0,Niet brandend,Overig asfalt,Droog,Daglicht,Droog,Overschiestraat,amsterdam,POINT (117683.03700000048 484439.6860000007),POINT (4.83955277001016 52.34660064281053),4.83955277001016,52.34660064281053
287731,20230049965,2023,Uitsluitend materiele schade,3,personenauto,fiets,Los voorwerp,Rechte weg,Binnen,30.0,Brandend,Klinkers,Droog,Schemer,Droog,Dijkwater,amsterdam,POINT (124537.2340000011 490340.493999999),POINT (4.939604619661489 52.40005588380345),4.939604619661489,52.40005588380345
287753,20230040680,2023,Uitsluitend materiele schade,2,personenauto,bromfiets,Flank,"Kruispunt, 4 takken",Binnen,50.0,Brandend,Beton,Nat,Duisternis,Regen,Wibautstraat,amsterdam,POINT (122398.2846999988 485892.7234000005),POINT (4.908608911777983 52.35995954565201),4.908608911777983,52.35995954565201
287772,20230039583,2023,Letsel,2,fiets,voetganger,Voetganger,Rechte weg,Binnen,30.0,Niet brandend,Overig asfalt,Droog,Daglicht,Droog,Haarlemmerplein,amsterdam,POINT (120671.81399999931 488705.3269999996),POINT (4.882977858426174 52.38513202982345),4.882977858426174,52.38513202982345
287812,20220210890,2022,Letsel,2,snorfiets,personenauto,Flank,"Kruispunt, 4 takken",Binnen,30.0,Niet brandend,Klinkers,Droog,Daglicht,Droog,Vier Heemskinderenstraat,amsterdam,POINT (118823.49190000072 488018.0124000013),POINT (4.855904050164761 52.37883627626377),4.855904050164761,52.37883627626377
287852,20220212292,2022,Uitsluitend materiele schade,2,personenauto,fiets,Frontaal,"Kruispunt, 4 takken",Binnen,30.0,Brandend,Klinkers,Nat,Duisternis,Regen,Nieuwstad,amsterdam,POINT (131446.77120000124 479875.5185999982),POINT (5.041859283836432 52.30634236384816),5.041859283836432,52.30634236384816
287989,20220212443,2022,Letsel,2,e-bike,bestelauto,Flank,Rechte weg,Binnen,50.0,Niet brandend,Klinkers,Droog,Daglicht,Droog,Herengracht,amsterdam,POINT (121238.41600000113 486482.3599999994),POINT (4.891523364473424 52.365188733089475),4.891523364473424,52.365188733089475
287990,20220212450,2022,Letsel,2,personenauto,bromfiets,Flank,"Kruispunt, 4 takken",Binnen,50.0,Niet brandend,Overig asfalt,Droog,Daglicht,Droog,Postjesweg,amsterdam,POINT (118938.4224999994 486439.6570000015),POINT (4.8577612308357265 52.364658758961724),4.8577612308357265,52.364658758961724
288023,20220210379,2022,Uitsluitend materiele schade,2,personenauto,bromfiets,Frontaal,Rechte weg,Binnen,50.0,Niet brandend,Overig asfalt,Nat,Daglicht,Droog,Pieter Calandlaan,amsterdam,POINT (116539.59499999881 485552.61199999973),POINT (4.822645544094072 52.35652394710275),4.822645544094072,52.35652394710275
288341,20220210790,2022,Uitsluitend materiele schade,2,bestelauto,bromfiets,Flank,"Kruispunt, 4 takken",Binnen,30.0,Brandend,Klinkers,Droog,Duisternis,Droog,Purmerweg,amsterdam,POINT (124567 489506),POINT (4.9401176188991265 52.3925576903176),4.9401176188991265,52.3925576903176
288700,20230111736,2023,Letsel,2,personenauto,e-bike,Flank,"Kruispunt, 3 takken",Binnen,30.0,Brandend,Unknown,Nat,Schemer,Unknown,President Allendelaan,amsterdam,POINT (116131.78310000151 487131.8524999991),POINT (4.816477023578768 52.37068822278853),4.816477023578768,52.37068822278853
288708,20230111236,2023,Uitsluitend materiele schade,2,fiets,personenauto,Geparkeerd voertuig,Rechte weg,Binnen,50.0,Niet brandend,Overig asfalt,Nat,Daglicht,Droog,Van Heenvlietlaan,amsterdam,POINT (120576.12200000137 482196.0769999996),POINT (4.882238446848874 52.32662539735734),4.882238446848874,52.32662539735734
288850,20230020977,2023,Uitsluitend materiele schade,2,snorfiets,fiets,Frontaal,Rechte weg,Binnen,50.0,Brandend,ZOAB,Nat,Daglicht,Droog,Vlaardingenlaan,amsterdam,POINT (117774.29899999872 484474.8370000012),POINT (4.840888154556756 52.34692274421302),4.840888154556756,52.34692274421302
288864,20230036800,2023,Letsel,2,bromfiets,voetganger,Voetganger,"Kruispunt, 4 takken",Binnen,50.0,Niet brandend,ZOAB,Nat,Daglicht,Regen,Heemstedestraat,amsterdam,POINT (117772.19090000167 484979.4098000005),POINT (4.840801396720831 52.35145733489363),4.840801396720831,52.35145733489363
288918,20230078559,2023,Letsel,2,personenauto,fiets,Flank,Rechte weg,Binnen,50.0,Niet brandend,Overig asfalt,Nat,Daglicht,Regen,Nieuwezijds Voorburgwal,amsterdam,POINT (121422.3440000005 487735.7950000018),POINT (4.894098454578394 52.376464998578),4.894098454578394,52.376464998578
288958,20230024546,2023,Uitsluitend materiele schade,2,personenauto,fiets,Flank,"Kruispunt, 3 takken",Binnen,50.0,Niet brandend,Overig asfalt,Droog,Daglicht,Droog,Potgieterstraat,amsterdam,POINT (119918 486939),POINT (4.872090363595373 52.36920993364161),4.872090363595373,52.36920993364161
288989,20230023992,2023,Uitsluitend materiele schade,3,personenauto,e-bike,Onbekend,"Kruispunt, 4 takken",Binnen,30.0,Niet brandend,ZOAB,Droog,Daglicht,Droog,Jacob van Lennepkade,amsterdam,POINT (119354.8051000014 486242.4054000005),POINT (4.863895073866286 52.362913184496065),4.863895073866286,52.362913184496065
288990,20230024004,2023,Uitsluitend materiele schade,2,personenauto,fiets,Flank,Rechte weg,Binnen,30.0,Niet brandend,Overig asfalt,Droog,Daglicht,Droog,Slotermeerlaan,amsterdam,POINT (116507.60000000149 488427.94299999997),POINT (4.821846658900646 52.38236291855757),4.821846658900646,52.38236291855757
289007,20230020056,2023,Uitsluitend materiele schade,2,snorfiets,personenauto,Flank,"Kruispunt, 4 takken",Binnen,50.0,Niet brandend,ZOAB,Droog,Schemer,Droog,Admiraal De Ruijterweg,amsterdam,POINT (118996.40480000153 487555.7142999992),POINT (4.858492935669774 52.37469285665215),4.858492935669774,52.37469285665215
289068,20230022933,2023,Letsel,2,motor,fiets,Flank,Rechte weg,Binnen,50.0,Niet brandend,ZOAB,Droog,Daglicht,Droog,Van Diemenstraat,amsterdam,POINT (120881.03200000152 489281.38699999824),POINT (4.885992302137323 52.390322271886646),4.885992302137323,52.390322271886646
289074,20230024723,2023,Uitsluitend materiele schade,2,bromfiets,personenauto,Flank,"Kruispunt, 3 takken",Binnen,50.0,Brandend,Overig asfalt,Nat,Duisternis,Regen,Nassaukade,amsterdam,POINT (120362.93250000104 486471.069600001),POINT (4.878671330431577 52.365032751562275),4.878671330431577,52.365032751562275
289083,20230077896,2023,Uitsluitend materiele schade,2,motor,fiets,Flank,Rechte weg,Binnen,50.0,Niet brandend,Overig asfalt,Droog,Daglicht,Droog,Kamerlingh Onneslaan,amsterdam,POINT (123234.2890000008 484597.73999999836),POINT (4.921003386463532 52.34837004814555),4.921003386463532,52.34837004814555
289131,20230024177,2023,Letsel,2,bromfiets,bus,Flank,"Kruispunt, 4 takken",Binnen,50.0,Niet brandend,Overig asfalt,Nat,Schemer,Droog,Honthorststraat,amsterdam,POINT (120586 485806),POINT (4.882014290108663 52.359069594557134),4.882014290108663,52.359069594557134
289281,20230096972,2023,Uitsluitend materiele schade,2,personenauto,fiets,Flank,Rechte weg,Binnen,50.0,Niet aanwezig,Unknown,Nat,Daglicht,Regen,Reijnier Vinkeleskade,amsterdam,POINT (120411.86499999836 484945.3060000017),POINT (4.879546615507357 52.351323336719595),4.879546615507357,52.351323336719595
289282,20230097543,2023,Letsel,2,personenauto,snorfiets,Flank,"Kruispunt, 4 takken",Binnen,50.0,Niet brandend,ZOAB,Nat,Daglicht,Regen,Nieuwe Keizersgracht,amsterdam,POINT (122196 486456),POINT (4.905584512776155 52.36500985245809),4.905584512776155,52.36500985245809
289291,20230087634,2023,Letsel,2,personenauto,fiets,Flank,"Kruispunt, 4 takken",Binnen,50.0,Niet brandend,Klinkers,Nat,Daglicht,Regen,Keizersgracht,amsterdam,POINT (120785.04450000077 486892.04940000176),POINT (4.884825603503375 52.36884267678403),4.884825603503375,52.36884267678403
289318,20230088272,2023,Letsel,2,vrachtauto,fiets,Eenzijdig,"Kruispunt, 4 takken",Binnen,50.0,Niet brandend,ZOAB,Nat,Daglicht,Droog,Ceintuurbaan,amsterdam,POINT (121749 485253),POINT (4.899140933636059 52.354171226818934),4.899140933636059,52.354171226818934
289450,20230102877,2023,Uitsluitend materiele schade,1,fiets,unknown,Frontaal,"Kruispunt, 4 takken",Binnen,50.0,Brandend,Overig asfalt,Nat,Duisternis,Regen,Burgemeester Röellstraat,amsterdam,POINT (116859.88399999961 487553.1517999992),POINT (4.827119898789105 52.37452558092681),4.827119898789105,52.37452558092681
289477,20230102978,2023,Uitsluitend materiele schade,2,bromfiets,personenauto,Onbekend,"Kruispunt, 3 takken",Binnen,30.0,Niet brandend,ZOAB,Droog,Daglicht,Droog,Sarphatistraat,amsterdam,POINT (122923.94729999825 486223.4353),POINT (4.916293879613899 52.36296270901687),4.916293879613899,52.36296270901687
289505,20230088043,2023,Letsel,3,bromfiets,fiets,Flank,"Kruispunt, 4 takken",Binnen,50.0,Brandend,Overig asfalt,Nat,Duisternis,Droog,Plesmanlaan,amsterdam,POINT (116852.68620000035 484995.3979000002),POINT (4.827304369619499 52.35153795540239),4.827304369619499,52.35153795540239
289623,20210074704,2021,Letsel,2,bromfiets,personenauto,Flank,Rechte weg,Binnen,30.0,Brandend,ZOAB,Nat,Duisternis,Unknown,Kikkenstein,amsterdam,POINT (126911.70399999991 481037.7170000002),POINT (4.975269416830353 52.316574795952086),4.975269416830353,52.316574795952086
289686,20210080055,2021,Uitsluitend materiele schade,2,bromfiets,personenauto,Flank,"Kruispunt, 4 takken",Binnen,50.0,Brandend,Beton,Droog,Daglicht,Droog,Pretoriusstraat,amsterdam,POINT (123183.86910000071 485256.69689999893),POINT (4.920201128719136 52.35428941336839),4.920201128719136,52.35428941336839
289700,20210080101,2021,Letsel,2,fiets,e-bike,Flank,Rechte weg,Binnen,30.0,Brandend,Overig asfalt,Nat,Duisternis,Droog,Sarphatistraat,amsterdam,POINT (122734.6400000006 486159.79300000146),POINT (4.913520845112585 52.362379647600854),4.913520845112585,52.362379647600854
289728,20210086506,2021,Uitsluitend materiele schade,1,fiets,unknown,Frontaal,"Kruispunt, 4 takken",Binnen,Unknown,Brandend,Overig asfalt,Droog,Schemer,Droog,Buyskade,amsterdam,POINT (119805.31909999996 487758.46440000087),POINT (4.870350107820285 52.37656746785405),4.870350107820285,52.37656746785405
289784,20210027225,2021,Uitsluitend materiele schade,1,bromfiets,unknown,Onbekend,Bocht,Binnen,30.0,Niet brandend,Overig asfalt,Nat,Daglicht,Regen,Buiksloterdijk,amsterdam,POINT (123271.24700000137 490272.9149999991),POINT (4.9210100083077535 52.3993767899708),4.9210100083077535,52.3993767899708
289847,20210028247,2021,Uitsluitend materiele schade,3,bestelauto,fiets,Flank,Rechte weg,Buiten,50.0,Niet brandend,Overig asfalt,Droog,Daglicht,Droog,Zunderdorpergouw,amsterdam,POINT (126018.70800000057 490813.72199999914),POINT (4.9613309653517925 52.404389173370646),4.9613309653517925,52.404389173370646
289998,20210012867,2021,Letsel,2,fiets,fiets,Flank,"Kruispunt, 4 takken",Binnen,50.0,Niet brandend,Overig asfalt,Droog,Daglicht,Droog,Weteringlaan,amsterdam,POINT (121185.9849999994 485686.30999999866),POINT (4.890833651413056 52.358031160813745),4.890833651413056,52.358031160813745
290093,20210007758,2021,Uitsluitend materiele schade,2,snorfiets,bestelauto,Flank,"Kruispunt, 4 takken",Binnen,50.0,Niet brandend,Overig asfalt,Droog,Daglicht,Droog,Hoofdweg,amsterdam,POINT (118330.6400000006 487342.97300000116),POINT (4.848739827767922 52.37273684301068),4.848739827767922,52.37273684301068
290230,20210041602,2021,Letsel,2,snorfiets,unknown,Eenzijdig,Rechte weg,Binnen,15.0,Niet brandend,Klinkers,Droog,Daglicht,Droog,Ferdinand Bolstraat,amsterdam,POINT (121227.3740000017 484802.0159999989),POINT (4.891529966678722 52.35008627097283),4.891529966678722,52.35008627097283
290233,20210045941,2021,Uitsluitend materiele schade,2,bromfiets,fiets,Flank,Rotonde,Binnen,50.0,Brandend,Overig asfalt,Droog,Schemer,Droog,Surinameplein,amsterdam,POINT (118644 485775),POINT (4.853510660436153 52.358665900672904),4.853510660436153,52.358665900672904
290246,20210055409,2021,Letsel,2,brommobiel,fiets,Flank,"Kruispunt, 3 takken",Binnen,50.0,Niet brandend,Overig asfalt,Droog,Daglicht,Droog,Linnaeushof,amsterdam,POINT (124242.62469999865 484911.26779999956),POINT (4.935772848102524 52.351245201250435),4.935772848102524,52.351245201250435
290247,20210055419,2021,Uitsluitend materiele schade,2,snorfiets,personenauto,Flank,"Kruispunt, 3 takken",Binnen,30.0,Niet aanwezig,Klinkers,Nat,Daglicht,Regen,Nieuwe Laan,amsterdam,POINT (114944.6072999984 486167.81219999865),POINT (4.799160674206098 52.36193889966965),4.799160674206098,52.36193889966965
290257,20210065460,2021,Uitsluitend materiele schade,2,personenauto,fiets,Flank,"Kruispunt, 4 takken",Binnen,50.0,Niet brandend,Overig asfalt,Droog,Daglicht,Unknown,Keizersgracht,amsterdam,POINT (120821.41699999943 487469.33199999854),POINT (4.885300941531359 52.37403314460896),4.885300941531359,52.37403314460896
290403,20210049145,2021,Uitsluitend materiele schade,2,personenauto,fiets,Flank,"Kruispunt, 4 takken",Binnen,50.0,Niet brandend,Overig asfalt,Nat,Daglicht,Unknown,Amsteldijk,amsterdam,POINT (122229.49740000069 485298.95329999924),POINT (4.906189032565806 52.35461309321803),4.906189032565806,52.35461309321803
290414,20210083681,2021,Letsel,2,personenauto,snorfiets,Flank,"Kruispunt, 4 takken",Binnen,50.0,Niet brandend,Overig asfalt,Droog,Daglicht,Droog,FIETSPAD,amsterdam,POINT (122156 485445),POINT (4.905095993796829 52.355921275338254),4.905095993796829,52.355921275338254
290472,20210052858,2021,Uitsluitend materiele schade,3,bromfiets,scootmobiel,Los voorwerp,Rechte weg,Binnen,30.0,Niet brandend,Overig asfalt,Droog,Daglicht,Unknown,Javastraat,amsterdam,POINT (124095.16600000113 486294.7710000016),POINT (4.933481527238447 52.36367097080379),4.933481527238447,52.36367097080379
290530,20210051688,2021,Uitsluitend materiele schade,1,bromfiets,unknown,Onbekend,Unknown,Unknown,30.0,Unknown,Unknown,Unknown,Duisternis,Unknown,De Ruijterkade,amsterdam,POINT (121614.01799999923 488268.97199999914),POINT (4.896860212701052 52.3812684994389),4.896860212701052,52.3812684994389
290546,20210064493,2021,Uitsluitend materiele schade,2,personenauto,bromfiets,Flank,"Kruispunt, 4 takken",Binnen,Unknown,Niet brandend,Overig asfalt,Droog,Daglicht,Unknown,Haarlemmer Houttuinen,amsterdam,POINT (120803.66600000113 488673.43499999866),POINT (4.8849177301780236 52.38485363773145),4.8849177301780236,52.38485363773145
290557,20210050549,2021,Letsel,1,fiets,unknown,Eenzijdig,Unknown,Unknown,30.0,Unknown,Unknown,Unknown,Daglicht,Unknown,Utrechtsestraat,amsterdam,POINT (121713.37700000033 486264.24599999934),POINT (4.8985179950373645 52.36325746358491),4.8985179950373645,52.36325746358491
290567,20210068267,2021,Uitsluitend materiele schade,2,personenauto,fiets,Kop/staart,"Kruispunt, 4 takken",Binnen,Unknown,Niet brandend,Klinkers,Droog,Daglicht,Droog,Rokin,amsterdam,POINT (121351 487315),POINT (4.893092898691044 52.37267882544752),4.893092898691044,52.37267882544752
290568,20210068273,2021,Uitsluitend materiele schade,2,fiets,fiets,Flank,Rechte weg,Binnen,30.0,Unknown,Unknown,Nat,Duisternis,Unknown,Javastraat,amsterdam,POINT (124095.16600000113 486294.7710000016),POINT (4.933481527238447 52.36367097080379),4.933481527238447,52.36367097080379
290695,20210067624,2021,Uitsluitend materiele schade,2,bromfiets,personenauto,Onbekend,"Kruispunt, 4 takken",Binnen,50.0,Brandend,Unknown,Nat,Duisternis,Regen,Aletta Jacobslaan,amsterdam,POINT (116872.70899999887 484477.05799999833),POINT (4.8276569672053 52.346880891426146),4.8276569672053,52.346880891426146
291098,20210092470,2021,Uitsluitend materiele schade,2,snorfiets,fiets,Frontaal,"Kruispunt, 3 takken",Binnen,30.0,Brandend,Klinkers,Nat,Schemer,Regen,Retiefstraat,amsterdam,POINT (123159.9587999992 485318.7934000008),POINT (4.919844303149628 52.35484611143509),4.919844303149628,52.35484611143509
291128,20210090797,2021,Uitsluitend materiele schade,2,bromfiets,personenauto,Flank,"Kruispunt, 4 takken",Binnen,Unknown,Niet brandend,Overig asfalt,Droog,Daglicht,Droog,Jan van Galenstraat,amsterdam,POINT (119278.84059999883 487601.57140000165),POINT (4.862635452748656 52.375123432227056),4.862635452748656,52.375123432227056
291167,20210090827,2021,Letsel,2,fiets,fiets,Onbekend,Rechte weg,Binnen,50.0,Niet brandend,Beton,Nat,Daglicht,Droog,Koninginneweg,amsterdam,POINT (118888.38500000164 484995.9780000001),POINT (4.85718162556659 52.351680729415065),4.85718162556659,52.351680729415065
291169,20210093638,2021,Letsel,1,bromfiets,unknown,Eenzijdig,Rechte weg,Binnen,30.0,Brandend,Klinkers,Droog,Duisternis,Droog,Lauriergracht,amsterdam,POINT (120350.37900000066 487122.0799999982),POINT (4.878419932294863 52.37088277463535),4.878419932294863,52.37088277463535
291324,20220103332,2022,Letsel,2,motor,e-bike,Frontaal,Rechte weg,Binnen,50.0,Niet brandend,ZOAB,Droog,Daglicht,Droog,Stadionplein,amsterdam,POINT (118875.18499999866 484012.493999999),POINT (4.85709346083508 52.34284100006604),4.85709346083508,52.34284100006604
291339,20220055206,2022,Uitsluitend materiele schade,2,personenauto,fiets,Los voorwerp,"Kruispunt, 4 takken",Binnen,50.0,Brandend,Overig asfalt,Droog,Duisternis,Unknown,Da Costakade,amsterdam,POINT (120034.79600000009 486767.12099999934),POINT (4.873823106486786 52.36767265788616),4.873823106486786,52.36767265788616
291603,20220054497,2022,Uitsluitend materiele schade,2,fiets,personenauto,Flank,Rechte weg,Binnen,30.0,Brandend,Klinkers,Droog,Duisternis,Droog,Amstel,amsterdam,POINT (121915.86199999973 486326.3759999983),POINT (4.901484494572293 52.36382807859273),4.901484494572293,52.36382807859273
291604,20220054502,2022,Uitsluitend materiele schade,2,personenauto,bromfiets,Geparkeerd voertuig,Rechte weg,Binnen,30.0,Niet brandend,ZOAB,Droog,Daglicht,Droog,Zaanstraat,amsterdam,POINT (120211.50200000033 489122.01300000027),POINT (4.876173701331774 52.38884791048864),4.876173701331774,52.38884791048864
291685,20220102884,2022,Uitsluitend materiele schade,2,bromfiets,personenauto,Flank,"Kruispunt, 3 takken",Binnen,50.0,Niet brandend,ZOAB,Droog,Daglicht,Droog,L. van Sonsbeeckstraat,amsterdam,POINT (115225.75079999864 485935.3231999986),POINT (4.803315365165739 52.35986990320372),4.803315365165739,52.35986990320372
291733,20220103028,2022,Uitsluitend materiele schade,1,snorfiets,unknown,Onbekend,"Kruispunt, 4 takken",Binnen,50.0,Brandend,Overig asfalt,Droog,Duisternis,Droog,Nassaukade,amsterdam,POINT (120119.74410000071 487415.616799999),POINT (4.875003027551403 52.373506269244984),4.875003027551403,52.373506269244984
291735,20220103314,2022,Letsel,2,bromfiets,fiets,Flank,"Kruispunt, 4 takken",Binnen,30.0,Niet brandend,Klinkers,Droog,Daglicht,Droog,0069 BRUG,amsterdam,POINT (120989.04069999978 486192.03819999844),POINT (4.887891582897842 52.362564138584986),4.887891582897842,52.362564138584986
292122,20230004432,2023,Letsel,2,bromfiets,personenauto,Flank,Rechte weg,Binnen,50.0,Niet brandend,ZOAB,Nat,Daglicht,Droog,Van Boshuizenstraat,amsterdam,POINT (120391.68899999931 481996.94200000167),POINT (4.879553545771413 52.32482412238961),4.879553545771413,52.32482412238961
292337,20230065969,2023,Letsel,1,fiets,unknown,Eenzijdig,Unknown,Unknown,50.0,Unknown,Unknown,Unknown,Schemer,Unknown,De Clercqstraat,amsterdam,POINT (119614.0549999997 487061.811999999),POINT (4.867614743419443 52.370294177983176),4.867614743419443,52.370294177983176
292733,20220141980,2022,Uitsluitend materiele schade,1,fiets,unknown,Frontaal,Rechte weg,Binnen,15.0,Niet brandend,Klinkers,Droog,Schemer,Droog,Osdorper Ban,amsterdam,POINT (114877.11699999869 486161.59800000116),POINT (4.798170656910178 52.36187812572014),4.798170656910178,52.36187812572014
292746,20220177157,2022,Uitsluitend materiele schade,2,snorfiets,personenauto,Kop/staart,Rechte weg,Binnen,50.0,Niet brandend,Klinkers,Droog,Daglicht,Droog,Damrak,amsterdam,POINT (121725.39600000158 487823.48699999973),POINT (4.898540096384547 52.37727156062918),4.898540096384547,52.37727156062918
292749,20220177752,2022,Uitsluitend materiele schade,2,snorfiets,fiets,Onbekend,"Kruispunt, 4 takken",Binnen,50.0,Niet brandend,Overig asfalt,Nat,Daglicht,Regen,Weesperzijde,amsterdam,POINT (122732.67210000008 484521.4365000017),POINT (4.913649097144241 52.34765505682743),4.913649097144241,52.34765505682743
292771,20220141990,2022,Uitsluitend materiele schade,2,personenauto,fiets,Flank,Rechte weg,Binnen,50.0,Niet brandend,Overig asfalt,Droog,Daglicht,Droog,Van Woustraat,amsterdam,POINT (122038.10799999908 484940.4070000015),POINT (4.903414984015161 52.351379267927236),4.903414984015161,52.351379267927236
292789,20220177488,2022,Uitsluitend materiele schade,2,fiets,e-bike,Frontaal,Rechte weg,Binnen,30.0,Brandend,ZOAB,Droog,Duisternis,Droog,Papaverweg,amsterdam,POINT (121928.87000000104 490190.4129999988),POINT (4.901295095638462 52.3985560616437),4.901295095638462,52.3985560616437
292790,20220178113,2022,Uitsluitend materiele schade,2,personenauto,fiets,Flank,"Kruispunt, 4 takken",Binnen,30.0,Niet brandend,ZOAB,Droog,Duisternis,Droog,Dam,amsterdam,POINT (121337.39600000158 487319.4750000015),POINT (4.892892692645682 52.372718209812454),4.892892692645682,52.372718209812454
292826,20220177545,2022,Uitsluitend materiele schade,2,bromfiets,fiets,Flank,Rechte weg,Binnen,50.0,Niet brandend,Overig asfalt,Nat,Daglicht,Regen,Stadhouderskade,amsterdam,POINT (120471.6259999983 486219.34699999914),POINT (4.880292929911742 52.36277729048974),4.880292929911742,52.36277729048974
292827,20220177879,2022,Uitsluitend materiele schade,1,bromfiets,unknown,Voetganger,Rechte weg,Binnen,50.0,Niet brandend,Klinkers,Nat,Daglicht,Droog,Oudezijds Voorburgwal,amsterdam,POINT (121568.47500000149 487285.3359999992),POINT (4.896289200844388 52.37242550916187),4.896289200844388,52.37242550916187
292864,20220123445,2022,Uitsluitend materiele schade,2,personenauto,fiets,Flank,"Kruispunt, 4 takken",Binnen,30.0,Niet brandend,Klinkers,Nat,Daglicht,Regen,Zeeburgerpad,amsterdam,POINT (124503.90749999881 486651.36560000107),POINT (4.939449860368622 52.366898656848555),4.939449860368622,52.366898656848555
292938,20220123648,2022,Uitsluitend materiele schade,2,e-bike,personenauto,Flank,Rotonde,Binnen,Unknown,Niet brandend,ZOAB,Droog,Daglicht,Droog,Hugo de Grootplein,amsterdam,POINT (119981.78249999881 487556.3216000013),POINT (4.872962538863532 52.37476204002756),4.872962538863532,52.37476204002756
292939,20220123655,2022,Uitsluitend materiele schade,2,personenauto,bromfiets,Flank,"Kruispunt, 4 takken",Binnen,30.0,Niet brandend,Overig asfalt,Droog,Daglicht,Droog,Huntumpad,amsterdam,POINT (126069.59169999883 479979.11030000076),POINT (4.963010392864507 52.30701695359028),4.963010392864507,52.30701695359028
293110,20220141419,2022,Uitsluitend materiele schade,2,personenauto,fiets,Frontaal,"Kruispunt, 4 takken",Binnen,30.0,Niet brandend,Overig asfalt,Droog,Daglicht,Droog,Raadhuisstraat,amsterdam,POINT (121084 487387),POINT (4.88916507116131 52.37330948454955),4.88916507116131,52.37330948454955
293182,20220155648,2022,Uitsluitend materiele schade,2,personenauto,fiets,Flank,"Kruispunt, 4 takken",Binnen,50.0,Niet brandend,Klinkers,Nat,Daglicht,Regen,Mosveld,amsterdam,POINT (122886.87280000001 489240.64090000093),POINT (4.915461273699268 52.39007709920877),4.915461273699268,52.39007709920877