,accident_id,accident_year,outcome,num_parties,party1_type,party2_type,accident_nature,road_situation,built_up_area,speed_limit_kmh,street_lighting,road_surface,road_condition,light_condition,weather_condition,street_name,municipality,shape,geometry,longitude,latitude
293209,20220124174,2022,Uitsluitend materiele schade,2,personenauto,fiets,Flank,"Kruispunt, 3 takken",Binnen,50.0,Niet brandend,Overig asfalt,Nat,Daglicht,Droog,Schinkelkade,amsterdam,POINT (118580.97250000015 484912.27600000054),POINT (4.852678873554128 52.35090818626605),4.852678873554128,52.35090818626605
293225,20220155709,2022,Uitsluitend materiele schade,2,personenauto,bromfiets,Flank,Rechte weg,Binnen,50.0,Brandend,Overig asfalt,Droog,Duisternis,Droog,Stolwijkstraat,amsterdam,POINT (118295.65269999951 484990.95589999855),POINT (4.848482802856444 52.3515963195229),4.848482802856444,52.3515963195229
293243,20220124222,2022,Letsel,2,snorfiets,personenauto,Flank,"Kruispunt, 4 takken",Binnen,30.0,Brandend,Unknown,Nat,Schemer,Droog,President Allendelaan,amsterdam,POINT (115332.66789999977 486634.90040000156),POINT (4.804802311379114 52.36616487645111),4.804802311379114,52.36616487645111
293280,20230040178,2023,Uitsluitend materiele schade,3,fiets,unknown,Dier,Rechte weg,Binnen,30.0,Niet brandend,Klinkers,Droog,Daglicht,Droog,Kerkstraat,amsterdam,POINT (121613.20499999821 486189.2740000002),POINT (4.897054848717692 52.362577587309104),4.897054848717692,52.362577587309104
293286,20230048996,2023,Uitsluitend materiele schade,2,bromfiets,personenauto,Kop/staart,Rechte weg,Binnen,50.0,Brandend,ZOAB,Droog,Schemer,Droog,Plein '40-'45,amsterdam,POINT (116515.02600000054 488170.5240000002),POINT (4.821985212613669 52.38004996535438),4.821985212613669,52.38004996535438
293301,20230059089,2023,Uitsluitend materiele schade,2,personenauto,bromfiets,Flank,"Kruispunt, 4 takken",Binnen,30.0,Niet brandend,Klinkers,Droog,Daglicht,Droog,Prof. R. Casimirstraat,amsterdam,POINT (115548.52109999955 485078.6206),POINT (4.808153899945624 52.35219380451073),4.808153899945624,52.35219380451073
293310,20230040801,2023,Letsel,3,bromfiets,personenauto,Flank,"Kruispunt, 4 takken",Buiten,80.0,Niet brandend,Overig asfalt,Droog,Daglicht,Droog,Gooilandseweg,amsterdam,POINT (131074.09099999815 479438.43620000035),POINT (5.03642602772645 52.30239798733515),5.03642602772645,52.30239798733515
293333,20230039097,2023,Letsel,3,personenauto,fiets,Onbekend,Rechte weg,Binnen,50.0,Niet brandend,Klinkers,Droog,Daglicht,Droog,Gyroscoopweg,amsterdam,POINT (118009.1099999994 490141.1229999997),POINT (4.843710415139162 52.39786284224636),4.843710415139162,52.39786284224636
293397,20230059218,2023,Uitsluitend materiele schade,2,personenauto,fiets,Flank,"Kruispunt, 4 takken",Binnen,50.0,Niet brandend,Overig asfalt,Droog,Daglicht,Droog,Pieter Calandlaan,amsterdam,POINT (114332 484887),POINT (4.790322448604892 52.350382974664356),4.790322448604892,52.350382974664356
293408,20230040354,2023,Uitsluitend materiele schade,2,personenauto,snorfiets,Frontaal,"Kruispunt, 4 takken",Binnen,50.0,Niet brandend,Overig asfalt,Droog,Daglicht,Droog,Haarlemmer Houttuinen,amsterdam,POINT (121253.92760000005 488259.01399999857),POINT (4.891572708430962 52.38115698835864),4.891572708430962,52.38115698835864
293451,20230059697,2023,Uitsluitend materiele schade,2,bromfiets,personenauto,Flank,Rechte weg,Binnen,50.0,Niet brandend,Klinkers,Droog,Daglicht,Droog,Sarphatistraat,amsterdam,POINT (122963.68200000003 486221.23000000045),POINT (4.916877418304584 52.362945208068446),4.916877418304584,52.362945208068446
293571,20230040641,2023,Letsel,2,e-bike,voetganger,Voetganger,Rechte weg,Binnen,30.0,Niet brandend,Klinkers,Droog,Daglicht,Droog,Mauritskade,amsterdam,POINT (123492.49700000137 486436.5780000016),POINT (4.924620556770461 52.364911200440496),4.924620556770461,52.364911200440496
293597,20230049464,2023,Uitsluitend materiele schade,2,bromfiets,bromfiets,Eenzijdig,Rotonde,Binnen,50.0,Niet brandend,ZOAB,Unknown,Daglicht,Droog,Oostoever,amsterdam,POINT (117099.53539999947 487087.6383999996),POINT (4.830691494056684 52.37035850428278),4.830691494056684,52.37035850428278
293642,20220211563,2022,Uitsluitend materiele schade,2,bestelauto,bromfiets,Flank,"Kruispunt, 4 takken",Binnen,50.0,Niet brandend,Overig asfalt,Nat,Daglicht,Droog,Velserweg,amsterdam,POINT (118107.78390000015 488846.26520000026),POINT (4.845302408511265 52.38623233901139),4.845302408511265,52.38623233901139
293684,20220210909,2022,Uitsluitend materiele schade,2,bromfiets,personenauto,Flank,"Kruispunt, 4 takken",Binnen,50.0,Niet brandend,Overig asfalt,Nat,Daglicht,Droog,Bijlmerdreef,amsterdam,POINT (126216 481409),POINT (4.965034983473555 52.31987572314168),4.965034983473555,52.31987572314168
293707,20220210950,2022,Letsel,2,fiets,fiets,Flank,"Kruispunt, 4 takken",Binnen,30.0,Niet brandend,Klinkers,Droog,Daglicht,Droog,Nieuwe Amstelstraat,amsterdam,POINT (122089.2239000015 486741.8530000001),POINT (4.903988926645803 52.367572515900285),4.903988926645803,52.367572515900285
293738,20220211675,2022,Uitsluitend materiele schade,2,personenauto,e-bike,Flank,"Kruispunt, 4 takken",Binnen,30.0,Niet brandend,Overig asfalt,Nat,Daglicht,Droog,Van Ostadestraat,amsterdam,POINT (121945.56569999829 485219.51359999925),POINT (4.902029345933046 52.353882133917125),4.902029345933046,52.353882133917125
293880,20220210467,2022,Letsel,2,bromfiets,personenauto,Flank,Rotonde,Binnen,50.0,Brandend,Overig asfalt,Nat,Duisternis,Regen,Burgemeester Röellstraat,amsterdam,POINT (116353.815200001 487667.91000000015),POINT (4.8196754705497415 52.37552155087834),4.8196754705497415,52.37552155087834
293881,20220210484,2022,Uitsluitend materiele schade,2,fiets,fiets,Flank,"Kruispunt, 4 takken",Binnen,50.0,Niet brandend,Klinkers,Droog,Daglicht,Droog,Westerkade,amsterdam,POINT (120362.09070000052 487864.62000000104),POINT (4.8785153664555025 52.377556922360974),4.8785153664555025,52.377556922360974
293882,20220211169,2022,Uitsluitend materiele schade,2,personenauto,fiets,Flank,Rechte weg,Binnen,30.0,Niet brandend,Klinkers,Nat,Daglicht,Regen,Spuistraat,amsterdam,POINT (121112.26000000164 487323.1970000006),POINT (4.889586472945401 52.37273781340701),4.889586472945401,52.37273781340701
293883,20220211835,2022,Letsel,2,bromfiets,personenauto,Flank,"Kruispunt, 3 takken",Binnen,50.0,Niet brandend,Overig asfalt,Droog,Schemer,Droog,Klokkenbergweg,amsterdam,POINT (124399.31210000068 479654.32090000063),POINT (4.938549994020453 52.30400756387569),4.938549994020453,52.30400756387569
293920,20220210491,2022,Uitsluitend materiele schade,2,personenauto,fiets,Flank,Rotonde,Binnen,30.0,Brandend,Overig asfalt,Droog,Duisternis,Droog,Vlaardingenlaan,amsterdam,POINT (117682.06439999864 484471.13120000064),POINT (4.839535010295601 52.34688318344936),4.839535010295601,52.34688318344936
293921,20220210511,2022,Letsel,1,fiets,unknown,Eenzijdig,Bocht,Binnen,30.0,Brandend,Beton,Droog,Duisternis,Droog,Weteringschans,amsterdam,POINT (121056.30999999866 485918.3920000009),POINT (4.888906742926325 52.36010895715839),4.888906742926325,52.36010895715839
294175,20220210783,2022,Uitsluitend materiele schade,2,snorfiets,personenauto,Flank,"Kruispunt, 3 takken",Binnen,50.0,Niet brandend,ZOAB,Droog,Daglicht,Droog,Ookmeerweg,amsterdam,POINT (115258.49500000104 486640.94000000134),POINT (4.8037126334059215 52.36621379338372),4.8037126334059215,52.36621379338372
294625,20230111622,2023,Uitsluitend materiele schade,4,bromfiets,vrachtauto,Flank,Rechte weg,Binnen,30.0,Niet aanwezig,Overig asfalt,Droog,Daglicht,Droog,Admiraal De Ruijterweg,amsterdam,POINT (118192.39699999988 488661.81799999997),POINT (4.846565432375951 52.38458035286413),4.846565432375951,52.38458035286413
294640,20230067092,2023,Uitsluitend materiele schade,2,personenauto,fiets,Flank,"Kruispunt, 4 takken",Binnen,50.0,Niet brandend,Overig asfalt,Droog,Daglicht,Droog,Klaprozenweg,amsterdam,POINT (122302.78079999983 490182.00759999827),POINT (4.9067895453748385 52.398502927685044),4.9067895453748385,52.398502927685044
294641,20230067496,2023,Letsel,1,fiets,unknown,Eenzijdig,Rechte weg,Binnen,30.0,Niet brandend,ZOAB,Droog,Daglicht,Droog,Marnixstraat,amsterdam,POINT (120359.18299999833 486785.8269999996),POINT (4.878583852957302 52.36786132992395),4.878583852957302,52.36786132992395
294741,20230023797,2023,Uitsluitend materiele schade,2,personenauto,bromfiets,Kop/staart,Rechte weg,Binnen,50.0,Brandend,Overig asfalt,Nat,Duisternis,Regen,Overtoom,amsterdam,POINT (120068.87999999896 486201.80700000003),POINT (4.874382260170822 52.362594189444394),4.874382260170822,52.362594189444394
294785,20230077600,2023,Uitsluitend materiele schade,2,bromfiets,personenauto,Flank,"Kruispunt, 4 takken",Binnen,30.0,Brandend,Overig asfalt,Droog,Duisternis,Droog,Pieter Calandlaan,amsterdam,POINT (114332 484887),POINT (4.790322448604892 52.350382974664356),4.790322448604892,52.350382974664356
294898,20230020630,2023,Letsel,2,bromfiets,personenauto,Onbekend,"Kruispunt, 4 takken",Binnen,50.0,Brandend,Klinkers,Droog,Schemer,Droog,Gerrit van der Veenstr,amsterdam,POINT (119831.31399999931 484668.565200001),POINT (4.871054993552794 52.34879933136592),4.871054993552794,52.34879933136592
294919,20230078460,2023,Letsel,2,bestelauto,bromfiets,Flank,"Kruispunt, 3 takken",Buiten,50.0,Niet brandend,ZOAB,Droog,Daglicht,Droog,Zijkanaal H-weg,amsterdam,POINT (119411.01249999925 493696.20589999855),POINT (4.863929984086227 52.429905732691374),4.863929984086227,52.429905732691374
294980,20230024135,2023,Uitsluitend materiele schade,2,personenauto,bromfiets,Onbekend,Rechte weg,Binnen,50.0,Niet brandend,Overig asfalt,Droog,Daglicht,Droog,Ceintuurbaan,amsterdam,POINT (121319.80999999866 485122.8660000004),POINT (4.892854467245355 52.35297552886028),4.892854467245355,52.35297552886028
294981,20230024767,2023,Uitsluitend materiele schade,2,personenauto,fiets,Frontaal,"Kruispunt, 3 takken",Binnen,30.0,Niet brandend,Overig asfalt,Nat,Daglicht,Regen,Liergouw,amsterdam,POINT (126694.61080000177 488372.88049999997),POINT (4.97146871489301 52.382487806230586),4.97146871489301,52.382487806230586
295024,20230024219,2023,Letsel,3,bestelauto,fiets,Onbekend,"Kruispunt, 4 takken",Binnen,Unknown,Niet brandend,Klinkers,Droog,Daglicht,Droog,Maasstraat,amsterdam,POINT (121489.43200000003 484157.01110000163),POINT (4.895440228153606 52.34430543656159),4.895440228153606,52.34430543656159
295076,20230097471,2023,Letsel,2,bromfiets,voetganger,Voetganger,Rechte weg,Binnen,50.0,Brandend,ZOAB,Nat,Schemer,Regen,Abcouderpad,amsterdam,POINT (125623.21599999815 480128.56700000167),POINT (4.956452542359394 52.30833654015389),4.956452542359394,52.30833654015389
295123,20230087589,2023,Letsel,2,personenauto,fiets,Flank,"Kruispunt, 4 takken",Binnen,50.0,Niet brandend,Overig asfalt,Nat,Daglicht,Regen,Alexanderplein,amsterdam,POINT (123106.36199999973 486281.7019999996),POINT (4.918966308299095 52.36349699299695),4.918966308299095,52.36349699299695
295212,20230088325,2023,Uitsluitend materiele schade,2,personenauto,bromfiets,Onbekend,"Kruispunt, 3 takken",Binnen,Unknown,Brandend,Overig asfalt,Nat,Schemer,Unknown,Julianaplein,amsterdam,POINT (123167.41050000116 484299.54879999906),POINT (4.920050097134472 52.34568622472258),4.920050097134472,52.34568622472258
295238,20230097112,2023,Uitsluitend materiele schade,2,snorfiets,fiets,Flank,"Kruispunt, 4 takken",Binnen,30.0,Brandend,Klinkers,Nat,Duisternis,Droog,Linnaeusstraat,amsterdam,POINT (123439 486104),POINT (4.923866368444891 52.36191913739694),4.923866368444891,52.36191913739694
295482,20210077479,2021,Letsel,2,personenauto,fiets,Geparkeerd voertuig,Rechte weg,Binnen,50.0,Niet brandend,Klinkers,Droog,Daglicht,Droog,Bastenakenstraat,amsterdam,POINT (116104.2899999991 484051.6259999983),POINT (4.816429523949984 52.34300357649398),4.816429523949984,52.34300357649398
295587,20210078905,2021,Letsel,2,bromfiets,personenauto,Onbekend,Rechte weg,Binnen,50.0,Unknown,Overig asfalt,Droog,Duisternis,Droog,Jan Evertsenstraat,amsterdam,POINT (118752.3590000011 487123.4919999987),POINT (4.854955894945622 52.37079231199226),4.854955894945622,52.37079231199226
295639,20210019551,2021,Uitsluitend materiele schade,2,personenauto,bromfiets,Flank,"Kruispunt, 4 takken",Binnen,50.0,Niet aanwezig,Overig asfalt,Droog,Daglicht,Droog,Bijlmerdreef,amsterdam,POINT (126007.97700000182 481307.6730000004),POINT (4.961992747955515 52.31895412530931),4.961992747955515,52.31895412530931
295673,20210021480,2021,Uitsluitend materiele schade,2,personenauto,fiets,Frontaal,Rechte weg,Binnen,50.0,Niet brandend,Overig asfalt,Droog,Daglicht,Droog,Aalbersestraat,amsterdam,POINT (114886.59899999946 488386.3990000002),POINT (4.798044325945871 52.38187350086094),4.798044325945871,52.38187350086094
295696,20210015758,2021,Uitsluitend materiele schade,2,personenauto,fiets,Flank,"Kruispunt, 4 takken",Binnen,50.0,Niet brandend,Overig asfalt,Droog,Daglicht,Droog,Willem de Zwijgerlaan,amsterdam,POINT (119296.50470000133 487528.67269999906),POINT (4.86290258623726 52.37446942202595),4.86290258623726,52.37446942202595
295739,20210023015,2021,Uitsluitend materiele schade,2,personenauto,fiets,Flank,"Kruispunt, 3 takken",Binnen,Unknown,Brandend,Klinkers,Nat,Duisternis,Droog,Prinsengracht,amsterdam,POINT (120626.6165000014 487070.0245999992),POINT (4.882481290473629 52.37043229773778),4.882481290473629,52.37043229773778
295745,20210024364,2021,Uitsluitend materiele schade,2,fiets,e-bike,Kop/staart,Rotonde,Binnen,Unknown,Niet brandend,Overig asfalt,Droog,Daglicht,Droog,Adelaarsweg,amsterdam,POINT (123508.94200000167 489294.26900000125),POINT (4.924594177350397 52.390595113659295),4.924594177350397,52.390595113659295
295762,20210023977,2021,Uitsluitend materiele schade,1,bromfiets,unknown,Frontaal,Rechte weg,Binnen,50.0,Niet brandend,Overig asfalt,Droog,Daglicht,Droog,Zuiderzeeweg,amsterdam,POINT (126400.34600000083 487948.88500000164),POINT (4.96718289992932 52.378661959382114),4.96718289992932,52.378661959382114
295917,20210029136,2021,Uitsluitend materiele schade,2,bromfiets,personenauto,Onbekend,"Kruispunt, 4 takken",Binnen,50.0,Niet brandend,Overig asfalt,Nat,Daglicht,Regen,Stekkenbergweg,amsterdam,POINT (124813.00879999995 478690.2175000012),POINT (4.944701521510548 52.29536556001538),4.944701521510548,52.29536556001538
296032,20210009168,2021,Uitsluitend materiele schade,3,bromfiets,personenauto,Flank,"Kruispunt, 4 takken",Binnen,50.0,Niet brandend,Overig asfalt,Droog,Daglicht,Droog,Middenweg,amsterdam,POINT (125377 483664),POINT (4.95253157552314 52.34009782860926),4.95253157552314,52.34009782860926
296118,20210052589,2021,Uitsluitend materiele schade,1,bromfiets,unknown,Voetganger,Rechte weg,Binnen,50.0,Niet brandend,Overig asfalt,Nat,Daglicht,Droog,Osdorpplein,amsterdam,POINT (115209.25800000131 485894.7729999982),POINT (4.8030780593398195 52.35950427575019),4.8030780593398195,52.35950427575019
296135,20210084045,2021,Letsel,2,personenauto,fiets,Flank,"Kruispunt, 4 takken",Binnen,50.0,Niet brandend,Overig asfalt,Droog,Daglicht,Droog,Speerstraat,amsterdam,POINT (119279.7974999994 484698.8753999993),POINT (4.86295782900352 52.349036164727636),4.86295782900352,52.349036164727636
296138,20210065461,2021,Uitsluitend materiele schade,2,personenauto,fiets,Flank,Bocht,Binnen,30.0,Brandend,Overig asfalt,Nat,Duisternis,Regen,Waterlooplein,amsterdam,POINT (121955.66600000113 486644.4690000005),POINT (4.90203758976861 52.366689276338505),4.90203758976861,52.366689276338505
296160,20210054770,2021,Uitsluitend materiele schade,2,snorfiets,bestelauto,Kop/staart,"Kruispunt, 4 takken",Binnen,50.0,Brandend,Overig asfalt,Nat,Duisternis,Droog,Daguerrestraat,amsterdam,POINT (128002.71730000153 485602.8808000013),POINT (4.990903537296015 52.357658614027144),4.990903537296015,52.357658614027144
296205,20210081694,2021,Letsel,2,personenauto,bromfiets,Flank,"Kruispunt, 4 takken",Binnen,50.0,Niet brandend,Overig asfalt,Droog,Daglicht,Droog,Rijnstraat,amsterdam,POINT (122311.08879999816 483704.6653999984),POINT (4.907541467759607 52.34028952678348),4.907541467759607,52.34028952678348
296227,20210042931,2021,Uitsluitend materiele schade,2,bromfiets,fiets,Flank,Rechte weg,Binnen,50.0,Brandend,Overig asfalt,Nat,Duisternis,Unknown,Van Woustraat,amsterdam,POINT (121786.88699999824 485560.7250000015),POINT (4.8996666441349355 52.356939144243725),4.8996666441349355,52.356939144243725
296278,20210071189,2021,Uitsluitend materiele schade,2,bestelauto,fiets,Flank,"Kruispunt, 3 takken",Binnen,50.0,Niet brandend,Overig asfalt,Droog,Daglicht,Droog,Van Reigersbergenstraat,amsterdam,POINT (119875.16849999875 487582.1629000008),POINT (4.871394274352922 52.37498747306687),4.871394274352922,52.37498747306687
296282,20210041160,2021,Uitsluitend materiele schade,1,bromfiets,unknown,Onbekend,Unknown,Unknown,50.0,Unknown,Unknown,Unknown,Daglicht,Unknown,Hoofdweg,amsterdam,POINT (118637 486052),POINT (4.853377957884387 52.36115491081843),4.853377957884387,52.36115491081843
296300,20210088653,2021,Letsel,2,snorfiets,personenauto,Flank,"Kruispunt, 4 takken",Buiten,50.0,Niet brandend,ZOAB,Droog,Daglicht,Droog,Dortmuiden,amsterdam,POINT (113576.13659999892 490146.2725000009),POINT (4.778581012389095 52.39759237326522),4.778581012389095,52.39759237326522
296345,20210041874,2021,Uitsluitend materiele schade,2,bestelauto,snorfiets,Flank,Rechte weg,Binnen,50.0,Niet brandend,Beton,Droog,Daglicht,Droog,Bestevâerstraat,amsterdam,POINT (119072.53489999846 487561.1832000017),POINT (4.859610273068408 52.3747469934787),4.859610273068408,52.3747469934787
296426,20210064499,2021,Uitsluitend materiele schade,2,personenauto,bromfiets,Flank,"Kruispunt, 4 takken",Binnen,50.0,Brandend,Unknown,Nat,Duisternis,Regen,Van Woustraat,amsterdam,POINT (121780.98429999873 485586.4503000006),POINT (4.899577460508502 52.35716998903969),4.899577460508502,52.35716998903969
296438,20210045076,2021,Uitsluitend materiele schade,2,bromfiets,personenauto,Flank,Rechte weg,Binnen,50.0,Niet brandend,Overig asfalt,Droog,Daglicht,Droog,Asterweg,amsterdam,POINT (122040.61899999902 489531.03400000185),POINT (4.903001687968614 52.392636774982606),4.903001687968614,52.392636774982606
296458,20210065108,2021,Uitsluitend materiele schade,2,bromfiets,los voorwerp,Los voorwerp,Rechte weg,Binnen,50.0,Brandend,Overig asfalt,Droog,Duisternis,Droog,Statenjachtstraat,amsterdam,POINT (122919.48299999908 491103.90100000054),POINT (4.915762224442025 52.406824623896796),4.915762224442025,52.406824623896796
296492,20210038309,2021,Letsel,2,personenauto,fiets,Flank,"Kruispunt, 4 takken",Binnen,30.0,Niet aanwezig,Klinkers,Nat,Daglicht,Unknown,Fagelstraat,amsterdam,POINT (120229.98959999904 488171.43569999933),POINT (4.876543665719539 52.38030600553967),4.876543665719539,52.38030600553967
296517,20210064796,2021,Letsel,2,fiets,personenauto,Frontaal,Rechte weg,Binnen,50.0,Niet brandend,Overig asfalt,Nat,Daglicht,Regen,Guido Gezellestraat,amsterdam,POINT (120625.63919999823 484252.3830999993),POINT (4.882754886733312 52.34510922920054),4.882754886733312,52.34510922920054
296537,20210050068,2021,Uitsluitend materiele schade,2,snorfiets,dier,Dier,Rechte weg,Binnen,30.0,Niet brandend,Overig asfalt,Droog,Daglicht,Droog,Olympisch Stadion,amsterdam,POINT (118581.95100000128 484031.8269999996),POINT (4.852788508713022 52.342995399474916),4.852788508713022,52.342995399474916
296545,20210058763,2021,Uitsluitend materiele schade,2,personenauto,fiets,Flank,"Kruispunt, 4 takken",Binnen,50.0,Niet brandend,Klinkers,Droog,Daglicht,Droog,Nieuwmarkt,amsterdam,POINT (121852.52499999851 487246.01399999857),POINT (4.9004639801592385 52.372089329740064),4.9004639801592385,52.372089329740064
296562,20210068739,2021,Uitsluitend materiele schade,2,personenauto,fiets,Flank,"Kruispunt, 3 takken",Binnen,50.0,Niet brandend,Overig asfalt,Droog,Daglicht,Droog,Sloterweg,amsterdam,POINT (115459.66930000111 483877.4998999983),POINT (4.806990958622871 52.34139266384527),4.806990958622871,52.34139266384527
296822,20210091207,2021,Uitsluitend materiele schade,2,personenauto,fiets,Onbekend,"Kruispunt, 4 takken",Binnen,50.0,Niet aanwezig,Overig asfalt,Droog,Daglicht,Droog,Insulindeweg,amsterdam,POINT (124797 486121),POINT (4.943800661702887 52.36214826606816),4.943800661702887,52.36214826606816
296852,20210091222,2021,Letsel,2,personenauto,fiets,Flank,"Kruispunt, 3 takken",Binnen,Unknown,Brandend,Overig asfalt,Nat,Duisternis,Droog,Jozef Israëlskade,amsterdam,POINT (122463.84459999949 484792.58139999956),POINT (4.909677701997706 52.35007608127956),4.909677701997706,52.35007608127956
296853,20210091233,2021,Uitsluitend materiele schade,2,personenauto,fiets,Kop/staart,Rechte weg,Binnen,50.0,Brandend,Overig asfalt,Nat,Schemer,Droog,Weteringschans,amsterdam,POINT (121684.01900000125 485831.75),POINT (4.898129845599996 52.35936870503188),4.898129845599996,52.35936870503188
297201,20220080641,2022,Uitsluitend materiele schade,2,bromfiets,fiets,Frontaal,"Kruispunt, 4 takken",Binnen,50.0,Niet brandend,Unknown,Droog,Daglicht,Droog,Kerkstraat,amsterdam,POINT (121271.43510000035 486232.1684000008),POINT (4.892033222790585 52.362942213353975),4.892033222790585,52.362942213353975
297214,20220016497,2022,Uitsluitend materiele schade,2,snorfiets,personenauto,Kop/staart,Rechte weg,Binnen,50.0,Niet brandend,Overig asfalt,Nat,Daglicht,Droog,Rozengracht,amsterdam,POINT (120404 487360),POINT (4.879182768063894 52.3730244081283),4.879182768063894,52.3730244081283
297242,20220081503,2022,Uitsluitend materiele schade,2,personenauto,fiets,Flank,"Kruispunt, 4 takken",Binnen,50.0,Niet brandend,Overig asfalt,Droog,Daglicht,Droog,Beethovenstraat,amsterdam,POINT (120340.19179999828 484841.22949999943),POINT (4.878505412464527 52.350383452214),4.878505412464527,52.350383452214
297276,20220016751,2022,Uitsluitend materiele schade,1,bromfiets,unknown,Onbekend,Rechte weg,Binnen,50.0,Brandend,Overig asfalt,Droog,Duisternis,Droog,Kaapstadweg,amsterdam,POINT (110942.09899999946 491013.6330000013),POINT (4.7397686298609045 52.40518220528561),4.7397686298609045,52.40518220528561
297405,20220036094,2022,Letsel,2,fiets,fiets,Onbekend,Rechte weg,Binnen,50.0,Brandend,Overig asfalt,Droog,Duisternis,Droog,Admiraal De Ruijterweg,amsterdam,POINT (118995.97399999946 487558.07499999925),POINT (4.8584863567344545 52.37471404460115),4.8584863567344545,52.37471404460115
297488,20220055741,2022,Letsel,2,personenauto,bromfiets,Geparkeerd voertuig,Rechte weg,Binnen,50.0,Niet brandend,Overig asfalt,Droog,Daglicht,Droog,IJburglaan,amsterdam,POINT (128227.39400000125 485405.0150000006),POINT (4.994217301982137 52.355891305075765),4.994217301982137,52.355891305075765
297542,20220102526,2022,Uitsluitend materiele schade,2,personenauto,fiets,Frontaal,Rotonde,Binnen,50.0,Brandend,Overig asfalt,Nat,Duisternis,Droog,Strandvlietpad,amsterdam,POINT (124598.08619999886 481040.4433000013),POINT (4.941339279325993 52.31647629176105),4.941339279325993,52.31647629176105
297560,20220055835,2022,Uitsluitend materiele schade,2,personenauto,fiets,Flank,"Kruispunt, 3 takken",Binnen,30.0,Niet brandend,ZOAB,Droog,Daglicht,Droog,Keienbergweg,amsterdam,POINT (124081.28500000015 480173.9829999991),POINT (4.93383971845003 52.3086602242363),4.93383971845003,52.3086602242363
297585,20220015329,2022,Letsel,2,personenauto,fiets,Kop/staart,"Kruispunt, 4 takken",Binnen,30.0,Niet brandend,Klinkers,Nat,Daglicht,Droog,A. Reitsmakade,amsterdam,POINT (114091.76379999891 484955.28649999946),POINT (4.786788399091789 52.350978845997325),4.786788399091789,52.350978845997325
297603,20220102414,2022,Uitsluitend materiele schade,3,bromfiets,snorfiets,Onbekend,"Kruispunt, 4 takken",Binnen,30.0,Niet brandend,Klinkers,Droog,Daglicht,Droog,Damstraat,amsterdam,POINT (121525.60110000148 487230.20270000026),POINT (4.895665145055863 52.37192739815452),4.895665145055863,52.37192739815452
297606,20220102954,2022,Uitsluitend materiele schade,2,bromfiets,personenauto,Flank,"Kruispunt, 3 takken",Binnen,30.0,Brandend,Overig asfalt,Droog,Duisternis,Droog,Singel,amsterdam,POINT (121037.56399999931 487376.6799999997),POINT (4.888484249648395 52.37321386577753),4.888484249648395,52.37321386577753
297641,20220103070,2022,Uitsluitend materiele schade,2,fiets,fiets,Flank,"Kruispunt, 4 takken",Binnen,50.0,Niet brandend,Beton,Droog,Daglicht,Droog,President Kennedylaan,amsterdam,POINT (121625.32919999957 483783.2291000001),POINT (4.897471492907235 52.34095439615934),4.897471492907235,52.34095439615934
297642,20220103320,2022,Letsel,2,bestelauto,fiets,Flank,"Kruispunt, 4 takken",Binnen,50.0,Niet brandend,Overig asfalt,Droog,Daglicht,Droog,Zeilstraat,amsterdam,POINT (118818 484966),POINT (4.856151826845438 52.35140667822232),4.856151826845438,52.35140667822232
297658,20220015752,2022,Uitsluitend materiele schade,2,bromfiets,personenauto,Flank,"Kruispunt, 4 takken",Binnen,50.0,Niet brandend,Overig asfalt,Droog,Daglicht,Droog,Willem Heselaarsstraat,amsterdam,POINT (114892.35550000146 485042.01630000025),POINT (4.798527855177583 52.351817327612686),4.798527855177583,52.351817327612686
297928,20230003952,2023,Uitsluitend materiele schade,2,bromfiets,personenauto,Flank,Rotonde,Binnen,50.0,Niet brandend,Overig asfalt,Droog,Daglicht,Droog,FIETSPAD,amsterdam,POINT (117564.7426000014 487002.81280000135),POINT (4.837531524049875 52.369628066347275),4.837531524049875,52.369628066347275
298547,20210066643,2021,Letsel,2,e-bike,fiets,Flank,"Kruispunt, 4 takken",Binnen,50.0,Niet brandend,ZOAB,Droog,Daglicht,Droog,0348 BRUG,amsterdam,POINT (118535.84180000052 484917.63219999894),POINT (4.852015933410769 52.3509533308633),4.852015933410769,52.3509533308633
298637,20220177272,2022,Uitsluitend materiele schade,2,fiets,fiets,Frontaal,Rechte weg,Binnen,50.0,Niet brandend,ZOAB,Droog,Daglicht,Droog,Wibautstraat,amsterdam,POINT (122601.47300000116 485340.23600000143),POINT (4.911644844494611 52.35500617513706),4.911644844494611,52.35500617513706
298638,20220177679,2022,Letsel,1,fiets,unknown,Eenzijdig,Rechte weg,Binnen,30.0,Brandend,Overig asfalt,Droog,Duisternis,Droog,Sarphatistraat,amsterdam,POINT (123528.70399999991 486658.75400000066),POINT (4.925131324855314 52.366910046813075),4.925131324855314,52.366910046813075