,accident_id,accident_year,outcome,num_parties,party1_type,party2_type,accident_nature,road_situation,built_up_area,speed_limit_kmh,street_lighting,road_surface,road_condition,light_condition,weather_condition,street_name,municipality,shape,geometry,longitude,latitude
298709,20220178083,2022,Letsel,2,personenauto,bromfiets,Flank,"Kruispunt, 4 takken",Binnen,50.0,Brandend,Overig asfalt,Droog,Duisternis,Droog,Radarweg,amsterdam,POINT (117451.67749999836 489691.0789999999),POINT (4.835570957901807 52.39378035401911),4.835570957901807,52.39378035401911
298737,20220177843,2022,Uitsluitend materiele schade,2,personenauto,fiets,Frontaal,"Rechte weg, gescheiden rijbanen",Binnen,50.0,Niet brandend,ZOAB,Droog,Daglicht,Droog,Stadionplein,amsterdam,POINT (118850.37799999863 484150.61499999836),POINT (4.856714614096774 52.34408070415995),4.856714614096774,52.34408070415995
298738,20220177858,2022,Uitsluitend materiele schade,2,bromfiets,fiets,Flank,"Kruispunt, 4 takken",Binnen,50.0,Niet brandend,Overig asfalt,Droog,Daglicht,Droog,Pieter Calandlaan,amsterdam,POINT (114519.26909999922 484935.0359000005),POINT (4.793065064792423 52.35082851185563),4.793065064792423,52.35082851185563
298776,20220178253,2022,Uitsluitend materiele schade,2,bestelauto,bromfiets,Flank,"Kruispunt, 4 takken",Binnen,30.0,Brandend,Klinkers,Nat,Duisternis,Regen,Leidsegracht,amsterdam,POINT (120509.29639999941 486532.69299999997),POINT (4.880813807484139 52.36559578937416),4.880813807484139,52.36559578937416
298826,20220142342,2022,Letsel,2,snorfiets,bromfiets,Frontaal,Rechte weg,Binnen,50.0,Brandend,Overig asfalt,Droog,Duisternis,Droog,Bos en Lommerweg,amsterdam,POINT (118639.1259999983 488131.4629999995),POINT (4.853184225465642 52.37984370415305),4.853184225465642,52.37984370415305
298942,20220155323,2022,Letsel,2,fiets,fiets,Flank,"Kruispunt, 3 takken",Binnen,Unknown,Niet brandend,Overig asfalt,Droog,Daglicht,Unknown,Rokin,amsterdam,POINT (121363 486733),POINT (4.8933273415712755 52.36744895436849),4.8933273415712755,52.36744895436849
299069,20220124087,2022,Uitsluitend materiele schade,1,bromfiets,unknown,Eenzijdig,Rechte weg,Binnen,50.0,Niet brandend,Overig asfalt,Nat,Daglicht,Unknown,Zeilstraat,amsterdam,POINT (118748.24599999934 484932.73900000006),POINT (4.855131655489611 52.35110315443822),4.855131655489611,52.35110315443822
299070,20220124092,2022,Uitsluitend materiele schade,2,trein/tram,bromfiets,Flank,"Kruispunt, 4 takken",Binnen,50.0,Niet brandend,Overig asfalt,Droog,Daglicht,Droog,Slotermeerlaan,amsterdam,POINT (116421.39999999851 488106.1713999994),POINT (4.820617604947702 52.379465045004245),4.820617604947702,52.379465045004245
299071,20220124100,2022,Uitsluitend materiele schade,2,snorfiets,fiets,Frontaal,Rechte weg,Binnen,30.0,Niet brandend,Overig asfalt,Droog,Daglicht,Droog,Pieter Calandlaan,amsterdam,POINT (115752.76900000125 485316.09800000116),POINT (4.811123905745865 52.35434269571558),4.811123905745865,52.35434269571558
299076,20220141506,2022,Letsel,2,personenauto,bromfiets,Geparkeerd voertuig,Rechte weg,Binnen,30.0,Niet brandend,Overig asfalt,Droog,Daglicht,Droog,Orteliuskade,amsterdam,POINT (118373.77299999818 486770.3379999995),POINT (4.849435574395172 52.367593310371475),4.849435574395172,52.367593310371475
299101,20220124133,2022,Uitsluitend materiele schade,3,snorfiets,bromfiets,Onbekend,"Kruispunt, 4 takken",Binnen,50.0,Niet brandend,Overig asfalt,Droog,Daglicht,Droog,Pieter Calandlaan,amsterdam,POINT (115002.18349999934 485055.01139999926),POINT (4.800138219791229 52.35194212344627),4.800138219791229,52.35194212344627
299144,20220141742,2022,Letsel,2,bus,fiets,Flank,"Kruispunt, 4 takken",Binnen,50.0,Niet brandend,Overig asfalt,Droog,Daglicht,Droog,Van Baerlestraat,amsterdam,POINT (120359 485701),POINT (4.87869291933363 52.358111660850895),4.87869291933363,52.358111660850895
299284,20230040274,2023,Uitsluitend materiele schade,2,fiets,overig vast object,Vast voorwerp,"Kruispunt, 4 takken",Binnen,Unknown,Niet brandend,Unknown,Droog,Daglicht,Droog,Buitenveldertselaan,amsterdam,POINT (119675 482906),POINT (4.868945902987236 52.33294856583028),4.868945902987236,52.33294856583028
299324,20230049077,2023,Uitsluitend materiele schade,2,personenauto,fiets,Frontaal,"Kruispunt, 3 takken",Binnen,30.0,Niet brandend,Klinkers,Droog,Daglicht,Droog,Irawan Soejonostraat,amsterdam,POINT (113901.6697999984 485081.7520000003),POINT (4.7839830631745235 52.3521012304945),4.7839830631745235,52.3521012304945
299370,20230049713,2023,Uitsluitend materiele schade,1,bromfiets,unknown,Voetganger,Rechte weg,Binnen,30.0,Niet brandend,Klinkers,Droog,Daglicht,Droog,Akbarstraat,amsterdam,POINT (117840.08100000024 488051.58199999854),POINT (4.841458255979334 52.379072294320174),4.841458255979334,52.379072294320174
299492,20230048860,2023,Uitsluitend materiele schade,2,personenauto,fiets,Frontaal,"Kruispunt, 4 takken",Binnen,50.0,Brandend,Overig asfalt,Droog,Duisternis,Droog,Kwakersplein,amsterdam,POINT (119836.6667000018 486907.34739999846),POINT (4.8708994926456715 52.36892026154629),4.8708994926456715,52.36892026154629
299517,20230040112,2023,Letsel,1,fiets,unknown,Eenzijdig,"Kruispunt, 4 takken",Binnen,Unknown,Niet aanwezig,Overig asfalt,Droog,Daglicht,Droog,Ookmeerweg,amsterdam,POINT (114164.79879999906 486277.8867000006),POINT (4.787699720699647 52.362870739875916),4.787699720699647,52.362870739875916
299523,20230050595,2023,Letsel,3,fiets,personenauto,Onbekend,Rechte weg,Binnen,30.0,Brandend,Overig asfalt,Droog,Schemer,Droog,Kerkstraat,amsterdam,POINT (120768.08900000155 486568.9549999982),POINT (4.884609552653996 52.365937876749506),4.884609552653996,52.365937876749506
299569,20220210901,2022,Letsel,2,bromfiets,fiets,Flank,"Kruispunt, 4 takken",Binnen,Unknown,Niet brandend,Overig asfalt,Droog,Duisternis,Droog,Gulden Kruis,amsterdam,POINT (126318.43499999866 481218.18200000003),POINT (4.966553575423014 52.318166104845666),4.966553575423014,52.318166104845666
299592,20220211610,2022,Uitsluitend materiele schade,2,personenauto,bromfiets,Flank,"Kruispunt, 3 takken",Binnen,50.0,Niet brandend,ZOAB,Nat,Schemer,Droog,Wibautstraat,amsterdam,POINT (122472.9151000008 485747.92880000174),POINT (4.909718457332313 52.35866265226398),4.909718457332313,52.35866265226398
299624,20220210967,2022,Uitsluitend materiele schade,2,personenauto,fiets,Onbekend,"Kruispunt, 4 takken",Binnen,30.0,Brandend,Beton,Droog,Duisternis,Unknown,Trompenburgstraat,amsterdam,POINT (122215.6864 484110.8990000002),POINT (4.90610206050629 52.343934812596245),4.90610206050629,52.343934812596245
299658,20220211683,2022,Uitsluitend materiele schade,2,personenauto,fiets,Flank,"Kruispunt, 4 takken",Binnen,50.0,Niet brandend,ZOAB,Droog,Daglicht,Droog,Burgemeester Röellstraat,amsterdam,POINT (115865.96229999885 487791.79890000075),POINT (4.812497144451607 52.3766004099087),4.812497144451607,52.3766004099087
299695,20220211033,2022,Uitsluitend materiele schade,2,personenauto,fiets,Frontaal,Rechte weg,Binnen,30.0,Niet brandend,ZOAB,Nat,Daglicht,Regen,Parlevinkerpad,amsterdam,POINT (122918.24599999934 491060.7809999995),POINT (4.915748169634814 52.40643702122946),4.915748169634814,52.40643702122946
299766,20220211114,2022,Uitsluitend materiele schade,2,personenauto,fiets,Flank,"Kruispunt, 4 takken",Binnen,30.0,Brandend,Beton,Droog,Duisternis,Droog,Bloemgracht,amsterdam,POINT (120206.20100000128 487469.3680000007),POINT (4.8762669961352305 52.37399483073155),4.8762669961352305,52.37399483073155
299845,20220211934,2022,Letsel,2,personenauto,fiets,Flank,Rechte weg,Binnen,50.0,Niet brandend,Overig asfalt,Nat,Schemer,Droog,Leeuwenveldseweg,amsterdam,POINT (131402.55799999833 480769.5700000003),POINT (5.041148468757373 52.31437579284825),5.041148468757373,52.31437579284825
299946,20220212042,2022,Uitsluitend materiele schade,2,personenauto,bromfiets,Flank,Rechte weg,Binnen,50.0,Brandend,Beton,Nat,Duisternis,Droog,Nassaukade,amsterdam,POINT (120330.3759999983 486566.3370000012),POINT (4.87818353860736 52.3658868930514),4.87818353860736,52.3658868930514
299947,20220212065,2022,Uitsluitend materiele schade,2,personenauto,fiets,Flank,"Kruispunt, 3 takken",Binnen,30.0,Brandend,Klinkers,Nat,Duisternis,Droog,Hemonystraat,amsterdam,POINT (121943.44330000132 485662.567400001),POINT (4.901954657496992 52.35786387744737),4.901954657496992,52.35786387744737
300015,20220210747,2022,Uitsluitend materiele schade,2,snorfiets,personenauto,Flank,"Kruispunt, 4 takken",Binnen,50.0,Niet brandend,Overig asfalt,Droog,Daglicht,Droog,Tussen Meer,amsterdam,POINT (114599.40680000186 485614.0471000001),POINT (4.794159649077016 52.35693682314924),4.794159649077016,52.35693682314924
300016,20220212138,2022,Uitsluitend materiele schade,2,bromfiets,personenauto,Flank,Rechte weg,Binnen,50.0,Brandend,Overig asfalt,Nat,Schemer,Regen,Insulindeweg,amsterdam,POINT (124380.78500000015 486017.30999999866),POINT (4.937699920064701 52.36119332511579),4.937699920064701,52.36119332511579
300476,20230023113,2023,Uitsluitend materiele schade,2,bromfiets,overig vast object,Vast voorwerp,Rechte weg,Binnen,50.0,Brandend,Unknown,Nat,Duisternis,Regen,Gulden Winckelplantsoen,amsterdam,POINT (118234.71599999815 487963.58999999985),POINT (4.847263410660104 52.37830805869515),4.847263410660104,52.37830805869515
300491,20230067136,2023,Uitsluitend materiele schade,2,bromfiets,personenauto,Flank,"Kruispunt, 4 takken",Binnen,50.0,Niet aanwezig,Overig asfalt,Droog,Daglicht,Droog,Tourniairestraat,amsterdam,POINT (116633.4215000011 485512.061999999),POINT (4.82402738065347 52.35616607505064),4.82402738065347,52.35616607505064
300502,20230020350,2023,Uitsluitend materiele schade,3,bromfiets,personenauto,Kop/staart,"Kruispunt, 4 takken",Binnen,50.0,Niet brandend,Overig asfalt,Nat,Daglicht,Droog,Van Nijenrodeweg,amsterdam,POINT (119653.61499999836 482340.6009999998),POINT (4.868691503355097 52.32786575862152),4.868691503355097,52.32786575862152
300503,20230024316,2023,Uitsluitend materiele schade,2,bromfiets,personenauto,Flank,"Kruispunt, 4 takken",Binnen,30.0,Niet brandend,Overig asfalt,Droog,Daglicht,Droog,Wolbrantskerkweg,amsterdam,POINT (114795.79399999976 485692.0210000016),POINT (4.797032970667487 52.357651997722186),4.797032970667487,52.357651997722186
300529,20230020384,2023,Letsel,2,personenauto,fiets,Onbekend,Rotonde,Binnen,50.0,Brandend,Overig asfalt,Nat,Schemer,Regen,Plesmanlaan,amsterdam,POINT (115775.01410000026 484931.5716000013),POINT (4.811495240066567 52.35088845708785),4.811495240066567,52.35088845708785
300644,20230078625,2023,Uitsluitend materiele schade,2,personenauto,fiets,Flank,"Kruispunt, 4 takken",Binnen,50.0,Niet brandend,Overig asfalt,Nat,Daglicht,Regen,FIETSPAD,amsterdam,POINT (122098.63219999894 486748.0566000007),POINT (4.904126453028287 52.36762883327285),4.904126453028287,52.36762883327285
300645,20230078650,2023,Uitsluitend materiele schade,2,fiets,personenauto,Flank,Bocht,Binnen,15.0,Niet brandend,Overig asfalt,Nat,Daglicht,Regen,Pieter Calandlaan,amsterdam,POINT (115677.31799999997 485273.94000000134),POINT (4.810021399294424 52.35395841722821),4.810021399294424,52.35395841722821
300688,20230020534,2023,Uitsluitend materiele schade,3,unknown,fiets,Onbekend,Rechte weg,Binnen,30.0,Unknown,Klinkers,Droog,Daglicht,Droog,Helmholtzstraat,amsterdam,POINT (124390.17599999905 484860.2270000018),POINT (4.93794306345634 52.35079471742543),4.93794306345634,52.35079471742543
300718,20230079025,2023,Uitsluitend materiele schade,3,bromfiets,fiets,Flank,"Kruispunt, 4 takken",Binnen,50.0,Niet brandend,ZOAB,Droog,Daglicht,Droog,Panamalaan,amsterdam,POINT (124119 486578),POINT (4.933805419022737 52.36621778882073),4.933805419022737,52.36621778882073
300751,20230023398,2023,Uitsluitend materiele schade,2,bromfiets,trekker,Flank,Rechte weg,Binnen,50.0,Niet brandend,Overig asfalt,Droog,Daglicht,Droog,Overtoom,amsterdam,POINT (119874.82200000063 486106.3209999986),POINT (4.871543388270828 52.36172365456619),4.871543388270828,52.36172365456619
300752,20230024043,2023,Uitsluitend materiele schade,2,personenauto,bromfiets,Onbekend,"Kruispunt, 4 takken",Binnen,30.0,Niet brandend,Klinkers,Nat,Daglicht,Regen,Gerrit van der Veenstr,amsterdam,POINT (119831.31399999931 484668.565200001),POINT (4.871054993552794 52.34879933136592),4.871054993552794,52.34879933136592
300765,20230078458,2023,Uitsluitend materiele schade,2,fiets,bromfiets,Voetganger,Rechte weg,Binnen,50.0,Niet brandend,Klinkers,Nat,Daglicht,Droog,Paramariboplein,amsterdam,POINT (118707.65799999982 485877.2340000011),POINT (4.854434067673504 52.35958891455145),4.854434067673504,52.35958891455145
300766,20230078536,2023,Uitsluitend materiele schade,2,personenauto,fiets,Flank,"Kruispunt, 4 takken",Binnen,50.0,Brandend,Overig asfalt,Droog,Duisternis,Droog,Plesmanlaan,amsterdam,POINT (116852.68620000035 484995.3979000002),POINT (4.827304369619499 52.35153795540239),4.827304369619499,52.35153795540239
300787,20230036523,2023,Letsel,2,bromfiets,personenauto,Flank,Rechte weg,Binnen,50.0,Niet brandend,ZOAB,Droog,Daglicht,Droog,Jan Evertsenstraat,amsterdam,POINT (118928.7340000011 487170.3110000007),POINT (4.857540596649328 52.37122469962325),4.857540596649328,52.37122469962325
300959,20230088187,2023,Uitsluitend materiele schade,2,personenauto,fiets,Flank,"Kruispunt, 4 takken",Binnen,30.0,Brandend,ZOAB,Nat,Daglicht,Regen,Dr. E. Boekmanstraat,amsterdam,POINT (114690.88179999962 484977.3867999986),POINT (4.795578636490199 52.3512217448601),4.795578636490199,52.3512217448601
300975,20230103067,2023,Uitsluitend materiele schade,2,fiets,fiets,Flank,Rechte weg,Binnen,Unknown,Niet brandend,ZOAB,Droog,Duisternis,Droog,De Clercqstraat,amsterdam,POINT (120050.29800000042 487227.6779999994),POINT (4.874002824001063 52.371812796976386),4.874002824001063,52.371812796976386
300998,20230096982,2023,Letsel,1,fiets,unknown,Eenzijdig,Rechte weg,Binnen,50.0,Brandend,Overig asfalt,Nat,Duisternis,Droog,Wibautstraat,amsterdam,POINT (122981.95600000024 484680.05999999866),POINT (4.917292376453625 52.34909524383836),4.917292376453625,52.34909524383836
301031,20230097571,2023,Letsel,2,personenauto,fiets,Onbekend,Rotonde,Binnen,50.0,Niet brandend,Overig asfalt,Droog,Schemer,Unknown,Hugo de Grootplein,amsterdam,POINT (119967.55189999938 487527.7349999994),POINT (4.872756550805063 52.374504216969136),4.872756550805063,52.374504216969136
301089,20230086587,2023,Uitsluitend materiele schade,3,unknown,bromfiets,Los voorwerp,Rechte weg,Binnen,30.0,Brandend,Klinkers,Droog,Duisternis,Droog,Nieuwe Spiegelstraat,amsterdam,POINT (121064.05200000107 486325.3429999985),POINT (4.888979326092356 52.36376682863847),4.888979326092356,52.36376682863847
301160,20230087283,2023,Uitsluitend materiele schade,2,fiets,personenauto,Onbekend,Rechte weg,Binnen,30.0,Niet brandend,Overig asfalt,Nat,Daglicht,Regen,Marnixstraat,amsterdam,POINT (120359.18299999833 486785.8269999996),POINT (4.878583852957302 52.36786132992395),4.878583852957302,52.36786132992395
301168,20230097233,2023,Uitsluitend materiele schade,2,fiets,fiets,Flank,Rechte weg,Binnen,50.0,Niet brandend,Overig asfalt,Nat,Daglicht,Droog,Pieter Calandlaan,amsterdam,POINT (114212.96799999848 484846.4840000011),POINT (4.788580425594984 52.35001002624067),4.788580425594984,52.35001002624067
301241,20230097950,2023,Uitsluitend materiele schade,2,personenauto,bromfiets,Kop/staart,Rechte weg,Binnen,50.0,Niet brandend,ZOAB,Droog,Daglicht,Droog,Stadhouderskade,amsterdam,POINT (121321.25429999828 485672.33689999953),POINT (4.892820656297232 52.35791388928051),4.892820656297232,52.35791388928051
301250,20230088073,2023,Uitsluitend materiele schade,2,bromfiets,bromfiets,Flank,"Kruispunt, 4 takken",Binnen,30.0,Niet brandend,ZOAB,Droog,Daglicht,Droog,Abcouderpad,amsterdam,POINT (125186.77600000054 480976.22199999914),POINT (4.949978253723861 52.315931327829276),4.949978253723861,52.315931327829276
301265,20230086346,2023,Letsel,2,personenauto,fiets,Onbekend,"Kruispunt, 4 takken",Binnen,30.0,Niet brandend,Klinkers,Droog,Daglicht,Droog,Reguliersgracht,amsterdam,POINT (121529.90929999948 486257.5828000009),POINT (4.895825234000748 52.363186430761594),4.895825234000748,52.363186430761594
301356,20210081688,2021,Letsel,1,fiets,unknown,Eenzijdig,Rechte weg,Binnen,50.0,Niet brandend,Overig asfalt,Droog,Daglicht,Droog,Stellingweg,amsterdam,POINT (121014.13500000164 492473.91099999845),POINT (4.887624176981139 52.41902246445397),4.887624176981139,52.41902246445397
301413,20210086855,2021,Uitsluitend materiele schade,2,bromfiets,fiets,Frontaal,"Kruispunt, 4 takken",Binnen,30.0,Brandend,ZOAB,Droog,Duisternis,Droog,Wibautstraat,amsterdam,POINT (123037.77039999887 484612.33769999817),POINT (4.918117940482802 52.34848984824561),4.918117940482802,52.34848984824561
301417,20210087214,2021,Uitsluitend materiele schade,2,snorfiets,bromfiets,Flank,"Kruispunt, 4 takken",Binnen,Unknown,Niet brandend,Klinkers,Droog,Daglicht,Droog,Schaepmanstraat,amsterdam,POINT (119780 488121),POINT (4.8699402958218805 52.37982404418398),4.8699402958218805,52.37982404418398
301424,20210080048,2021,Uitsluitend materiele schade,2,snorfiets,personenauto,Flank,"Kruispunt, 4 takken",Binnen,Unknown,Niet brandend,Overig asfalt,Nat,Daglicht,Droog,Troelstralaan,amsterdam,POINT (115139.00759999827 486605.24439999834),POINT (4.801962618423142 52.36588433100642),4.801962618423142,52.36588433100642
301427,20210087264,2021,Uitsluitend materiele schade,3,personenauto,bromfiets,Flank,Rechte weg,Binnen,50.0,Niet brandend,Overig asfalt,Droog,Daglicht,Droog,Wiltzanghlaan,amsterdam,POINT (117759.14600000158 488356.03500000015),POINT (4.840235914376325 52.3818029951146),4.840235914376325,52.3818029951146
301454,20210077853,2021,Uitsluitend materiele schade,2,personenauto,bromfiets,Flank,"Kruispunt, 4 takken",Binnen,50.0,Brandend,Overig asfalt,Nat,Duisternis,Droog,Kinkerstraat,amsterdam,POINT (119273.92700000107 486449.1739999987),POINT (4.862685776756073 52.36476621586383),4.862685776756073,52.36476621586383
301563,20210027590,2021,Uitsluitend materiele schade,2,personenauto,fiets,Flank,Rechte weg,Binnen,50.0,Niet brandend,Klinkers,Droog,Daglicht,Droog,Hoekslootstraat,amsterdam,POINT (114201.18299999833 485495.07499999925),POINT (4.788328814321976 52.355838167972365),4.788328814321976,52.355838167972365
301594,20210032648,2021,Uitsluitend materiele schade,3,personenauto,fiets,Onbekend,Rechte weg,Binnen,50.0,Niet brandend,ZOAB,Droog,Daglicht,Droog,Van Boshuizenstraat,amsterdam,POINT (119956.00299999863 481985.9439999983),POINT (4.873164092304358 52.32469768679979),4.873164092304358,52.32469768679979
301664,20210017916,2021,Uitsluitend materiele schade,2,bromfiets,personenauto,Onbekend,"Kruispunt, 3 takken",Binnen,50.0,Niet brandend,Overig asfalt,Droog,Daglicht,Droog,Meer en Vaart,amsterdam,POINT (115620.87000000104 485542.92599999905),POINT (4.80916140146626 52.356371811314226),4.80916140146626,52.356371811314226
301671,20210025798,2021,Uitsluitend materiele schade,3,personenauto,fiets,Flank,"Kruispunt, 4 takken",Binnen,50.0,Niet brandend,Overig asfalt,Droog,Daglicht,Droog,Hoofdweg,amsterdam,POINT (118330.6400000006 487342.97300000116),POINT (4.848739827767922 52.37273684301068),4.848739827767922,52.37273684301068
301931,20210061070,2021,Uitsluitend materiele schade,2,bromfiets,bestelauto,Onbekend,"Kruispunt, 4 takken",Binnen,50.0,Niet brandend,Overig asfalt,Droog,Daglicht,Harde windstoten,Kanaalstraat,amsterdam,POINT (119376.79410000145 486182.4365000017),POINT (4.864224235562163 52.362375653907435),4.864224235562163,52.362375653907435
301948,20210052587,2021,Uitsluitend materiele schade,2,bromfiets,personenauto,Flank,Bocht,Binnen,30.0,Niet aanwezig,Overig asfalt,Nat,Daglicht,Regen,Kikkenstein,amsterdam,POINT (126911.70399999991 481037.7170000002),POINT (4.975269416830353 52.316574795952086),4.975269416830353,52.316574795952086
301952,20210055420,2021,Uitsluitend materiele schade,2,personenauto,bromfiets,Flank,Rechte weg,Binnen,30.0,Niet brandend,Overig asfalt,Nat,Daglicht,Unknown,Concertgebouwplein,amsterdam,POINT (120329.88199999928 485417.35500000045),POINT (4.878294733696181 52.35556062040428),4.878294733696181,52.35556062040428
301954,20210057273,2021,Uitsluitend materiele schade,3,personenauto,fiets,Los voorwerp,Rechte weg,Binnen,50.0,Niet brandend,Overig asfalt,Droog,Daglicht,Droog,Osdorperweg,amsterdam,POINT (113201.24100000039 487424.6429999992),POINT (4.773411840867645 52.37310433250158),4.773411840867645,52.37310433250158
301965,20210061865,2021,Uitsluitend materiele schade,2,fiets,personenauto,Kop/staart,Rechte weg,Binnen,30.0,Brandend,Overig asfalt,Droog,Schemer,Droog,Marieken van Nimwegenstr,amsterdam,POINT (118377.3909999989 487797.3669999987),POINT (4.8493767871486275 52.376823709486615),4.8493767871486275,52.376823709486615
302040,20210042940,2021,Uitsluitend materiele schade,2,personenauto,bromfiets,Flank,Rotonde,Binnen,50.0,Niet brandend,Unknown,Droog,Daglicht,Droog,Hugo de Grootplein,amsterdam,POINT (119953.31199999899 487534.62889999896),POINT (4.872546728550138 52.37456526559557),4.872546728550138,52.37456526559557
302061,20210070105,2021,Uitsluitend materiele schade,2,personenauto,bromfiets,Flank,"Kruispunt, 4 takken",Binnen,50.0,Brandend,Overig asfalt,Nat,Duisternis,Regen,Mauritskade,amsterdam,POINT (123191.05939999968 486226.67639999837),POINT (4.920214935994748 52.36300737058467),4.920214935994748,52.36300737058467
302062,20210070107,2021,Uitsluitend materiele schade,2,personenauto,bromfiets,Kop/staart,"Kruispunt, 4 takken",Binnen,50.0,Brandend,Overig asfalt,Droog,Duisternis,Droog,Ruyschstraat,amsterdam,POINT (122511.39799999818 485625.99500000104),POINT (4.910295130872363 52.35756906936881),4.910295130872363,52.35756906936881
302063,20210070124,2021,Uitsluitend materiele schade,1,bromfiets,unknown,Eenzijdig,Rechte weg,Binnen,50.0,Brandend,Overig asfalt,Nat,Schemer,Regen,Havenstraat,amsterdam,POINT (118759.73699999973 484710.5529999994),POINT (4.855324233164414 52.34910706271113),4.855324233164414,52.34910706271113
302067,20210037356,2021,Uitsluitend materiele schade,2,bromfiets,fiets,Frontaal,Rechte weg,Binnen,30.0,Niet brandend,Beton,Droog,Daglicht,Droog,Jan van Galenstraat,amsterdam,POINT (118684.2509999983 487456.03599999845),POINT (4.853919930040063 52.373776467301454),4.853919930040063,52.373776467301454
302089,20210070840,2021,Uitsluitend materiele schade,1,bromfiets,unknown,Voetganger,Rechte weg,Binnen,50.0,Brandend,Klinkers,Droog,Schemer,Droog,Keizersgracht,amsterdam,POINT (120764.20499999821 487172.8229999989),POINT (4.884491032153418 52.37136477078345),4.884491032153418,52.37136477078345
302111,20210055890,2021,Uitsluitend materiele schade,2,bromfiets,fiets,Flank,"Kruispunt, 4 takken",Binnen,30.0,Niet brandend,Klinkers,Droog,Daglicht,Droog,Beemsterstraat,amsterdam,POINT (124966.43549999967 489259.48640000075),POINT (4.946007548200141 52.390364198846456),4.946007548200141,52.390364198846456
302230,20210039448,2021,Uitsluitend materiele schade,2,personenauto,fiets,Flank,"Kruispunt, 3 takken",Binnen,50.0,Niet brandend,Overig asfalt,Droog,Daglicht,Droog,Naaldwijkstraat,amsterdam,POINT (117856.09099999815 484467.52870000154),POINT (4.8420892701446 52.346862596990405),4.8420892701446,52.346862596990405
302267,20210068281,2021,Uitsluitend materiele schade,2,personenauto,bromfiets,Flank,Rechte weg,Binnen,50.0,Niet brandend,Klinkers,Nat,Daglicht,Droog,Damrak,amsterdam,POINT (121720.44200000167 487832.92599999905),POINT (4.89846641063574 52.37735609140127),4.89846641063574,52.37735609140127
302276,20210065473,2021,Uitsluitend materiele schade,3,bromfiets,unknown,Onbekend,Rechte weg,Binnen,30.0,Niet brandend,Beton,Droog,Daglicht,Unknown,Kolfschotenstraat,amsterdam,POINT (126561.75800000131 481035.3680000007),POINT (4.970137539301092 52.3165357038669),4.970137539301092,52.3165357038669
302277,20210065499,2021,Uitsluitend materiele schade,2,personenauto,fiets,Onbekend,"Kruispunt, 4 takken",Binnen,Unknown,Niet aanwezig,Beton,Nat,Daglicht,Regen,Naritaweg,amsterdam,POINT (117327.97370000184 489044.7547999993),POINT (4.833826183456309 52.38796323883239),4.833826183456309,52.38796323883239
302288,20210047573,2021,Uitsluitend materiele schade,2,personenauto,fiets,Flank,Rotonde,Binnen,50.0,Niet brandend,Overig asfalt,Droog,Daglicht,Droog,Henk Sneevlietweg,amsterdam,POINT (118140.80810000002 484445.4609999992),POINT (4.846269946593022 52.34668343886125),4.846269946593022,52.34668343886125
302290,20210048767,2021,Uitsluitend materiele schade,2,scootmobiel,fiets,Frontaal,Bocht,Binnen,30.0,Niet brandend,Overig asfalt,Droog,Daglicht,Droog,Abcouderpad,amsterdam,POINT (124927.28500000015 481586.6479999982),POINT (4.946118333545561 52.321403371312385),4.946118333545561,52.321403371312385
302303,20210065504,2021,Uitsluitend materiele schade,2,brommobiel,fiets,Flank,"Kruispunt, 4 takken",Binnen,50.0,Niet brandend,Unknown,Droog,Daglicht,Unknown,Admiraal De Ruijterweg,amsterdam,POINT (118947.21559999883 487825.3489000015),POINT (4.857741695643938 52.37711290135068),4.857741695643938,52.37711290135068
302326,20210065539,2021,Uitsluitend materiele schade,2,fiets,scootmobiel,Voetganger,"Kruispunt, 4 takken",Binnen,30.0,Niet brandend,Klinkers,Droog,Daglicht,Unknown,Van Reigersbergenstraat,amsterdam,POINT (119875.16849999875 487582.1629000008),POINT (4.871394274352922 52.37498747306687),4.871394274352922,52.37498747306687
302327,20210065562,2021,Uitsluitend materiele schade,2,snorfiets,personenauto,Onbekend,Unknown,Binnen,50.0,Unknown,Unknown,Droog,Daglicht,Unknown,Kattenburgerstraat,amsterdam,POINT (122933.30700000003 487184.48699999973),POINT (4.916339622083302 52.37160054024129),4.916339622083302,52.37160054024129
302824,20210093662,2021,Uitsluitend materiele schade,1,bromfiets,unknown,Onbekend,Unknown,Unknown,50.0,Unknown,Unknown,Unknown,Duisternis,Unknown,Burg De Vlugtlaan,amsterdam,POINT (116894.13399999961 488205.0940000005),POINT (4.827548899501798 52.38038709734137),4.827548899501798,52.38038709734137
302944,20220081375,2022,Uitsluitend materiele schade,1,bromfiets,unknown,Onbekend,"Kruispunt, 3 takken",Binnen,50.0,Brandend,ZOAB,Droog,Duisternis,Droog,Piet Heinkade,amsterdam,POINT (123794.79809999838 487562.3647999987),POINT (4.928954209906522 52.37504627962194),4.928954209906522,52.37504627962194