,accident_id,accident_year,outcome,num_parties,party1_type,party2_type,accident_nature,road_situation,built_up_area,speed_limit_kmh,street_lighting,road_surface,road_condition,light_condition,weather_condition,street_name,municipality,shape,geometry,longitude,latitude
303025,20220016670,2022,Uitsluitend materiele schade,2,personenauto,fiets,Onbekend,"Kruispunt, 4 takken",Unknown,50.0,Brandend,Overig asfalt,Droog,Duisternis,Unknown,Slotermeerlaan,amsterdam,POINT (116421.39999999851 488106.1713999994),POINT (4.820617604947702 52.379465045004245),4.820617604947702,52.379465045004245
303084,20220080924,2022,Letsel,1,bromfiets,unknown,Eenzijdig,Bocht,Binnen,50.0,Niet brandend,Overig asfalt,Nat,Daglicht,Droog,Koninginneweg,amsterdam,POINT (119594.87099999934 485292.2749999985),POINT (4.867519370726573 52.35438961561564),4.867519370726573,52.35438961561564
303107,20220055361,2022,Letsel,2,bromfiets,voetganger,Voetganger,Rechte weg,Binnen,30.0,Brandend,Klinkers,Droog,Duisternis,Droog,Verbindingstraat,amsterdam,POINT (121732.79300000146 485131.118999999),POINT (4.898915104671376 52.35307486076909),4.898915104671376,52.35307486076909
303125,20220035940,2022,Uitsluitend materiele schade,2,bestelauto,fiets,Onbekend,"Kruispunt, 4 takken",Binnen,50.0,Brandend,Overig asfalt,Droog,Duisternis,Droog,Jacob van Lennepstraat,amsterdam,POINT (119968 486601),POINT (4.872859712971377 52.36617542559926),4.872859712971377,52.36617542559926
303151,20220081129,2022,Uitsluitend materiele schade,2,bestelauto,snorfiets,Flank,Rotonde,Binnen,50.0,Niet brandend,Overig asfalt,Droog,Daglicht,Droog,Burg De Vlugtlaan,amsterdam,POINT (116336.2985999994 488547.7237999998),POINT (4.819316998511565 52.383427372723254),4.819316998511565,52.383427372723254
303152,20220081138,2022,Uitsluitend materiele schade,2,personenauto,fiets,Onbekend,"Kruispunt, 4 takken",Binnen,50.0,Niet brandend,Klinkers,Droog,Daglicht,Droog,Hoofdweg,amsterdam,POINT (118238.49020000175 487621.1176000014),POINT (4.847356303583655 52.375230432898114),4.847356303583655,52.375230432898114
303188,20220081207,2022,Uitsluitend materiele schade,3,personenauto,bromfiets,Flank,"Kruispunt, 3 takken",Binnen,Unknown,Brandend,Overig asfalt,Droog,Duisternis,Droog,Stadhouderskade,amsterdam,POINT (120609.43710000068 486089.7252999991),POINT (4.88232931623876 52.36162098705331),4.88232931623876,52.36162098705331
303322,20220054627,2022,Uitsluitend materiele schade,2,bromfiets,personenauto,Flank,Rechte weg,Binnen,50.0,Brandend,Overig asfalt,Droog,Duisternis,Droog,Europaboulevard,amsterdam,POINT (121123.9103000015 483091.0896999985),POINT (4.890183678497353 52.3347032219554),4.890183678497353,52.3347032219554
303343,20220102845,2022,Uitsluitend materiele schade,2,bromfiets,fiets,Flank,"Kruispunt, 3 takken",Binnen,30.0,Niet brandend,Klinkers,Droog,Daglicht,Unknown,Vechtstraat,amsterdam,POINT (122160.47980000079 484673.92969999835),POINT (4.905237007802977 52.34899167158135),4.905237007802977,52.34899167158135
303368,20220103193,2022,Uitsluitend materiele schade,2,fiets,bestelauto,Onbekend,"Kruispunt, 4 takken",Binnen,30.0,Niet brandend,Unknown,Droog,Daglicht,Droog,Rozenburglaan,amsterdam,POINT (124388.69999999925 483540.35500000045),POINT (4.938041432705088 52.338932432973806),4.938041432705088,52.338932432973806
303369,20220103200,2022,Uitsluitend materiele schade,2,bus,bromfiets,Flank,Rechte weg,Binnen,50.0,Niet brandend,ZOAB,Droog,Daglicht,Droog,Klaprozenweg,amsterdam,POINT (122301.91600000113 490193.09699999914),POINT (4.906775759167503 52.398602539454224),4.906775759167503,52.398602539454224
303748,20230004046,2023,Letsel,2,bromfiets,fiets,Frontaal,"Kruispunt, 3 takken",Binnen,30.0,Brandend,Klinkers,Droog,Duisternis,Droog,Langestraat,amsterdam,POINT (121331.92460000142 488019.7637999989),POINT (4.892742191664997 52.37901156927711),4.892742191664997,52.37901156927711
303749,20230004614,2023,Uitsluitend materiele schade,2,bromfiets,personenauto,Flank,"Kruispunt, 3 takken",Binnen,50.0,Brandend,Overig asfalt,Droog,Duisternis,Droog,Kruislaan,amsterdam,POINT (125108.42870000005 485056.8225999996),POINT (4.948467112531704 52.352601137942116),4.948467112531704,52.352601137942116
304248,20230004202,2023,Uitsluitend materiele schade,2,personenauto,bromfiets,Flank,Rechte weg,Binnen,50.0,Niet brandend,Overig asfalt,Droog,Daglicht,Droog,Osdorper Ban,amsterdam,POINT (114519.49100000039 486029.52899999917),POINT (4.79293660981045 52.3606649571038),4.79293660981045,52.3606649571038
304325,20230004213,2023,Uitsluitend materiele schade,3,bromfiets,personenauto,Kop/staart,"Kruispunt, 4 takken",Binnen,50.0,Niet brandend,Overig asfalt,Nat,Daglicht,Regen,Wibautstraat,amsterdam,POINT (122866.13300000131 484864.7368000001),POINT (4.915574923625049 52.35074823946396),4.915574923625049,52.35074823946396
304408,20220123218,2022,Letsel,2,e-bike,e-bike,Frontaal,Rechte weg,Binnen,30.0,Niet brandend,Overig asfalt,Droog,Daglicht,Droog,Haarlemmerstraat,amsterdam,POINT (121163.72199999914 488236.4079999998),POINT (4.890250175044141 52.380948269946856),4.890250175044141,52.380948269946856
304431,20220177810,2022,Uitsluitend materiele schade,2,personenauto,snorfiets,Onbekend,Unknown,Unknown,30.0,Unknown,Unknown,Unknown,Daglicht,Unknown,Oostenburgergracht,amsterdam,POINT (123268.92399999872 486898.2470000014),POINT (4.921294657069562 52.369047502779345),4.921294657069562,52.369047502779345
304432,20220178084,2022,Letsel,2,bromfiets,trekker,Flank,"Kruispunt, 3 takken",Binnen,50.0,Niet brandend,Overig asfalt,Droog,Daglicht,Droog,Lemelerbergweg,amsterdam,POINT (124383.69409999996 479646.5256000012),POINT (4.938321723917229 52.30393663516226),4.938321723917229,52.30393663516226
304439,20220123286,2022,Uitsluitend materiele schade,2,personenauto,fiets,Flank,"Kruispunt, 4 takken",Binnen,50.0,Niet brandend,Overig asfalt,Droog,Daglicht,Droog,Zeeburgerdijk,amsterdam,POINT (125111.41530000046 486471.0491999984),POINT (4.948385280538705 52.36531148286952),4.948385280538705,52.36531148286952
304447,20220177553,2022,Letsel,2,trekker,fiets,Flank,"Kruispunt, 4 takken",Binnen,50.0,Niet brandend,ZOAB,Droog,Daglicht,Droog,Klaprozenweg,amsterdam,POINT (122321.32669999823 490181.39930000156),POINT (4.907062087281462 52.39849856550894),4.907062087281462,52.39849856550894
304466,20220123419,2022,Letsel,4,fiets,fiets,Onbekend,Rechte weg,Binnen,30.0,Niet brandend,ZOAB,Droog,Daglicht,Droog,Holterbergweg,amsterdam,POINT (124508.79300000146 480098.4310000017),POINT (4.940114959918686 52.30800506266247),4.940114959918686,52.30800506266247
304518,20220142277,2022,Uitsluitend materiele schade,2,personenauto,fiets,Onbekend,"Kruispunt, 4 takken",Binnen,50.0,Niet brandend,Beton,Droog,Daglicht,Droog,Sneeuwbalstraat,amsterdam,POINT (122791.87920000032 489984.5507000014),POINT (4.913994496990801 52.396757255378205),4.913994496990801,52.396757255378205
304519,20220142284,2022,Uitsluitend materiele schade,2,fiets,bromfiets,Flank,Bocht,Binnen,30.0,Niet brandend,Overig asfalt,Droog,Daglicht,Droog,Borgerstraat,amsterdam,POINT (119714.89699999988 486558.66600000113),POINT (4.869148208275582 52.36577875631298),4.869148208275582,52.36577875631298
304580,20220142411,2022,Uitsluitend materiele schade,5,personenauto,fiets,Onbekend,Rechte weg,Binnen,50.0,Niet brandend,Overig asfalt,Droog,Daglicht,Droog,Heemstedestraat,amsterdam,POINT (118180.26399999857 484991.0179999992),POINT (4.8467892713222716 52.35158915753174),4.8467892713222716,52.35158915753174
304605,20220123742,2022,Letsel,2,snorfiets,bestelauto,Kop/staart,Rechte weg,Binnen,30.0,Brandend,Beton,Droog,Duisternis,Droog,Maria Austriastraat,amsterdam,POINT (128347.35300000012 485451.9389999993),POINT (4.995974386804104 52.35631886285821),4.995974386804104,52.35631886285821
304606,20220123756,2022,Uitsluitend materiele schade,2,personenauto,fiets,Flank,"Kruispunt, 3 takken",Binnen,50.0,Niet brandend,Overig asfalt,Droog,Daglicht,Droog,Plantage Middenlaan,amsterdam,POINT (122461.19139999896 486709.41699999943),POINT (4.90945332850677 52.3673031662455),4.90945332850677,52.3673031662455
304673,20220123907,2022,Uitsluitend materiele schade,2,bromfiets,fiets,Frontaal,"Kruispunt, 4 takken",Binnen,50.0,Niet brandend,ZOAB,Droog,Daglicht,Droog,Haarlemmerweg,amsterdam,POINT (118261 488707),POINT (4.847568104882881 52.38499100898997),4.847568104882881,52.38499100898997
304685,20220155400,2022,Uitsluitend materiele schade,3,bestelauto,fiets,Onbekend,Rotonde,Binnen,50.0,Niet brandend,Beton,Droog,Daglicht,Droog,Johan van Hasseltweg,amsterdam,POINT (123443.36780000106 488964.3883999996),POINT (4.923661906748472 52.38762661372296),4.923661906748472,52.38762661372296
304717,20220155456,2022,Uitsluitend materiele schade,2,fiets,fiets,Frontaal,"Kruispunt, 4 takken",Binnen,30.0,Niet brandend,Overig asfalt,Droog,Daglicht,Droog,Insulindeweg,amsterdam,POINT (124132.61430000141 486035.94150000066),POINT (4.934055057214926 52.36134688445253),4.934055057214926,52.36134688445253
304818,20220155660,2022,Letsel,2,bestelauto,fiets,Flank,"Kruispunt, 3 takken",Binnen,50.0,Niet brandend,Overig asfalt,Droog,Daglicht,Droog,BOS EN LOMMER 3,amsterdam,POINT (118012.44799999893 488680.4653000012),POINT (4.843920358386596 52.384735844576255),4.843920358386596,52.384735844576255
304980,20230049614,2023,Letsel,2,bromfiets,personenauto,Flank,"Kruispunt, 3 takken",Binnen,50.0,Brandend,ZOAB,Droog,Duisternis,Droog,Ookmeerweg,amsterdam,POINT (114092.87700000033 486263.88699999824),POINT (4.78664559018306 52.36273957035072),4.78664559018306,52.36273957035072
305088,20230059712,2023,Letsel,2,fiets,fiets,Onbekend,Rechte weg,Binnen,Unknown,Niet brandend,Unknown,Nat,Daglicht,Regen,Leidseplein,amsterdam,POINT (120479.73999999836 486238.4310000017),POINT (4.880410088080158 52.36294931400216),4.880410088080158,52.36294931400216
305151,20230050461,2023,Uitsluitend materiele schade,2,bromfiets,fiets,Flank,"Kruispunt, 4 takken",Binnen,30.0,Niet brandend,Klinkers,Droog,Daglicht,Droog,Singel,amsterdam,POINT (120990.21730000153 487042.9807999991),POINT (4.887822778817154 52.370211885015216),4.887822778817154,52.370211885015216
305297,20220212246,2022,Letsel,2,personenauto,fiets,Flank,"Kruispunt, 4 takken",Binnen,50.0,Niet brandend,Overig asfalt,Droog,Duisternis,Droog,Kamerlingh Onneslaan,amsterdam,POINT (123208.15799999982 484601.0320000015),POINT (4.920619583124382 52.34839812345123),4.920619583124382,52.34839812345123
305324,20220212326,2022,Uitsluitend materiele schade,1,fiets,unknown,Voetganger,Rechte weg,Binnen,50.0,Brandend,ZOAB,Droog,Duisternis,Droog,Rijnstraat,amsterdam,POINT (122114.57499999925 484589.9789999984),POINT (4.904571515316531 52.348234432332326),4.904571515316531,52.348234432332326
305355,20220211013,2022,Uitsluitend materiele schade,2,snorfiets,bestelauto,Frontaal,Rechte weg,Binnen,50.0,Niet brandend,ZOAB,Droog,Daglicht,Droog,Osdorperweg,amsterdam,POINT (113657.61600000039 486987.7820000015),POINT (4.780166836237875 52.36921274537004),4.780166836237875,52.36921274537004
305419,20220210251,2022,Letsel,2,personenauto,fiets,Frontaal,"Kruispunt, 4 takken",Buiten,30.0,Niet brandend,Overig asfalt,Nat,Daglicht,Droog,1e C Huygensstr,amsterdam,POINT (120121.46299999952 486223.42599999905),POINT (4.87515195666482 52.36279182700701),4.87515195666482,52.36279182700701
305496,20220211185,2022,Uitsluitend materiele schade,2,fiets,e-bike,Flank,Rechte weg,Binnen,50.0,Brandend,Overig asfalt,Droog,Schemer,Droog,Ringdijk,amsterdam,POINT (123747.43530000001 485344.8561999984),POINT (4.928464812829994 52.35511407744943),4.928464812829994,52.35511407744943
305532,20220210495,2022,Uitsluitend materiele schade,2,bromfiets,fiets,Frontaal,Rechte weg,Buiten,70.0,Brandend,Overig asfalt,Nat,Duisternis,Droog,Seineweg,amsterdam,POINT (116307.55999999866 489114.4230000004),POINT (4.818829623695597 52.38851837488469),4.818829623695597,52.38851837488469
305565,20220211274,2022,Letsel,2,motor,fiets,Flank,"Kruispunt, 4 takken",Buiten,50.0,Niet brandend,Overig asfalt,Droog,Daglicht,Droog,AMSTERDAM-OUD ZUID 8,amsterdam,POINT (118930.33410000056 483367.6009999998),POINT (4.857971800450235 52.33704876886789),4.857971800450235,52.33704876886789
305659,20220212053,2022,Letsel,2,personenauto,fiets,Frontaal,"Kruispunt, 4 takken",Binnen,50.0,Brandend,ZOAB,Droog,Duisternis,Droog,Hugo de Grootplein,amsterdam,POINT (119981.78249999881 487556.3216000013),POINT (4.872962538863532 52.37476204002756),4.872962538863532,52.37476204002756
305660,20220212068,2022,Uitsluitend materiele schade,2,snorfiets,personenauto,Kop/staart,Rechte weg,Binnen,30.0,Niet brandend,Klinkers,Droog,Daglicht,Droog,Rijswijkstraat,amsterdam,POINT (117650.08199999854 484824.6330000013),POINT (4.839026429766853 52.35005802752391),4.839026429766853,52.35005802752391
305745,20220211489,2022,Uitsluitend materiele schade,2,bromfiets,personenauto,Flank,"Kruispunt, 4 takken",Binnen,30.0,Brandend,Overig asfalt,Nat,Duisternis,Regen,Kanaalstraat,amsterdam,POINT (119376.79410000145 486182.4365000017),POINT (4.864224235562163 52.362375653907435),4.864224235562163,52.362375653907435
306058,20230111677,2023,Uitsluitend materiele schade,1,snorfiets,unknown,Onbekend,"Kruispunt, 4 takken",Binnen,30.0,Niet brandend,Klinkers,Nat,Daglicht,Regen,Elandsgracht,amsterdam,POINT (120503.08269999921 486972.39869999886),POINT (4.880677463271294 52.369547160238355),4.880677463271294,52.369547160238355
306143,20230024262,2023,Uitsluitend materiele schade,2,fiets,bus,Flank,"Kruispunt, 4 takken",Binnen,50.0,Niet brandend,Overig asfalt,Droog,Daglicht,Droog,Radarweg,amsterdam,POINT (117472.49799999967 489371.06799999997),POINT (4.835912592467789 52.39090577907301),4.835912592467789,52.39090577907301
306239,20230020921,2023,Uitsluitend materiele schade,2,fiets,bestelauto,Flank,"Kruispunt, 3 takken",Binnen,50.0,Niet aanwezig,Overig asfalt,Droog,Daglicht,Droog,Julius Pergerstraat,amsterdam,POINT (128751.90300000086 484944.3920000009),POINT (5.00195217558545 52.35177679392936),5.00195217558545,52.35177679392936
306317,20230067737,2023,Uitsluitend materiele schade,3,personenauto,fiets,Vast voorwerp,Bocht,Binnen,Unknown,Brandend,ZOAB,Nat,Duisternis,Droog,Houtmankade,amsterdam,POINT (120685.5159999989 488888.97199999914),POINT (4.883160349445002 52.38678335106579),4.883160349445002,52.38678335106579
306390,20230079147,2023,Uitsluitend materiele schade,2,bromfiets,personenauto,Flank,Rotonde,Binnen,50.0,Brandend,Overig asfalt,Droog,Duisternis,Droog,IJdoornlaan,amsterdam,POINT (122896.70199999958 491366.0850000009),POINT (4.915402366862347 52.40917960433174),4.915402366862347,52.40917960433174
306392,20230077301,2023,Letsel,2,boom,fiets,Eenzijdig,Rechte weg,Binnen,30.0,Niet brandend,Overig asfalt,Droog,Daglicht,Droog,Rijnstraat,amsterdam,POINT (122202.66000000015 484170.8969999999),POINT (4.905905061654983 52.344473258815455),4.905905061654983,52.344473258815455
306467,20230024718,2023,Letsel,2,bromfiets,fiets,Onbekend,Rechte weg,Binnen,50.0,Niet brandend,Overig asfalt,Droog,Daglicht,Droog,Nassaukade,amsterdam,POINT (120259.34699999914 486653.3379999995),POINT (4.877131737955176 52.366664307714544),4.877131737955176,52.366664307714544
306490,20230020165,2023,Letsel,2,bromfiets,personenauto,Flank,"Kruispunt, 4 takken",Binnen,50.0,Niet brandend,Overig asfalt,Droog,Daglicht,Droog,Anderlechtlaan,amsterdam,POINT (115760.56269999966 484048.86470000073),POINT (4.8113860662881605 52.3429543263105),4.8113860662881605,52.3429543263105
306519,20230024811,2023,Letsel,1,fiets,unknown,Eenzijdig,Rechte weg,Binnen,30.0,Brandend,Unknown,Droog,Duisternis,Droog,Haarlemmerweg,amsterdam,POINT (120122.62799999863 488902.72399999946),POINT (4.874890997384086 52.38687146689343),4.874890997384086,52.38687146689343
306555,20230023017,2023,Uitsluitend materiele schade,3,fiets,bromfiets,Onbekend,Rotonde,Binnen,Unknown,Niet brandend,Overig asfalt,Nat,Daglicht,Regen,Burgemeester Röellstraat,amsterdam,POINT (116272 487690),POINT (4.818471504801881 52.37571431347062),4.818471504801881,52.37571431347062
306575,20230077755,2023,Uitsluitend materiele schade,2,personenauto,e-bike,Flank,"Kruispunt, 4 takken",Binnen,50.0,Brandend,Overig asfalt,Droog,Duisternis,Droog,Kastrupstraat,amsterdam,POINT (117463.56940000132 489366.85539999977),POINT (4.835781905038983 52.39086730905018),4.835781905038983,52.39086730905018
306612,20230087511,2023,Uitsluitend materiele schade,2,personenauto,bromfiets,Flank,Rechte weg,Binnen,50.0,Brandend,Overig asfalt,Nat,Duisternis,Droog,Burg De Vlugtlaan,amsterdam,POINT (117342.74799999967 488088.02699999884),POINT (4.834150455138145 52.37936594659288),4.834150455138145,52.37936594659288
306635,20230088166,2023,Uitsluitend materiele schade,2,bromfiets,personenauto,Flank,Rechte weg,Binnen,30.0,Niet brandend,Overig asfalt,Droog,Daglicht,Droog,Baarsjesweg,amsterdam,POINT (118833.26199999824 485926.33399999887),POINT (4.856272573605887 52.36003847334865),4.856272573605887,52.36003847334865
306824,20230097818,2023,Uitsluitend materiele schade,2,personenauto,fiets,Flank,"Kruispunt, 4 takken",Binnen,50.0,Niet brandend,Overig asfalt,Droog,Daglicht,Droog,Beethovenstraat,amsterdam,POINT (120361.75120000169 484876.21240000054),POINT (4.878818224712285 52.350699214015656),4.878818224712285,52.350699214015656
306947,20210080792,2021,Uitsluitend materiele schade,2,snorfiets,personenauto,Kop/staart,Rechte weg,Binnen,30.0,Brandend,Overig asfalt,Droog,Duisternis,Droog,Govert Flinckstraat,amsterdam,POINT (121506.07600000128 485403.9070000015),POINT (4.89556035861577 52.35551272225999),4.89556035861577,52.35551272225999
306986,20210084040,2021,Uitsluitend materiele schade,2,personenauto,bromfiets,Flank,"Kruispunt, 4 takken",Binnen,50.0,Brandend,Overig asfalt,Droog,Duisternis,Droog,Van Baerlestraat,amsterdam,POINT (120359 485701),POINT (4.87869291933363 52.358111660850895),4.87869291933363,52.358111660850895
306987,20210084049,2021,Letsel,3,personenauto,fiets,Frontaal,Rechte weg,Binnen,30.0,Niet brandend,Klinkers,Nat,Daglicht,Regen,Van der Pekstraat,amsterdam,POINT (122530.89499999955 489176.84600000083),POINT (4.910238286726477 52.38948281388638),4.910238286726477,52.38948281388638
306995,20210075813,2021,Uitsluitend materiele schade,2,bestelauto,bromfiets,Flank,Rechte weg,Binnen,50.0,Brandend,Overig asfalt,Nat,Duisternis,Unknown,Rijnstraat,amsterdam,POINT (122267.52600000054 483879.9629999995),POINT (4.9068852242212495 52.34186239751165),4.9068852242212495,52.34186239751165
307079,20210087272,2021,Uitsluitend materiele schade,3,bromfiets,motor,Kop/staart,Rechte weg,Binnen,50.0,Niet brandend,Beton,Droog,Daglicht,Droog,Rozengracht,amsterdam,POINT (120318 487326),POINT (4.877923465754311 52.37271341598058),4.877923465754311,52.37271341598058
307083,20210085421,2021,Uitsluitend materiele schade,2,bestelauto,bromfiets,Flank,"Kruispunt, 3 takken",Binnen,Unknown,Niet brandend,Overig asfalt,Nat,Daglicht,Droog,Thomas à Kempisstraat,amsterdam,POINT (115622.82889999822 487560.05799999833),POINT (4.808953911473179 52.37450032826821),4.808953911473179,52.37450032826821
307114,20210088328,2021,Uitsluitend materiele schade,2,bromfiets,fiets,Frontaal,Rechte weg,Binnen,50.0,Brandend,Overig asfalt,Droog,Duisternis,Droog,Haarlemmerweg,amsterdam,POINT (118940.31199999899 488699.6499999985),POINT (4.857546471679014 52.38496999762999),4.857546471679014,52.38496999762999
307168,20210017713,2021,Uitsluitend materiele schade,2,bromfiets,personenauto,Onbekend,Rechte weg,Binnen,50.0,Brandend,Overig asfalt,Droog,Duisternis,Droog,Eerste Van Swindenstraat,amsterdam,POINT (123789.17199999839 486220.59699999914),POINT (4.928996162622641 52.362987042313456),4.928996162622641,52.362987042313456
307172,20210020921,2021,Uitsluitend materiele schade,2,snorfiets,personenauto,Flank,"Kruispunt, 4 takken",Binnen,50.0,Niet brandend,Overig asfalt,Droog,Daglicht,Droog,Cornelis Lelylaan,amsterdam,POINT (116880.95109999925 485654.25019999966),POINT (4.827644548055057 52.357461185536884),4.827644548055057,52.357461185536884
307222,20210006715,2021,Uitsluitend materiele schade,2,personenauto,fiets,Flank,"Kruispunt, 3 takken",Binnen,50.0,Brandend,Overig asfalt,Nat,Duisternis,Droog,Parnassusweg,amsterdam,POINT (119683.64600000158 483319.561999999),POINT (4.869029374330085 52.33666594032782),4.869029374330085,52.33666594032782
307330,20210008860,2021,Uitsluitend materiele schade,2,personenauto,fiets,Onbekend,"Kruispunt, 4 takken",Binnen,50.0,Niet brandend,Overig asfalt,Droog,Daglicht,Droog,Van Woustraat,amsterdam,POINT (122053.47250000015 484839.38379999995),POINT (4.903650376089083 52.350472259344656),4.903650376089083,52.350472259344656
307339,20210020518,2021,Uitsluitend materiele schade,2,snorfiets,personenauto,Frontaal,"Kruispunt, 3 takken",Binnen,Unknown,Niet brandend,Overig asfalt,Droog,Daglicht,Droog,Egidiusstraat,amsterdam,POINT (118556.16910000145 488001.80970000103),POINT (4.851979979230028 52.37867297944051),4.851979979230028,52.37867297944051
307340,20210021126,2021,Uitsluitend materiele schade,2,fiets,trein/tram,Flank,"Kruispunt, 4 takken",Binnen,50.0,Niet brandend,Klinkers,Droog,Daglicht,Droog,Paulus Potterstraat,amsterdam,POINT (120587.09099999815 485799.9690000005),POINT (4.882030922216621 52.35901546047382),4.882030922216621,52.35901546047382
307496,20210004541,2021,Letsel,2,personenauto,fiets,Geparkeerd voertuig,Rechte weg,Binnen,30.0,Niet brandend,Klinkers,Nat,Daglicht,Droog,Javastraat,amsterdam,POINT (124095.16600000113 486294.7710000016),POINT (4.933481527238447 52.36367097080379),4.933481527238447,52.36367097080379
307557,20210073094,2021,Uitsluitend materiele schade,3,personenauto,bromfiets,Kop/staart,"Kruispunt, 4 takken",Binnen,50.0,Niet brandend,Overig asfalt,Droog,Daglicht,Droog,Stadhouderskade,amsterdam,POINT (120590.71799999848 486104.5179999992),POINT (4.882053004816464 52.36175276121561),4.882053004816464,52.36175276121561
307587,20210058783,2021,Uitsluitend materiele schade,2,snorfiets,fiets,Frontaal,Rechte weg,Binnen,50.0,Niet brandend,Beton,Droog,Daglicht,Droog,Clauskindereweg,amsterdam,POINT (114605.80299999937 485596.8200000003),POINT (4.7942556035710915 52.356782470096626),4.7942556035710915,52.356782470096626
307703,20210044770,2021,Uitsluitend materiele schade,1,fiets,unknown,Eenzijdig,"Kruispunt, 4 takken",Binnen,30.0,Niet brandend,Overig asfalt,Droog,Daglicht,Droog,Nobelweg,amsterdam,POINT (123424.80750000104 484874.4228999987),POINT (4.923773430523097 52.35086767816786),4.923773430523097,52.35086767816786
307728,20210037340,2021,Uitsluitend materiele schade,2,personenauto,bromfiets,Kop/staart,"Kruispunt, 4 takken",Binnen,50.0,Niet brandend,Overig asfalt,Droog,Daglicht,Droog,Linnaeusstraat,amsterdam,POINT (123618.85810000077 485669.9433000013),POINT (4.926547229951391 52.35802842221616),4.926547229951391,52.35802842221616
307835,20210046791,2021,Uitsluitend materiele schade,2,snorfiets,personenauto,Flank,"Kruispunt, 4 takken",Binnen,50.0,Niet brandend,Overig asfalt,Droog,Daglicht,Droog,De Boelelaan,amsterdam,POINT (118908.17599999905 483151.1739999987),POINT (4.857669895739586 52.33510221651896),4.857669895739586,52.33510221651896
307899,20210085609,2021,Letsel,2,personenauto,fiets,Flank,"Kruispunt, 4 takken",Binnen,50.0,Niet brandend,Overig asfalt,Droog,Daglicht,Unknown,Maasstraat,amsterdam,POINT (121563.49450000003 484015.49909999967),POINT (4.896541105845824 52.343038129914305),4.896541105845824,52.343038129914305
307953,20210065485,2021,Uitsluitend materiele schade,2,personenauto,fiets,Flank,Rechte weg,Binnen,50.0,Niet brandend,Klinkers,Droog,Daglicht,Unknown,Moreelsestraat,amsterdam,POINT (120545.71700000018 485387.5769999996),POINT (4.881465825022978 52.35530657398688),4.881465825022978,52.35530657398688
307964,20210042638,2021,Uitsluitend materiele schade,2,fiets,fiets,Onbekend,Rechte weg,Binnen,50.0,Brandend,Overig asfalt,Droog,Duisternis,Droog,Overtoom,amsterdam,POINT (120068.87999999896 486201.80700000003),POINT (4.874382260170822 52.362594189444394),4.874382260170822,52.362594189444394
308003,20210047580,2021,Uitsluitend materiele schade,3,personenauto,fiets,Flank,"Kruispunt, 3 takken",Binnen,Unknown,Brandend,Overig asfalt,Droog,Duisternis,Droog,Dr. H. Colijnstraat,amsterdam,POINT (115462.83639999852 488102.27600000054),POINT (4.8065407508469296 52.37936184190246),4.8065407508469296,52.37936184190246
308055,20210069652,2021,Uitsluitend materiele schade,2,vrachtauto,e-bike,Onbekend,"Kruispunt, 3 takken",Binnen,30.0,Niet brandend,Klinkers,Nat,Daglicht,Unknown,Falckstraat,amsterdam,POINT (121564.24949999899 485923.44260000065),POINT (4.896362590657021 52.36018549905858),4.896362590657021,52.36018549905858
308284,20210076300,2021,Uitsluitend materiele schade,2,personenauto,fiets,Los voorwerp,Rotonde,Binnen,50.0,Niet brandend,Overig asfalt,Droog,Duisternis,Droog,Koningin Wilhelminaplein,amsterdam,POINT (117448.99069999903 485509.65199999884),POINT (4.835998722895116 52.35620076596408),4.835998722895116,52.35620076596408
308349,20210091238,2021,Uitsluitend materiele schade,2,personenauto,fiets,Flank,Rotonde,Binnen,50.0,Niet brandend,Overig asfalt,Nat,Daglicht,Unknown,Wagenaarstraat,amsterdam,POINT (123434.73020000011 486175.55099999905),POINT (4.923796970810568 52.36256194541931),4.923796970810568,52.36256194541931
308638,20220080644,2022,Uitsluitend materiele schade,1,fiets,unknown,Voetganger,Rechte weg,Binnen,50.0,Niet brandend,Klinkers,Droog,Daglicht,Unknown,Comeniusstraat,amsterdam,POINT (116556.71499999985 485845.4629999995),POINT (4.822863364809008 52.35915706617628),4.822863364809008,52.35915706617628
308672,20220080802,2022,Uitsluitend materiele schade,3,bromfiets,bestelauto,Kop/staart,Rechte weg,Binnen,50.0,Niet brandend,Overig asfalt,Nat,Daglicht,Unknown,Bos en Lommerweg,amsterdam,POINT (117606.14200000092 488016.625),POINT (4.838026571539376 52.37874224452898),4.838026571539376,52.37874224452898
308705,20220016782,2022,Letsel,2,bestelauto,fiets,Flank,Rechte weg,Binnen,Unknown,Brandend,Overig asfalt,Droog,Duisternis,Droog,Louwesweg,amsterdam,POINT (116546.89200000092 484422.6950000003),POINT (4.822881785431727 52.34636961512367),4.822881785431727,52.34636961512367
308720,20220080922,2022,Letsel,2,personenauto,fiets,Flank,"Kruispunt, 4 takken",Binnen,50.0,Niet brandend,Overig asfalt,Nat,Daglicht,Regen,Van Leijenberghlaan,amsterdam,POINT (120340.64449999854 483119.9818999991),POINT (4.878689277385786 52.33491406228359),4.878689277385786,52.33491406228359