,accident_id,accident_year,outcome,num_parties,party1_type,party2_type,accident_nature,road_situation,built_up_area,speed_limit_kmh,street_lighting,road_surface,road_condition,light_condition,weather_condition,street_name,municipality,shape,geometry,longitude,latitude
308777,20220055463,2022,Letsel,2,fiets,personenauto,Frontaal,Rechte weg,Binnen,30.0,Brandend,Klinkers,Droog,Duisternis,Droog,Nieuwe Passeerdersstraat,amsterdam,POINT (120386.67399999872 486636.3269999996),POINT (4.879002871373768 52.36651946404161),4.879002871373768,52.36651946404161
308813,20220055568,2022,Letsel,2,personenauto,fiets,Frontaal,"Kruispunt, 4 takken",Binnen,50.0,Niet brandend,ZOAB,Droog,Daglicht,Droog,Amsteldijk,amsterdam,POINT (122229.49740000069 485298.95329999924),POINT (4.906189032565806 52.35461309321803),4.906189032565806,52.35461309321803
308969,20220055795,2022,Uitsluitend materiele schade,2,personenauto,snorfiets,Flank,"Kruispunt, 3 takken",Binnen,50.0,Niet brandend,Overig asfalt,Droog,Daglicht,Droog,Linnaeusstraat,amsterdam,POINT (123627.45459999889 485615.0298999995),POINT (4.926678539299269 52.35753538703248),4.926678539299269,52.35753538703248
308982,20220103131,2022,Letsel,2,personenauto,e-bike,Onbekend,"Kruispunt, 3 takken",Binnen,50.0,Niet brandend,ZOAB,Droog,Daglicht,Droog,Theemsweg,amsterdam,POINT (116308.85819999874 489186.9274000004),POINT (4.818840339025071 52.389170076021244),4.818840339025071,52.389170076021244
309001,20220102378,2022,Letsel,2,personenauto,fiets,Eenzijdig,"Kruispunt, 4 takken",Binnen,50.0,Niet brandend,Overig asfalt,Droog,Daglicht,Unknown,Australiëhavenweg,amsterdam,POINT (114666.82789999992 490355.2558999993),POINT (4.794580134472249 52.39955178834106),4.794580134472249,52.39955178834106
309003,20220103163,2022,Uitsluitend materiele schade,2,snorfiets,personenauto,Frontaal,"Kruispunt, 3 takken",Binnen,50.0,Niet brandend,Overig asfalt,Nat,Daglicht,Regen,Bellamystraat,amsterdam,POINT (119205.91180000082 486595.2617000006),POINT (4.861671687826328 52.36607471705225),4.861671687826328,52.36607471705225
309020,20220054793,2022,Uitsluitend materiele schade,2,bromfiets,fiets,Flank,"Kruispunt, 4 takken",Binnen,Unknown,Niet brandend,Overig asfalt,Droog,Daglicht,Droog,Tidorestraat,amsterdam,POINT (124558.67460000142 485893.4706999995),POINT (4.940322554800662 52.36009022282657),4.940322554800662,52.36009022282657
309118,20220055093,2022,Letsel,2,personenauto,fiets,Frontaal,"Kruispunt, 3 takken",Binnen,50.0,Niet brandend,ZOAB,Droog,Daglicht,Droog,Van Boshuizenstraat,amsterdam,POINT (120872.99780000001 482008.09109999985),POINT (4.88661221494448 52.32495440409266),4.88661221494448,52.32495440409266
309120,20220055162,2022,Letsel,2,personenauto,e-bike,Flank,"Kruispunt, 3 takken",Binnen,50.0,Niet brandend,Overig asfalt,Droog,Daglicht,Droog,Kingsfordweg,amsterdam,POINT (117920.78339999914 488937.4836000018),POINT (4.842545645609441 52.38703953750139),4.842545645609441,52.38703953750139
309373,20230004010,2023,Letsel,1,fiets,unknown,Eenzijdig,Rechte weg,Binnen,50.0,Brandend,ZOAB,Droog,Duisternis,Droog,IJburglaan,amsterdam,POINT (127071.16699999943 486425.01399999857),POINT (4.977161107173574 52.36500088709934),4.977161107173574,52.36500088709934
309584,20230020886,2023,Uitsluitend materiele schade,2,personenauto,bromfiets,Onbekend,Unknown,Unknown,30.0,Unknown,Unknown,Unknown,Duisternis,Unknown,Prinses Irenelaan,amsterdam,POINT (131025.19949999824 480097.71009999886),POINT (5.035662385090004 52.30832111343299),5.035662385090004,52.30832111343299
309794,20210026213,2021,Letsel,2,bromfiets,personenauto,Geparkeerd voertuig,Rechte weg,Binnen,30.0,Brandend,Klinkers,Droog,Duisternis,Droog,Van Karnebeekstraat,amsterdam,POINT (114858.21299999952 487583.875),POINT (4.797723311265451 52.374659009797256),4.797723311265451,52.374659009797256
309970,20210033062,2021,Letsel,2,fiets,fiets,Flank,Rechte weg,Binnen,50.0,Niet brandend,Overig asfalt,Droog,Daglicht,Droog,Heemstedestraat,amsterdam,POINT (118320.51099999994 484992.5769999996),POINT (4.848847463905507 52.35161254877549),4.848847463905507,52.35161254877549
310018,20220178007,2022,Letsel,2,fiets,voetganger,Voetganger,Rechte weg,Binnen,30.0,Niet brandend,Klinkers,Droog,Daglicht,Unknown,Paleisstraat,amsterdam,POINT (121232.51999999955 487317.2410000004),POINT (4.891352942109468 52.37269169325148),4.891352942109468,52.37269169325148
310023,20220123113,2022,Uitsluitend materiele schade,2,personenauto,e-bike,Flank,"Kruispunt, 3 takken",Binnen,50.0,Niet brandend,Overig asfalt,Droog,Daglicht,Droog,Jan van Galenstraat,amsterdam,POINT (118818.57829999924 487523.52219999954),POINT (4.85588513368657 52.37439184973622),4.85588513368657,52.37439184973622
310035,20220141919,2022,Uitsluitend materiele schade,2,personenauto,e-bike,Frontaal,"Kruispunt, 4 takken",Binnen,50.0,Niet brandend,ZOAB,Droog,Daglicht,Droog,Coentunnelcircuit,amsterdam,POINT (120106 492149),POINT (4.874309227528829 52.41604539685903),4.874309227528829,52.41604539685903
310103,20220142131,2022,Uitsluitend materiele schade,2,bestelauto,bromfiets,Kop/staart,Rechte weg,Binnen,30.0,Brandend,Klinkers,Droog,Duisternis,Droog,Looiersgracht,amsterdam,POINT (120457.91800000146 486818.48600000143),POINT (4.880030138408146 52.3681610643363),4.880030138408146,52.3681610643363
310156,20220178200,2022,Letsel,2,bromfiets,voetganger,Voetganger,"Kruispunt, 4 takken",Binnen,50.0,Niet brandend,Overig asfalt,Nat,Daglicht,Droog,Dapperstraat,amsterdam,POINT (123766.96220000088 485976.4791000001),POINT (4.928692780828434 52.36079180734572),4.928692780828434,52.36079180734572
310312,20220123796,2022,Letsel,2,personenauto,fiets,Flank,"Kruispunt, 3 takken",Binnen,50.0,Niet brandend,ZOAB,Droog,Daglicht,Droog,Kwelderweg,amsterdam,POINT (114002.6138000004 485498.98160000145),POINT (4.785413745226437 52.35585849505402),4.785413745226437,52.35585849505402
310313,20220123802,2022,Letsel,1,snorfiets,unknown,Eenzijdig,Rechte weg,Binnen,50.0,Niet brandend,Overig asfalt,Droog,Daglicht,Droog,De Boelelaan,amsterdam,POINT (119880.57299999893 483114.49599999934),POINT (4.8719400353986 52.33483556013045),4.8719400353986,52.33483556013045
310359,20220155362,2022,Uitsluitend materiele schade,2,personenauto,fiets,Flank,Rechte weg,Binnen,50.0,Niet brandend,Overig asfalt,Droog,Daglicht,Droog,Westermarkt,amsterdam,POINT (120735.24500000104 487463.81700000167),POINT (4.884036137673385 52.37397820942806),4.884036137673385,52.37397820942806
310415,20220124046,2022,Uitsluitend materiele schade,2,personenauto,fiets,Flank,Rechte weg,Binnen,30.0,Brandend,Klinkers,Droog,Schemer,Droog,Schollenbrugstraat,amsterdam,POINT (122770.54899999872 484822.01999999955),POINT (4.914176172772937 52.35035873057506),4.914176172772937,52.35035873057506
310446,20220124093,2022,Letsel,2,personenauto,bromfiets,Onbekend,"Kruispunt, 4 takken",Binnen,50.0,Niet brandend,Beton,Droog,Daglicht,Droog,Noordzijde,amsterdam,POINT (116839.94029999897 487415.3431000002),POINT (4.826842688432981 52.37328567940766),4.826842688432981,52.37328567940766
310447,20220124111,2022,Uitsluitend materiele schade,2,personenauto,fiets,Flank,"Kruispunt, 4 takken",Binnen,50.0,Niet brandend,Overig asfalt,Droog,Daglicht,Droog,Amsteldijk,amsterdam,POINT (122206.25679999962 485343.5150000006),POINT (4.905843567834258 52.35501219759191),4.905843567834258,52.35501219759191
310504,20220141756,2022,Uitsluitend materiele schade,2,snorfiets,personenauto,Flank,Rechte weg,Binnen,50.0,Niet brandend,Overig asfalt,Droog,Daglicht,Droog,Bos en Lommerweg,amsterdam,POINT (118801.9609999992 488505.5949999988),POINT (4.855535317515703 52.38321687549527),4.855535317515703,52.38321687549527
310602,20230059910,2023,Uitsluitend materiele schade,2,fiets,personenauto,Flank,"Kruispunt, 4 takken",Binnen,50.0,Niet brandend,Klinkers,Droog,Daglicht,Droog,Voorburgstraat,amsterdam,POINT (117680.57470000163 484654.7564000003),POINT (4.8394927857626096 52.34853337227339),4.8394927857626096,52.34853337227339
310655,20230059146,2023,Uitsluitend materiele schade,2,personenauto,fiets,Onbekend,"Kruispunt, 4 takken",Binnen,50.0,Niet brandend,Overig asfalt,Nat,Daglicht,Droog,Nassaukade,amsterdam,POINT (120366.17390000075 486323.56500000134),POINT (4.878734111172744 52.363707289333064),4.878734111172744,52.363707289333064
310737,20230059709,2023,Uitsluitend materiele schade,2,bestelauto,bromfiets,Flank,"Kruispunt, 4 takken",Binnen,50.0,Niet brandend,ZOAB,Droog,Daglicht,Droog,Wilhelmina Druckerstraat,amsterdam,POINT (116875.64959999919 484820.21009999886),POINT (4.827661244716254 52.34996509195315),4.827661244716254,52.34996509195315
310762,20230050397,2023,Uitsluitend materiele schade,2,personenauto,bromfiets,Flank,"Kruispunt, 4 takken",Binnen,50.0,Niet brandend,Overig asfalt,Droog,Daglicht,Droog,Admiraal De Ruijterweg,amsterdam,POINT (118741.58689999953 488212.1264999993),POINT (4.854680266981408 52.380575422198376),4.854680266981408,52.380575422198376
310783,20230049870,2023,Uitsluitend materiele schade,2,fiets,fiets,Kop/staart,Rechte weg,Binnen,30.0,Niet brandend,Klinkers,Droog,Daglicht,Droog,Parnassusweg,amsterdam,POINT (119608.49599999934 484040.9750000015),POINT (4.867850952707957 52.34314467783044),4.867850952707957,52.34314467783044
310987,20220210930,2022,Letsel,2,personenauto,fiets,Flank,Rotonde,Binnen,50.0,Niet brandend,Overig asfalt,Droog,Daglicht,Droog,Baden Powellweg,amsterdam,POINT (114172.81579999998 486280.7868999988),POINT (4.787817060554894 52.362897400459936),4.787817060554894,52.362897400459936
311028,20220211628,2022,Uitsluitend materiele schade,2,personenauto,fiets,Flank,"Kruispunt, 3 takken",Binnen,50.0,Niet brandend,Overig asfalt,Droog,Daglicht,Droog,Willem Schermerhornstr,amsterdam,POINT (115239.95600000024 488454.75459999964),POINT (4.803225857805807 52.38251353024352),4.803225857805807,52.38251353024352
311053,20220211695,2022,Uitsluitend materiele schade,2,bromfiets,fiets,Flank,"Kruispunt, 4 takken",Binnen,30.0,Niet brandend,Klinkers,Droog,Daglicht,Droog,Piet Mondriaanstraat,amsterdam,POINT (117759.14189999923 486585.3691999987),POINT (4.840432063365826 52.36588961809934),4.840432063365826,52.36588961809934
311055,20220212372,2022,Uitsluitend materiele schade,2,bromfiets,personenauto,Flank,"Kruispunt, 4 takken",Binnen,50.0,Brandend,Overig asfalt,Nat,Duisternis,Regen,Rijnstraat,amsterdam,POINT (122121.88850000128 484514.6425999999),POINT (4.904686205906896 52.34755779546415),4.904686205906896,52.34755779546415
311122,20220211093,2022,Uitsluitend materiele schade,3,bromfiets,fiets,Onbekend,"Kruispunt, 4 takken",Binnen,50.0,Brandend,ZOAB,Droog,Duisternis,Droog,Westeinde,amsterdam,POINT (121762 485657),POINT (4.899291825636309 52.3578028939327),4.899291825636309,52.3578028939327
311123,20220211757,2022,Uitsluitend materiele schade,2,snorfiets,personenauto,Onbekend,"Kruispunt, 4 takken",Binnen,30.0,Brandend,Klinkers,Nat,Duisternis,Droog,Krimpertplein,amsterdam,POINT (126517.95080000162 481011.1688000001),POINT (4.96949713721223 52.316315947772146),4.96949713721223,52.316315947772146
311192,20220211839,2022,Letsel,2,bromfiets,fiets,Flank,"Kruispunt, 4 takken",Binnen,30.0,Niet brandend,Klinkers,Droog,Daglicht,Droog,Korte Prinsengracht,amsterdam,POINT (121087.87220000103 488308.40019999817),POINT (4.889128940581713 52.38159060336896),4.889128940581713,52.38159060336896
311229,20220211894,2022,Uitsluitend materiele schade,2,bromfiets,bestelauto,Flank,"Kruispunt, 4 takken",Binnen,50.0,Niet brandend,ZOAB,Nat,Daglicht,Regen,Willem Schermerhornstr,amsterdam,POINT (115239.95600000024 488454.75459999964),POINT (4.803225857805807 52.38251353024352),4.803225857805807,52.38251353024352
311256,20220211917,2022,Uitsluitend materiele schade,2,bromfiets,personenauto,Onbekend,Rechte weg,Binnen,50.0,Brandend,Overig asfalt,Nat,Duisternis,Regen,Osdorper Ban,amsterdam,POINT (115298.03000000119 486280.0709999986),POINT (4.804335675530521 52.362973451096074),4.804335675530521,52.362973451096074
311258,20220211922,2022,Uitsluitend materiele schade,3,personenauto,fiets,Onbekend,"Kruispunt, 4 takken",Binnen,30.0,Niet brandend,Klinkers,Nat,Daglicht,Droog,Dolingadreef,amsterdam,POINT (124508.22670000046 482016.6484000012),POINT (4.939933145391853 52.32524489567439),4.939933145391853,52.32524489567439
311298,20220210566,2022,Uitsluitend materiele schade,2,fiets,e-bike,Flank,Rechte weg,Binnen,50.0,Niet brandend,Overig asfalt,Droog,Daglicht,Droog,Marnixstraat,amsterdam,POINT (120316.61699999869 486883.66000000015),POINT (4.877948799779006 52.36873789625751),4.877948799779006,52.36873789625751
311333,20220211326,2022,Letsel,1,fiets,unknown,Eenzijdig,Rechte weg,Binnen,50.0,Niet brandend,Overig asfalt,Droog,Daglicht,Droog,Aquamarin,amsterdam,POINT (130356.34299999848 480301.7030000016),POINT (5.0258402429936115 52.310124956281896),5.0258402429936115,52.310124956281896
311368,20220210678,2022,Uitsluitend materiele schade,1,bromfiets,unknown,Voetganger,Rechte weg,Binnen,50.0,Brandend,Overig asfalt,Droog,Duisternis,Droog,Transformatorweg,amsterdam,POINT (118331.08900000155 489439.9279999994),POINT (4.8485175261091085 52.39158267412204),4.8485175261091085,52.39158267412204
311370,20220212047,2022,Letsel,2,snorfiets,fiets,Flank,Rechte weg,Binnen,30.0,Niet aanwezig,Overig asfalt,Droog,Daglicht,Droog,Julianaplein,amsterdam,POINT (123109.56899999827 484435.7329999991),POINT (4.919188376953401 52.34690680876096),4.919188376953401,52.34690680876096
311429,20220212151,2022,Uitsluitend materiele schade,2,snorfiets,fiets,Flank,"Kruispunt, 4 takken",Binnen,Unknown,Brandend,Overig asfalt,Droog,Duisternis,Droog,Geldersekade,amsterdam,POINT (122024.31199999899 487694.05099999905),POINT (4.902942468163898 52.37612631461478),4.902942468163898,52.37612631461478
311782,20230111139,2023,Letsel,2,fiets,unknown,Eenzijdig,"Kruispunt, 4 takken",Binnen,30.0,Niet brandend,Overig asfalt,Droog,Daglicht,Droog,Pieter Lastmankade,amsterdam,POINT (119066.91059999913 484685.7564000003),POINT (4.859834928605797 52.3489043807098),4.859834928605797,52.3489043807098
311824,20230111987,2023,Uitsluitend materiele schade,2,fiets,personenauto,Onbekend,"Kruispunt, 4 takken",Binnen,30.0,Niet brandend,Overig asfalt,Droog,Schemer,Droog,Andersensingel,amsterdam,POINT (124885.21550000086 481683.9257999994),POINT (4.945492612038425 52.32227534743438),4.945492612038425,52.32227534743438
311864,20230067104,2023,Uitsluitend materiele schade,2,personenauto,fiets,Flank,"Kruispunt, 4 takken",Binnen,50.0,Niet brandend,Beton,Droog,Daglicht,Droog,Wibautstraat,amsterdam,POINT (122409.76099999994 485909.1420000009),POINT (4.908775788043706 52.36010778599409),4.908775788043706,52.36010778599409
311865,20230067303,2023,Uitsluitend materiele schade,1,fiets,unknown,Voetganger,Rechte weg,Binnen,50.0,Niet brandend,Beton,Nat,Daglicht,Regen,Haarlemmerweg,amsterdam,POINT (120353.85799999908 488742.88899999857),POINT (4.878303891316488 52.38544963333849),4.878303891316488,52.38544963333849
311874,20230020856,2023,Letsel,2,fiets,motor,Flank,"Kruispunt, 4 takken",Binnen,50.0,Niet brandend,ZOAB,Nat,Daglicht,Droog,Pienemanstraat,amsterdam,POINT (121057.41679999977 484751.7965000011),POINT (4.889040693594372 52.34962445995326),4.889040693594372,52.34962445995326
311927,20230074626,2023,Letsel,2,personenauto,fiets,Flank,"Kruispunt, 4 takken",Binnen,50.0,Brandend,Overig asfalt,Droog,Duisternis,Droog,Haarlemmerweg,amsterdam,POINT (118276.44610000029 488699.04740000144),POINT (4.847795842863237 52.3849205708168),4.847795842863237,52.3849205708168
311936,20230023777,2023,Uitsluitend materiele schade,3,bestelauto,fiets,Los voorwerp,"Kruispunt, 4 takken",Binnen,50.0,Niet brandend,Overig asfalt,Droog,Daglicht,Droog,Johan Huizingalaan,amsterdam,POINT (116856 485517),POINT (4.827293864979522 52.35622595284293),4.827293864979522,52.35622595284293
311947,20230067220,2023,Uitsluitend materiele schade,7,personenauto,fiets,Vast voorwerp,Bocht,Binnen,50.0,Niet brandend,Overig asfalt,Nat,Daglicht,Droog,Archimedesweg,amsterdam,POINT (124492.73999999836 485423.3729999997),POINT (4.939397291836031 52.35586162511926),4.939397291836031,52.35586162511926
312002,20230020434,2023,Uitsluitend materiele schade,2,bestelauto,fiets,Flank,Rechte weg,Binnen,50.0,Niet brandend,Klinkers,Nat,Schemer,Droog,Haarlemmer Houttuinen,amsterdam,POINT (121201.68499999866 488304.19299999997),POINT (4.890800899007422 52.38155981063489),4.890800899007422,52.38155981063489
312024,20230077585,2023,Uitsluitend materiele schade,2,fiets,scootmobiel,Flank,"Kruispunt, 4 takken",Binnen,50.0,Niet brandend,Klinkers,Droog,Daglicht,Droog,Camperstraat,amsterdam,POINT (122765.06529999897 485580.3903999999),POINT (4.914023031062792 52.35717414748704),4.914023031062792,52.35717414748704
312077,20230068050,2023,Letsel,2,bromfiets,fiets,Flank,"Kruispunt, 4 takken",Binnen,50.0,Niet brandend,Overig asfalt,Droog,Daglicht,Droog,Alexanderplein,amsterdam,POINT (123106.36199999973 486281.7019999996),POINT (4.918966308299095 52.36349699299695),4.918966308299095,52.36349699299695
312116,20230078881,2023,Letsel,2,personenauto,fiets,Frontaal,"Kruispunt, 4 takken",Binnen,50.0,Niet brandend,ZOAB,Droog,Daglicht,Droog,Rooseveltlaan,amsterdam,POINT (122032.0791000016 484262.3498999998),POINT (4.903392924255276 52.345284972342476),4.903392924255276,52.345284972342476
312181,20230020643,2023,Uitsluitend materiele schade,2,bromfiets,personenauto,Flank,"Kruispunt, 4 takken",Binnen,50.0,Brandend,Klinkers,Droog,Duisternis,Droog,Jasonstraat,amsterdam,POINT (119049.53599999845 484295.4230000004),POINT (4.859621638249948 52.34539520129253),4.859621638249948,52.34539520129253
312184,20230024691,2023,Uitsluitend materiele schade,2,personenauto,e-bike,Flank,"Kruispunt, 3 takken",Binnen,50.0,Niet brandend,Overig asfalt,Nat,Daglicht,Regen,Buikslotermeerplein,amsterdam,POINT (124628.54729999974 490240.82719999924),POINT (4.940955296452347 52.39916521095215),4.940955296452347,52.39916521095215
312231,20230020718,2023,Uitsluitend materiele schade,2,personenauto,fiets,Kop/staart,Rechte weg,Binnen,30.0,Brandend,Klinkers,Droog,Duisternis,Droog,Prinsengracht,amsterdam,POINT (120737.03599999845 487623.7179999985),POINT (4.884046134778392 52.37541539580356),4.884046134778392,52.37541539580356
312310,20230020839,2023,Letsel,1,fiets,unknown,Eenzijdig,Rechte weg,Binnen,Unknown,Niet brandend,Klinkers,Nat,Daglicht,Droog,Transformatorweg,amsterdam,POINT (119196.60500000045 489604.40100000054),POINT (4.861214382964129 52.393117974358105),4.861214382964129,52.393117974358105
312354,20230102531,2023,Uitsluitend materiele schade,2,personenauto,bromfiets,Flank,Rechte weg,Binnen,30.0,Niet brandend,Klinkers,Nat,Daglicht,Regen,Baarsjesweg,amsterdam,POINT (118718.42799999937 485702.7520000003),POINT (4.854610985966541 52.358021508743946),4.854610985966541,52.358021508743946
312383,20230097531,2023,Uitsluitend materiele schade,2,fiets,fiets,Voetganger,Rechte weg,Binnen,50.0,Niet brandend,Unknown,Droog,Daglicht,Droog,Rozenstraat,amsterdam,POINT (120572.5850000009 487349.98999999836),POINT (4.881659270620872 52.37294504065738),4.881659270620872,52.37294504065738
312475,20230097608,2023,Uitsluitend materiele schade,2,snorfiets,personenauto,Flank,"Kruispunt, 4 takken",Binnen,50.0,Niet aanwezig,ZOAB,Nat,Duisternis,Regen,tt. Vasumweg,amsterdam,POINT (121250.28799999878 490935.9230000004),POINT (4.891250170073003 52.40521481862714),4.891250170073003,52.40521481862714
312489,20230087721,2023,Letsel,2,bromfiets,fiets,Kop/staart,Rechte weg,Binnen,30.0,Niet brandend,Klinkers,Droog,Daglicht,Droog,Alexander Dumaslaan,amsterdam,POINT (124598.28599999845 481772.9059999995),POINT (4.941276139983865 52.3230592645203),4.941276139983865,52.3230592645203
312539,20230097142,2023,Uitsluitend materiele schade,2,personenauto,e-bike,Flank,"Kruispunt, 4 takken",Binnen,30.0,Brandend,Klinkers,Nat,Duisternis,Droog,Arcadia,amsterdam,POINT (123910.94099999964 485671.68659999967),POINT (4.930834546078869 52.358060695992044),4.930834546078869,52.358060695992044
312595,20230087324,2023,Letsel,2,fiets,fiets,Kop/staart,Rechte weg,Binnen,Unknown,Niet aanwezig,Overig asfalt,Droog,Daglicht,Droog,Zuiderzeeweg,amsterdam,POINT (125770.36300000176 488957.63500000164),POINT (4.957843293521243 52.38769476169771),4.957843293521243,52.38769476169771
312604,20230097262,2023,Letsel,2,fiets,fiets,Onbekend,Rechte weg,Binnen,50.0,Niet brandend,Overig asfalt,Nat,Daglicht,Regen,Jan Evertsenstraat,amsterdam,POINT (118926.35000000149 487180.7030000016),POINT (4.8575044765774305 52.37131793855779),4.8575044765774305,52.37131793855779
312666,20230097421,2023,Letsel,2,bromfiets,unknown,Eenzijdig,"Kruispunt, 4 takken",Binnen,50.0,Niet brandend,ZOAB,Nat,Daglicht,Regen,Kerkstraat,amsterdam,POINT (121271.43510000035 486232.1684000008),POINT (4.892033222790585 52.362942213353975),4.892033222790585,52.362942213353975
312724,20210080825,2021,Uitsluitend materiele schade,2,personenauto,snorfiets,Flank,"Kruispunt, 3 takken",Binnen,50.0,Niet brandend,Overig asfalt,Droog,Daglicht,Droog,Houthavenkade,amsterdam,POINT (120160.378800001 489562.1251000017),POINT (4.875377084405155 52.39280005997345),4.875377084405155,52.39280005997345
312773,20210075834,2021,Uitsluitend materiele schade,2,bromfiets,lichtmast,Vast voorwerp,Rechte weg,Binnen,50.0,Brandend,Overig asfalt,Droog,Duisternis,Unknown,Westerdoksdijk,amsterdam,POINT (121363.34200000018 488673.8269999996),POINT (4.893138094612057 52.38489174018211),4.893138094612057,52.38489174018211
312823,20210080020,2021,Uitsluitend materiele schade,2,vrachtauto,fiets,Flank,Rechte weg,Buiten,50.0,Niet brandend,Overig asfalt,Droog,Daglicht,Unknown,Van Woustraat,amsterdam,POINT (122072.41600000113 484732.7329999991),POINT (4.9039388350045865 52.349514887406286),4.9039388350045865,52.349514887406286
312832,20210087245,2021,Uitsluitend materiele schade,2,snorfiets,personenauto,Flank,"Kruispunt, 4 takken",Binnen,50.0,Brandend,Overig asfalt,Droog,Duisternis,Droog,Johan Huizingalaan,amsterdam,POINT (116847.61969999969 485848.0379000008),POINT (4.827133308059287 52.359200488249805),4.827133308059287,52.359200488249805
312839,20210080063,2021,Uitsluitend materiele schade,2,personenauto,fiets,Los voorwerp,"Kruispunt, 4 takken",Binnen,50.0,Niet brandend,Overig asfalt,Droog,Daglicht,Droog,Meer en Vaart,amsterdam,POINT (115375.23999999836 486308.6660999991),POINT (4.80546577756342 52.36323601648116),4.80546577756342,52.36323601648116
312844,20210087258,2021,Uitsluitend materiele schade,2,bromfiets,fiets,Frontaal,Rechte weg,Binnen,50.0,Brandend,Overig asfalt,Droog,Duisternis,Droog,Arlandaweg,amsterdam,POINT (117374.87700000033 488818.7749999985),POINT (4.834540449161352 52.38593553113047),4.834540449161352,52.38593553113047
312848,20210086187,2021,Uitsluitend materiele schade,2,fiets,bromfiets,Frontaal,"Kruispunt, 4 takken",Binnen,50.0,Brandend,Klinkers,Droog,Duisternis,Droog,Prins Hendrikkade,amsterdam,POINT (121722.47690000013 487797.82990000024),POINT (4.898499769418886 52.377040795954194),4.898499769418886,52.377040795954194
312866,20210086492,2021,Uitsluitend materiele schade,2,personenauto,fiets,Flank,"Kruispunt, 3 takken",Binnen,50.0,Niet brandend,Overig asfalt,Nat,Daglicht,Droog,Marnixplein,amsterdam,POINT (120386.11600000039 487927.2965000011),POINT (4.878861729836541 52.378121727849326),4.878861729836541,52.378121727849326
312868,20210088321,2021,Uitsluitend materiele schade,2,personenauto,fiets,Flank,"Kruispunt, 3 takken",Binnen,50.0,Niet brandend,Overig asfalt,Droog,Daglicht,Droog,J.S. Ruppertstraat,amsterdam,POINT (114791.85579999909 485011.11349999905),POINT (4.797056547717964 52.351532252269074),4.797056547717964,52.351532252269074
312901,20210016377,2021,Uitsluitend materiele schade,2,bromfiets,personenauto,Flank,Rechte weg,Binnen,30.0,Niet brandend,Klinkers,Droog,Daglicht,Droog,Kikkenstein,amsterdam,POINT (126911.70399999991 481037.7170000002),POINT (4.975269416830353 52.316574795952086),4.975269416830353,52.316574795952086
312908,20210022683,2021,Letsel,3,snorfiets,personenauto,Voetganger,Rechte weg,Binnen,30.0,Niet brandend,Overig asfalt,Droog,Daglicht,Droog,Cruquiuskade,amsterdam,POINT (123940.19700000063 486718.53400000185),POINT (4.9311673069412585 52.36747073401615),4.9311673069412585,52.36747073401615
312951,20210023014,2021,Letsel,2,personenauto,fiets,Flank,Rechte weg,Binnen,50.0,Niet brandend,Overig asfalt,Droog,Daglicht,Droog,Oudeschans,amsterdam,POINT (122145.79800000042 487204.5920000002),POINT (4.90477432757168 52.371734681488185),4.90477432757168,52.371734681488185
313065,20210020514,2021,Uitsluitend materiele schade,2,bromfiets,e-bike,Onbekend,Rechte weg,Binnen,30.0,Niet brandend,Overig asfalt,Droog,Daglicht,Unknown,Reigersbos,amsterdam,POINT (126960.5309999995 478693.15100000054),POINT (4.976180388585634 52.29550551607231),4.976180388585634,52.29550551607231
313085,20210016040,2021,Uitsluitend materiele schade,2,personenauto,fiets,Voetganger,"Kruispunt, 4 takken",Binnen,50.0,Niet brandend,Overig asfalt,Droog,Daglicht,Droog,Transvaalstraat,amsterdam,POINT (123711.27199999988 485420.44200000167),POINT (4.927926977745043 52.3557913359856),4.927926977745043,52.3557913359856
313312,20210034062,2021,Uitsluitend materiele schade,2,personenauto,fiets,Flank,"Kruispunt, 4 takken",Binnen,50.0,Brandend,Klinkers,Nat,Duisternis,Droog,Voorburgstraat,amsterdam,POINT (117680.57470000163 484654.7564000003),POINT (4.8394927857626096 52.34853337227339),4.8394927857626096,52.34853337227339
313347,20210065646,2021,Letsel,3,fiets,fiets,Flank,"Kruispunt, 4 takken",Binnen,50.0,Niet brandend,Overig asfalt,Droog,Daglicht,Droog,Vespuccistraat,amsterdam,POINT (118666.2292000018 487106.4846000001),POINT (4.853693084231545 52.370633770439575),4.853693084231545,52.370633770439575
313361,20210047193,2021,Letsel,2,bestelauto,snorfiets,Flank,"Kruispunt, 4 takken",Binnen,50.0,Niet brandend,Overig asfalt,Nat,Daglicht,Unknown,Bos en Lommerweg,amsterdam,POINT (117896.8610999994 487964.68189999834),POINT (4.8423017123253675 52.378295144042085),4.8423017123253675,52.378295144042085
313433,20210083680,2021,Letsel,2,bromfiets,fiets,Flank,"Kruispunt, 4 takken",Binnen,30.0,Niet brandend,Overig asfalt,Droog,Daglicht,Unknown,Joh.M. Coenenstraat,amsterdam,POINT (120424.65349999815 484992.41589999944),POINT (4.87972946712184 52.35174753305182),4.87972946712184,52.35174753305182