,accident_id,accident_year,outcome,num_parties,party1_type,party2_type,accident_nature,road_situation,built_up_area,speed_limit_kmh,street_lighting,road_surface,road_condition,light_condition,weather_condition,street_name,municipality,shape,geometry,longitude,latitude
313445,20210042373,2021,Uitsluitend materiele schade,2,bromfiets,bromfiets,Onbekend,Unknown,Unknown,50.0,Unknown,Unknown,Unknown,Daglicht,Unknown,Kattenburgerstraat,amsterdam,POINT (122933.30700000003 487184.48699999973),POINT (4.916339622083302 52.37160054024129),4.916339622083302,52.37160054024129
313455,20210056984,2021,Uitsluitend materiele schade,2,personenauto,fiets,Frontaal,Bocht,Binnen,30.0,Niet brandend,Overig asfalt,Droog,Daglicht,Droog,Haarlemmer Houttuinen,amsterdam,POINT (121150 488350),POINT (4.890037201659656 52.38196830621541),4.890037201659656,52.38196830621541
313512,20210057957,2021,Uitsluitend materiele schade,2,bromfiets,personenauto,Flank,"Kruispunt, 4 takken",Binnen,50.0,Niet brandend,Overig asfalt,Droog,Daglicht,Droog,Floraweg,amsterdam,POINT (122465.38940000162 490326.5960999988),POINT (4.909164631828468 52.39981204725284),4.909164631828468,52.39981204725284
313661,20210065526,2021,Letsel,2,bromfiets,bromfiets,Frontaal,Rechte weg,Binnen,30.0,Brandend,Overig asfalt,Droog,Schemer,Unknown,IJburglaan,amsterdam,POINT (127236.60000000149 486222.5560000017),POINT (4.979606603392933 52.36318970380388),4.979606603392933,52.36318970380388
313694,20210090044,2021,Letsel,2,bromfiets,personenauto,Geparkeerd voertuig,"Kruispunt, 3 takken",Binnen,30.0,Niet brandend,Overig asfalt,Droog,Daglicht,Droog,Rijnsburgstraat,amsterdam,POINT (118383.71959999949 484548.7930999994),POINT (4.849823448347126 52.347628353118395),4.849823448347126,52.347628353118395
314341,20220081389,2022,Letsel,2,e-bike,fiets,Onbekend,"Kruispunt, 4 takken",Binnen,50.0,Niet brandend,Klinkers,Droog,Daglicht,Droog,Westeinde,amsterdam,POINT (121762 485657),POINT (4.899291825636309 52.3578028939327),4.899291825636309,52.3578028939327
314473,20220055335,2022,Uitsluitend materiele schade,2,bromfiets,bestelauto,Onbekend,"Kruispunt, 4 takken",Binnen,Unknown,Niet brandend,Overig asfalt,Droog,Duisternis,Droog,IJdok,amsterdam,POINT (121373.96999999881 488731.3020000011),POINT (4.89328844274586 52.38540893455508),4.89328844274586,52.38540893455508
314494,20220035829,2022,Uitsluitend materiele schade,2,bromfiets,bestelauto,Frontaal,Rechte weg,Binnen,50.0,Brandend,Overig asfalt,Nat,Duisternis,Unknown,Amstelveenseweg,amsterdam,POINT (118791.19000000134 485245.05700000003),POINT (4.855728313516562 52.353912876846714),4.855728313516562,52.353912876846714
314500,20220055365,2022,Uitsluitend materiele schade,2,bromfiets,unknown,Onbekend,Unknown,Unknown,50.0,Unknown,Unknown,Unknown,Duisternis,Unknown,Schipluidenlaan,amsterdam,POINT (117659.44099999964 485522.7809999995),POINT (4.8390862974498745 52.356333103772535),4.8390862974498745,52.356333103772535
314540,20220081121,2022,Letsel,2,bromfiets,voetganger,Voetganger,"Kruispunt, 4 takken",Binnen,50.0,Niet brandend,Overig asfalt,Droog,Daglicht,Droog,Nobelweg,amsterdam,POINT (123424.80750000104 484874.4228999987),POINT (4.923773430523097 52.35086767816786),4.923773430523097,52.35086767816786
314603,20220055589,2022,Uitsluitend materiele schade,2,snorfiets,fiets,Geparkeerd voertuig,"Kruispunt, 3 takken",Binnen,50.0,Niet brandend,Klinkers,Droog,Daglicht,Droog,Nieuwezijds Voorburgwal,amsterdam,POINT (121186 487310),POINT (4.890670582121924 52.37262375374616),4.890670582121924,52.37262375374616
314706,20220054596,2022,Letsel,2,personenauto,e-bike,Flank,"Kruispunt, 4 takken",Binnen,50.0,Niet brandend,Overig asfalt,Droog,Daglicht,Droog,Marnixstraat,amsterdam,POINT (120315.15419999883 486887.20329999924),POINT (4.877926956741878 52.368769648509506),4.877926956741878,52.368769648509506
314718,20220103079,2022,Letsel,2,fiets,fiets,Flank,"Kruispunt, 3 takken",Binnen,15.0,Niet brandend,Overig asfalt,Droog,Daglicht,Droog,Emmalaan,amsterdam,POINT (119192 485465),POINT (4.861587786441335 52.355915835949915),4.861587786441335,52.355915835949915
314753,20220015334,2022,Uitsluitend materiele schade,2,bromfiets,personenauto,Flank,"Kruispunt, 4 takken",Unknown,50.0,Niet brandend,Overig asfalt,Nat,Daglicht,Regen,Hendrik Jacobszstraat,amsterdam,POINT (119143.3702000007 484892.7831999995),POINT (4.860934976385988 52.35076998625011),4.860934976385988,52.35076998625011
314769,20220103220,2022,Uitsluitend materiele schade,1,bromfiets,unknown,Onbekend,Rechte weg,Binnen,50.0,Brandend,ZOAB,Nat,Duisternis,Droog,Nassaukade,amsterdam,POINT (120133.52600000054 486918.3669999987),POINT (4.875256980727527 52.369038224526044),4.875256980727527,52.369038224526044
315120,20230004003,2023,Letsel,2,fiets,fiets,Flank,Rechte weg,Binnen,Unknown,Niet brandend,Overig asfalt,Droog,Daglicht,Droog,Middenweg,amsterdam,POINT (124515.06599999964 484554.2960000001),POINT (4.9398037371807675 52.34805214132421),4.9398037371807675,52.34805214132421
315121,20230004197,2023,Uitsluitend materiele schade,2,bromfiets,fiets,Kop/staart,"Kruispunt, 3 takken",Binnen,15.0,Niet brandend,Overig asfalt,Droog,Daglicht,Droog,Radarweg,amsterdam,POINT (117504.79699999839 490765.99439999834),POINT (4.836231237079866 52.40344444098042),4.836231237079866,52.40344444098042
315214,20230004668,2023,Uitsluitend materiele schade,1,bromfiets,unknown,Flank,"Kruispunt, 4 takken",Binnen,30.0,Niet brandend,Klinkers,Droog,Daglicht,Droog,Geldersekade,amsterdam,POINT (121929.85990000144 487464.3319000006),POINT (4.901578052209045 52.374056080656516),4.901578052209045,52.374056080656516
315423,20230066027,2023,Uitsluitend materiele schade,1,bromfiets,unknown,Onbekend,Unknown,Unknown,30.0,Unknown,Unknown,Unknown,Daglicht,Unknown,Leidseplein,amsterdam,POINT (120652.5 486412.5),POINT (4.8829285141420735 52.36452455351917),4.8829285141420735,52.36452455351917
315779,20210018633,2021,Letsel,1,e-bike,unknown,Eenzijdig,Rechte weg,Binnen,50.0,Niet brandend,Overig asfalt,Droog,Daglicht,Droog,Oude Haagseweg,amsterdam,POINT (115421.58709999919 482829.4609000012),POINT (4.806555357662272 52.331970931976066),4.806555357662272,52.331970931976066
315848,20220141924,2022,Uitsluitend materiele schade,2,personenauto,bromfiets,Flank,"Kruispunt, 3 takken",Binnen,50.0,Niet brandend,Overig asfalt,Droog,Daglicht,Droog,Jodenbreestraat,amsterdam,POINT (122097.06410000101 486845.7395000011),POINT (4.9040938697595315 52.36850664596971),4.9040938697595315,52.36850664596971
315897,20220178095,2022,Uitsluitend materiele schade,2,snorfiets,fiets,Frontaal,Rechte weg,Binnen,30.0,Niet brandend,Klinkers,Nat,Daglicht,Regen,Eerste Oosterparkstraat,amsterdam,POINT (122823.04699999839 485604.59699999914),POINT (4.914871809484456 52.357395099398154),4.914871809484456,52.357395099398154
315933,20220177877,2022,Letsel,2,snorfiets,voetganger,Voetganger,Rechte weg,Binnen,50.0,Niet brandend,ZOAB,Droog,Daglicht,Droog,Louis Davidsstraat,amsterdam,POINT (115684.97800000012 485139.08199999854),POINT (4.810149587717375 52.352746965938195),4.810149587717375,52.352746965938195
315934,20220178179,2022,Letsel,2,fiets,fiets,Flank,"Kruispunt, 4 takken",Binnen,50.0,Niet brandend,Klinkers,Droog,Daglicht,Droog,Keizersgracht,amsterdam,POINT (120757.40089999884 487062.5335999988),POINT (4.88440236077997 52.37037314433008),4.88440236077997,52.37037314433008
315954,20220142215,2022,Letsel,2,personenauto,fiets,Flank,Rechte weg,Binnen,50.0,Niet brandend,Overig asfalt,Droog,Daglicht,Droog,Plesmanlaan,amsterdam,POINT (116646.02800000086 484849.1229999997),POINT (4.8242879971262695 52.35020895986218),4.8242879971262695,52.35020895986218
316003,20220178265,2022,Letsel,1,fiets,unknown,Eenzijdig,Rechte weg,Binnen,50.0,Brandend,Beton,Nat,Duisternis,Droog,Kromwijkdreef,amsterdam,POINT (127280.65700000152 480983.54199999943),POINT (4.980684696289615 52.31610661519026),4.980684696289615,52.31610661519026
316019,20220123501,2022,Letsel,1,fiets,unknown,Eenzijdig,"Kruispunt, 4 takken",Binnen,Unknown,Brandend,ZOAB,Nat,Duisternis,Droog,Westeinde,amsterdam,POINT (121762 485657),POINT (4.899291825636309 52.3578028939327),4.899291825636309,52.3578028939327
316052,20220142394,2022,Letsel,2,bromfiets,unknown,Eenzijdig,"Kruispunt, 4 takken",Binnen,30.0,Niet brandend,Overig asfalt,Droog,Daglicht,Droog,Jacob van Lennepkade,amsterdam,POINT (120062.28700000048 486581.53350000083),POINT (4.874246017099849 52.366006480465344),4.874246017099849,52.366006480465344
316122,20220155347,2022,Uitsluitend materiele schade,1,fiets,unknown,Voetganger,"Kruispunt, 4 takken",Binnen,Unknown,Niet brandend,Klinkers,Droog,Daglicht,Droog,Stromarkt,amsterdam,POINT (121461.61780000106 488011.50879999995),POINT (4.894647671675529 52.378945316943636),4.894647671675529,52.378945316943636
316135,20220123903,2022,Uitsluitend materiele schade,2,bromfiets,lichtmast,Vast voorwerp,Unknown,Unknown,50.0,Unknown,Unknown,Unknown,Daglicht,Unknown,Baden Powellweg,amsterdam,POINT (114239.3049999997 486015.27699999884),POINT (4.7888253255542805 52.3605161522255),4.7888253255542805,52.3605161522255
316192,20220124071,2022,Letsel,2,e-bike,voetganger,Voetganger,"Kruispunt, 4 takken",Binnen,50.0,Niet brandend,Overig asfalt,Droog,Daglicht,Droog,Tweede Nassaustraat,amsterdam,POINT (120321.31370000169 488437.8443999998),POINT (4.877857374623979 52.38270606531588),4.877857374623979,52.38270606531588
316197,20220141454,2022,Letsel,3,personenauto,e-bike,Onbekend,"Kruispunt, 4 takken",Binnen,Unknown,Niet brandend,Overig asfalt,Droog,Daglicht,Droog,Wijttenbachstraat,amsterdam,POINT (123541.40230000019 485893.1953999996),POINT (4.925389378399312 52.36003043726986),4.925389378399312,52.36003043726986
316228,20220124104,2022,Letsel,2,bromfiets,personenauto,Flank,"Kruispunt, 4 takken",Binnen,50.0,Niet brandend,ZOAB,Droog,Daglicht,Droog,Elandsgracht,amsterdam,POINT (120323.6400000006 486890.47100000083),POINT (4.878051211900658 52.36879955210582),4.878051211900658,52.36879955210582
316237,20220141508,2022,Uitsluitend materiele schade,2,fiets,unknown,Flank,"Kruispunt, 4 takken",Binnen,50.0,Niet brandend,Overig asfalt,Droog,Daglicht,Droog,Jan van Galenstraat,amsterdam,POINT (119295.71790000051 487605.0861000009),POINT (4.8628829142539285 52.37515611741284),4.8628829142539285,52.37515611741284
316300,20220141760,2022,Uitsluitend materiele schade,2,snorfiets,personenauto,Flank,"Kruispunt, 4 takken",Binnen,50.0,Niet brandend,Beton,Droog,Daglicht,Droog,Jan Rebelstraat,amsterdam,POINT (113888.32730000094 486145.36989999935),POINT (4.7836572389291225 52.36165916426676),4.7836572389291225,52.36165916426676
316328,20220141818,2022,Uitsluitend materiele schade,2,motor,fiets,Flank,"Kruispunt, 4 takken",Binnen,50.0,Brandend,Overig asfalt,Droog,Schemer,Droog,Panamalaan,amsterdam,POINT (124118.67300000042 487266.5560000017),POINT (4.933737366692226 52.37240605732191),4.933737366692226,52.37240605732191
316368,20230040201,2023,Uitsluitend materiele schade,2,personenauto,fiets,Flank,"Kruispunt, 3 takken",Binnen,50.0,Niet brandend,Overig asfalt,Droog,Daglicht,Droog,Hortensiastraat,amsterdam,POINT (122812.27800000086 489717.566300001),POINT (4.914319789728644 52.39435899090606),4.914319789728644,52.39435899090606
316373,20230048992,2023,Uitsluitend materiele schade,2,personenauto,fiets,Flank,"Kruispunt, 4 takken",Binnen,80.0,Niet brandend,Overig asfalt,Droog,Daglicht,Droog,GEUZENVELD,amsterdam,POINT (117986.87429999933 487906.17330000177),POINT (4.843630048597287 52.377775389736335),4.843630048597287,52.377775389736335
316478,20230059635,2023,Uitsluitend materiele schade,2,snorfiets,motor,Flank,"Kruispunt, 3 takken",Binnen,50.0,Brandend,Beton,Droog,Duisternis,Droog,Jan Puntstraat,amsterdam,POINT (116947.50989999995 485518.0042999983),POINT (4.828636951017895 52.35624132467615),4.828636951017895,52.35624132467615
316494,20230059668,2023,Uitsluitend materiele schade,2,personenauto,fiets,Los voorwerp,"Kruispunt, 3 takken",Binnen,50.0,Niet brandend,Beton,Droog,Daglicht,Droog,Dollardpad,amsterdam,POINT (124614.04050000012 490184.5223999992),POINT (4.940747250630038 52.39865838013339),4.940747250630038,52.39865838013339
316519,20230049754,2023,Letsel,1,fiets,unknown,Eenzijdig,Bocht,Binnen,50.0,Brandend,Overig asfalt,Nat,Duisternis,Regen,Marnixstraat,amsterdam,POINT (120531.76799999923 488285.5920000002),POINT (4.880963950462595 52.381350987340795),4.880963950462595,52.381350987340795
316521,20230050322,2023,Uitsluitend materiele schade,2,personenauto,fiets,Onbekend,"Kruispunt, 4 takken",Binnen,30.0,Niet brandend,Klinkers,Droog,Daglicht,Droog,Rosa Luxemburgstraat,amsterdam,POINT (126168 481497),POINT (4.964323467524651 52.32066410532523),4.964323467524651,52.32066410532523
316541,20230049794,2023,Uitsluitend materiele schade,2,fiets,bestelauto,Kop/staart,"Kruispunt, 4 takken",Binnen,50.0,Niet brandend,Overig asfalt,Droog,Daglicht,Droog,Nassaukade,amsterdam,POINT (120302.56210000068 487978.65370000154),POINT (4.877629392829977 52.37857801466797),4.877629392829977,52.37857801466797
316632,20230040626,2023,Uitsluitend materiele schade,2,bromfiets,personenauto,Flank,"Kruispunt, 4 takken",Binnen,50.0,Niet brandend,ZOAB,Droog,Daglicht,Droog,Rhijnspoorplein,amsterdam,POINT (122413.44959999993 485898.94469999894),POINT (4.908830923312792 52.360016358298786),4.908830923312792,52.360016358298786
316786,20220211649,2022,Letsel,2,personenauto,e-bike,Flank,"Kruispunt, 4 takken",Binnen,50.0,Niet brandend,ZOAB,Nat,Daglicht,Regen,FIETSPAD,amsterdam,POINT (115370.24080000073 485196.74430000037),POINT (4.805523400072141 52.35324257856753),4.805523400072141,52.35324257856753
316821,20220212362,2022,Uitsluitend materiele schade,1,bromfiets,unknown,Eenzijdig,Rechte weg,Binnen,50.0,Brandend,ZOAB,Nat,Duisternis,Droog,Vrijheidslaan,amsterdam,POINT (122599 484472),POINT (4.911692150190004 52.34720288843009),4.911692150190004,52.34720288843009
316862,20220211711,2022,Letsel,2,bromfiets,fiets,Flank,"Kruispunt, 4 takken",Binnen,30.0,Brandend,Overig asfalt,Droog,Duisternis,Mist,Alfred Döblinstraat,amsterdam,POINT (124912.09650000185 481476.3431000002),POINT (4.945905413001445 52.32041118208587),4.945905413001445,52.32041118208587
316865,20220212408,2022,Uitsluitend materiele schade,2,snorfiets,personenauto,Flank,"Kruispunt, 4 takken",Binnen,50.0,Brandend,Beton,Droog,Schemer,Droog,IJburglaan,amsterdam,POINT (128308.1950000003 485344.2085000016),POINT (4.995408152962263 52.355348742485496),4.995408152962263,52.355348742485496
316901,20220211092,2022,Letsel,2,fiets,fiets,Kop/staart,Rechte weg,Binnen,30.0,Brandend,Overig asfalt,Nat,Duisternis,Regen,Wibautstraat,amsterdam,POINT (122525.38899999857 485588.1020000018),POINT (4.91050416007928 52.357229339377874),4.91050416007928,52.357229339377874
316924,20220211112,2022,Uitsluitend materiele schade,2,fiets,fiets,Flank,Rechte weg,Binnen,50.0,Niet brandend,Overig asfalt,Droog,Daglicht,Droog,Mercatorplein,amsterdam,POINT (118511.36400000006 487004.43499999866),POINT (4.851430275457881 52.369706357335026),4.851430275457881,52.369706357335026
316925,20220211794,2022,Uitsluitend materiele schade,2,bromfiets,personenauto,Flank,"Kruispunt, 4 takken",Binnen,50.0,Niet aanwezig,Overig asfalt,Droog,Daglicht,Droog,Stadionkade,amsterdam,POINT (119608 484178),POINT (4.867829267090418 52.34437613269054),4.867829267090418,52.34437613269054
316958,20220210466,2022,Uitsluitend materiele schade,2,personenauto,fiets,Flank,"Kruispunt, 4 takken",Binnen,50.0,Niet brandend,Overig asfalt,Droog,Daglicht,Droog,Stadionweg,amsterdam,POINT (120629.22639999911 484652.9946000017),POINT (4.8827666147685855 52.34870987975446),4.8827666147685855,52.34870987975446
316959,20220211850,2022,Uitsluitend materiele schade,3,personenauto,fiets,Onbekend,Rechte weg,Binnen,50.0,Brandend,Overig asfalt,Nat,Duisternis,Droog,Zuideinde,amsterdam,POINT (121219.51399999857 492866.84699999914),POINT (4.890603476291692 52.422566547857876),4.890603476291692,52.422566547857876
317089,20220211338,2022,Uitsluitend materiele schade,1,fiets,unknown,Voetganger,"Kruispunt, 4 takken",Binnen,30.0,Niet brandend,Overig asfalt,Droog,Daglicht,Droog,Nieuwe Vijzelstraat,amsterdam,POINT (121222.85570000112 485853.4239999987),POINT (4.891358090878468 52.35953533500686),4.891358090878468,52.35953533500686
317203,20220212141,2022,Letsel,2,personenauto,fiets,Flank,"Kruispunt, 4 takken",Binnen,50.0,Brandend,Overig asfalt,Nat,Duisternis,Droog,Bos en Lommerweg,amsterdam,POINT (118735.53920000046 488235.4609000012),POINT (4.854588929841845 52.38078473442458),4.854588929841845,52.38078473442458
317245,20220212180,2022,Uitsluitend materiele schade,3,personenauto,fiets,Los voorwerp,Rechte weg,Binnen,50.0,Brandend,Overig asfalt,Nat,Duisternis,Mist,Zuiderzeeweg,amsterdam,POINT (126061.24799999967 487142.33399999887),POINT (4.9622724040381705 52.37139543003385),4.9622724040381705,52.37139543003385
317609,20230111155,2023,Letsel,2,snorfiets,bestelauto,Eenzijdig,Rechte weg,Binnen,50.0,Niet brandend,Klinkers,Droog,Daglicht,Droog,Prinsengracht,amsterdam,POINT (120656.01799999923 486984.9140000008),POINT (4.882921688232413 52.369669224046525),4.882921688232413,52.369669224046525
317614,20230111738,2023,Uitsluitend materiele schade,2,bus,fiets,Flank,"Kruispunt, 3 takken",Binnen,30.0,Brandend,Overig asfalt,Droog,Schemer,Droog,Spaarndammerdijk,amsterdam,POINT (119637.66200000048 489562.71400000155),POINT (4.867698113794362 52.39277192067422),4.867698113794362,52.39277192067422
317657,20230111454,2023,Uitsluitend materiele schade,1,bromfiets,unknown,Onbekend,Rechte weg,Binnen,30.0,Niet brandend,ZOAB,Nat,Daglicht,Regen,Bilderdijkkade,amsterdam,POINT (119681.86300000176 487086.75499999896),POINT (4.868607742386272 52.37052271242439),4.868607742386272,52.37052271242439
317665,20230111521,2023,Uitsluitend materiele schade,2,personenauto,fiets,Flank,"Kruispunt, 4 takken",Binnen,30.0,Niet brandend,Overig asfalt,Nat,Daglicht,Droog,Ferdinand Bolstraat,amsterdam,POINT (121202.09600000083 485096.61100000143),POINT (4.8911293886755605 52.35273233850009),4.8911293886755605,52.35273233850009
317689,20230066774,2023,Letsel,1,bromfiets,unknown,Eenzijdig,Rechte weg,Binnen,50.0,Brandend,Overig asfalt,Nat,Duisternis,Regen,Mauritskade,amsterdam,POINT (122526.74799999967 485910.84800000116),POINT (4.910492948955852 52.36013004619787),4.910492948955852,52.36013004619787
317780,20230020972,2023,Letsel,2,bromfiets,fiets,Flank,"Kruispunt, 4 takken",Binnen,50.0,Niet brandend,Overig asfalt,Nat,Daglicht,Droog,Houthavenweg,amsterdam,POINT (120165.50299999863 489678.9990000017),POINT (4.875440234834723 52.39385075824068),4.875440234834723,52.39385075824068
317852,20230078356,2023,Uitsluitend materiele schade,2,personenauto,fiets,Onbekend,"Kruispunt, 4 takken",Binnen,50.0,Niet brandend,Klinkers,Droog,Daglicht,Droog,Javaplein,amsterdam,POINT (124505.48389999941 486304.4781000018),POINT (4.939504464614072 52.36378114397026),4.939504464614072,52.36378114397026
317855,20230078687,2023,Letsel,2,fiets,fiets,Kop/staart,"Kruispunt, 4 takken",Binnen,50.0,Niet aanwezig,Beton,Droog,Daglicht,Droog,Buiksloterdijk,amsterdam,POINT (122321.92480000108 491008.6235000007),POINT (4.906990324925352 52.40593307312219),4.906990324925352,52.40593307312219
317861,20230020526,2023,Uitsluitend materiele schade,2,bestelauto,fiets,Flank,Rechte weg,Buiten,50.0,Niet brandend,Overig asfalt,Droog,Daglicht,Droog,Westhavenweg,amsterdam,POINT (116986.39699999988 491384.4609999992),POINT (4.828543881093017 52.40896702123186),4.828543881093017,52.40896702123186
317909,20230078916,2023,Uitsluitend materiele schade,3,personenauto,fiets,Onbekend,Rechte weg,Binnen,30.0,Niet brandend,Overig asfalt,Droog,Daglicht,Droog,Osdorperweg,amsterdam,POINT (114807.9609999992 483933.6409999989),POINT (4.797421595566358 52.341849945515506),4.797421595566358,52.341849945515506
317921,20230024606,2023,Uitsluitend materiele schade,2,personenauto,fiets,Voetganger,Rechte weg,Binnen,50.0,Niet brandend,Overig asfalt,Droog,Duisternis,Droog,Jan Springerhof,amsterdam,POINT (114702.95800000057 488044.2969999984),POINT (4.79538829613027 52.37878552635096),4.79538829613027,52.37878552635096
317927,20230036428,2023,Uitsluitend materiele schade,2,bromfiets,fiets,Kop/staart,"Kruispunt, 3 takken",Binnen,30.0,Niet brandend,Overig asfalt,Droog,Daglicht,Droog,Stadhouderskade,amsterdam,POINT (120992.2675999999 485836.81060000136),POINT (4.887974875841722 52.35937179902555),4.887974875841722,52.35937179902555
317946,20230024023,2023,Uitsluitend materiele schade,2,fiets,personenauto,Flank,"Kruispunt, 3 takken",Binnen,50.0,Niet brandend,Overig asfalt,Nat,Daglicht,Droog,Stadhouderskade,amsterdam,POINT (121319.8636999987 485662.7672000006),POINT (4.892801202072413 52.357827798097624),4.892801202072413,52.357827798097624
317948,20230024651,2023,Uitsluitend materiele schade,2,bromfiets,fiets,Flank,Rechte weg,Binnen,Unknown,Niet brandend,Overig asfalt,Droog,Daglicht,Droog,Prins Hendrikkade,amsterdam,POINT (121780.42799999937 487762.5859999992),POINT (4.8993542778875385 52.376727557957345),4.8993542778875385,52.376727557957345
318020,20230022952,2023,Uitsluitend materiele schade,2,bromfiets,personenauto,Flank,"Kruispunt, 4 takken",Binnen,50.0,Brandend,ZOAB,Nat,Duisternis,Droog,Willem de Zwijgerlaan,amsterdam,POINT (118807.81300000101 488413.9160999991),POINT (4.855631144357415 52.382393322011445),4.855631144357415,52.382393322011445
318052,20230066666,2023,Uitsluitend materiele schade,2,bromfiets,fiets,Flank,Rotonde,Binnen,Unknown,Brandend,Overig asfalt,Droog,Duisternis,Droog,J.F. Berghoefplantsoen,amsterdam,POINT (116420.19839999825 487476.1446999982),POINT (4.82067229351592 52.373802785737126),4.82067229351592,52.373802785737126
318102,20230078299,2023,Uitsluitend materiele schade,2,fiets,bestelauto,Flank,"Kruispunt, 4 takken",Binnen,50.0,Niet brandend,Overig asfalt,Nat,Daglicht,Droog,Meer en Vaart,amsterdam,POINT (115646.07499999925 485514.9970000014),POINT (4.809534632967224 52.356122613318746),4.809534632967224,52.356122613318746
318287,20230097687,2023,Uitsluitend materiele schade,3,unknown,fiets,Onbekend,"Kruispunt, 4 takken",Binnen,50.0,Niet brandend,ZOAB,Nat,Daglicht,Droog,Admiraal De Ruijterweg,amsterdam,POINT (118516.24100000039 488430.65300000086),POINT (4.851347037987908 52.38252444042549),4.851347037987908,52.38252444042549
318288,20230097708,2023,Letsel,3,fiets,fiets,Onbekend,"Kruispunt, 3 takken",Binnen,30.0,Brandend,Klinkers,Nat,Duisternis,Regen,Nieuwmarkt,amsterdam,POINT (121865.93299999833 487279.01999999955),POINT (4.900657603851536 52.372386773720706),4.900657603851536,52.372386773720706
318339,20230086697,2023,Uitsluitend materiele schade,2,bromfiets,personenauto,Flank,Rechte weg,Binnen,30.0,Unknown,ZOAB,Droog,Daglicht,Droog,Planciusstraat,amsterdam,POINT (120772.70800000057 488816.3449999988),POINT (4.884448463037625 52.38613607736511),4.884448463037625,52.38613607736511
318375,20230087963,2023,Letsel,2,unknown,bromfiets,Eenzijdig,Rechte weg,Binnen,30.0,Niet brandend,Overig asfalt,Nat,Daglicht,Regen,De passage,amsterdam,POINT (124493.01999999955 480756.23600000143),POINT (4.9398241753930625 52.313916177898335),4.9398241753930625,52.313916177898335
318394,20230097919,2023,Uitsluitend materiele schade,1,fiets,unknown,Voetganger,Rechte weg,Binnen,Unknown,Niet brandend,Klinkers,Droog,Daglicht,Droog,Ferdinand Bolstraat,amsterdam,POINT (121219.59200000018 484929.9219999984),POINT (4.891402915318194 52.35123532593569),4.891402915318194,52.35123532593569
318450,20210087323,2021,Letsel,3,personenauto,fiets,Geparkeerd voertuig,Rechte weg,Binnen,30.0,Niet brandend,Klinkers,Droog,Daglicht,Droog,Van Ostadestraat,amsterdam,POINT (121336.02600000054 485050.6229999997),POINT (4.893099701588507 52.35232725113194),4.893099701588507,52.35232725113194
318471,20210079156,2021,Uitsluitend materiele schade,2,snorfiets,fiets,Onbekend,"Kruispunt, 4 takken",Binnen,Unknown,Niet aanwezig,Beton,Nat,Daglicht,Unknown,Molukkenstraat,amsterdam,POINT (124599.69370000064 485687.5276999995),POINT (4.9409433153359785 52.35824160921826),4.9409433153359785,52.35824160921826
318539,20210087370,2021,Uitsluitend materiele schade,2,bromfiets,fiets,Flank,"Kruispunt, 4 takken",Binnen,30.0,Niet brandend,Klinkers,Droog,Daglicht,Droog,0223 BRUG,amsterdam,POINT (121680.11050000042 486998.24159999937),POINT (4.897956879926359 52.36985209082332),4.897956879926359,52.36985209082332
318540,20210087388,2021,Uitsluitend materiele schade,2,fiets,overig vast object,Vast voorwerp,Rechte weg,Binnen,30.0,Brandend,Klinkers,Droog,Duisternis,Droog,Singel,amsterdam,POINT (121081.7899999991 487379.0529999994),POINT (4.889133421607677 52.373237926090745),4.889133421607677,52.373237926090745
318595,20210087248,2021,Uitsluitend materiele schade,2,bromfiets,fiets,Flank,Rechte weg,Binnen,50.0,Brandend,ZOAB,Nat,Duisternis,Droog,Amstelveenseweg,amsterdam,POINT (118747.50800000131 485433.3669999987),POINT (4.855066879210849 52.35560239106678),4.855066879210849,52.35560239106678
318607,20210078912,2021,Letsel,2,fiets,personenauto,Flank,Rechte weg,Binnen,50.0,Niet brandend,Overig asfalt,Nat,Daglicht,Regen,Osdorper Ban,amsterdam,POINT (115179.19200000167 486225.22300000116),POINT (4.802597585032875 52.36247191851583),4.802597585032875,52.36247191851583
318613,20210087257,2021,Uitsluitend materiele schade,2,bromfiets,bromfiets,Frontaal,Rechte weg,Binnen,30.0,Niet brandend,Overig asfalt,Droog,Daglicht,Unknown,De Ruijterkade,amsterdam,POINT (122378.30900000036 487910.06700000167),POINT (4.9081199173825745 52.37808886019767),4.9081199173825745,52.37808886019767
318615,20210087315,2021,Uitsluitend materiele schade,1,bromfiets,unknown,Onbekend,Rechte weg,Binnen,50.0,Niet aanwezig,Overig asfalt,Nat,Duisternis,Unknown,Mr. Visserplein,amsterdam,POINT (122072.57999999821 486759.22300000116),POINT (4.90374285821728 52.367727627919045),4.90374285821728,52.367727627919045
318621,20210085424,2021,Uitsluitend materiele schade,2,bestelauto,fiets,Flank,"Kruispunt, 4 takken",Binnen,50.0,Niet brandend,Unknown,Nat,Daglicht,Droog,Meeuwenlaan,amsterdam,POINT (122964.24700000137 488602.5529999994),POINT (4.9166587308013066 52.38434693999297),4.9166587308013066,52.38434693999297