,accident_id,accident_year,outcome,num_parties,party1_type,party2_type,accident_nature,road_situation,built_up_area,speed_limit_kmh,street_lighting,road_surface,road_condition,light_condition,weather_condition,street_name,municipality,shape,geometry,longitude,latitude
318629,20210080091,2021,Uitsluitend materiele schade,2,personenauto,fiets,Flank,"Kruispunt, 3 takken",Binnen,50.0,Niet brandend,Overig asfalt,Droog,Daglicht,Unknown,Transformatorweg,amsterdam,POINT (119189.35929999873 489545.9096999988),POINT (4.861114178853718 52.39259182757131),4.861114178853718,52.39259182757131
318738,20210005423,2021,Uitsluitend materiele schade,1,fiets,unknown,Onbekend,Unknown,Unknown,30.0,Unknown,Unknown,Unknown,Daglicht,Unknown,Planciusstraat,amsterdam,POINT (120796.17199999839 488873.7030000016),POINT (4.884787265782657 52.38665303098767),4.884787265782657,52.38665303098767
319028,20210007160,2021,Uitsluitend materiele schade,2,personenauto,bromfiets,Flank,Rotonde,Binnen,50.0,Niet aanwezig,Overig asfalt,Droog,Daglicht,Unknown,Laan van Vlaanderen,amsterdam,POINT (115756.82499999925 484272.10599999875),POINT (4.811305192511832 52.34496038380233),4.811305192511832,52.34496038380233
319031,20210013133,2021,Uitsluitend materiele schade,2,personenauto,bromfiets,Flank,Rechte weg,Binnen,30.0,Niet brandend,Overig asfalt,Droog,Daglicht,Droog,Javaplein,amsterdam,POINT (124453.76900000125 486304.55000000075),POINT (4.938745237240181 52.363778916777356),4.938745237240181,52.363778916777356
319099,20210063285,2021,Uitsluitend materiele schade,2,snorfiets,bestelauto,Onbekend,"Kruispunt, 4 takken",Binnen,30.0,Niet brandend,Overig asfalt,Droog,Daglicht,Droog,Wibautstraat,amsterdam,POINT (122409.76099999994 485909.1420000009),POINT (4.908775788043706 52.36010778599409),4.908775788043706,52.36010778599409
319144,20210047192,2021,Letsel,2,personenauto,fiets,Flank,"Kruispunt, 4 takken",Binnen,30.0,Niet brandend,Klinkers,Droog,Daglicht,Droog,Warmondstraat,amsterdam,POINT (118364.50869999826 485354.2644999996),POINT (4.849453820025584 52.354866069508994),4.849453820025584,52.354866069508994
319152,20210054494,2021,Uitsluitend materiele schade,2,personenauto,e-bike,Onbekend,Rotonde,Binnen,50.0,Niet brandend,Overig asfalt,Droog,Daglicht,Droog,Aalsmeerplein,amsterdam,POINT (118152.12299999967 484468.15100000054),POINT (4.846433509257161 52.34688811913818),4.846433509257161,52.34688811913818
319155,20210054772,2021,Uitsluitend materiele schade,2,trein/tram,bromfiets,Flank,"Kruispunt, 4 takken",Binnen,50.0,Brandend,ZOAB,Nat,Schemer,Regen,Meer en Vaart,amsterdam,POINT (115290.85200000182 486513.96400000155),POINT (4.80420267768472 52.36507497542915),4.80420267768472,52.36507497542915
319198,20210087320,2021,Letsel,2,personenauto,fiets,Flank,"Kruispunt, 3 takken",Binnen,50.0,Niet brandend,Overig asfalt,Nat,Daglicht,Unknown,Th. Weeversweg,amsterdam,POINT (124701 489888),POINT (4.942051662727154 52.395998253691985),4.942051662727154,52.395998253691985
319283,20210055881,2021,Uitsluitend materiele schade,2,bromfiets,fiets,Flank,Rotonde,Binnen,50.0,Niet brandend,Beton,Droog,Daglicht,Droog,Nieuwendammerdijk,amsterdam,POINT (123526.39869999886 489334.2441000007),POINT (4.924846865130606 52.39095538282932),4.924846865130606,52.39095538282932
319325,20210056648,2021,Uitsluitend materiele schade,2,bromfiets,personenauto,Flank,Rechte weg,Binnen,50.0,Brandend,Beton,Droog,Duisternis,Unknown,IJsbaanpad,amsterdam,POINT (118776.63500000164 483837.88899999857),POINT (4.855666144568445 52.341265285564404),4.855666144568445,52.341265285564404
319345,20210041870,2021,Letsel,2,bromfiets,personenauto,Onbekend,"Kruispunt, 4 takken",Binnen,50.0,Niet brandend,Overig asfalt,Nat,Daglicht,Regen,Amstelveenseweg,amsterdam,POINT (118888.86520000175 482331.7074000016),POINT (4.857474438903668 52.32773613608988),4.857474438903668,52.32773613608988
319402,20210039454,2021,Uitsluitend materiele schade,1,snorfiets,unknown,Voetganger,Rechte weg,Binnen,50.0,Brandend,Overig asfalt,Droog,Duisternis,Droog,Churchill-laan,amsterdam,POINT (121534.96599999815 484464.6160000004),POINT (4.896077826813112 52.34707276177697),4.896077826813112,52.34707276177697
319416,20210051694,2021,Uitsluitend materiele schade,2,personenauto,fiets,Frontaal,"Kruispunt, 3 takken",Binnen,30.0,Niet brandend,Overig asfalt,Droog,Daglicht,Unknown,Sloterweg,amsterdam,POINT (115459.66930000111 483877.4998999983),POINT (4.806990958622871 52.34139266384527),4.806990958622871,52.34139266384527
319429,20210065093,2021,Uitsluitend materiele schade,2,personenauto,fiets,Flank,"Kruispunt, 4 takken",Binnen,50.0,Niet brandend,Overig asfalt,Droog,Daglicht,Droog,Weteringschans,amsterdam,POINT (121001.06469999999 485967.46709999815),POINT (4.8880908035792325 52.36054659382145),4.8880908035792325,52.36054659382145
319448,20210067944,2021,Uitsluitend materiele schade,2,snorfiets,fiets,Frontaal,Rechte weg,Binnen,50.0,Niet brandend,Beton,Droog,Daglicht,Droog,Bos en Lommerplein,amsterdam,POINT (118094.64499999955 487895.41600000113),POINT (4.845213881249241 52.37768596608063),4.845213881249241,52.37768596608063
319449,20210067946,2021,Uitsluitend materiele schade,2,snorfiets,personenauto,Flank,"Kruispunt, 3 takken",Binnen,50.0,Niet brandend,Overig asfalt,Nat,Daglicht,Regen,Joost Bilhamerstraat,amsterdam,POINT (114915.54690000042 488436.4331),POINT (4.7984635023436635 52.38232527978501),4.7984635023436635,52.38232527978501
319465,20210075822,2021,Letsel,3,bromfiets,personenauto,Flank,"Kruispunt, 4 takken",Binnen,50.0,Niet brandend,Overig asfalt,Nat,Daglicht,Droog,Postjesweg,amsterdam,POINT (118618.42570000142 486391.91640000045),POINT (4.853068513777147 52.3642085991534),4.853068513777147,52.3642085991534
319484,20210042650,2021,Uitsluitend materiele schade,2,bromfiets,fiets,Flank,"Kruispunt, 3 takken",Binnen,30.0,Brandend,Unknown,Droog,Schemer,Droog,TOEGANG WESTER,amsterdam,POINT (121631.7853000015 488222.1917999983),POINT (4.897125800415886 52.380849152851965),4.897125800415886,52.380849152851965
319608,20210093228,2021,Uitsluitend materiele schade,2,snorfiets,bromfiets,Kop/staart,Rotonde,Binnen,50.0,Niet brandend,Unknown,Droog,Daglicht,Droog,Linnaeusstraat,amsterdam,POINT (123408.54300000146 486254.81379999965),POINT (4.923405084420911 52.36327280181953),4.923405084420911,52.36327280181953
319744,20210092816,2021,Uitsluitend materiele schade,2,bromfiets,personenauto,Kop/staart,Rechte weg,Binnen,50.0,Brandend,Overig asfalt,Droog,Duisternis,Droog,Kinkerstraat,amsterdam,POINT (119328.95199999958 486470.4470000006),POINT (4.863491346588333 52.36496097839189),4.863491346588333,52.36496097839189
319952,20210092465,2021,Uitsluitend materiele schade,2,bestelauto,bromfiets,Flank,"Kruispunt, 4 takken",Binnen,Unknown,Niet aanwezig,Overig asfalt,Nat,Daglicht,Unknown,Jacob van Lennepkade,amsterdam,POINT (119996.42550000176 486555.1367999986),POINT (4.873281818714075 52.36576505245538),4.873281818714075,52.36576505245538
320141,20210090385,2021,Uitsluitend materiele schade,2,bestelauto,fiets,Flank,"Kruispunt, 3 takken",Binnen,50.0,Niet brandend,ZOAB,Droog,Daglicht,Unknown,Buikslotermeerplein,amsterdam,POINT (124542 489979),POINT (4.9397074474187015 52.3968072961093),4.9397074474187015,52.3968072961093
320181,20220081442,2022,Letsel,2,bestelauto,snorfiets,Flank,"Kruispunt, 4 takken",Binnen,50.0,Niet brandend,ZOAB,Droog,Daglicht,Droog,De Savornin Lohmanstraat,amsterdam,POINT (115182.47170000151 487627.05490000173),POINT (4.80247968624929 52.37507068507114),4.80247968624929,52.37507068507114
320207,20220081506,2022,Uitsluitend materiele schade,2,snorfiets,personenauto,Flank,"Kruispunt, 4 takken",Binnen,Unknown,Niet brandend,Overig asfalt,Droog,Daglicht,Droog,Haarlemmerweg,amsterdam,POINT (119009.07360000163 488697.01110000163),POINT (4.858556708729029 52.384950793898206),4.858556708729029,52.384950793898206
320288,20220055376,2022,Uitsluitend materiele schade,2,trein/tram,bromfiets,Flank,Rechte weg,Binnen,30.0,Niet brandend,Overig asfalt,Droog,Daglicht,Droog,Rokin,amsterdam,POINT (121274.58799999952 486922.15199999884),POINT (4.892010298814214 52.3691434978659),4.892010298814214,52.3691434978659
320299,20220080995,2022,Uitsluitend materiele schade,2,bromfiets,fiets,Flank,"Kruispunt, 4 takken",Binnen,30.0,Brandend,Overig asfalt,Nat,Duisternis,Regen,Javastraat,amsterdam,POINT (123892.3440000005 486255.19299999997),POINT (4.930507590715959 52.36330382094795),4.930507590715959,52.36330382094795
320364,20220055519,2022,Uitsluitend materiele schade,2,snorfiets,fiets,Frontaal,"Kruispunt, 4 takken",Binnen,Unknown,Niet brandend,Overig asfalt,Droog,Daglicht,Droog,FIETSPAD,amsterdam,POINT (124126.73710000142 487292.9594999999),POINT (4.933853352609152 52.372643807814654),4.933853352609152,52.372643807814654
320373,20220081218,2022,Uitsluitend materiele schade,2,snorfiets,fiets,Onbekend,"Kruispunt, 3 takken",Binnen,Unknown,Niet brandend,ZOAB,Nat,Daglicht,Regen,Stadhouderskade,amsterdam,POINT (120848.97199999914 485961.2710000016),POINT (4.885858752965181 52.360481473333294),4.885858752965181,52.360481473333294
320401,20220081280,2022,Letsel,2,bestelauto,snorfiets,Flank,Rechte weg,Binnen,50.0,Niet brandend,Overig asfalt,Droog,Daglicht,Droog,Nicolaas Japiksestraat,amsterdam,POINT (116906.37200000137 486175.938000001),POINT (4.827958601390843 52.36215148128396),4.827958601390843,52.36215148128396
320437,20220081292,2022,Uitsluitend materiele schade,3,unknown,fiets,Flank,Rechte weg,Binnen,30.0,Niet brandend,Overig asfalt,Droog,Daglicht,Droog,Schollenbrugpad,amsterdam,POINT (122733.69799999893 484956.5480000004),POINT (4.913622432433675 52.351565618517135),4.913622432433675,52.351565618517135
320515,20220103108,2022,Uitsluitend materiele schade,2,personenauto,fiets,Flank,"Kruispunt, 4 takken",Binnen,30.0,Brandend,Overig asfalt,Nat,Duisternis,Droog,Prins Hendrikkade,amsterdam,POINT (121619.78959999979 487907.88699999824),POINT (4.896980851781134 52.3780236775007),4.896980851781134,52.3780236775007
320561,20220102383,2022,Uitsluitend materiele schade,2,bromfiets,voetganger,Voetganger,"Kruispunt, 3 takken",Binnen,Unknown,Niet brandend,Overig asfalt,Droog,Daglicht,Droog,Jan Tooropstraat,amsterdam,POINT (117486.56469999999 486582.66039999947),POINT (4.836430549478159 52.365846723702504),4.836430549478159,52.365846723702504
320563,20220102995,2022,Uitsluitend materiele schade,2,personenauto,fiets,Flank,"Kruispunt, 4 takken",Binnen,50.0,Brandend,ZOAB,Droog,Duisternis,Droog,Herengracht,amsterdam,POINT (121664.06199999899 486491.39730000123),POINT (4.897771499254128 52.3652959524094),4.897771499254128,52.3652959524094
320592,20220103275,2022,Letsel,2,fiets,e-bike,Flank,Rechte weg,Binnen,50.0,Niet brandend,Overig asfalt,Nat,Daglicht,Regen,Lumeijstraat,amsterdam,POINT (119162.503800001 487495.3005999997),POINT (4.860938436485718 52.37416076928954),4.860938436485718,52.37416076928954
320665,20220055153,2022,Uitsluitend materiele schade,2,personenauto,bromfiets,Frontaal,"Kruispunt, 4 takken",Binnen,50.0,Brandend,Overig asfalt,Droog,Duisternis,Droog,Johan Huizingalaan,amsterdam,POINT (116855.94409999996 484456.3211000003),POINT (4.827413291006112 52.34669336007607),4.827413291006112,52.34669336007607
320983,20230066718,2023,Dodelijk,2,bromfiets,overig vast object,Vast voorwerp,Rotonde,Binnen,50.0,Brandend,Klinkers,Droog,Duisternis,Droog,Hogeweg,amsterdam,POINT (124017.55139999837 485308.3269999996),POINT (4.932432944363904 52.3548010742863),4.932432944363904,52.3548010742863
321341,20210071673,2021,Letsel,2,bromfiets,bromfiets,Flank,Rechte weg,Binnen,50.0,Niet brandend,Klinkers,Droog,Daglicht,Droog,Helena Mercierstraat,amsterdam,POINT (116958.10599999875 484668.9820000008),POINT (4.828888481144356 52.34861168078335),4.828888481144356,52.34861168078335
321616,20220177680,2022,Uitsluitend materiele schade,2,snorfiets,fiets,Flank,"Kruispunt, 4 takken",Binnen,30.0,Brandend,Overig asfalt,Nat,Daglicht,Regen,Nova Zemblastraat,amsterdam,POINT (120805.0428000018 489248.41110000014),POINT (4.884879409967659 52.39002118021639),4.884879409967659,52.39002118021639
321629,20220141935,2022,Letsel,2,bromfiets,personenauto,Kop/staart,Rechte weg,Binnen,50.0,Brandend,Overig asfalt,Droog,Schemer,Droog,Julianaplein,amsterdam,POINT (123109.56899999827 484435.7329999991),POINT (4.919188376953401 52.34690680876096),4.919188376953401,52.34690680876096
321649,20220177696,2022,Uitsluitend materiele schade,2,bromfiets,bromfiets,Onbekend,Rechte weg,Binnen,50.0,Niet brandend,Unknown,Unknown,Daglicht,Droog,Postjesweg,amsterdam,POINT (117752.23699999973 486378.23000000045),POINT (4.840353636659665 52.36402753935285),4.840353636659665,52.36402753935285
321695,20220142128,2022,Letsel,2,personenauto,fiets,Flank,"Kruispunt, 3 takken",Binnen,50.0,Niet aanwezig,Overig asfalt,Droog,Daglicht,Droog,President Kennedylaan,amsterdam,POINT (122684.35990000144 484044.52419999987),POINT (4.912985879390284 52.34336603477082),4.912985879390284,52.34336603477082
321740,20220178250,2022,Letsel,2,personenauto,fiets,Flank,Rotonde,Binnen,50.0,Niet brandend,Overig asfalt,Nat,Daglicht,Droog,FIETSPAD,amsterdam,POINT (125421.4338000007 478385.6394999996),POINT (4.9536466969444914 52.29266120043939),4.9536466969444914,52.29266120043939
321752,20220142234,2022,Uitsluitend materiele schade,3,personenauto,fiets,Onbekend,Rechte weg,Binnen,30.0,Niet brandend,Klinkers,Droog,Daglicht,Unknown,Nieuwe Weteringstraat,amsterdam,POINT (121128.2490000017 485980.99599999934),POINT (4.889956473067229 52.360676039083685),4.889956473067229,52.360676039083685
321892,20220155350,2022,Uitsluitend materiele schade,2,bromfiets,fiets,Flank,Rechte weg,Binnen,Unknown,Niet brandend,Overig asfalt,Droog,Daglicht,Unknown,Orlyplein,amsterdam,POINT (117511.32800000161 489239.7470000014),POINT (4.836497654316678 52.389728225636915),4.836497654316678,52.389728225636915
321924,20220155401,2022,Uitsluitend materiele schade,2,personenauto,bromfiets,Flank,"Kruispunt, 4 takken",Binnen,30.0,Brandend,ZOAB,Droog,Duisternis,Droog,Willem Schoutenstraat,amsterdam,POINT (118574.62649999931 486718.8564000018),POINT (4.852390083051026 52.36714399013534),4.852390083051026,52.36714399013534
321943,20220141349,2022,Uitsluitend materiele schade,2,personenauto,bromfiets,Flank,"Kruispunt, 3 takken",Binnen,50.0,Niet brandend,Overig asfalt,Droog,Daglicht,Droog,Simonskerkestraat,amsterdam,POINT (114451.37660000101 485384.67060000077),POINT (4.792014460106148 52.354864464762244),4.792014460106148,52.354864464762244
321977,20220124067,2022,Uitsluitend materiele schade,2,personenauto,bromfiets,Flank,"Kruispunt, 4 takken",Binnen,50.0,Niet brandend,Overig asfalt,Droog,Daglicht,Droog,Nassaukade,amsterdam,POINT (120302.56210000068 487978.65370000154),POINT (4.877629392829977 52.37857801466797),4.877629392829977,52.37857801466797
321991,20220155533,2022,Uitsluitend materiele schade,2,fiets,personenauto,Flank,"Kruispunt, 4 takken",Binnen,50.0,Brandend,Overig asfalt,Droog,Duisternis,Droog,Orteliusstraat,amsterdam,POINT (118366.25930000097 487023.53449999914),POINT (4.849297666204842 52.36986834894942),4.849297666204842,52.36986834894942
322019,20220141585,2022,Uitsluitend materiele schade,2,personenauto,fiets,Onbekend,"Kruispunt, 4 takken",Binnen,Unknown,Brandend,Beton,Droog,Duisternis,Droog,Kerkstraat,amsterdam,POINT (121722.94249999896 486222.9232000001),POINT (4.898662512010282 52.36288666215819),4.898662512010282,52.36288666215819
322046,20220124121,2022,Uitsluitend materiele schade,2,personenauto,fiets,Flank,Rechte weg,Binnen,50.0,Niet brandend,Klinkers,Droog,Daglicht,Droog,Van Hogendorpstraat,amsterdam,POINT (120023.6240000017 488476.00400000066),POINT (4.873481219352952 52.383030129501186),4.873481219352952,52.383030129501186
322141,20230050632,2023,Uitsluitend materiele schade,2,personenauto,fiets,Flank,"Kruispunt, 3 takken",Binnen,50.0,Brandend,Overig asfalt,Nat,Duisternis,Regen,Stationsplein,amsterdam,POINT (121682.86879999936 488020.2558999993),POINT (4.8978960616250715 52.379037400189006),4.8978960616250715,52.379037400189006
322255,20230050214,2023,Letsel,2,personenauto,fiets,Flank,"Kruispunt, 3 takken",Binnen,30.0,Niet brandend,Klinkers,Droog,Daglicht,Droog,Osdorper Ban,amsterdam,POINT (115086.60909999907 486197.26089999825),POINT (4.801241768499304 52.362213897803976),4.801241768499304,52.362213897803976
322283,20230060064,2023,Uitsluitend materiele schade,2,bromfiets,bestelauto,Kop/staart,Rechte weg,Binnen,30.0,Niet brandend,ZOAB,Droog,Daglicht,Droog,Tijl Uilenspiegelstraat,amsterdam,POINT (118368.27600000054 487941.631000001),POINT (4.849227205483894 52.3781196354509),4.849227205483894,52.3781196354509
322303,20230058304,2023,Uitsluitend materiele schade,2,bestelauto,fiets,Flank,"Kruispunt, 4 takken",Binnen,50.0,Niet brandend,Overig asfalt,Nat,Daglicht,Regen,Betuwestraat,amsterdam,POINT (121610.84499999881 483611.98900000006),POINT (4.897275944825286 52.33941452106729),4.897275944825286,52.33941452106729
322318,20230048624,2023,Uitsluitend materiele schade,2,bromfiets,fiets,Onbekend,"Kruispunt, 4 takken",Binnen,Unknown,Niet brandend,Overig asfalt,Droog,Daglicht,Droog,Zandpad,amsterdam,POINT (120543 486119),POINT (4.881351014971975 52.36187992410592),4.881351014971975,52.36187992410592
322407,20230049384,2023,Uitsluitend materiele schade,2,personenauto,bromfiets,Flank,Rechte weg,Binnen,50.0,Niet brandend,Overig asfalt,Droog,Daglicht,Droog,Methaanweg,amsterdam,POINT (117834.61300000176 491275.41099999845),POINT (4.841021077784735 52.40804509581559),4.841021077784735,52.40804509581559
322454,20230048894,2023,Uitsluitend materiele schade,2,fiets,personenauto,Flank,"Kruispunt, 4 takken",Binnen,50.0,Brandend,ZOAB,Droog,Duisternis,Droog,L. van Sonsbeeckstraat,amsterdam,POINT (115181.64400000125 485926.94200000167),POINT (4.802668898681958 52.35979138425469),4.802668898681958,52.35979138425469
322456,20230049426,2023,Uitsluitend materiele schade,2,bromfiets,fiets,Flank,"Kruispunt, 4 takken",Binnen,50.0,Niet brandend,Overig asfalt,Droog,Daglicht,Droog,Admiraal De Ruijterweg,amsterdam,POINT (119010.43510000035 487544.9835000001),POINT (4.8587001108461685 52.37459733605554),4.8587001108461685,52.37459733605554
322468,20230048905,2023,Uitsluitend materiele schade,2,personenauto,fiets,Onbekend,"Kruispunt, 4 takken",Binnen,50.0,Niet brandend,Overig asfalt,Droog,Daglicht,Droog,Trompenburgstraat,amsterdam,POINT (122149.7602000013 484096.2853000015),POINT (4.905136067858183 52.343799537585774),4.905136067858183,52.343799537585774
322478,20230039569,2023,Uitsluitend materiele schade,2,personenauto,fiets,Flank,"Kruispunt, 4 takken",Binnen,30.0,Niet brandend,ZOAB,Droog,Daglicht,Droog,Sarphatistraat,amsterdam,POINT (123117.33430000022 486295.3198999986),POINT (4.9191260989088565 52.363620018601154),4.9191260989088565,52.363620018601154
322508,20220210871,2022,Uitsluitend materiele schade,2,snorfiets,bestelauto,Flank,"Kruispunt, 4 takken",Binnen,30.0,Niet brandend,Klinkers,Nat,Daglicht,Regen,Egelantiersgracht,amsterdam,POINT (120623.74740000069 487720.8894999996),POINT (4.8823725915760114 52.37628162185343),4.8823725915760114,52.37628162185343
322612,20220210987,2022,Uitsluitend materiele schade,2,motor,fiets,Flank,"Kruispunt, 4 takken",Binnen,Unknown,Brandend,Beton,Droog,Duisternis,Droog,Valkenburgerstraat,amsterdam,POINT (122105.35990000144 486839.4043000005),POINT (4.904216291875826 52.36845020649106),4.904216291875826,52.36845020649106
322838,20220211286,2022,Letsel,2,bestelauto,fiets,Flank,Rechte weg,Binnen,30.0,Brandend,Klinkers,Droog,Duisternis,Droog,Eva Besnyöstraat,amsterdam,POINT (128861.50499999896 485000.23600000143),POINT (5.003556468165611 52.35228391251328),5.003556468165611,52.35228391251328
322839,20220211295,2022,Uitsluitend materiele schade,2,vrachtauto,bromfiets,Onbekend,Rechte weg,Binnen,30.0,Niet brandend,Overig asfalt,Droog,Daglicht,Droog,Julianaplein,amsterdam,POINT (123109.56899999827 484435.7329999991),POINT (4.919188376953401 52.34690680876096),4.919188376953401,52.34690680876096
322868,20220210635,2022,Uitsluitend materiele schade,2,bromfiets,fiets,Onbekend,"Kruispunt, 4 takken",Binnen,30.0,Niet brandend,Overig asfalt,Droog,Schemer,Droog,Jephtastraat,amsterdam,POINT (118124.51619999856 488349.54740000144),POINT (4.845602705525556 52.3817693534504),4.845602705525556,52.3817693534504
322932,20220211416,2022,Uitsluitend materiele schade,2,personenauto,fiets,Flank,Rotonde,Binnen,50.0,Brandend,Overig asfalt,Nat,Duisternis,Regen,Meeuwenlaan,amsterdam,POINT (123447.70120000094 488971.6944999993),POINT (4.923724872652865 52.387692524913284),4.923724872652865,52.387692524913284
322960,20220212156,2022,Letsel,2,bromfiets,personenauto,Flank,"Kruispunt, 4 takken",Binnen,Unknown,Niet brandend,ZOAB,Droog,Daglicht,Droog,Burg Cramergracht,amsterdam,POINT (117173.79250000045 487315.25719999894),POINT (4.8317561857037274 52.37240928476049),4.8317561857037274,52.37240928476049
322990,20220210810,2022,Letsel,2,bromfiets,personenauto,Flank,Rotonde,Binnen,50.0,Brandend,Overig asfalt,Nat,Duisternis,Droog,Softwareweg,amsterdam,POINT (120922.76550000161 491403.07620000094),POINT (4.8863899312924595 52.40939298092994),4.8863899312924595,52.40939298092994
323379,20230112076,2023,Letsel,2,personenauto,bromfiets,Geparkeerd voertuig,Rechte weg,Binnen,30.0,Brandend,Klinkers,Droog,Duisternis,Droog,Bloemendalerweg,amsterdam,POINT (130354.9149999991 481384.4299999997),POINT (5.025740159051617 52.319855923251865),5.025740159051617,52.319855923251865
323430,20230024292,2023,Letsel,1,e-bike,unknown,Eenzijdig,"Kruispunt, 4 takken",Binnen,50.0,Niet brandend,Overig asfalt,Nat,Daglicht,Regen,Haarlemmerweg,amsterdam,POINT (116324.4712000005 488675.61769999936),POINT (4.819128561476381 52.38457594542085),4.819128561476381,52.38457594542085
323471,20230066930,2023,Uitsluitend materiele schade,2,bromfiets,fiets,Flank,"Kruispunt, 4 takken",Binnen,30.0,Niet brandend,Overig asfalt,Droog,Daglicht,Droog,Efua Sutherlandstraat,amsterdam,POINT (126389.82829999924 481594.89649999887),POINT (4.967568641980786 52.32155552991174),4.967568641980786,52.32155552991174
323513,20230020410,2023,Uitsluitend materiele schade,2,snorfiets,bromfiets,Flank,"Kruispunt, 4 takken",Binnen,50.0,Brandend,Klinkers,Nat,Duisternis,Regen,Gerard Doustraat,amsterdam,POINT (121125.16849999875 485387.7446000017),POINT (4.88997099814674 52.355344112440825),4.88997099814674,52.355344112440825
323586,20230078245,2023,Letsel,2,bromfiets,unknown,Eenzijdig,Rechte weg,Binnen,50.0,Niet brandend,Overig asfalt,Nat,Daglicht,Regen,Amstelveenseweg,amsterdam,POINT (118889.35000000149 482340.7899999991),POINT (4.857480576781046 52.32781779626139),4.857480576781046,52.32781779626139
323655,20230078815,2023,Uitsluitend materiele schade,2,fiets,unknown,Los voorwerp,Rechte weg,Binnen,15.0,Niet brandend,Beton,Droog,Daglicht,Droog,Aletta Jacobslaan,amsterdam,POINT (117048.02899999917 484479.43200000003),POINT (4.83022953824643 52.34691436310695),4.83022953824643,52.34691436310695
323708,20230077016,2023,Uitsluitend materiele schade,1,bromfiets,unknown,Frontaal,"Kruispunt, 4 takken",Binnen,50.0,Niet brandend,ZOAB,Droog,Daglicht,Droog,Haarlemmerweg,amsterdam,POINT (118284 488687),POINT (4.847908109416528 52.38481280352681),4.847908109416528,52.38481280352681
323710,20230078361,2023,Uitsluitend materiele schade,2,motor,fiets,Flank,Rechte weg,Binnen,50.0,Niet brandend,Beton,Nat,Daglicht,Regen,2e Hugo de Grootstraat,amsterdam,POINT (119822.66899999976 487604.27800000086),POINT (4.870621031453034 52.375182866439324),4.870621031453034,52.375182866439324
323747,20230020690,2023,Uitsluitend materiele schade,2,bromfiets,motor,Kop/staart,"Kruispunt, 3 takken",Binnen,50.0,Niet brandend,Overig asfalt,Droog,Schemer,Droog,Papaverweg,amsterdam,POINT (122669.44700000063 489745.9970000014),POINT (4.912218725030693 52.39460610959674),4.912218725030693,52.39460610959674
323888,20230097470,2023,Uitsluitend materiele schade,2,personenauto,fiets,Flank,"Kruispunt, 4 takken",Binnen,50.0,Brandend,Overig asfalt,Droog,Duisternis,Droog,Mauritskade,amsterdam,POINT (123191.05939999968 486226.67639999837),POINT (4.920214935994748 52.36300737058467),4.920214935994748,52.36300737058467
324229,20210075814,2021,Uitsluitend materiele schade,2,snorfiets,bestelauto,Flank,Rechte weg,Binnen,30.0,Niet brandend,Klinkers,Droog,Daglicht,Droog,Spaarndammerstraat,amsterdam,POINT (120403.62900000066 489241.5940000005),POINT (4.8789835523661065 52.389934757763264),4.8789835523661065,52.389934757763264
324262,20210084055,2021,Letsel,2,bromfiets,personenauto,Flank,"Kruispunt, 4 takken",Binnen,50.0,Niet brandend,Overig asfalt,Droog,Daglicht,Droog,Coentunnelcircuit,amsterdam,POINT (120106 492149),POINT (4.874309227528829 52.41604539685903),4.874309227528829,52.41604539685903
324273,20210081695,2021,Uitsluitend materiele schade,2,personenauto,snorfiets,Flank,"Kruispunt, 4 takken",Binnen,50.0,Niet brandend,Overig asfalt,Droog,Daglicht,Unknown,Koos Vorrinkweg,amsterdam,POINT (114996.14600000158 485075.0700000003),POINT (4.800047224167302 52.35212195488326),4.800047224167302,52.35212195488326
324336,20210087237,2021,Letsel,2,snorfiets,fiets,Kop/staart,"Kruispunt, 3 takken",Binnen,Unknown,Niet brandend,Overig asfalt,Droog,Daglicht,Droog,Wibautstraat,amsterdam,POINT (122949.15399999917 484752.94099999964),POINT (4.9168040330451195 52.34974833934168),4.9168040330451195,52.34974833934168
324389,20210089320,2021,Uitsluitend materiele schade,2,bromfiets,bestelauto,Flank,Rechte weg,Binnen,50.0,Brandend,Overig asfalt,Droog,Duisternis,Droog,Burg De Vlugtlaan,amsterdam,POINT (116343.70399999991 488379.69200000167),POINT (4.8194450994467735 52.38191776127794),4.8194450994467735,52.38191776127794
324435,20210027231,2021,Letsel,2,personenauto,bromfiets,Onbekend,"Kruispunt, 4 takken",Binnen,50.0,Niet brandend,Overig asfalt,Droog,Daglicht,Droog,Jacob van Lennepstraat,amsterdam,POINT (119968 486601),POINT (4.872859712971377 52.36617542559926),4.872859712971377,52.36617542559926
324466,20210020280,2021,Letsel,2,bromfiets,personenauto,Onbekend,Bocht,Binnen,30.0,Niet brandend,Overig asfalt,Droog,Daglicht,Droog,Bellamyplein,amsterdam,POINT (119619.80900000036 486840.73999999836),POINT (4.86772249636632 52.36830771528997),4.86772249636632,52.36830771528997
324472,20210027594,2021,Letsel,2,personenauto,fiets,Flank,"Kruispunt, 3 takken",Binnen,50.0,Niet brandend,Overig asfalt,Droog,Daglicht,Droog,Kamerlingh Onneslaan,amsterdam,POINT (123440.47569999844 484669.90210000053),POINT (4.924022567289331 52.349030475168576),4.924022567289331,52.349030475168576