,accident_id,accident_year,outcome,num_parties,party1_type,party2_type,accident_nature,road_situation,built_up_area,speed_limit_kmh,street_lighting,road_surface,road_condition,light_condition,weather_condition,street_name,municipality,shape,geometry,longitude,latitude
324542,20210023728,2021,Letsel,2,bromfiets,personenauto,Flank,"Kruispunt, 3 takken",Binnen,30.0,Niet brandend,Overig asfalt,Droog,Daglicht,Droog,Lucellestraat,amsterdam,POINT (118352.56069999933 488357.6752000004),POINT (4.848951036899969 52.381857670337546),4.848951036899969,52.381857670337546
324604,20210026726,2021,Uitsluitend materiele schade,2,personenauto,fiets,Flank,"Kruispunt, 4 takken",Binnen,Unknown,Niet brandend,Klinkers,Droog,Daglicht,Droog,Singel,amsterdam,POINT (120970.70820000023 486880.7833000012),POINT (4.887552747151846 52.36875296042486),4.887552747151846,52.36875296042486
324702,20210026012,2021,Uitsluitend materiele schade,2,personenauto,fiets,Flank,Rotonde,Binnen,50.0,Brandend,Overig asfalt,Droog,Duisternis,Droog,Amstelplein,amsterdam,POINT (123050.69179999828 484094.48099999875),POINT (4.918356729851089 52.34383643195293),4.918356729851089,52.34383643195293
324728,20210029779,2021,Uitsluitend materiele schade,2,personenauto,fiets,Flank,"Kruispunt, 3 takken",Binnen,Unknown,Niet brandend,Overig asfalt,Droog,Daglicht,Droog,Den Brielstraat,amsterdam,POINT (119009.5362999998 488714.51410000026),POINT (4.858561629282988 52.385108127704484),4.858561629282988,52.385108127704484
324779,20210012399,2021,Letsel,3,bromfiets,personenauto,Onbekend,Unknown,Unknown,30.0,Unknown,Unknown,Unknown,Duisternis,Unknown,Zuideinde,amsterdam,POINT (121502.21799999848 492388.09600000083),POINT (4.894807143330155 52.418281257854964),4.894807143330155,52.418281257854964
324780,20210012401,2021,Uitsluitend materiele schade,2,fiets,e-bike,Frontaal,Rechte weg,Binnen,30.0,Niet brandend,Klinkers,Droog,Daglicht,Droog,Ouderkerkerdijk,amsterdam,POINT (121865.00299999863 482895.19999999925),POINT (4.901075676561955 52.33298785609771),4.901075676561955,52.33298785609771
324832,20210074212,2021,Uitsluitend materiele schade,2,personenauto,fiets,Flank,"Kruispunt, 3 takken",Binnen,30.0,Brandend,Overig asfalt,Droog,Duisternis,Unknown,Oosterdoksstraat,amsterdam,POINT (122346.59809999913 487734.96269999817),POINT (4.907671240182224 52.376513260644394),4.907671240182224,52.376513260644394
324894,20210065656,2021,Uitsluitend materiele schade,2,personenauto,fiets,Onbekend,"Kruispunt, 4 takken",Binnen,Unknown,Niet brandend,Overig asfalt,Droog,Daglicht,Droog,De Ruijterkade,amsterdam,POINT (122163.30579999834 487921.1838000007),POINT (4.904961385935026 52.37817595393588),4.904961385935026,52.37817595393588
324899,20210037851,2021,Uitsluitend materiele schade,2,fiets,bestelauto,Flank,"Kruispunt, 4 takken",Binnen,50.0,Niet brandend,Overig asfalt,Droog,Daglicht,Droog,Vondelpark,amsterdam,POINT (120570.76399999857 486104.5870000012),POINT (4.88176007060992 52.36175213104734),4.88176007060992,52.36175213104734
324978,20210055033,2021,Uitsluitend materiele schade,2,personenauto,bromfiets,Flank,"Kruispunt, 4 takken",Binnen,50.0,Niet brandend,Overig asfalt,Droog,Daglicht,Droog,Westeinde,amsterdam,POINT (121762 485657),POINT (4.899291825636309 52.3578028939327),4.899291825636309,52.3578028939327
325011,20210055873,2021,Uitsluitend materiele schade,2,bromfiets,personenauto,Flank,"Kruispunt, 4 takken",Binnen,50.0,Brandend,Overig asfalt,Droog,Duisternis,Droog,Bernard Zweerskade,amsterdam,POINT (120210.36199999973 484235.19000000134),POINT (4.876662633945137 52.34492857813586),4.876662633945137,52.34492857813586
325179,20210064145,2021,Uitsluitend materiele schade,2,bromfiets,overig vast object,Vast voorwerp,Rechte weg,Binnen,30.0,Brandend,Overig asfalt,Droog,Duisternis,Unknown,Stadhouderskade,amsterdam,POINT (120518.30299999937 486144.54100000113),POINT (4.880985840147014 52.36210791891622),4.880985840147014,52.36210791891622
325203,20210050541,2021,Letsel,2,personenauto,bromfiets,Flank,"Kruispunt, 4 takken",Binnen,50.0,Niet brandend,Overig asfalt,Droog,Daglicht,Droog,Willem Schoutenstraat,amsterdam,POINT (118574.62649999931 486718.8564000018),POINT (4.852390083051026 52.36714399013534),4.852390083051026,52.36714399013534
325209,20210068285,2021,Uitsluitend materiele schade,1,bromfiets,unknown,Onbekend,Unknown,Unknown,30.0,Unknown,Unknown,Unknown,Duisternis,Unknown,Loenermark,amsterdam,POINT (123976.83300000057 490346.8509999998),POINT (4.931370116850376 52.40008161862939),4.931370116850376,52.40008161862939
325246,20210037035,2021,Uitsluitend materiele schade,2,bestelauto,fiets,Onbekend,Unknown,Unknown,Unknown,Unknown,Unknown,Unknown,Daglicht,Unknown,Rozengracht,amsterdam,POINT (120650.07169999927 487458.5817000009),POINT (4.882785973471272 52.373925836951564),4.882785973471272,52.373925836951564
325488,20230004667,2023,Letsel,2,bromfiets,voetganger,Voetganger,Unknown,Unknown,30.0,Unknown,Unknown,Unknown,Schemer,Unknown,Sam van Houtenstraat,amsterdam,POINT (115361.73200000077 488100.33399999887),POINT (4.80505618092382 52.37933709842431),4.80505618092382,52.37933709842431
325560,20210091708,2021,Uitsluitend materiele schade,1,snorfiets,unknown,Onbekend,Unknown,Unknown,30.0,Unknown,Unknown,Unknown,Daglicht,Unknown,Spaarndammerstraat,amsterdam,POINT (120509.96700000018 489021.8429999985),POINT (4.880568168666768 52.38796649371498),4.880568168666768,52.38796649371498
325944,20220016640,2022,Uitsluitend materiele schade,2,personenauto,bromfiets,Frontaal,Rechte weg,Binnen,30.0,Niet brandend,Klinkers,Droog,Daglicht,Droog,Tweede Jan Steenstraat,amsterdam,POINT (121907.06700000167 485505.83300000057),POINT (4.9014361140467715 52.35645306396767),4.9014361140467715,52.35645306396767
325975,20220035764,2022,Uitsluitend materiele schade,2,fiets,fiets,Flank,"Kruispunt, 3 takken",Binnen,30.0,Niet brandend,Overig asfalt,Droog,Daglicht,Unknown,Herman Heijermansweg,amsterdam,POINT (120788.9924999997 484362.0324999988),POINT (4.885140889324143 52.34610487757808),4.885140889324143,52.34610487757808
325989,20220080925,2022,Uitsluitend materiele schade,2,personenauto,fiets,Flank,"Kruispunt, 3 takken",Binnen,50.0,Niet brandend,Overig asfalt,Droog,Daglicht,Droog,C. van Eesterenlaan,amsterdam,POINT (124427.81590000167 487299.3167000003),POINT (4.938273762494868 52.37271778596623),4.938273762494868,52.37271778596623
326062,20220036075,2022,Uitsluitend materiele schade,2,personenauto,fiets,Flank,Rechte weg,Binnen,30.0,Niet aanwezig,Overig asfalt,Nat,Daglicht,Unknown,Leidseplein,amsterdam,POINT (120642.61300000176 486364.1339999996),POINT (4.882788304639319 52.364089255667174),4.882788304639319,52.364089255667174
326074,20220054146,2022,Uitsluitend materiele schade,2,bromfiets,personenauto,Kop/staart,"Kruispunt, 4 takken",Binnen,50.0,Niet brandend,Overig asfalt,Nat,Daglicht,Droog,Vrijheidslaan,amsterdam,POINT (122136.76509999856 484388.5234999992),POINT (4.904916841907511 52.346425208765766),4.904916841907511,52.346425208765766
326076,20220055506,2022,Uitsluitend materiele schade,3,fiets,fiets,Flank,Rotonde,Binnen,Unknown,Niet brandend,ZOAB,Droog,Daglicht,Droog,Amstelveenseweg,amsterdam,POINT (118927.45149999857 484747.7003999986),POINT (4.857781610956115 52.34945195254041),4.857781610956115,52.34945195254041
326077,20220055533,2022,Uitsluitend materiele schade,2,bromfiets,personenauto,Onbekend,Rechte weg,Binnen,50.0,Niet brandend,Overig asfalt,Nat,Daglicht,Droog,Postjesweg,amsterdam,POINT (117752.23699999973 486378.23000000045),POINT (4.840353636659665 52.36402753935285),4.840353636659665,52.36402753935285
326149,20220055649,2022,Uitsluitend materiele schade,2,bromfiets,personenauto,Flank,"Kruispunt, 4 takken",Binnen,50.0,Brandend,Overig asfalt,Droog,Duisternis,Droog,Uiterwaardenstraat,amsterdam,POINT (122244.60379999876 483984.9415999986),POINT (4.906538658773734 52.342804512465065),4.906538658773734,52.342804512465065
326214,20220055808,2022,Letsel,2,personenauto,fiets,Flank,"Kruispunt, 4 takken",Binnen,50.0,Niet brandend,Overig asfalt,Droog,Daglicht,Droog,Beukenweg,amsterdam,POINT (123079.316300001 485490.1121000014),POINT (4.91864438467426 52.35638113326578),4.91864438467426,52.35638113326578
326264,20220102583,2022,Uitsluitend materiele schade,2,fiets,personenauto,Flank,"Kruispunt, 4 takken",Buiten,Unknown,Niet brandend,ZOAB,Droog,Daglicht,Droog,Amerikahavenweg,amsterdam,POINT (113911 491055),POINT (4.783389490730385 52.40578437892904),4.783389490730385,52.40578437892904
326317,20220054898,2022,Uitsluitend materiele schade,2,personenauto,fiets,Flank,"Kruispunt, 4 takken",Binnen,50.0,Niet brandend,Overig asfalt,Droog,Daglicht,Droog,Haarlemmerweg,amsterdam,POINT (120493.96020000055 488699.7457000017),POINT (4.880366139822328 52.385070718280076),4.880366139822328,52.385070718280076
326530,20230023848,2023,Uitsluitend materiele schade,2,personenauto,fiets,Onbekend,Unknown,Unknown,50.0,Unknown,Unknown,Unknown,Duisternis,Unknown,Cornelis Krusemanstraat,amsterdam,POINT (119212.1409999989 484921.6790000014),POINT (4.861941214263649 52.35103416468754),4.861941214263649,52.35103416468754
326589,20230004175,2023,Uitsluitend materiele schade,2,personenauto,fiets,Flank,"Kruispunt, 3 takken",Binnen,50.0,Brandend,Overig asfalt,Droog,Duisternis,Droog,De Cuserstraat,amsterdam,POINT (118890.53720000014 481851.3066000007),POINT (4.857550452123578 52.323418722995804),4.857550452123578,52.323418722995804
326650,20230004603,2023,Uitsluitend materiele schade,1,bromfiets,unknown,Voetganger,Rechte weg,Binnen,50.0,Brandend,Overig asfalt,Nat,Duisternis,Regen,Javaplein,amsterdam,POINT (124536.88100000098 486303.5689999983),POINT (4.93996548444776 52.363774715674566),4.93996548444776,52.363774715674566
326748,20230004506,2023,Uitsluitend materiele schade,2,bromfiets,fiets,Onbekend,Bocht,Binnen,30.0,Niet brandend,ZOAB,Nat,Daglicht,Regen,Prins Hendrikkade,amsterdam,POINT (121620.16899999976 487977.76300000027),POINT (4.896979481835074 52.37865169608506),4.896979481835074,52.37865169608506
326749,20230004512,2023,Letsel,2,snorfiets,voetganger,Voetganger,Rechte weg,Binnen,30.0,Brandend,Overig asfalt,Nat,Duisternis,Regen,Piet Heinkade,amsterdam,POINT (122814.61699999869 487814.3839999996),POINT (4.914536521344987 52.37725467710844),4.914536521344987,52.37725467710844
327187,20210090821,2021,Letsel,3,personenauto,e-bike,Flank,"Kruispunt, 4 takken",Binnen,50.0,Niet aanwezig,Klinkers,Droog,Daglicht,Droog,Marco Polostraat,amsterdam,POINT (118863.65190000087 486579.0208999999),POINT (4.856648542712502 52.36590634481794),4.856648542712502,52.36590634481794
327390,20220178082,2022,Uitsluitend materiele schade,1,fiets,unknown,Onbekend,Rechte weg,Binnen,50.0,Niet brandend,Overig asfalt,Droog,Daglicht,Droog,Linnaeusstraat,amsterdam,POINT (123698.14699999988 485452.73099999875),POINT (4.927731321566051 52.3560807811918),4.927731321566051,52.3560807811918
327391,20220178085,2022,Letsel,2,personenauto,bromfiets,Frontaal,Rotonde,Binnen,50.0,Niet brandend,Beton,Droog,Daglicht,Droog,Hugo de Grootplein,amsterdam,POINT (119981.78249999881 487556.3216000013),POINT (4.872962538863532 52.37476204002756),4.872962538863532,52.37476204002756
327392,20220178096,2022,Uitsluitend materiele schade,2,bromfiets,personenauto,Flank,Rotonde,Binnen,50.0,Niet brandend,Overig asfalt,Nat,Daglicht,Droog,Noordzijde,amsterdam,POINT (116344.24460000172 487416.9428000003),POINT (4.819563798139871 52.37326538451984),4.819563798139871,52.37326538451984
327393,20220178109,2022,Uitsluitend materiele schade,2,bromfiets,personenauto,Flank,"Kruispunt, 4 takken",Binnen,50.0,Niet brandend,Beton,Droog,Daglicht,Droog,Meeuwenlaan,amsterdam,POINT (123500.85190000013 489054.5210000016),POINT (4.924497823619344 52.38843996379718),4.924497823619344,52.38843996379718
327429,20220177546,2022,Uitsluitend materiele schade,1,fiets,unknown,Voetganger,Rechte weg,Binnen,50.0,Niet brandend,Overig asfalt,Droog,Daglicht,Droog,Sarphatipark,amsterdam,POINT (121436.70800000057 485149.936999999),POINT (4.894567506708462 52.35322597789807),4.894567506708462,52.35322597789807
327430,20220177581,2022,Uitsluitend materiele schade,2,personenauto,e-bike,Flank,"Kruispunt, 4 takken",Binnen,50.0,Niet brandend,Overig asfalt,Droog,Daglicht,Droog,Heemstedestraat,amsterdam,POINT (117772.19090000167 484979.4098000005),POINT (4.840801396720831 52.35145733489363),4.840801396720831,52.35145733489363
327476,20220123447,2022,Uitsluitend materiele schade,3,snorfiets,personenauto,Onbekend,"Kruispunt, 4 takken",Binnen,Unknown,Niet aanwezig,Overig asfalt,Droog,Daglicht,Unknown,Leeuwendalersweg,amsterdam,POINT (117664.32899999991 488001.15399999917),POINT (4.838882805433624 52.37860716327935),4.838882805433624,52.37860716327935
327661,20220123986,2022,Letsel,2,bromfiets,e-bike,Flank,"Kruispunt, 3 takken",Binnen,30.0,Niet brandend,Klinkers,Droog,Daglicht,Droog,Nieuwmarkt,amsterdam,POINT (121889.08130000159 487342.7982000001),POINT (4.900991223031329 52.37296136372385),4.900991223031329,52.37296136372385
327668,20220141345,2022,Letsel,2,fiets,fiets,Flank,Rechte weg,Binnen,30.0,Brandend,Overig asfalt,Droog,Duisternis,Droog,Nieuwe Doelenstraat,amsterdam,POINT (121499.87700000033 486810.186999999),POINT (4.895329282559838 52.36815102315546),4.895329282559838,52.36815102315546
327692,20220124069,2022,Uitsluitend materiele schade,1,fiets,unknown,Voetganger,"Kruispunt, 4 takken",Binnen,15.0,Niet brandend,Overig asfalt,Droog,Daglicht,Droog,Dam,amsterdam,POINT (121337.39600000158 487319.4750000015),POINT (4.892892692645682 52.372718209812454),4.892892692645682,52.372718209812454
327716,20220124098,2022,Uitsluitend materiele schade,2,bromfiets,bromfiets,Kop/staart,Rechte weg,Binnen,50.0,Niet brandend,Overig asfalt,Droog,Daglicht,Droog,Linnaeusstraat,amsterdam,POINT (123559.21799999848 485802.2179999985),POINT (4.925659410708678 52.35921381151146),4.925659410708678,52.35921381151146
327770,20220155652,2022,Letsel,3,motor,fiets,Voetganger,Rechte weg,Binnen,50.0,Niet brandend,Overig asfalt,Droog,Daglicht,Droog,BERLAGEBRUG 0423,amsterdam,POINT (122671.31399999931 484487.44000000134),POINT (4.9127519012407 52.347345911999895),4.9127519012407,52.347345911999895
327771,20220155678,2022,Letsel,2,personenauto,fiets,Flank,"Kruispunt, 4 takken",Binnen,50.0,Niet brandend,Overig asfalt,Droog,Daglicht,Droog,Prins Hendrikkade,amsterdam,POINT (122016.10509999841 487706.0791000016),POINT (4.902820769921868 52.37623392177262),4.902820769921868,52.37623392177262
327872,20230039595,2023,Uitsluitend materiele schade,2,personenauto,fiets,Onbekend,"Kruispunt, 4 takken",Binnen,50.0,Niet brandend,Overig asfalt,Nat,Daglicht,Droog,Transformatorweg,amsterdam,POINT (118224.29989999905 489455.33779999986),POINT (4.846947113327064 52.391714019788765),4.846947113327064,52.391714019788765
327893,20230059480,2023,Letsel,2,fiets,voetganger,Voetganger,Rechte weg,Binnen,80.0,Niet brandend,Overig asfalt,Droog,Daglicht,Droog,FIETSPAD,amsterdam,POINT (128199.13399999961 493074.86100000143),POINT (4.993190392519025 52.42482157486958),4.993190392519025,52.42482157486958
327944,20230058181,2023,Letsel,2,fiets,fiets,Onbekend,"Kruispunt, 3 takken",Binnen,50.0,Niet aanwezig,Overig asfalt,Droog,Duisternis,Droog,Marnixstraat,amsterdam,POINT (120318.07899999991 486880.1160000004),POINT (4.877970631111093 52.36870613765962),4.877970631111093,52.36870613765962
327996,20230059613,2023,Letsel,2,bromfiets,fiets,Frontaal,Rechte weg,Binnen,30.0,Niet brandend,ZOAB,Droog,Daglicht,Droog,De Ruijterkade,amsterdam,POINT (122344.08199999854 487857.875),POINT (4.907622346415534 52.377617760564576),4.907622346415534,52.377617760564576
328021,20230050294,2023,Letsel,2,e-bike,e-bike,Onbekend,Rechte weg,Binnen,50.0,Brandend,Overig asfalt,Droog,Duisternis,Droog,Spaklerweg,amsterdam,POINT (123332.65399999917 482986),POINT (4.92259857220556 52.333890406546956),4.92259857220556,52.333890406546956
328041,20230039814,2023,Uitsluitend materiele schade,2,bromfiets,personenauto,Geparkeerd voertuig,Rechte weg,Binnen,50.0,Niet brandend,Beton,Droog,Daglicht,Droog,Frederik Hendrikstraat,amsterdam,POINT (119948.93100000173 487485.34600000083),POINT (4.872487536441586 52.374122067488095),4.872487536441586,52.374122067488095
328170,20230048856,2023,Uitsluitend materiele schade,2,bromfiets,e-bike,Flank,"Kruispunt, 4 takken",Binnen,30.0,Niet brandend,Klinkers,Droog,Daglicht,Droog,Beukenplein,amsterdam,POINT (123039.29399999976 485542.0700000003),POINT (4.918051984482294 52.35684577019703),4.918051984482294,52.35684577019703
328207,20230048916,2023,Uitsluitend materiele schade,2,fiets,personenauto,Onbekend,"Kruispunt, 4 takken",Binnen,50.0,Niet brandend,ZOAB,Droog,Daglicht,Droog,Ruyschstraat,amsterdam,POINT (122496.7659999989 485619.4990000017),POINT (4.9100809785506305 52.357509822159905),4.9100809785506305,52.357509822159905
328306,20220212309,2022,Uitsluitend materiele schade,2,bestelauto,bromfiets,Onbekend,Rechte weg,Binnen,50.0,Niet brandend,Klinkers,Nat,Daglicht,Regen,Van Bossestraat,amsterdam,POINT (119684.24500000104 488338.4140000008),POINT (4.8685111758277575 52.38177184671608),4.8685111758277575,52.38177184671608
328338,20220210997,2022,Uitsluitend materiele schade,3,personenauto,fiets,Onbekend,Rechte weg,Binnen,30.0,Niet brandend,ZOAB,Droog,Daglicht,Droog,Westerstraat,amsterdam,POINT (120740.39299999923 487976.8839999996),POINT (4.884059424338327 52.37858960454542),4.884059424338327,52.37858960454542
328374,20220210138,2022,Uitsluitend materiele schade,2,personenauto,bromfiets,Flank,"Kruispunt, 4 takken",Binnen,50.0,Brandend,Overig asfalt,Nat,Duisternis,Droog,Bos en Lommerweg,amsterdam,POINT (118835.98380000144 488598.1207999997),POINT (4.8560250551349275 52.384050668389975),4.8560250551349275,52.384050668389975
328376,20220211705,2022,Uitsluitend materiele schade,3,personenauto,fiets,Onbekend,Rechte weg,Binnen,50.0,Niet aanwezig,ZOAB,Droog,Daglicht,Droog,0228 BRUG,amsterdam,POINT (122081.85660000145 487784.1838000007),POINT (4.9037786767013785 52.376939817556185),4.9037786767013785,52.376939817556185
328377,20220212400,2022,Uitsluitend materiele schade,3,personenauto,e-bike,Geparkeerd voertuig,Rechte weg,Binnen,30.0,Brandend,Klinkers,Nat,Duisternis,Droog,Bos en Lommerplantsoen,amsterdam,POINT (118201.89400000125 487673.9770000018),POINT (4.8468131178311 52.37570304127596),4.8468131178311,52.37570304127596
328413,20220211069,2022,Uitsluitend materiele schade,2,personenauto,fiets,Frontaal,Rechte weg,Binnen,50.0,Niet brandend,Overig asfalt,Nat,Daglicht,Regen,Bijlmerdreef,amsterdam,POINT (126230.45100000128 481376.1770000011),POINT (4.965249729556529 52.31958148383823),4.965249729556529,52.31958148383823
328490,20220211190,2022,Letsel,2,snorfiets,fiets,Onbekend,"Kruispunt, 4 takken",Binnen,Unknown,Brandend,Overig asfalt,Droog,Duisternis,Droog,Stadhouderskade,amsterdam,POINT (120568.58150000125 486101.1112000011),POINT (4.8817283871144115 52.36172075619951),4.8817283871144115,52.36172075619951
328491,20220211196,2022,Uitsluitend materiele schade,2,personenauto,bromfiets,Flank,Rechte weg,Binnen,50.0,Niet brandend,Overig asfalt,Droog,Daglicht,Droog,Barajasweg,amsterdam,POINT (117370.6099999994 488936.3759999983),POINT (4.834464599200453 52.38699214203183),4.834464599200453,52.38699214203183
328529,20220211231,2022,Uitsluitend materiele schade,2,personenauto,fiets,Flank,Rechte weg,Binnen,30.0,Brandend,Unknown,Droog,Schemer,Droog,Spuistraat,amsterdam,POINT (121112.26000000164 487323.1970000006),POINT (4.889586472945401 52.37273781340701),4.889586472945401,52.37273781340701
328561,20220210529,2022,Letsel,2,fiets,voetganger,Voetganger,Rechte weg,Binnen,50.0,Brandend,Overig asfalt,Nat,Duisternis,Regen,Stadhouderskade,amsterdam,POINT (120414.8590000011 486277.1079999991),POINT (4.879453623792771 52.363292834271995),4.879453623792771,52.363292834271995
328767,20220211494,2022,Uitsluitend materiele schade,2,personenauto,fiets,Flank,"Kruispunt, 4 takken",Binnen,50.0,Niet brandend,ZOAB,Droog,Daglicht,Droog,Voorm Stadstimmertuin,amsterdam,POINT (122316.39070000127 486098.84010000154),POINT (4.907386712010596 52.36180711785338),4.907386712010596,52.36180711785338
329127,20230111328,2023,Uitsluitend materiele schade,3,personenauto,fiets,Onbekend,Rechte weg,Binnen,30.0,Brandend,Overig asfalt,Droog,Duisternis,Droog,Voorburgstraat,amsterdam,POINT (117903.91000000015 484655.5529999994),POINT (4.842770293719369 52.34855565369936),4.842770293719369,52.34855565369936
329175,20230066785,2023,Uitsluitend materiele schade,2,bromfiets,personenauto,Kop/staart,Rechte weg,Binnen,50.0,Niet brandend,Overig asfalt,Droog,Daglicht,Droog,De Boelelaan,amsterdam,POINT (120284.75899999961 483113.28599999845),POINT (4.877870058151903 52.334850357705015),4.877870058151903,52.334850357705015
329201,20230066816,2023,Uitsluitend materiele schade,3,personenauto,fiets,Geparkeerd voertuig,Rechte weg,Binnen,30.0,Niet brandend,Overig asfalt,Droog,Daglicht,Droog,De Clercqstraat,amsterdam,POINT (119490.26799999923 487032.8830000013),POINT (4.865800244889092 52.370026195220596),4.865800244889092,52.370026195220596
329318,20230020467,2023,Uitsluitend materiele schade,2,snorfiets,personenauto,Flank,"Kruispunt, 4 takken",Binnen,50.0,Brandend,Klinkers,Droog,Duisternis,Droog,Ookmeerweg,amsterdam,POINT (114555.14600000158 486400.3605999984),POINT (4.793415408492655 52.36400031723458),4.793415408492655,52.36400031723458
329377,20230020549,2023,Letsel,3,vrachtauto,fiets,Eenzijdig,Rechte weg,Binnen,50.0,Niet brandend,Overig asfalt,Droog,Daglicht,Droog,Eerste Oosterparkstraat,amsterdam,POINT (122668.62900000066 485541.2320000008),POINT (4.912611238950817 52.356816550923185),4.912611238950817,52.356816550923185
329426,20230074681,2023,Letsel,2,fiets,fiets,Frontaal,"Kruispunt, 3 takken",Binnen,50.0,Niet brandend,Klinkers,Droog,Daglicht,Droog,Utrechtsedwarsstraat,amsterdam,POINT (121972.98409999907 486133.5185999982),POINT (4.902342036477947 52.36209824522644),4.902342036477947,52.36209824522644
329427,20230074687,2023,Uitsluitend materiele schade,2,fiets,fiets,Flank,"Kruispunt, 3 takken",Binnen,50.0,Niet brandend,Overig asfalt,Droog,Daglicht,Droog,Kattenburgerstraat,amsterdam,POINT (122856.29309999943 487158.11349999905),POINT (4.915211315076128 52.3713590108892),4.915211315076128,52.3713590108892
329509,20230074548,2023,Uitsluitend materiele schade,2,fiets,personenauto,Flank,"Kruispunt, 4 takken",Binnen,Unknown,Niet brandend,ZOAB,Droog,Daglicht,Droog,Surinameplein,amsterdam,POINT (118665 485729),POINT (4.853823889736502 52.3582538755362),4.853823889736502,52.3582538755362
329517,20230036535,2023,Letsel,2,fiets,fiets,Onbekend,Rechte weg,Binnen,15.0,Niet brandend,Overig asfalt,Droog,Daglicht,Droog,Wibautstraat,amsterdam,POINT (122542.78500000015 485486.44299999997),POINT (4.9107693191583595 52.35631672348601),4.9107693191583595,52.35631672348601
329571,20230036620,2023,Letsel,1,bromfiets,unknown,Eenzijdig,Rechte weg,Binnen,50.0,Niet brandend,Unknown,Droog,Daglicht,Droog,Burg Cramergracht,amsterdam,POINT (117274.38199999928 487515.92500000075),POINT (4.8332106720846895 52.37421965023319),4.8332106720846895,52.37421965023319
329593,20230020237,2023,Uitsluitend materiele schade,2,personenauto,fiets,Flank,Rechte weg,Binnen,50.0,Niet brandend,Overig asfalt,Nat,Schemer,Unknown,Haarlemmerweg,amsterdam,POINT (118799.07009999827 488652.29940000176),POINT (4.855477047747883 52.384535150684115),4.855477047747883,52.384535150684115
329674,20230097500,2023,Letsel,2,fiets,voetganger,Voetganger,Rechte weg,Binnen,50.0,Brandend,Klinkers,Nat,Duisternis,Regen,Bos en Lommerweg,amsterdam,POINT (118639.1259999983 488131.4629999995),POINT (4.853184225465642 52.37984370415305),4.853184225465642,52.37984370415305
329700,20230096983,2023,Uitsluitend materiele schade,2,bestelauto,bromfiets,Kop/staart,Rechte weg,Binnen,30.0,Brandend,Klinkers,Nat,Duisternis,Regen,Lodewijk van Deysselstr,amsterdam,POINT (116102.23800000176 487859.93400000036),POINT (4.8159589438527695 52.377229542872385),4.8159589438527695,52.377229542872385
329720,20230097579,2023,Letsel,1,e-bike,unknown,Eenzijdig,Rotonde,Binnen,30.0,Niet aanwezig,Overig asfalt,Nat,Daglicht,Droog,Zuiderzeeweg,amsterdam,POINT (126633.61129999906 488366.3995999992),POINT (4.970573354125796 52.38242641180587),4.970573354125796,52.38242641180587
329770,20230102693,2023,Uitsluitend materiele schade,2,personenauto,fiets,Flank,"Kruispunt, 4 takken",Binnen,50.0,Niet brandend,Klinkers,Nat,Daglicht,Regen,Johan Huizingalaan,amsterdam,POINT (116860.7164000012 485109.0276999995),POINT (4.827409345235111 52.352559732426414),4.827409345235111,52.352559732426414
330048,20210075837,2021,Uitsluitend materiele schade,2,personenauto,fiets,Flank,"Kruispunt, 3 takken",Binnen,50.0,Niet brandend,Overig asfalt,Droog,Daglicht,Unknown,tt. Vasumweg,amsterdam,POINT (120845.67469999939 491259.45109999925),POINT (4.885271633765677 52.408097396739024),4.885271633765677,52.408097396739024
330123,20210087268,2021,Letsel,3,personenauto,fiets,Onbekend,"Kruispunt, 4 takken",Binnen,50.0,Niet aanwezig,Overig asfalt,Nat,Daglicht,Unknown,Rijnstraat,amsterdam,POINT (122121.88850000128 484514.6425999999),POINT (4.904686205906896 52.34755779546415),4.904686205906896,52.34755779546415
330149,20210086499,2021,Uitsluitend materiele schade,2,bestelauto,fiets,Frontaal,"Kruispunt, 3 takken",Binnen,50.0,Niet brandend,Klinkers,Nat,Daglicht,Regen,Wittenburgergracht,amsterdam,POINT (123090.23330000043 486982.23750000075),POINT (4.918663040130966 52.36979199958037),4.918663040130966,52.36979199958037
330175,20210022676,2021,Uitsluitend materiele schade,2,bestelauto,bromfiets,Flank,Rechte weg,Binnen,50.0,Niet brandend,Overig asfalt,Droog,Daglicht,Droog,Pampuslaan,amsterdam,POINT (128934.27800000086 484852.97199999914),POINT (5.004635978137553 52.35096384315869),5.004635978137553,52.35096384315869
330198,20210021476,2021,Uitsluitend materiele schade,2,personenauto,e-bike,Flank,"Kruispunt, 4 takken",Binnen,30.0,Niet aanwezig,Klinkers,Droog,Daglicht,Droog,Argonautenstraat,amsterdam,POINT (119098.64550000057 484086.5736999996),POINT (4.860364580109974 52.34352141933229),4.860364580109974,52.34352141933229