,accident_id,accident_year,outcome,num_parties,party1_type,party2_type,accident_nature,road_situation,built_up_area,speed_limit_kmh,street_lighting,road_surface,road_condition,light_condition,weather_condition,street_name,municipality,shape,geometry,longitude,latitude
330264,20210024812,2021,Letsel,2,personenauto,fiets,Geparkeerd voertuig,Rechte weg,Binnen,50.0,Niet brandend,Overig asfalt,Droog,Daglicht,Droog,Plantage Kerklaan,amsterdam,POINT (122586.83399999887 486557.63800000027),POINT (4.911312646903814 52.365946508738666),4.911312646903814,52.365946508738666
330527,20210031218,2021,Uitsluitend materiele schade,2,personenauto,bromfiets,Flank,"Kruispunt, 4 takken",Binnen,30.0,Niet brandend,Overig asfalt,Droog,Daglicht,Droog,Weesperplein,amsterdam,POINT (122344.72580000013 486160.44900000095),POINT (4.907796694118876 52.36236250228765),4.907796694118876,52.36236250228765
330572,20210073529,2021,Uitsluitend materiele schade,2,personenauto,fiets,Onbekend,"Kruispunt, 3 takken",Binnen,50.0,Brandend,Overig asfalt,Nat,Daglicht,Regen,Marnixplein,amsterdam,POINT (120382.59380000085 487952.09629999846),POINT (4.878807449418029 52.378344388158865),4.878807449418029,52.378344388158865
330605,20210034068,2021,Letsel,2,bestelauto,fiets,Voetganger,Rechte weg,Binnen,30.0,Niet brandend,Klinkers,Nat,Daglicht,Unknown,Weesperzijde,amsterdam,POINT (122232.82200000063 485725.1070000008),POINT (4.906196319579867 52.358443277361374),4.906196319579867,52.358443277361374
330624,20210035978,2021,Uitsluitend materiele schade,2,bromfiets,personenauto,Onbekend,Unknown,Unknown,50.0,Unknown,Unknown,Unknown,Daglicht,Unknown,Krugerplein,amsterdam,POINT (123181.5309999995 485189.938000001),POINT (4.920173124427239 52.35368929211894),4.920173124427239,52.35368929211894
330703,20210044772,2021,Letsel,2,personenauto,bromfiets,Flank,"Kruispunt, 3 takken",Binnen,50.0,Niet brandend,Overig asfalt,Droog,Daglicht,Droog,Da Costakade,amsterdam,POINT (119948.875 487191.3139999993),POINT (4.872517378091094 52.37147951963599),4.872517378091094,52.37147951963599
330751,20210070837,2021,Uitsluitend materiele schade,2,personenauto,snorfiets,Flank,"Kruispunt, 4 takken",Binnen,50.0,Niet brandend,Overig asfalt,Nat,Schemer,Regen,Meer en Vaart,amsterdam,POINT (115375.23999999836 486308.6660999991),POINT (4.80546577756342 52.36323601648116),4.80546577756342,52.36323601648116
331235,20210092250,2021,Letsel,2,bromfiets,personenauto,Flank,"Kruispunt, 4 takken",Binnen,50.0,Niet brandend,Overig asfalt,Droog,Duisternis,Droog,Nieuwe Purmerweg,amsterdam,POINT (123863.96999999881 489910.4589000009),POINT (4.929752310297031 52.39615324677409),4.929752310297031,52.39615324677409
331314,20219065533,2021,Uitsluitend materiele schade,2,fiets,personenauto,Flank,Rechte weg,Binnen,50.0,Niet brandend,Overig asfalt,Nat,Daglicht,Regen,Plantage Kerklaan,amsterdam,POINT (122586.83399999887 486557.63800000027),POINT (4.911312646903814 52.365946508738666),4.911312646903814,52.365946508738666
331368,20210091250,2021,Uitsluitend materiele schade,2,personenauto,snorfiets,Flank,"Kruispunt, 4 takken",Binnen,30.0,Brandend,Overig asfalt,Nat,Schemer,Regen,Weteringschans,amsterdam,POINT (121183.31830000132 485867.8458000012),POINT (4.890776255368535 52.35966251582848),4.890776255368535,52.35966251582848
331427,20210092469,2021,Letsel,3,fiets,motor,Flank,"Kruispunt, 3 takken",Binnen,50.0,Niet brandend,Overig asfalt,Droog,Daglicht,Droog,Panamalaan,amsterdam,POINT (124122.18349999934 486722.71079999954),POINT (4.933838868105759 52.367518533613755),4.933838868105759,52.367518533613755
331564,20219037335,2021,Uitsluitend materiele schade,2,voetganger,fiets,Voetganger,Rechte weg,Binnen,30.0,Niet brandend,Overig asfalt,Droog,Daglicht,Droog,Prins Hendrikkade,amsterdam,POINT (121571.84600000083 487987.23099999875),POINT (4.896268880725042 52.37873384772246),4.896268880725042,52.37873384772246
331603,20220081382,2022,Uitsluitend materiele schade,1,bromfiets,unknown,Flank,Rechte weg,Binnen,50.0,Niet brandend,Overig asfalt,Droog,Daglicht,Droog,Hoofdweg,amsterdam,POINT (118394.97500000149 487194.813000001),POINT (4.849700639267071 52.371409585562986),4.849700639267071,52.371409585562986
331661,20220081502,2022,Letsel,2,bromfiets,personenauto,Flank,"Kruispunt, 3 takken",Binnen,50.0,Niet brandend,Overig asfalt,Droog,Daglicht,Droog,De Savornin Lohmanstraat,amsterdam,POINT (115418.91539999843 487593.0843999982),POINT (4.805955716492994 52.37478248129603),4.805955716492994,52.37478248129603
331702,20220080824,2022,Uitsluitend materiele schade,2,snorfiets,personenauto,Flank,"Kruispunt, 3 takken",Binnen,50.0,Brandend,Overig asfalt,Droog,Duisternis,Droog,Stadhouderskade,amsterdam,POINT (120491.23930000141 486171.28649999946),POINT (4.880585794069666 52.36234658910481),4.880585794069666,52.36234658910481
331703,20220081527,2022,Uitsluitend materiele schade,2,snorfiets,fiets,Flank,Rechte weg,Binnen,30.0,Niet brandend,Overig asfalt,Droog,Daglicht,Droog,Plantage Middenlaan,amsterdam,POINT (123085.3599999994 486334.1950000003),POINT (4.918653000871308 52.36396754532543),4.918653000871308,52.36396754532543
331718,20220016753,2022,Uitsluitend materiele schade,2,bestelauto,fiets,Flank,"Kruispunt, 4 takken",Binnen,50.0,Niet brandend,Overig asfalt,Droog,Daglicht,Unknown,Meteorenweg,amsterdam,POINT (121324.69999999925 491447.0080000013),POINT (4.892292320696384 52.40981262745148),4.892292320696384,52.40981262745148
331731,20220055321,2022,Uitsluitend materiele schade,2,personenauto,fiets,Onbekend,"Kruispunt, 3 takken",Binnen,50.0,Niet brandend,Overig asfalt,Droog,Daglicht,Droog,Ringdijk,amsterdam,POINT (122965.86809999868 484760.9737999998),POINT (4.91704856804175 52.34982150759395),4.91704856804175,52.34982150759395
331745,20220080935,2022,Letsel,2,bestelauto,fiets,Flank,Rotonde,Binnen,50.0,Niet brandend,Overig asfalt,Droog,Daglicht,Droog,Postjesweg,amsterdam,POINT (117998.77549999952 486387.7604999989),POINT (4.8439719706525635 52.36412985575009),4.8439719706525635,52.36412985575009
331850,20220055598,2022,Letsel,2,bromfiets,personenauto,Flank,Rechte weg,Binnen,50.0,Brandend,Overig asfalt,Droog,Schemer,Droog,Westerdoksdijk,amsterdam,POINT (121344.2650000006 488561.3599999994),POINT (4.892869164011538 52.383879799698256),4.892869164011538,52.383879799698256
332033,20220054851,2022,Letsel,2,fiets,overig vast object,Vast voorwerp,"Kruispunt, 4 takken",Binnen,Unknown,Niet brandend,Overig asfalt,Droog,Daglicht,Droog,FIETSPAD,amsterdam,POINT (122615.05409999937 484486.39350000024),POINT (4.911926364894399 52.347333194246566),4.911926364894399,52.347333194246566
332064,20220015525,2022,Uitsluitend materiele schade,2,personenauto,fiets,Flank,Rotonde,Unknown,50.0,Brandend,Overig asfalt,Droog,Schemer,Droog,Jan Tooropstraat,amsterdam,POINT (117541.6548999995 486995.7435999997),POINT (4.837193323345367 52.36956295951539),4.837193323345367,52.36956295951539
332193,20230066653,2023,Letsel,1,fiets,unknown,Eenzijdig,Unknown,Unknown,30.0,Unknown,Unknown,Unknown,Daglicht,Unknown,Comeniusstraat,amsterdam,POINT (117241.66699999943 485815.01000000164),POINT (4.832921307697086 52.35893088427844),4.832921307697086,52.35893088427844
332368,20230004576,2023,Uitsluitend materiele schade,3,personenauto,fiets,Onbekend,"Kruispunt, 4 takken",Binnen,50.0,Niet brandend,Overig asfalt,Droog,Daglicht,Droog,Willem de Zwijgerlaan,amsterdam,POINT (118807.81300000101 488413.9160999991),POINT (4.855631144357415 52.382393322011445),4.855631144357415,52.382393322011445
332369,20230004584,2023,Letsel,2,fiets,fiets,Flank,"Kruispunt, 4 takken",Binnen,50.0,Niet aanwezig,Klinkers,Droog,Daglicht,Droog,Egelantiersstraat,amsterdam,POINT (120739.51449999958 487804.1490000002),POINT (4.884064135226175 52.377037133375616),4.884064135226175,52.377037133375616
332419,20230004651,2023,Letsel,3,personenauto,bromfiets,Flank,"Kruispunt, 4 takken",Binnen,30.0,Niet brandend,Klinkers,Droog,Daglicht,Droog,Agatha Christiesingel,amsterdam,POINT (124848.45199999958 481749.72190000117),POINT (4.944947508296515 52.322864671297715),4.944947508296515,52.322864671297715
332420,20230004652,2023,Letsel,1,fiets,unknown,Eenzijdig,Rechte weg,Binnen,30.0,Brandend,Overig asfalt,Droog,Duisternis,Droog,Weteringschans,amsterdam,POINT (120914.3909999989 486054.6279999986),POINT (4.886809623000567 52.361324564275286),4.886809623000567,52.361324564275286
332426,20230006125,2023,Uitsluitend materiele schade,2,personenauto,e-bike,Flank,Rotonde,Binnen,50.0,Niet brandend,Overig asfalt,Nat,Daglicht,Regen,Frederik Hendrikstraat,amsterdam,POINT (119960.91800000146 487528.8641999997),POINT (4.872659018722982 52.374513942112),4.872659018722982,52.374513942112
332454,20230004104,2023,Uitsluitend materiele schade,2,personenauto,fiets,Flank,"Kruispunt, 3 takken",Binnen,50.0,Niet brandend,ZOAB,Nat,Daglicht,Regen,Polderweg,amsterdam,POINT (123659.76220000163 485583.5425999984),POINT (4.927155709908057 52.35725424342136),4.927155709908057,52.35725424342136
332737,20210071196,2021,Letsel,2,e-bike,overig vast object,Vast voorwerp,"Kruispunt, 4 takken",Binnen,30.0,Brandend,Klinkers,Droog,Duisternis,Droog,Kloveniersburgwal,amsterdam,POINT (121719.50149999931 487132.36719999835),POINT (4.898521972141425 52.37105990643872),4.898521972141425,52.37105990643872
333065,20210059154,2021,Letsel,3,unknown,bromfiets,Eenzijdig,Rechte weg,Binnen,50.0,Niet brandend,Overig asfalt,Droog,Daglicht,Droog,IJdoornlaan,amsterdam,POINT (125603.09600000083 489759.48999999836),POINT (4.955316138311975 52.39489235771627),4.955316138311975,52.39489235771627
333081,20220177279,2022,Letsel,2,personenauto,snorfiets,Flank,"Kruispunt, 4 takken",Binnen,30.0,Niet brandend,Klinkers,Droog,Daglicht,Droog,Smitstraat,amsterdam,POINT (123299.81340000033 485311.2633999996),POINT (4.921897785404157 52.35478652346042),4.921897785404157,52.35478652346042
333082,20220177983,2022,Letsel,2,bestelauto,fiets,Flank,Rechte weg,Binnen,50.0,Niet brandend,Klinkers,Droog,Daglicht,Droog,Carolina MacGillavrylaan,amsterdam,POINT (125290.56799999997 485236.68499999866),POINT (4.951124527544798 52.354227508780056),4.951124527544798,52.354227508780056
333123,20220177145,2022,Uitsluitend materiele schade,2,bromfiets,personenauto,Flank,"Kruispunt, 4 takken",Binnen,50.0,Brandend,Unknown,Nat,Duisternis,Unknown,Aalbersestraat,amsterdam,POINT (114891.07019999996 488281.24500000104),POINT (4.7981225475254625 52.38092879168106),4.7981225475254625,52.38092879168106
333125,20220177749,2022,Uitsluitend materiele schade,2,fiets,fiets,Frontaal,Rechte weg,Binnen,50.0,Niet brandend,Overig asfalt,Droog,Daglicht,Droog,Weteringschans,amsterdam,POINT (121056.30999999866 485918.3920000009),POINT (4.888906742926325 52.36010895715839),4.888906742926325,52.36010895715839
333147,20220142031,2022,Uitsluitend materiele schade,2,fiets,personenauto,Onbekend,Rechte weg,Binnen,30.0,Brandend,Klinkers,Droog,Duisternis,Droog,Ruysdaelkade,amsterdam,POINT (120923.39699999988 485214.9679999985),POINT (4.887026894670988 52.35377883690529),4.887026894670988,52.35377883690529
333155,20220178076,2022,Uitsluitend materiele schade,2,snorfiets,personenauto,Frontaal,"Kruispunt, 4 takken",Binnen,30.0,Brandend,Klinkers,Droog,Duisternis,Droog,Bernard Loderstraat,amsterdam,POINT (116207.77309999987 488265.8311999999),POINT (4.817461874659344 52.38088488464122),4.817461874659344,52.38088488464122
333156,20220178077,2022,Letsel,2,fiets,fiets,Flank,Rechte weg,Binnen,50.0,Niet brandend,Overig asfalt,Droog,Daglicht,Droog,IJdoornlaan,amsterdam,POINT (122672.85099999979 492046.0480000004),POINT (4.912047143571218 52.41527744787802),4.912047143571218,52.41527744787802
333168,20220123318,2022,Uitsluitend materiele schade,1,bromfiets,unknown,Frontaal,"Kruispunt, 3 takken",Binnen,50.0,Niet brandend,Overig asfalt,Droog,Daglicht,Droog,Hagedoornplein,amsterdam,POINT (122581.80600000173 488923.76199999824),POINT (4.911010566670731 52.38721128601259),4.911010566670731,52.38721128601259
333196,20220177851,2022,Letsel,1,bromfiets,unknown,Eenzijdig,Bocht,Binnen,50.0,Niet brandend,Overig asfalt,Droog,Daglicht,Droog,Amstellandlaan,amsterdam,POINT (130610.54800000042 480305.74599999934),POINT (5.029567431957333 52.3101726198778),5.029567431957333,52.3101726198778
333336,20220142403,2022,Uitsluitend materiele schade,1,fiets,unknown,Voetganger,Unknown,Binnen,30.0,Niet brandend,Klinkers,Droog,Daglicht,Droog,Johannes Vermeerstraat,amsterdam,POINT (120708.56199999899 485370.56500000134),POINT (4.883857796674515 52.35516386981677),4.883857796674515,52.35516386981677
333488,20220155536,2022,Uitsluitend materiele schade,2,vrachtauto,fiets,Onbekend,Rechte weg,Binnen,Unknown,Niet brandend,Klinkers,Droog,Daglicht,Droog,Pazzanistraat,amsterdam,POINT (119995.17500000075 488832.76900000125),POINT (4.873026204686463 52.3862346512206),4.873026204686463,52.3862346512206
333507,20220124095,2022,Letsel,2,personenauto,fiets,Flank,"Kruispunt, 4 takken",Binnen,50.0,Niet brandend,ZOAB,Droog,Daglicht,Droog,Kamerlingh Onneslaan,amsterdam,POINT (123888.46400000155 485191.75499999896),POINT (4.930548991405342 52.35374610504436),4.930548991405342,52.35374610504436
333590,20220155700,2022,Letsel,1,fiets,unknown,Eenzijdig,"Kruispunt, 4 takken",Binnen,50.0,Brandend,Overig asfalt,Droog,Schemer,Droog,Leidsegracht,amsterdam,POINT (120463.27809999883 486506.17130000144),POINT (4.880140919103697 52.3653545394879),4.880140919103697,52.3653545394879
333763,20230040315,2023,Uitsluitend materiele schade,3,personenauto,fiets,Onbekend,"Kruispunt, 4 takken",Binnen,30.0,Niet brandend,Klinkers,Droog,Daglicht,Droog,G.H.Breitnerstraat,amsterdam,POINT (131087.67909999937 480615.7910999991),POINT (5.036541769171069 52.312980104063826),5.036541769171069,52.312980104063826
333774,20230049688,2023,Uitsluitend materiele schade,2,motor,fiets,Flank,"Kruispunt, 4 takken",Binnen,50.0,Niet brandend,Beton,Droog,Daglicht,Droog,Haarlemmerweg,amsterdam,POINT (120122.35000000149 488833.5390000008),POINT (4.874894098563463 52.38624966667618),4.874894098563463,52.38624966667618
333775,20230050252,2023,Letsel,2,fiets,personenauto,Flank,Rechte weg,Binnen,30.0,Niet brandend,Klinkers,Droog,Daglicht,Droog,Nieuwendammerdijk,amsterdam,POINT (125098.75200000033 488759.2809999995),POINT (4.94799577331136 52.38587591715245),4.94799577331136,52.38587591715245
333776,20230050812,2023,Uitsluitend materiele schade,1,bromfiets,unknown,Onbekend,"Kruispunt, 4 takken",Binnen,50.0,Niet brandend,Beton,Nat,Daglicht,Droog,Inaristraat,amsterdam,POINT (113799.81949999928 484806.0084999986),POINT (4.782521998605462 52.34961544193153),4.782521998605462,52.34961544193153
333801,20230049161,2023,Uitsluitend materiele schade,2,bromfiets,bestelauto,Flank,"Kruispunt, 3 takken",Binnen,50.0,Niet brandend,Overig asfalt,Droog,Daglicht,Droog,Distelweg,amsterdam,POINT (121973.48690000176 489685.1283),POINT (4.902000333638882 52.394017625266066),4.902000333638882,52.394017625266066
333823,20230049198,2023,Uitsluitend materiele schade,2,snorfiets,personenauto,Flank,Rechte weg,Binnen,50.0,Niet brandend,Overig asfalt,Droog,Daglicht,Droog,Stadionweg,amsterdam,POINT (120371.27499999851 484462.0460000001),POINT (4.879000619228494 52.346977568990646),4.879000619228494,52.346977568990646
333832,20230059281,2023,Uitsluitend materiele schade,2,vrachtauto,fiets,Flank,"Kruispunt, 4 takken",Binnen,50.0,Niet brandend,Overig asfalt,Nat,Daglicht,Droog,Ceintuurbaan,amsterdam,POINT (121892.76089999825 485313.4937000014),POINT (4.901245052327899 52.35472358513887),4.901245052327899,52.35472358513887
333876,20230048730,2023,Uitsluitend materiele schade,2,personenauto,bromfiets,Onbekend,Rotonde,Binnen,50.0,Niet brandend,Overig asfalt,Droog,Daglicht,Droog,Jan Evertsenstraat,amsterdam,POINT (117525.23759999871 487012.6191999987),POINT (4.836950393016825 52.369713504391285),4.836950393016825,52.369713504391285
333878,20230050440,2023,Uitsluitend materiele schade,2,fiets,personenauto,Onbekend,"Kruispunt, 4 takken",Binnen,50.0,Niet brandend,Overig asfalt,Droog,Daglicht,Droog,Wiltzanghlaan,amsterdam,POINT (118417.83179999888 488359.10550000146),POINT (4.849909499383928 52.38187487807875),4.849909499383928,52.38187487807875
333890,20230040544,2023,Letsel,2,personenauto,fiets,Flank,"Kruispunt, 4 takken",Binnen,50.0,Niet brandend,Klinkers,Droog,Daglicht,Droog,Van Hallstraat,amsterdam,POINT (119830.23200000077 488421.46709999815),POINT (4.870646552368385 52.382527637298985),4.870646552368385,52.382527637298985
333918,20230066475,2023,Uitsluitend materiele schade,3,personenauto,fiets,Los voorwerp,Rechte weg,Binnen,30.0,Niet brandend,Klinkers,Droog,Daglicht,Droog,Keizersgracht,amsterdam,POINT (121186.58199999854 486338.15300000086),POINT (4.890776876864781 52.36388951251385),4.890776876864781,52.36388951251385
333953,20230049461,2023,Letsel,2,fiets,fiets,Frontaal,Rechte weg,Binnen,30.0,Niet brandend,Overig asfalt,Droog,Daglicht,Droog,Weteringschans,amsterdam,POINT (120948.375 485996.38800000027),POINT (4.887314404654525 52.36080325125941),4.887314404654525,52.36080325125941
334005,20220210897,2022,Uitsluitend materiele schade,2,personenauto,fiets,Flank,"Kruispunt, 3 takken",Binnen,50.0,Niet brandend,Overig asfalt,Droog,Daglicht,Droog,Jan Rebelstraat,amsterdam,POINT (113888.32730000094 486145.36989999935),POINT (4.7836572389291225 52.36165916426676),4.7836572389291225,52.36165916426676
334044,20220210928,2022,Uitsluitend materiele schade,1,snorfiets,unknown,Eenzijdig,"Kruispunt, 3 takken",Binnen,50.0,Niet brandend,Overig asfalt,Droog,Daglicht,Droog,0348 BRUG,amsterdam,POINT (118535.84180000052 484917.63219999894),POINT (4.852015933410769 52.3509533308633),4.852015933410769,52.3509533308633
334078,20220211617,2022,Uitsluitend materiele schade,2,personenauto,fiets,Flank,"Kruispunt, 4 takken",Binnen,50.0,Brandend,Beton,Nat,Duisternis,Unknown,Bilderdijkstraat,amsterdam,POINT (119848.20069999993 486911.8055000007),POINT (4.871068374132569 52.368961066075045),4.871068374132569,52.368961066075045
334080,20220212303,2022,Uitsluitend materiele schade,2,personenauto,fiets,Flank,Rechte weg,Binnen,30.0,Niet brandend,Klinkers,Droog,Daglicht,Droog,Faas Wilkesstraat,amsterdam,POINT (126573.19399999827 487237.30999999866),POINT (4.969781510611325 52.372275751964295),4.969781510611325,52.372275751964295
334081,20220212312,2022,Uitsluitend materiele schade,2,snorfiets,fiets,Kop/staart,"Kruispunt, 4 takken",Binnen,50.0,Niet brandend,ZOAB,Droog,Daglicht,Droog,Westeinde,amsterdam,POINT (121762 485657),POINT (4.899291825636309 52.3578028939327),4.899291825636309,52.3578028939327
334180,20220212480,2022,Uitsluitend materiele schade,1,bromfiets,unknown,Onbekend,Rotonde,Binnen,30.0,Niet brandend,Overig asfalt,Nat,Daglicht,Regen,Jan Tooropstraat,amsterdam,POINT (117539.29329999909 486987.0148999989),POINT (4.83715962159661 52.3694843515796),4.83715962159661,52.3694843515796
334213,20220211827,2022,Letsel,2,bromfiets,personenauto,Frontaal,"Kruispunt, 4 takken",Binnen,50.0,Niet brandend,Overig asfalt,Nat,Daglicht,Droog,Albert Neuhuysstraat,amsterdam,POINT (118423.02400000021 485431.09600000083),POINT (4.850304341009408 52.35556047396833),4.850304341009408,52.35556047396833
334266,20220210412,2022,Letsel,2,bromfiets,bestelauto,Eenzijdig,"Kruispunt, 4 takken",Binnen,50.0,Niet brandend,Overig asfalt,Nat,Daglicht,Droog,Rooseveltlaan,amsterdam,POINT (121843.66710000113 484199.4296000004),POINT (4.900634231185206 52.34470815105307),4.900634231185206,52.34470815105307
334294,20220210498,2022,Uitsluitend materiele schade,2,personenauto,fiets,Onbekend,"Kruispunt, 4 takken",Binnen,Unknown,Unknown,Unknown,Droog,Duisternis,Unknown,Wolbrantskerkweg,amsterdam,POINT (114797.875 485680.2529999986),POINT (4.797064923383669 52.357546388616235),4.797064923383669,52.357546388616235
334296,20220211211,2022,Letsel,2,snorfiets,personenauto,Flank,"Kruispunt, 3 takken",Binnen,30.0,Niet aanwezig,Overig asfalt,Nat,Schemer,Regen,Klokkenbergweg,amsterdam,POINT (124399.31210000068 479654.32090000063),POINT (4.938549994020453 52.30400756387569),4.938549994020453,52.30400756387569
334927,20230066866,2023,Letsel,2,personenauto,fiets,Flank,"Kruispunt, 4 takken",Binnen,30.0,Niet brandend,Unknown,Droog,Daglicht,Unknown,Geerdinkhofpad,amsterdam,POINT (127689.1323999986 481537.94680000097),POINT (4.986630151788615 52.321109749451715),4.986630151788615,52.321109749451715
334930,20230068071,2023,Letsel,2,personenauto,bromfiets,Eenzijdig,Rechte weg,Binnen,50.0,Brandend,Overig asfalt,Droog,Duisternis,Droog,Marnixstraat,amsterdam,POINT (120529.14299999923 486397.2989999987),POINT (4.881119063696781 52.36438020993506),4.881119063696781,52.36438020993506
334939,20230020869,2023,Uitsluitend materiele schade,2,personenauto,bromfiets,Flank,Rechte weg,Binnen,50.0,Niet brandend,Overig asfalt,Nat,Daglicht,Droog,Stadhouderskade,amsterdam,POINT (121494.14999999851 485656.6979999989),POINT (4.8953601284988615 52.35778390935079),4.8953601284988615,52.35778390935079
334942,20230023692,2023,Uitsluitend materiele schade,2,fiets,personenauto,Flank,"Kruispunt, 4 takken",Binnen,50.0,Niet brandend,Beton,Droog,Daglicht,Droog,Orteliusstraat,amsterdam,POINT (118271.51700000092 487326.375),POINT (4.847873497579089 52.37258372154524),4.847873497579089,52.37258372154524
334975,20230023139,2023,Uitsluitend materiele schade,1,fiets,unknown,Voetganger,Rechte weg,Binnen,Unknown,Niet brandend,Overig asfalt,Nat,Daglicht,Regen,Burg De Vlugtlaan,amsterdam,POINT (116363.48699999973 488325.0469999984),POINT (4.819741930797337 52.38142804907752),4.819741930797337,52.38142804907752
334976,20230023747,2023,Uitsluitend materiele schade,2,snorfiets,fiets,Flank,"Kruispunt, 4 takken",Binnen,50.0,Niet brandend,Overig asfalt,Droog,Daglicht,Droog,Insulindeweg,amsterdam,POINT (124517 486075),POINT (4.939694332244337 52.36171938135959),4.939694332244337,52.36171938135959
335095,20230067726,2023,Uitsluitend materiele schade,1,bromfiets,unknown,Onbekend,Rotonde,Binnen,50.0,Brandend,ZOAB,Droog,Duisternis,Unknown,Wibautstraat,amsterdam,POINT (123048.55319999903 484617.4569000006),POINT (4.918275700646892 52.3485364833902),4.918275700646892,52.3485364833902
335096,20230068016,2023,Letsel,3,snorfiets,personenauto,Onbekend,Rechte weg,Binnen,50.0,Niet brandend,Overig asfalt,Droog,Daglicht,Droog,Nassaukade,amsterdam,POINT (120259.34699999914 486653.3379999995),POINT (4.877131737955176 52.366664307714544),4.877131737955176,52.366664307714544
335155,20230023945,2023,Uitsluitend materiele schade,2,motor,e-bike,Flank,"Kruispunt, 4 takken",Binnen,50.0,Niet brandend,ZOAB,Droog,Daglicht,Droog,Amstelkade,amsterdam,POINT (121212.56399999931 484569.9079999998),POINT (4.891335915338263 52.34799932893631),4.891335915338263,52.34799932893631
335189,20230024615,2023,Uitsluitend materiele schade,2,personenauto,bromfiets,Kop/staart,"Kruispunt, 4 takken",Binnen,50.0,Niet brandend,ZOAB,Droog,Daglicht,Droog,Stadionweg,amsterdam,POINT (120440.71810000017 484482.7388000004),POINT (4.880017587806736 52.347167913294335),4.880017587806736,52.347167913294335
335219,20230036469,2023,Uitsluitend materiele schade,2,personenauto,fiets,Kop/staart,Rechte weg,Binnen,30.0,Brandend,Klinkers,Droog,Duisternis,Droog,Kloveniersburgwal,amsterdam,POINT (121630.68800000101 486913.31799999997),POINT (4.897239647694738 52.36908585609797),4.897239647694738,52.36908585609797
335239,20230022889,2023,Uitsluitend materiele schade,2,fiets,fiets,Frontaal,Rechte weg,Binnen,50.0,Niet brandend,Overig asfalt,Droog,Daglicht,Droog,Surinamestraat,amsterdam,POINT (118678.45199999958 485704.8759999983),POINT (4.854023955521528 52.3580379561279),4.854023955521528,52.3580379561279
335240,20230023449,2023,Uitsluitend materiele schade,1,bromfiets,unknown,Eenzijdig,Bocht,Binnen,50.0,Brandend,Overig asfalt,Nat,Duisternis,Regen,Buiksloterweg,amsterdam,POINT (122267.14699999988 488579.91099999845),POINT (4.90642217657596 52.38410232673879),4.90642217657596,52.38410232673879
335378,20230020833,2023,Letsel,2,fiets,personenauto,Frontaal,Bocht,Binnen,50.0,Niet brandend,Overig asfalt,Droog,Daglicht,Droog,Van Slingelandtstraat,amsterdam,POINT (119515.1959999986 488389.66000000015),POINT (4.866022987212989 52.38222150624479),4.866022987212989,52.38222150624479
335473,20230087615,2023,Uitsluitend materiele schade,2,personenauto,fiets,Flank,Rotonde,Binnen,50.0,Niet brandend,Overig asfalt,Droog,Daglicht,Droog,Hoofddorpplein,amsterdam,POINT (118377.86030000076 484929.6134000011),POINT (4.849696015783492 52.35105050263897),4.849696015783492,52.35105050263897
335480,20230096969,2023,Uitsluitend materiele schade,1,bromfiets,unknown,Voetganger,Rechte weg,Binnen,50.0,Brandend,Beton,Nat,Duisternis,Droog,Robert Fruinlaan,amsterdam,POINT (117257.77800000086 486378.90900000185),POINT (4.8330945155609975 52.36399988785276),4.8330945155609975,52.36399988785276
335499,20230087042,2023,Uitsluitend materiele schade,1,bromfiets,unknown,Onbekend,Rechte weg,Binnen,50.0,Niet brandend,Overig asfalt,Nat,Daglicht,Droog,Haarlemmerweg,amsterdam,POINT (120128.20450000092 488737.54659999907),POINT (4.874990057091593 52.38538733126303),4.874990057091593,52.38538733126303
335509,20230097026,2023,Uitsluitend materiele schade,5,bromfiets,personenauto,Geparkeerd voertuig,Rechte weg,Binnen,50.0,Brandend,Overig asfalt,Nat,Duisternis,Droog,Ceintuurbaan,amsterdam,POINT (122092.5700000003 485432.48900000006),POINT (4.904166177380998 52.35580503930231),4.904166177380998,52.35580503930231
335612,20230097177,2023,Uitsluitend materiele schade,2,bromfiets,personenauto,Kop/staart,Rechte weg,Binnen,50.0,Niet brandend,Overig asfalt,Nat,Daglicht,Regen,Haarlemmerweg,amsterdam,POINT (120117.6512000002 488745.2670000009),POINT (4.87483424911339 52.38545604589029),4.87483424911339,52.38545604589029
335628,20230087255,2023,Uitsluitend materiele schade,1,fiets,unknown,Voetganger,"Kruispunt, 4 takken",Binnen,50.0,Niet brandend,Unknown,Droog,Daglicht,Unknown,Zeeburgerdijk,amsterdam,POINT (124503.4375 486565.48270000145),POINT (4.939450749687961 52.36612677100302),4.939450749687961,52.36612677100302
335633,20230097218,2023,Uitsluitend materiele schade,2,bestelauto,bromfiets,Geparkeerd voertuig,Rechte weg,Binnen,15.0,Niet brandend,Klinkers,Nat,Daglicht,Droog,Waddendijk,amsterdam,POINT (124019.43299999833 489579.63500000164),POINT (4.9320668387642055 52.39318883432565),4.9320668387642055,52.39318883432565