,accident_id,accident_year,outcome,num_parties,party1_type,party2_type,accident_nature,road_situation,built_up_area,speed_limit_kmh,street_lighting,road_surface,road_condition,light_condition,weather_condition,street_name,municipality,shape,geometry,longitude,latitude
335705,20230097382,2023,Uitsluitend materiele schade,3,bromfiets,fiets,Onbekend,"Kruispunt, 3 takken",Binnen,30.0,Niet brandend,Overig asfalt,Nat,Daglicht,Droog,Emfuleni,amsterdam,POINT (126034.89209999889 481775.6046000011),POINT (4.962347272010165 52.32316105718551),4.962347272010165,52.32316105718551
335763,20210087333,2021,Uitsluitend materiele schade,2,fiets,voetganger,Voetganger,"Kruispunt, 4 takken",Binnen,50.0,Niet brandend,Overig asfalt,Nat,Daglicht,Droog,Tollensstraat,amsterdam,POINT (119739.29529999942 486633.33210000023),POINT (4.8694985796096795 52.36645136806584),4.8694985796096795,52.36645136806584
335764,20210087351,2021,Letsel,2,fiets,scootmobiel,Frontaal,Rechte weg,Binnen,Unknown,Niet brandend,Overig asfalt,Droog,Daglicht,Droog,Holendrechtplein,amsterdam,POINT (126152.36600000039 479126.7529999986),POINT (4.964296933759865 52.2993607492905),4.964296933759865,52.2993607492905
335871,20210082449,2021,Uitsluitend materiele schade,2,bromfiets,personenauto,Flank,Rechte weg,Binnen,30.0,Brandend,Klinkers,Nat,Duisternis,Regen,Bijlmerdreef,amsterdam,POINT (126320.25800000131 481470.01300000027),POINT (4.966558883276908 52.320429521264195),4.966558883276908,52.320429521264195
335892,20210087212,2021,Letsel,2,snorfiets,fiets,Frontaal,Rechte weg,Binnen,50.0,Brandend,Overig asfalt,Droog,Duisternis,Droog,Hobbemastraat,amsterdam,POINT (120605.58100000024 486097.1229999997),POINT (4.882271951793516 52.3616872309657),4.882271951793516,52.3616872309657
335896,20210000536,2021,Dodelijk,2,personenauto,fiets,Kop/staart,Rechte weg,Binnen,30.0,Niet brandend,Overig asfalt,Droog,Daglicht,Droog,Govert Flinckstraat,amsterdam,POINT (121254.9459999986 485325.93400000036),POINT (4.891882074847631 52.35479658690511),4.891882074847631,52.35479658690511
335923,20210080108,2021,Letsel,2,personenauto,fiets,Flank,"Kruispunt, 3 takken",Binnen,50.0,Niet brandend,Overig asfalt,Droog,Daglicht,Droog,Daniël Goedkoopstraat,amsterdam,POINT (123350.73889999837 483053.6209000014),POINT (4.9228575407353565 52.33449918348598),4.9228575407353565,52.33449918348598
336065,20210015908,2021,Uitsluitend materiele schade,2,bromfiets,personenauto,Onbekend,Unknown,Unknown,30.0,Unknown,Unknown,Unknown,Daglicht,Unknown,Herengracht,amsterdam,POINT (121238.41600000113 486482.3599999994),POINT (4.891523364473424 52.365188733089475),4.891523364473424,52.365188733089475
336091,20210023726,2021,Uitsluitend materiele schade,2,motor,fiets,Flank,"Kruispunt, 4 takken",Binnen,50.0,Niet brandend,Unknown,Droog,Daglicht,Droog,Rooseveltlaan,amsterdam,POINT (122032.0791000016 484262.3498999998),POINT (4.903392924255276 52.345284972342476),4.903392924255276,52.345284972342476
336175,20210033615,2021,Uitsluitend materiele schade,2,trein/tram,fiets,Frontaal,Rechte weg,Binnen,50.0,Niet brandend,Overig asfalt,Nat,Daglicht,Droog,Rozengracht,amsterdam,POINT (120404 487360),POINT (4.879182768063894 52.3730244081283),4.879182768063894,52.3730244081283
336203,20210029132,2021,Uitsluitend materiele schade,3,snorfiets,e-bike,Geparkeerd voertuig,Rechte weg,Binnen,30.0,Niet brandend,Klinkers,Droog,Daglicht,Droog,Eerste Oosterparkstraat,amsterdam,POINT (122400.17799999937 485436.0379999988),POINT (4.908680965349282 52.35585527349133),4.908680965349282,52.35585527349133
336271,20210021954,2021,Uitsluitend materiele schade,1,snorfiets,unknown,Flank,"Kruispunt, 3 takken",Binnen,50.0,Niet brandend,Unknown,Droog,Daglicht,Droog,Lorreinenstraat,amsterdam,POINT (118639.55050000176 488117.96130000055),POINT (4.853191920903368 52.37972238935271),4.853191920903368,52.37972238935271
336300,20210018853,2021,Uitsluitend materiele schade,2,fiets,overig vast object,Vast voorwerp,Rechte weg,Binnen,50.0,Niet brandend,Overig asfalt,Droog,Daglicht,Droog,Kinkerstraat,amsterdam,POINT (119328.95199999958 486470.4470000006),POINT (4.863491346588333 52.36496097839189),4.863491346588333,52.36496097839189
336414,20210052586,2021,Uitsluitend materiele schade,2,bestelauto,fiets,Onbekend,"Kruispunt, 3 takken",Binnen,Unknown,Niet brandend,ZOAB,Droog,Daglicht,Droog,Houtmankade,amsterdam,POINT (120873.65480000153 489283.816300001),POINT (4.885883687201126 52.39034364597169),4.885883687201126,52.39034364597169
336456,20210061509,2021,Letsel,2,bromfiets,voetganger,Voetganger,"Kruispunt, 4 takken",Binnen,50.0,Niet brandend,ZOAB,Nat,Daglicht,Regen,Parnassusweg,amsterdam,POINT (119559.9459999986 484400.6409999989),POINT (4.867100662970594 52.346373979939926),4.867100662970594,52.346373979939926
336511,20210053860,2021,Uitsluitend materiele schade,2,bromfiets,personenauto,Flank,"Kruispunt, 4 takken",Binnen,50.0,Niet brandend,Overig asfalt,Droog,Daglicht,Droog,AMSTERDAM-WESTPOORT 3,amsterdam,POINT (115208.60099999979 489528.6319999993),POINT (4.802638113355798 52.39216236159933),4.802638113355798,52.39216236159933
336537,20210050909,2021,Uitsluitend materiele schade,2,bromfiets,fiets,Frontaal,Rechte weg,Binnen,Unknown,Niet brandend,Klinkers,Nat,Daglicht,Droog,Vredenhofpad,amsterdam,POINT (119175.13230000064 488686.7375999987),POINT (4.860996835460396 52.38486932609008),4.860996835460396,52.38486932609008
336540,20210041178,2021,Letsel,1,fiets,unknown,Eenzijdig,Rechte weg,Binnen,Unknown,Niet brandend,Klinkers,Nat,Daglicht,Droog,Wachterliedplantsoen,amsterdam,POINT (118654.16099999845 487874.5170000009),POINT (4.85343282528291 52.377535465725806),4.85343282528291,52.377535465725806
336569,20210049149,2021,Uitsluitend materiele schade,2,bromfiets,personenauto,Flank,"Kruispunt, 4 takken",Binnen,30.0,Niet brandend,ZOAB,Nat,Daglicht,Regen,Velserweg,amsterdam,POINT (118107.78390000015 488846.26520000026),POINT (4.845302408511265 52.38623233901139),4.845302408511265,52.38623233901139
336596,20210038057,2021,Uitsluitend materiele schade,2,snorfiets,personenauto,Onbekend,Unknown,Unknown,30.0,Unknown,Unknown,Unknown,Daglicht,Unknown,Pieter van der Doesstr,amsterdam,POINT (118889.88599999994 487302.3420000002),POINT (4.856955998658381 52.37240874229634),4.856955998658381,52.37240874229634
336598,20210041821,2021,Letsel,2,vrachtauto,fiets,Geparkeerd voertuig,"Kruispunt, 4 takken",Binnen,50.0,Niet brandend,Klinkers,Droog,Daglicht,Droog,E.du Perronstraat,amsterdam,POINT (131239.942400001 480656.59870000184),POINT (5.0387717197659105 52.31335346055864),5.0387717197659105,52.31335346055864
336616,20210068725,2021,Uitsluitend materiele schade,2,bestelauto,fiets,Onbekend,"Kruispunt, 3 takken",Binnen,50.0,Niet aanwezig,Overig asfalt,Droog,Daglicht,Unknown,Europaboulevard,amsterdam,POINT (121256.99599999934 483757.8979999982),POINT (4.892069382377446 52.340704248232534),4.892069382377446,52.340704248232534
336744,20210068298,2021,Uitsluitend materiele schade,2,personenauto,snorfiets,Kop/staart,Rechte weg,Binnen,50.0,Brandend,Klinkers,Droog,Duisternis,Droog,IJdoornlaan,amsterdam,POINT (122672.85099999979 492046.0480000004),POINT (4.912047143571218 52.41527744787802),4.912047143571218,52.41527744787802
336758,20210034477,2021,Letsel,2,bromfiets,personenauto,Kop/staart,Rechte weg,Binnen,50.0,Brandend,Overig asfalt,Droog,Duisternis,Droog,Overtoom,amsterdam,POINT (119154.79899999872 485826.1550000012),POINT (4.861003257412374 52.3591592119065),4.861003257412374,52.3591592119065
336775,20210048761,2021,Uitsluitend materiele schade,2,personenauto,fiets,Flank,"Kruispunt, 4 takken",Binnen,30.0,Niet brandend,Overig asfalt,Droog,Daglicht,Unknown,President Kennedylaan,amsterdam,POINT (121621.47619999945 483722.64389999956),POINT (4.897420963489852 52.34040966158747),4.897420963489852,52.34040966158747
336814,20210066656,2021,Uitsluitend materiele schade,2,snorfiets,personenauto,Flank,"Kruispunt, 4 takken",Binnen,50.0,Niet brandend,Overig asfalt,Droog,Daglicht,Unknown,Pretoriusstraat,amsterdam,POINT (123183.86910000071 485256.69689999893),POINT (4.920201128719136 52.35428941336839),4.920201128719136,52.35428941336839
336829,20210043318,2021,Letsel,3,fiets,e-bike,Onbekend,Rechte weg,Binnen,50.0,Niet brandend,Klinkers,Droog,Daglicht,Droog,Roemer Visscherstraat,amsterdam,POINT (120293.60599999875 486085.09099999815),POINT (4.8776933714640744 52.36155947343072),4.8776933714640744,52.36155947343072
336859,20210040889,2021,Uitsluitend materiele schade,3,personenauto,e-bike,Onbekend,"Kruispunt, 4 takken",Binnen,30.0,Niet brandend,Overig asfalt,Droog,Daglicht,Droog,Haarlemmer Houttuinen,amsterdam,POINT (121253.92760000005 488259.01399999857),POINT (4.891572708430962 52.38115698835864),4.891572708430962,52.38115698835864
337051,20210076898,2021,Uitsluitend materiele schade,2,personenauto,fiets,Onbekend,"Kruispunt, 4 takken",Binnen,Unknown,Niet brandend,Overig asfalt,Nat,Daglicht,Unknown,Tussen de Bogen,amsterdam,POINT (121036 488474),POINT (4.888350366498495 52.38307568651919),4.888350366498495,52.38307568651919
337432,20220080634,2022,Uitsluitend materiele schade,2,personenauto,fiets,Flank,"Kruispunt, 4 takken",Binnen,50.0,Niet brandend,Overig asfalt,Nat,Daglicht,Droog,Pieter Calandlaan,amsterdam,POINT (114269.41519999877 484851.68939999864),POINT (4.789408217470487 52.350060995370285),4.789408217470487,52.350060995370285
337479,20220016642,2022,Uitsluitend materiele schade,2,personenauto,fiets,Frontaal,"Kruispunt, 3 takken",Binnen,30.0,Niet brandend,Klinkers,Nat,Schemer,Regen,Voornestraat,amsterdam,POINT (123864.85720000044 489643.0106999986),POINT (4.929790147708539 52.393749662888936),4.929790147708539,52.393749662888936
337481,20220016696,2022,Uitsluitend materiele schade,2,bromfiets,personenauto,Flank,"Kruispunt, 4 takken",Binnen,30.0,Niet brandend,Klinkers,Droog,Daglicht,Droog,Kleiburg,amsterdam,POINT (127183.52600000054 481302.4120000005),POINT (4.979233938421683 52.31896754857928),4.979233938421683,52.31896754857928
337584,20220055424,2022,Uitsluitend materiele schade,2,snorfiets,bestelauto,Flank,Rechte weg,Binnen,50.0,Niet brandend,ZOAB,Droog,Daglicht,Droog,President Allendelaan,amsterdam,POINT (115376.24599999934 486648.55099999905),POINT (4.805440491418929 52.36629070278436),4.805440491418929,52.36629070278436
337650,20220081240,2022,Letsel,3,snorfiets,personenauto,Flank,"Kruispunt, 4 takken",Binnen,30.0,Brandend,Klinkers,Nat,Duisternis,Droog,Bullewijkpad,amsterdam,POINT (125495.83430000022 479944.67859999835),POINT (4.954600883434115 52.30667703252399),4.954600883434115,52.30667703252399
337674,20220054404,2022,Uitsluitend materiele schade,2,fiets,personenauto,Flank,"Kruispunt, 4 takken",Binnen,Unknown,Niet brandend,Overig asfalt,Droog,Daglicht,Droog,2e Van der Helststraat,amsterdam,POINT (121437.88599999994 485147.28400000185),POINT (4.894585061244837 52.35320220647382),4.894585061244837,52.35320220647382
337735,20220055783,2022,Uitsluitend materiele schade,2,vrachtauto,fiets,Flank,"Kruispunt, 4 takken",Binnen,50.0,Niet brandend,Klinkers,Droog,Daglicht,Droog,Kloveniersburgwal,amsterdam,POINT (121643.75719999894 487005.8709000014),POINT (4.897422353527627 52.369918450841496),4.897422353527627,52.369918450841496
337807,20220015599,2022,Uitsluitend materiele schade,2,personenauto,fiets,Kop/staart,"Kruispunt, 4 takken",Binnen,50.0,Niet brandend,Overig asfalt,Nat,Daglicht,Regen,Celebesstraat,amsterdam,POINT (123974.96489999816 486480.0544000007),POINT (4.931699778388806 52.365329401044896),4.931699778388806,52.365329401044896
337923,20230066626,2023,Uitsluitend materiele schade,2,personenauto,snorfiets,Onbekend,Unknown,Unknown,50.0,Unknown,Unknown,Unknown,Daglicht,Unknown,Henk Sneevlietweg,amsterdam,POINT (117194.06700000167 484336.186999999),POINT (4.832388753968837 52.345637048195094),4.832388753968837,52.345637048195094
338118,20230003956,2023,Uitsluitend materiele schade,2,bestelauto,fiets,Flank,"Kruispunt, 4 takken",Binnen,30.0,Niet brandend,Overig asfalt,Droog,Daglicht,Droog,Van Baerlestraat,amsterdam,POINT (120339.6409999989 485706.6499999985),POINT (4.878408168096689 52.35816121806268),4.878408168096689,52.35816121806268
338180,20230004030,2023,Letsel,1,fiets,unknown,Eenzijdig,Bocht,Binnen,Unknown,Brandend,Overig asfalt,Droog,Duisternis,Droog,Leidseplein,amsterdam,POINT (120479.73999999836 486238.4310000017),POINT (4.880410088080158 52.36294931400216),4.880410088080158,52.36294931400216
338207,20230004080,2023,Uitsluitend materiele schade,2,snorfiets,personenauto,Flank,Rechte weg,Binnen,50.0,Brandend,Beton,Droog,Duisternis,Droog,Elzenhagensingel,amsterdam,POINT (123915.62900000066 490671.7410000004),POINT (4.930440761036788 52.40299803141196),4.930440761036788,52.40299803141196
338727,20210064798,2021,Letsel,2,personenauto,e-bike,Flank,Rechte weg,Binnen,50.0,Niet brandend,Klinkers,Droog,Daglicht,Droog,Baarsjesweg,amsterdam,POINT (119335.94900000095 486909.4519999996),POINT (4.863547501043265 52.368906888352456),4.863547501043265,52.368906888352456
338869,20220141917,2022,Uitsluitend materiele schade,2,fiets,bestelauto,Kop/staart,Rechte weg,Binnen,50.0,Niet brandend,Klinkers,Droog,Daglicht,Droog,Platanenweg,amsterdam,POINT (122850.8350000009 485276.15199999884),POINT (4.915311090867549 52.35444487757215),4.915311090867549,52.35444487757215
338885,20220176202,2022,Letsel,3,bromfiets,bestelauto,Onbekend,Rechte weg,Binnen,50.0,Niet brandend,Overig asfalt,Droog,Daglicht,Droog,Stadhouderskade,amsterdam,POINT (120556.88199999928 486111.79399999976),POINT (4.881555543033918 52.361816032247795),4.881555543033918,52.361816032247795
338960,20220177875,2022,Letsel,2,personenauto,fiets,Flank,Rotonde,Binnen,50.0,Niet brandend,Overig asfalt,Nat,Daglicht,Droog,Nieuwe Purmerweg,amsterdam,POINT (123597.25160000101 490056.00470000133),POINT (4.925820176440674 52.39744611028162),4.925820176440674,52.39744611028162
338998,20220178210,2022,Uitsluitend materiele schade,1,bromfiets,unknown,Voetganger,Rechte weg,Binnen,50.0,Niet aanwezig,Overig asfalt,Nat,Duisternis,Regen,De Ruijterkade,amsterdam,POINT (121488.5549999997 488398.7010000013),POINT (4.895004646066382 52.3824267658551),4.895004646066382,52.3824267658551
339040,20220178280,2022,Uitsluitend materiele schade,2,personenauto,fiets,Onbekend,"Kruispunt, 4 takken",Binnen,50.0,Niet brandend,Unknown,Droog,Daglicht,Droog,Bloemgracht,amsterdam,POINT (120206.20100000128 487469.3680000007),POINT (4.8762669961352305 52.37399483073155),4.8762669961352305,52.37399483073155
339086,20220142395,2022,Uitsluitend materiele schade,2,personenauto,bromfiets,Flank,Rechte weg,Binnen,70.0,Niet brandend,Overig asfalt,Droog,Daglicht,Droog,Zuiderzeeweg,amsterdam,POINT (126090.0390000008 487483.368999999),POINT (4.962665822520275 52.37446195125709),4.962665822520275,52.37446195125709
339121,20220123753,2022,Uitsluitend materiele schade,2,personenauto,fiets,Flank,"Kruispunt, 4 takken",Binnen,50.0,Niet brandend,Beton,Droog,Daglicht,Droog,Marchanthof,amsterdam,POINT (114753.0476000011 488094.0421000011),POINT (4.7961179324743615 52.37923626786012),4.7961179324743615,52.37923626786012
339229,20220141391,2022,Uitsluitend materiele schade,2,personenauto,fiets,Frontaal,Bocht,Binnen,30.0,Niet brandend,Klinkers,Droog,Daglicht,Droog,Binnenhofstraat,amsterdam,POINT (122977.12900000066 490236.4600000009),POINT (4.916692114015818 52.39903207363585),4.916692114015818,52.39903207363585
339240,20220155528,2022,Uitsluitend materiele schade,2,snorfiets,scootmobiel,Geparkeerd voertuig,Rechte weg,Binnen,50.0,Niet brandend,Klinkers,Droog,Daglicht,Droog,Singel,amsterdam,POINT (121275.63300000131 487751.0549999997),POINT (4.891942470423343 52.37659315318789),4.891942470423343,52.37659315318789
339334,20220124128,2022,Letsel,2,bestelauto,fiets,Flank,Rotonde,Binnen,50.0,Niet brandend,Overig asfalt,Nat,Daglicht,Droog,Vrije Geer,amsterdam,POINT (114876.7613000013 484572.8852000013),POINT (4.798354923763146 52.34760000544428),4.798354923763146,52.34760000544428
339335,20220124139,2022,Letsel,2,snorfiets,e-bike,Frontaal,"Kruispunt, 3 takken",Binnen,Unknown,Brandend,ZOAB,Droog,Duisternis,Droog,Jacques Veltmanstraat,amsterdam,POINT (117200.3013000004 485518.8632000014),POINT (4.832347377606448 52.35626649494224),4.832347377606448,52.35626649494224
339392,20220124205,2022,Letsel,2,fiets,fiets,Onbekend,Rotonde,Binnen,50.0,Niet brandend,Overig asfalt,Droog,Daglicht,Droog,Cornelis Krusemanstraat,amsterdam,POINT (119138.4886999987 484898.21460000053),POINT (4.860862754435052 52.35081848127323),4.860862754435052,52.35081848127323
339406,20220141844,2022,Uitsluitend materiele schade,2,personenauto,fiets,Flank,Rechte weg,Binnen,30.0,Brandend,Klinkers,Droog,Duisternis,Droog,Maasstraat,amsterdam,POINT (121503.21400000155 484120.11199999973),POINT (4.895646142356333 52.34397465176446),4.895646142356333,52.34397465176446
339516,20230060037,2023,Letsel,1,bromfiets,unknown,Eenzijdig,Rechte weg,Binnen,30.0,Niet brandend,Klinkers,Nat,Daglicht,Regen,Erich Salomonstraat,amsterdam,POINT (128661.54600000009 485312.12999999896),POINT (5.000597218803594 52.35507749059886),5.000597218803594,52.35507749059886
339588,20230050304,2023,Uitsluitend materiele schade,2,bromfiets,personenauto,Onbekend,"Kruispunt, 4 takken",Binnen,30.0,Brandend,Klinkers,Nat,Schemer,Regen,Emmikhovenstraat,amsterdam,POINT (114584.9813000001 485658.88010000065),POINT (4.793942519629121 52.35733868520342),4.793942519629121,52.35733868520342
339613,20230059334,2023,Uitsluitend materiele schade,2,personenauto,fiets,Frontaal,"Kruispunt, 4 takken",Binnen,50.0,Niet brandend,Overig asfalt,Droog,Daglicht,Droog,Schinkelhavenstraat,amsterdam,POINT (118766.8740000017 485347.8289999999),POINT (4.855360347144712 52.35483491467672),4.855360347144712,52.35483491467672
339621,20230039334,2023,Uitsluitend materiele schade,2,personenauto,bromfiets,Flank,Rechte weg,Binnen,30.0,Niet brandend,Overig asfalt,Droog,Daglicht,Droog,Jan Pieter Heijestraat,amsterdam,POINT (119408.06899999827 486101.52800000086),POINT (4.864691923542854 52.361650534065205),4.864691923542854,52.361650534065205
339725,20230049982,2023,Letsel,2,fiets,fiets,Onbekend,Rechte weg,Binnen,30.0,Unknown,Klinkers,Nat,Daglicht,Regen,Spuistraat,amsterdam,POINT (121070.5859999992 487018.6950000003),POINT (4.889005278468938 52.369998592674236),4.889005278468938,52.369998592674236
339792,20220210873,2022,Uitsluitend materiele schade,2,bromfiets,fiets,Frontaal,Rechte weg,Binnen,50.0,Niet brandend,Overig asfalt,Droog,Daglicht,Droog,Pampuslaan,amsterdam,POINT (128924.25699999928 484872.6099999994),POINT (5.00448738072681 52.35113986307763),5.00448738072681,52.35113986307763
339794,20220211549,2022,Uitsluitend materiele schade,2,snorfiets,fiets,Frontaal,Rechte weg,Binnen,50.0,Brandend,Beton,Droog,Duisternis,Droog,Sint Jorissteeg,amsterdam,POINT (121312.69700000063 486757.97199999914),POINT (4.892586289352314 52.367670302138905),4.892586289352314,52.367670302138905
339830,20220210939,2022,Uitsluitend materiele schade,2,bromfiets,fiets,Flank,"Kruispunt, 4 takken",Binnen,50.0,Niet brandend,ZOAB,Droog,Daglicht,Droog,Stadhouderskade,amsterdam,POINT (120992.2675999999 485836.81060000136),POINT (4.887974875841722 52.35937179902555),4.887974875841722,52.35937179902555
339898,20220211005,2022,Letsel,2,personenauto,e-bike,Flank,"Kruispunt, 4 takken",Binnen,50.0,Unknown,Overig asfalt,Droog,Daglicht,Unknown,Wijttenbachstraat,amsterdam,POINT (123541.40230000019 485893.1953999996),POINT (4.925389378399312 52.36003043726986),4.925389378399312,52.36003043726986
339938,20220211733,2022,Uitsluitend materiele schade,2,personenauto,fiets,Flank,"Kruispunt, 3 takken",Binnen,50.0,Brandend,ZOAB,Nat,Duisternis,Regen,Rooseveltlaan,amsterdam,POINT (121555.38690000027 484030.46269999817),POINT (4.896420648585464 52.343172119701975),4.896420648585464,52.343172119701975
339939,20220211745,2022,Letsel,1,fiets,unknown,Eenzijdig,Rechte weg,Binnen,50.0,Brandend,ZOAB,Nat,Duisternis,Regen,Marnixstraat,amsterdam,POINT (120316.61699999869 486883.66000000015),POINT (4.877948799779006 52.36873789625751),4.877948799779006,52.36873789625751
339975,20220210209,2022,Uitsluitend materiele schade,2,bromfiets,fiets,Frontaal,Rechte weg,Binnen,50.0,Niet brandend,Overig asfalt,Droog,Daglicht,Droog,Westerdokskade,amsterdam,POINT (121303.98800000176 488438.05000000075),POINT (4.892289966032308 52.38276910859094),4.892289966032308,52.38276910859094
340003,20220211819,2022,Letsel,1,bromfiets,unknown,Eenzijdig,Rechte weg,Binnen,50.0,Niet brandend,Klinkers,Sneeuw/ijzel,Daglicht,Unknown,Dirk Sonoystraat,amsterdam,POINT (115385.45399999991 487915.6030000001),POINT (4.805426337900813 52.37767860074573),4.805426337900813,52.37767860074573
340034,20220210464,2022,Uitsluitend materiele schade,1,snorfiets,unknown,Flank,Rechte weg,Binnen,30.0,Niet brandend,ZOAB,Droog,Daglicht,Droog,Utrechtsestraat,amsterdam,POINT (121657.91600000113 486526.4270000011),POINT (4.89767779417383 52.3656104021041),4.89767779417383,52.3656104021041
340069,20220210520,2022,Letsel,2,bromfiets,personenauto,Flank,Rotonde,Binnen,30.0,Brandend,ZOAB,Droog,Duisternis,Droog,Oostoever,amsterdam,POINT (116848.433699999 486574.14460000023),POINT (4.827062876782872 52.365726234250566),4.827062876782872,52.365726234250566
340333,20220212190,2022,Uitsluitend materiele schade,2,personenauto,fiets,Flank,"Kruispunt, 4 takken",Binnen,50.0,Brandend,Overig asfalt,Nat,Duisternis,Droog,Stadhouderskade,amsterdam,POINT (121703.57899999991 485634.44299999997),POINT (4.898436505727996 52.35759662924934),4.898436505727996,52.35759662924934
340673,20230111232,2023,Uitsluitend materiele schade,2,bestelauto,fiets,Flank,"Kruispunt, 3 takken",Binnen,30.0,Brandend,ZOAB,Droog,Duisternis,Droog,Johan Jongkindstraat,amsterdam,POINT (117551.54520000145 485855.1576000005),POINT (4.837465571062538 52.3593129124571),4.837465571062538,52.3593129124571
340674,20230111240,2023,Uitsluitend materiele schade,2,personenauto,fiets,Flank,Rotonde,Binnen,50.0,Niet brandend,Overig asfalt,Nat,Daglicht,Regen,Delflandlaan,amsterdam,POINT (117764 485513),POINT (4.840622123194348 52.35625229606922),4.840622123194348,52.35625229606922
340685,20230111303,2023,Uitsluitend materiele schade,2,fiets,personenauto,Flank,"Kruispunt, 4 takken",Binnen,50.0,Brandend,Beton,Droog,Duisternis,Droog,Mauritskade,amsterdam,POINT (123194.3033999987 486216.2890000008),POINT (4.920263542320992 52.36291420335485),4.920263542320992,52.36291420335485
340686,20230111334,2023,Uitsluitend materiele schade,2,bromfiets,personenauto,Kop/staart,Rechte weg,Binnen,30.0,Brandend,Klinkers,Droog,Duisternis,Droog,Keizersgracht,amsterdam,POINT (120982.43400000036 486458.7670000009),POINT (4.887767610458204 52.36496090157898),4.887767610458204,52.36496090157898
340746,20230020879,2023,Uitsluitend materiele schade,2,personenauto,fiets,Kop/staart,Rechte weg,Binnen,50.0,Niet brandend,Klinkers,Nat,Daglicht,Regen,Kruitberghof,amsterdam,POINT (127051.06100000069 481014.75400000066),POINT (4.977315039201906 52.31637551481491),4.977315039201906,52.31637551481491
340755,20230066886,2023,Letsel,1,bromfiets,unknown,Eenzijdig,Rechte weg,Binnen,50.0,Niet brandend,ZOAB,Droog,Daglicht,Droog,Slotermeerlaan,amsterdam,POINT (116436.60700000077 488215.61400000006),POINT (4.82082837070203 52.38044969507641),4.82082837070203,52.38044969507641
340756,20230066989,2023,Uitsluitend materiele schade,3,personenauto,fiets,Onbekend,"Kruispunt, 4 takken",Buiten,50.0,Niet brandend,ZOAB,Droog,Daglicht,Droog,Gillis van Ledenberchstr,amsterdam,POINT (119859.57330000028 487600.5192000009),POINT (4.871163347455637 52.37515144812477),4.871163347455637,52.37515144812477
340844,20230020988,2023,Uitsluitend materiele schade,2,bromfiets,personenauto,Flank,"Kruispunt, 3 takken",Binnen,50.0,Niet brandend,Overig asfalt,Nat,Daglicht,Regen,Stadhouderskade,amsterdam,POINT (120361.65069999918 486331.76419999823),POINT (4.878666862540349 52.36378069271043),4.878666862540349,52.36378069271043
340881,20230068018,2023,Letsel,3,motor,fiets,Onbekend,Rechte weg,Binnen,50.0,Niet brandend,Klinkers,Droog,Daglicht,Droog,C.J.van Houtenlaan,amsterdam,POINT (131116.16600000113 479606.9849999994),POINT (5.037030946275575 52.303914655666716),5.037030946275575,52.303914655666716
340886,20230078229,2023,Uitsluitend materiele schade,2,personenauto,fiets,Flank,"Kruispunt, 3 takken",Binnen,50.0,Niet brandend,Overig asfalt,Droog,Daglicht,Droog,Hobbemakade,amsterdam,POINT (120838.29670000076 484795.5667000003),POINT (4.885820417873746 52.350004258439235),4.885820417873746,52.350004258439235
340920,20230024584,2023,Letsel,2,bromfiets,fiets,Flank,"Kruispunt, 4 takken",Binnen,50.0,Niet brandend,Overig asfalt,Droog,Daglicht,Droog,Druivenstraat,amsterdam,POINT (121739.41369999945 491743.249400001),POINT (4.898357610473623 52.41250031810407),4.898357610473623,52.41250031810407
340932,20230078967,2023,Uitsluitend materiele schade,2,personenauto,fiets,Flank,Rechte weg,Binnen,50.0,Niet brandend,Overig asfalt,Droog,Daglicht,Droog,Jan van Galenstraat,amsterdam,POINT (119617.42599999905 487681.73600000143),POINT (4.86759897653225 52.37586581429295),4.86759897653225,52.37586581429295
340944,20230020570,2023,Uitsluitend materiele schade,2,personenauto,fiets,Onbekend,Rotonde,Binnen,50.0,Brandend,ZOAB,Nat,Duisternis,Droog,Hoofddorpplein,amsterdam,POINT (118414.31500000134 484990.2659999989),POINT (4.850224448945632 52.35159803304186),4.850224448945632,52.35159803304186
340959,20230079085,2023,Uitsluitend materiele schade,2,personenauto,fiets,Flank,"Kruispunt, 4 takken",Binnen,50.0,Niet brandend,Overig asfalt,Droog,Daglicht,Droog,Van Woustraat,amsterdam,POINT (122053.47250000015 484839.38379999995),POINT (4.903650376089083 52.350472259344656),4.903650376089083,52.350472259344656
340986,20230036486,2023,Letsel,2,fiets,voetganger,Voetganger,Rechte weg,Binnen,30.0,Niet brandend,Overig asfalt,Droog,Daglicht,Droog,Haarlemmerdijk,amsterdam,POINT (120785.18499999866 488589.2109999992),POINT (4.884654864476022 52.384095543167824),4.884654864476022,52.384095543167824
341006,20230024701,2023,Uitsluitend materiele schade,2,snorfiets,fiets,Kop/staart,Rechte weg,Binnen,50.0,Brandend,Overig asfalt,Droog,Duisternis,Droog,Herengracht,amsterdam,POINT (120931.4290000014 487407.6079999991),POINT (4.88692263617295 52.37348525002424),4.88692263617295,52.37348525002424