,accident_id,accident_year,outcome,num_parties,party1_type,party2_type,accident_nature,road_situation,built_up_area,speed_limit_kmh,street_lighting,road_surface,road_condition,light_condition,weather_condition,street_name,municipality,shape,geometry,longitude,latitude
341044,20230077878,2023,Uitsluitend materiele schade,2,bromfiets,personenauto,Flank,Rotonde,Binnen,50.0,Niet brandend,Overig asfalt,Droog,Duisternis,Droog,Ookmeerweg,amsterdam,POINT (113663.10460000113 485885.8748999983),POINT (4.780382891674798 52.359310134193564),4.780382891674798,52.359310134193564
341131,20230020229,2023,Letsel,2,personenauto,fiets,Flank,Rechte weg,Binnen,50.0,Brandend,Overig asfalt,Nat,Duisternis,Regen,De Clercqstraat,amsterdam,POINT (120050.29800000042 487227.6779999994),POINT (4.874002824001063 52.371812796976386),4.874002824001063,52.371812796976386
341214,20230088170,2023,Uitsluitend materiele schade,2,bromfiets,fiets,Frontaal,Rechte weg,Buiten,30.0,Niet brandend,ZOAB,Nat,Daglicht,Droog,Buiksloterweg,amsterdam,POINT (122141.38899999857 488441.8269999996),POINT (4.904588604850377 52.382853813739274),4.904588604850377,52.382853813739274
341248,20230087612,2023,Uitsluitend materiele schade,1,bromfiets,unknown,Flank,Rechte weg,Binnen,50.0,Niet brandend,Overig asfalt,Droog,Daglicht,Droog,Hoofddorpweg,amsterdam,POINT (118485.02600000054 484924.81799999997),POINT (4.8512693559788085 52.3510145371062),4.8512693559788085,52.3510145371062
341344,20230097692,2023,Uitsluitend materiele schade,2,personenauto,fiets,Flank,"Kruispunt, 4 takken",Binnen,30.0,Brandend,Overig asfalt,Nat,Duisternis,Regen,Burgemeester Röellstraat,amsterdam,POINT (115860.79809999838 487759.8322999999),POINT (4.812425032057044 52.37631275195769),4.812425032057044,52.37631275195769
341464,20230087430,2023,Letsel,2,bestelauto,fiets,Eenzijdig,Rotonde,Binnen,50.0,Niet brandend,Overig asfalt,Nat,Daglicht,Regen,Mauritskade,amsterdam,POINT (123191.05939999968 486226.67639999837),POINT (4.920214935994748 52.36300737058467),4.920214935994748,52.36300737058467
341549,20210078634,2021,Letsel,1,bromfiets,unknown,Eenzijdig,"Kruispunt, 4 takken",Binnen,50.0,Niet brandend,ZOAB,Droog,Daglicht,Droog,Middenweg,amsterdam,POINT (123997.51550000161 485089.59120000154),POINT (4.932159015183171 52.352834085336674),4.932159015183171,52.352834085336674
341594,20210081701,2021,Uitsluitend materiele schade,2,snorfiets,personenauto,Flank,Rotonde,Binnen,50.0,Niet brandend,Overig asfalt,Nat,Daglicht,Unknown,Baden Powellweg,amsterdam,POINT (114250.70630000159 485956.58089999855),POINT (4.788999803315931 52.35998948530024),4.788999803315931,52.35998948530024
341621,20210083682,2021,Letsel,2,personenauto,bromfiets,Frontaal,Rechte weg,Binnen,50.0,Niet brandend,Overig asfalt,Nat,Daglicht,Droog,De Lairessestraat,amsterdam,POINT (119995.83900000155 485251.4670000002),POINT (4.8734088919797545 52.354048553887445),4.8734088919797545,52.354048553887445
341700,20210077858,2021,Uitsluitend materiele schade,2,fiets,personenauto,Flank,"Kruispunt, 4 takken",Binnen,50.0,Niet brandend,ZOAB,Droog,Daglicht,Droog,Stadionplein,amsterdam,POINT (118938.87200000137 484263.20899999887),POINT (4.85800113246646 52.3450984340605),4.85800113246646,52.3450984340605
341871,20210033251,2021,Uitsluitend materiele schade,2,fiets,overig vast object,Vast voorwerp,Rechte weg,Binnen,50.0,Brandend,Overig asfalt,Droog,Duisternis,Droog,Damrak,amsterdam,POINT (121720.44200000167 487832.92599999905),POINT (4.89846641063574 52.37735609140127),4.89846641063574,52.37735609140127
341919,20210021726,2021,Letsel,2,bromfiets,snorfiets,Onbekend,Bocht,Binnen,50.0,Niet brandend,Overig asfalt,Droog,Daglicht,Unknown,Meibergdreef,amsterdam,POINT (125895.5 479008.5),POINT (4.960541570948377 52.29828442729184),4.960541570948377,52.29828442729184
341931,20210002178,2021,Uitsluitend materiele schade,2,fiets,snorfiets,Kop/staart,Rechte weg,Binnen,50.0,Niet brandend,Overig asfalt,Droog,Schemer,Droog,Socratesstraat,amsterdam,POINT (115947 487562.5),POINT (4.8137138232067445 52.37454542681679),4.8137138232067445,52.37454542681679
341944,20210021125,2021,Uitsluitend materiele schade,2,e-bike,personenauto,Flank,"Kruispunt, 4 takken",Binnen,50.0,Niet brandend,Overig asfalt,Droog,Daglicht,Droog,Hendrik Jacobszstraat,amsterdam,POINT (119143.3702000007 484892.7831999995),POINT (4.860934976385988 52.35076998625011),4.860934976385988,52.35076998625011
341972,20210016046,2021,Uitsluitend materiele schade,2,bromfiets,bestelauto,Flank,"Kruispunt, 4 takken",Binnen,50.0,Niet brandend,Overig asfalt,Nat,Daglicht,Droog,Waddenweg,amsterdam,POINT (123654.69299999997 489472.6138000004),POINT (4.926718575246499 52.392206293545534),4.926718575246499,52.392206293545534
341995,20210000924,2021,Uitsluitend materiele schade,2,personenauto,fiets,Onbekend,Unknown,Unknown,50.0,Unknown,Unknown,Unknown,Duisternis,Unknown,Aalsmeerweg,amsterdam,POINT (118303.11800000072 484701.3440000005),POINT (4.848623953480875 52.34899399480869),4.848623953480875,52.34899399480869
342042,20210009032,2021,Uitsluitend materiele schade,2,bromfiets,fiets,Flank,"Kruispunt, 4 takken",Binnen,30.0,Niet brandend,Overig asfalt,Droog,Schemer,Droog,Weteringschans,amsterdam,POINT (120905.13500000164 486036.555399999),POINT (4.88667557724422 52.361161565897014),4.88667557724422,52.361161565897014
342095,20210007759,2021,Uitsluitend materiele schade,2,personenauto,bromfiets,Onbekend,Unknown,Unknown,50.0,Unknown,Unknown,Unknown,Duisternis,Unknown,De Savornin Lohmanstraat,amsterdam,POINT (115431.02499999851 487591.7120000012),POINT (4.80613369891197 52.374771020083),4.80613369891197,52.374771020083
342132,20210013132,2021,Uitsluitend materiele schade,2,bromfiets,personenauto,Onbekend,Unknown,Unknown,30.0,Unknown,Unknown,Unknown,Daglicht,Unknown,Pieter Calandlaan,amsterdam,POINT (116064.02800000086 485398.4699999988),POINT (4.815682888009712 52.35510513860626),4.815682888009712,52.35510513860626
342257,20210054762,2021,Uitsluitend materiele schade,2,bromfiets,fiets,Flank,"Kruispunt, 4 takken",Binnen,Unknown,Niet brandend,Overig asfalt,Droog,Daglicht,Droog,Beukenweg,amsterdam,POINT (122997 485674),POINT (4.917418617593776 52.358029008579194),4.917418617593776,52.358029008579194
342307,20210055031,2021,Uitsluitend materiele schade,1,bromfiets,unknown,Eenzijdig,Rechte weg,Binnen,50.0,Niet brandend,Overig asfalt,Nat,Daglicht,Droog,Wolbrantskerkweg,amsterdam,POINT (114889.80600000173 485393.9780000001),POINT (4.79844847449913 52.35498029588141),4.79844847449913,52.35498029588141
342338,20210050908,2021,Uitsluitend materiele schade,3,bromfiets,bromfiets,Onbekend,Rechte weg,Binnen,50.0,Niet brandend,Beton,Nat,Daglicht,Unknown,ODEBRUG,amsterdam,POINT (122061.23000000045 487738.6799999997),POINT (4.903480231517711 52.37652962450195),4.903480231517711,52.37652962450195
342344,20210056982,2021,Letsel,2,personenauto,fiets,Flank,"Kruispunt, 4 takken",Binnen,50.0,Brandend,ZOAB,Nat,Duisternis,Droog,Klaprozenweg,amsterdam,POINT (121530.23620000109 490758.1966000013),POINT (4.895381608913028 52.4036346999422),4.895381608913028,52.4036346999422
342371,20210055876,2021,Uitsluitend materiele schade,1,bromfiets,unknown,Voetganger,Rechte weg,Binnen,50.0,Brandend,Overig asfalt,Nat,Duisternis,Droog,Theemsweg,amsterdam,POINT (115360.35300000012 489212.4219999984),POINT (4.804904686322511 52.389331516134156),4.804904686322511,52.389331516134156
342426,20210046797,2021,Uitsluitend materiele schade,2,personenauto,fiets,Flank,Rechte weg,Binnen,50.0,Niet brandend,ZOAB,Droog,Daglicht,Droog,Marathonweg,amsterdam,POINT (119416.99799999967 484449.2109999992),POINT (4.8649977654967875 52.34680125628139),4.8649977654967875,52.34680125628139
342434,20210062135,2021,Uitsluitend materiele schade,2,snorfiets,personenauto,Onbekend,Rechte weg,Binnen,50.0,Brandend,Overig asfalt,Droog,Duisternis,Droog,Orteliusstraat,amsterdam,POINT (118499.55070000142 486406.0683000013),POINT (4.851321788296711 52.36432789916171),4.851321788296711,52.36432789916171
342471,20210072165,2021,Uitsluitend materiele schade,2,bromfiets,snorfiets,Flank,"Kruispunt, 4 takken",Binnen,30.0,Niet brandend,Klinkers,Droog,Daglicht,Unknown,Gerrit van der Veenstr,amsterdam,POINT (119831.31399999931 484668.565200001),POINT (4.871054993552794 52.34879933136592),4.871054993552794,52.34879933136592
342511,20210064496,2021,Uitsluitend materiele schade,2,snorfiets,personenauto,Flank,"Kruispunt, 4 takken",Binnen,30.0,Brandend,Klinkers,Nat,Duisternis,Regen,Gravestein,amsterdam,POINT (126567.90190000087 481694.2164000012),POINT (4.970172064633702 52.322457397952434),4.970172064633702,52.322457397952434
342528,20210045066,2021,Letsel,2,bromfiets,fiets,Flank,"Kruispunt, 4 takken",Binnen,30.0,Niet aanwezig,Klinkers,Droog,Daglicht,Droog,Willem Schoutenstraat,amsterdam,POINT (118401.32110000029 486674.3940999992),POINT (4.849850480065191 52.36673287488766),4.849850480065191,52.36673287488766
342532,20210050536,2021,Uitsluitend materiele schade,2,bromfiets,bestelauto,Flank,"Kruispunt, 4 takken",Binnen,50.0,Niet brandend,Klinkers,Droog,Daglicht,Droog,Herengracht,amsterdam,POINT (120909.53880000114 487052.05000000075),POINT (4.886637262237511 52.37028839032029),4.886637262237511,52.37028839032029
342534,20210053535,2021,Letsel,1,fiets,unknown,Eenzijdig,"Kruispunt, 4 takken",Binnen,50.0,Niet aanwezig,ZOAB,Droog,Daglicht,Droog,Marnixstraat,amsterdam,POINT (120311.53299999982 486895.756000001),POINT (4.877872906173016 52.368846285318305),4.877872906173016,52.368846285318305
342547,20210034476,2021,Letsel,2,fiets,overig wegmeubilair,Vast voorwerp,Rechte weg,Binnen,50.0,Brandend,Overig asfalt,Droog,Duisternis,Droog,Linnaeusstraat,amsterdam,POINT (123698.14699999988 485452.73099999875),POINT (4.927731321566051 52.3560807811918),4.927731321566051,52.3560807811918
342609,20210067150,2021,Uitsluitend materiele schade,2,snorfiets,personenauto,Onbekend,"Kruispunt, 3 takken",Binnen,50.0,Brandend,Overig asfalt,Nat,Duisternis,Regen,Cornelis Lelylaan,amsterdam,POINT (116881.5207999982 485729.05409999937),POINT (4.827644433021292 52.35813350576288),4.827644433021292,52.35813350576288
343165,20210092048,2021,Letsel,2,bromfiets,unknown,Eenzijdig,"Kruispunt, 3 takken",Binnen,50.0,Brandend,Overig asfalt,Nat,Duisternis,Droog,Socratesstraat,amsterdam,POINT (115939 487564),POINT (4.813596175075449 52.37455833856156),4.813596175075449,52.37455833856156
343308,20220080838,2022,Uitsluitend materiele schade,1,snorfiets,unknown,Flank,Rechte weg,Binnen,15.0,Niet aanwezig,ZOAB,Droog,Daglicht,Droog,Johannes Verhulststraat,amsterdam,POINT (120225.62700000033 485433.01999999955),POINT (4.876762852866174 52.35569481769866),4.876762852866174,52.35569481769866
343335,20220055328,2022,Uitsluitend materiele schade,2,personenauto,fiets,Onbekend,Rotonde,Binnen,50.0,Niet brandend,Overig asfalt,Droog,Daglicht,Droog,Slotermeerlaan,amsterdam,POINT (116315.97419999912 487736.88390000165),POINT (4.819111852052468 52.37613876824421),4.819111852052468,52.37613876824421
343372,20220081038,2022,Uitsluitend materiele schade,2,fiets,snorfiets,Flank,Rechte weg,Binnen,30.0,Brandend,Overig asfalt,Droog,Duisternis,Droog,Postjeskade,amsterdam,POINT (118724.5309999995 486319.6550000012),POINT (4.854634028926733 52.363566184776964),4.854634028926733,52.363566184776964
343421,20220054142,2022,Uitsluitend materiele schade,2,snorfiets,personenauto,Flank,"Kruispunt, 4 takken",Binnen,30.0,Niet brandend,Klinkers,Nat,Daglicht,Unknown,ks. Ibisweg,amsterdam,POINT (121235 490788),POINT (4.891040404827153 52.403884459938766),4.891040404827153,52.403884459938766
343526,20220055754,2022,Letsel,2,personenauto,e-bike,Flank,"Kruispunt, 4 takken",Binnen,30.0,Niet brandend,Overig asfalt,Droog,Schemer,Droog,FIETSPAD,amsterdam,POINT (124008.23900000006 487194.44200000167),POINT (4.932122432068947 52.37175172357278),4.932122432068947,52.37175172357278
343527,20220055757,2022,Letsel,3,bestelauto,fiets,Flank,Rotonde,Binnen,50.0,Niet brandend,Overig asfalt,Droog,Daglicht,Droog,Plesmanlaan,amsterdam,POINT (114849.30319999903 484592.34650000185),POINT (4.797949646739081 52.347772902900175),4.797949646739081,52.347772902900175
343528,20220055758,2022,Letsel,2,motor,fiets,Flank,"Kruispunt, 3 takken",Binnen,50.0,Niet brandend,Overig asfalt,Droog,Daglicht,Droog,Donker Curtiusstraat,amsterdam,POINT (119912.66120000184 488070.55959999934),POINT (4.871893837250116 52.379379217741054),4.871893837250116,52.379379217741054
343529,20220055767,2022,Uitsluitend materiele schade,2,snorfiets,fiets,Frontaal,"Kruispunt, 3 takken",Binnen,30.0,Brandend,Overig asfalt,Droog,Duisternis,Droog,NESCIOBRUG,amsterdam,POINT (126904.40900000185 485513.8669999987),POINT (4.974788986941335 52.35680354531181),4.974788986941335,52.35680354531181
343577,20220102539,2022,Letsel,2,snorfiets,bestelauto,Flank,"Kruispunt, 3 takken",Binnen,50.0,Niet brandend,Overig asfalt,Droog,Daglicht,Droog,Jan Tooropstraat,amsterdam,POINT (117499.28200000152 485857.118999999),POINT (4.836698168957659 52.35932697477469),4.836698168957659,52.35932697477469
343622,20220054848,2022,Uitsluitend materiele schade,2,personenauto,fiets,Flank,"Kruispunt, 4 takken",Binnen,50.0,Brandend,Beton,Droog,Duisternis,Droog,Mauritskade,amsterdam,POINT (122384.98629999906 485898.7857000008),POINT (4.908413109030367 52.360013240181104),4.908413109030367,52.360013240181104
343640,20220102712,2022,Letsel,2,personenauto,snorfiets,Kop/staart,Rotonde,Binnen,50.0,Niet brandend,ZOAB,Droog,Daglicht,Droog,Baden Powellweg,amsterdam,POINT (114840.02789999917 484599.5976999998),POINT (4.797812663312513 52.34783739325024),4.797812663312513,52.34783739325024
343669,20220103272,2022,Letsel,2,personenauto,fiets,Flank,"Kruispunt, 4 takken",Binnen,Unknown,Brandend,Overig asfalt,Droog,Duisternis,Droog,Jan Evertsenstraat,amsterdam,POINT (118420.67830000073 487039.9585000016),POINT (4.8500948993862725 52.37001958292417),4.8500948993862725,52.37001958292417
344395,20210061863,2021,Letsel,7,personenauto,snorfiets,Vast voorwerp,Rechte weg,Binnen,50.0,Niet brandend,Overig asfalt,Droog,Daglicht,Droog,Willemsparkweg,amsterdam,POINT (119945.97399999946 485529.3029999994),POINT (4.872648044659566 52.356542370113665),4.872648044659566,52.356542370113665
344672,20220177640,2022,Letsel,2,e-bike,snorfiets,Frontaal,"Kruispunt, 4 takken",Binnen,50.0,Niet brandend,Overig asfalt,Droog,Daglicht,Droog,Nassaukade,amsterdam,POINT (120110.57609999925 487490.4536000006),POINT (4.87486063566982 52.3741782652281),4.87486063566982,52.3741782652281
344704,20220176502,2022,Uitsluitend materiele schade,2,personenauto,fiets,Flank,Bocht,Binnen,15.0,Niet brandend,Klinkers,Droog,Daglicht,Droog,Maaseikstraat,amsterdam,POINT (115886.36800000072 484657.13699999824),POINT (4.813161413572538 52.34842998611507),4.813161413572538,52.34842998611507
344709,20220123692,2022,Letsel,2,bromfiets,bromfiets,Kop/staart,Rechte weg,Binnen,50.0,Niet aanwezig,Klinkers,Droog,Daglicht,Droog,Ferdinand Bolstraat,amsterdam,POINT (121208.78799999878 484646.5879999995),POINT (4.891272800828604 52.348688245456216),4.891272800828604,52.348688245456216
344734,20220177269,2022,Uitsluitend materiele schade,2,personenauto,fiets,Flank,Rechte weg,Binnen,50.0,Niet brandend,Overig asfalt,Droog,Daglicht,Droog,Nobelweg,amsterdam,POINT (123607.88599999994 484692.5029999986),POINT (4.9264773709416065 52.34924318662679),4.9264773709416065,52.34924318662679
344735,20220177480,2022,Uitsluitend materiele schade,2,personenauto,fiets,Flank,Rechte weg,Binnen,30.0,Niet brandend,Klinkers,Droog,Daglicht,Droog,Kattenburgerstraat,amsterdam,POINT (122933.30700000003 487184.48699999973),POINT (4.916339622083302 52.37160054024129),4.916339622083302,52.37160054024129
344831,20220142265,2022,Uitsluitend materiele schade,3,personenauto,fiets,Frontaal,Rechte weg,Binnen,30.0,Niet brandend,Klinkers,Droog,Daglicht,Droog,Amsteldijk,amsterdam,POINT (122217.69299999997 485321.13899999857),POINT (4.906013608054276 52.35481177940637),4.906013608054276,52.35481177940637
345105,20220141514,2022,Letsel,2,fiets,bus,Flank,"Kruispunt, 4 takken",Binnen,50.0,Niet brandend,Overig asfalt,Droog,Daglicht,Droog,Valeriusplein,amsterdam,POINT (119391.86340000108 484999.05150000006),POINT (4.864570729487653 52.351741210380396),4.864570729487653,52.351741210380396
345132,20220124132,2022,Uitsluitend materiele schade,2,personenauto,fiets,Flank,"Kruispunt, 4 takken",Binnen,50.0,Brandend,Overig asfalt,Nat,Duisternis,Unknown,Jan van Galenstraat,amsterdam,POINT (117631.85619999841 487315.056499999),POINT (4.83848221596196 52.37243884328699),4.83848221596196,52.37243884328699
345166,20220124193,2022,Letsel,2,bromfiets,voetganger,Voetganger,Rechte weg,Binnen,30.0,Niet brandend,Overig asfalt,Droog,Daglicht,Droog,De Ruijterkade,amsterdam,POINT (121497.99599999934 488399.33100000024),POINT (4.895143243124019 52.38243300405771),4.895143243124019,52.38243300405771
345190,20220124206,2022,Uitsluitend materiele schade,3,personenauto,e-bike,Los voorwerp,Rechte weg,Binnen,50.0,Niet brandend,ZOAB,Droog,Daglicht,Droog,Vlaardingenlaan,amsterdam,POINT (117546.88899999857 484483.1579999998),POINT (4.83754995694466 52.346982075484206),4.83754995694466,52.346982075484206
345191,20220124207,2022,Uitsluitend materiele schade,2,motor,e-bike,Flank,"Kruispunt, 4 takken",Binnen,50.0,Niet brandend,Overig asfalt,Droog,Schemer,Droog,Jan Tooropstraat,amsterdam,POINT (117625.27849999815 487316.18569999933),POINT (4.838385506237009 52.37244854401376),4.838385506237009,52.37244854401376
345251,20230058410,2023,Uitsluitend materiele schade,2,personenauto,fiets,Flank,"Kruispunt, 4 takken",Binnen,50.0,Niet brandend,Overig asfalt,Droog,Daglicht,Droog,Markengouw,amsterdam,POINT (125443.21649999917 490226.3354999982),POINT (4.952926209496322 52.39907945487415),4.952926209496322,52.39907945487415
345264,20230040792,2023,Uitsluitend materiele schade,2,brommobiel,fiets,Frontaal,"Kruispunt, 4 takken",Binnen,30.0,Niet brandend,ZOAB,Droog,Daglicht,Droog,Admiraal De Ruijterweg,amsterdam,POINT (118741.58689999953 488212.1264999993),POINT (4.854680266981408 52.380575422198376),4.854680266981408,52.380575422198376
345303,20230059554,2023,Uitsluitend materiele schade,3,personenauto,bromfiets,Los voorwerp,"Kruispunt, 4 takken",Binnen,50.0,Niet brandend,Overig asfalt,Droog,Daglicht,Droog,Radarweg,amsterdam,POINT (117472.49799999967 489371.06799999997),POINT (4.835912592467789 52.39090577907301),4.835912592467789,52.39090577907301
345304,20230059565,2023,Uitsluitend materiele schade,2,personenauto,fiets,Flank,Rechte weg,Binnen,50.0,Brandend,Overig asfalt,Droog,Duisternis,Droog,Overtoom,amsterdam,POINT (118981.67399999872 485768.94900000095),POINT (4.8584680436223815 52.35863376198994),4.8584680436223815,52.35863376198994
345442,20230049853,2023,Letsel,2,personenauto,fiets,Flank,Rechte weg,Binnen,50.0,Niet brandend,Klinkers,Droog,Daglicht,Droog,Reimerswaalstraat,amsterdam,POINT (114612.7890000008 486220.6739999987),POINT (4.7942832295543125 52.362389681445904),4.7942832295543125,52.362389681445904
345452,20230059423,2023,Letsel,2,bestelauto,fiets,Flank,"Kruispunt, 3 takken",Binnen,50.0,Niet brandend,Overig asfalt,Droog,Daglicht,Droog,Amstel,amsterdam,POINT (122130.68560000136 485952.45710000023),POINT (4.904674834293164 52.360480445819),4.904674834293164,52.360480445819
345456,20230066432,2023,Uitsluitend materiele schade,2,motor,fiets,Flank,"Kruispunt, 4 takken",Binnen,50.0,Niet brandend,Overig asfalt,Nat,Daglicht,Regen,Burgemeester Fockstraat,amsterdam,POINT (117208.05930000171 488119.29830000177),POINT (4.832168918493951 52.379637733382964),4.832168918493951,52.379637733382964
345474,20230059853,2023,Uitsluitend materiele schade,1,fiets,unknown,Voetganger,Rechte weg,Binnen,Unknown,Niet brandend,ZOAB,Droog,Daglicht,Droog,Weesperzijde,amsterdam,POINT (122777 484345),POINT (4.914316524267488 52.34607195936327),4.914316524267488,52.34607195936327
345536,20230049460,2023,Uitsluitend materiele schade,1,fiets,unknown,Voetganger,"Kruispunt, 3 takken",Binnen,50.0,Niet brandend,Klinkers,Droog,Daglicht,Droog,Bos en Lommerplantsoen,amsterdam,POINT (118223.10709999874 487683.81010000035),POINT (4.847123549145876 52.37579283487812),4.847123549145876,52.37579283487812
345680,20220212363,2022,Letsel,2,bestelauto,fiets,Eenzijdig,Rechte weg,Binnen,30.0,Niet brandend,Overig asfalt,Nat,Daglicht,Regen,Haarlemmerstraat,amsterdam,POINT (121281.66200000048 488159.4840000011),POINT (4.8919900205647755 52.38026418893779),4.8919900205647755,52.38026418893779
345824,20220211193,2022,Letsel,2,personenauto,fiets,Flank,"Kruispunt, 3 takken",Binnen,50.0,Niet brandend,Overig asfalt,Nat,Daglicht,Droog,Haarlemmerweg,amsterdam,POINT (119009.07360000163 488697.01110000163),POINT (4.858556708729029 52.384950793898206),4.858556708729029,52.384950793898206
345862,20220210524,2022,Uitsluitend materiele schade,2,personenauto,fiets,Onbekend,Rechte weg,Binnen,50.0,Brandend,Beton,Droog,Duisternis,Droog,Admiraal De Ruijterweg,amsterdam,POINT (118995.97399999946 487558.07499999925),POINT (4.8584863567344545 52.37471404460115),4.8584863567344545,52.37471404460115
345864,20220211220,2022,Letsel,2,bromfiets,voetganger,Voetganger,Rechte weg,Binnen,50.0,Brandend,Overig asfalt,Nat,Duisternis,Droog,Wibautstraat,amsterdam,POINT (122708.74199999869 485033.45600000024),POINT (4.913248777192846 52.35225535165478),4.913248777192846,52.35225535165478
345904,20220210548,2022,Letsel,2,snorfiets,voetganger,Voetganger,Rechte weg,Binnen,30.0,Brandend,Overig asfalt,Droog,Duisternis,Droog,Eerste Oosterparkstraat,amsterdam,POINT (122668.62900000066 485541.2320000008),POINT (4.912611238950817 52.356816550923185),4.912611238950817,52.356816550923185
345906,20220211267,2022,Uitsluitend materiele schade,1,snorfiets,unknown,Voetganger,Rechte weg,Binnen,50.0,Brandend,Overig asfalt,Droog,Duisternis,Droog,Gustav Mahlerlaan,amsterdam,POINT (119890.65100000054 483319.23699999973),POINT (4.872066545330891 52.336676279579734),4.872066545330891,52.336676279579734
345960,20220211346,2022,Uitsluitend materiele schade,2,personenauto,fiets,Flank,Rotonde,Binnen,50.0,Brandend,ZOAB,Nat,Duisternis,Regen,Linnaeusstraat,amsterdam,POINT (123408.54300000146 486254.81379999965),POINT (4.923405084420911 52.36327280181953),4.923405084420911,52.36327280181953
345961,20220212021,2022,Letsel,2,fiets,personenauto,Flank,Rechte weg,Binnen,30.0,Brandend,ZOAB,Nat,Duisternis,Droog,Sarphatistraat,amsterdam,POINT (123528.70399999991 486658.75400000066),POINT (4.925131324855314 52.366910046813075),4.925131324855314,52.366910046813075
345998,20220210694,2022,Letsel,2,e-bike,trein/tram,Flank,"Kruispunt, 4 takken",Binnen,50.0,Niet brandend,Overig asfalt,Droog,Daglicht,Droog,Heemstedestraat,amsterdam,POINT (117483.06089999899 484979.06280000135),POINT (4.836557981615189 52.351434550851764),4.836557981615189,52.351434550851764
346058,20220212158,2022,Uitsluitend materiele schade,2,personenauto,fiets,Frontaal,"Kruispunt, 4 takken",Binnen,50.0,Niet brandend,Overig asfalt,Nat,Daglicht,Droog,Meer en Vaart,amsterdam,POINT (115635.71599999815 485547.13800000027),POINT (4.809378821086897 52.356410729440846),4.809378821086897,52.356410729440846
346467,20230111424,2023,Uitsluitend materiele schade,2,bromfiets,personenauto,Flank,Rechte weg,Binnen,30.0,Brandend,Overig asfalt,Nat,Schemer,Regen,Plesmanlaan,amsterdam,POINT (116921.14799999818 484977.37000000104),POINT (4.828311198958773 52.35138068292111),4.828311198958773,52.35138068292111
346548,20230023128,2023,Uitsluitend materiele schade,2,personenauto,snorfiets,Flank,Rotonde,Binnen,50.0,Niet brandend,Overig asfalt,Droog,Daglicht,Droog,Louis Davidsstraat,amsterdam,POINT (115748.15689999983 484944.3403000012),POINT (4.811099583810822 52.35100129444253),4.811099583810822,52.35100129444253
346569,20230074608,2023,Uitsluitend materiele schade,1,fiets,unknown,Frontaal,Unknown,Binnen,30.0,Niet brandend,Overig asfalt,Droog,Daglicht,Droog,Utrechtsestraat,amsterdam,POINT (121765.47500000149 486040.02600000054),POINT (4.89930498661039 52.361245482036736),4.89930498661039,52.361245482036736
346623,20230067421,2023,Uitsluitend materiele schade,2,snorfiets,personenauto,Frontaal,Bocht,Binnen,50.0,Niet brandend,Overig asfalt,Droog,Daglicht,Droog,Adriaan Loosjesstraat,amsterdam,POINT (121502.4849999994 492475.16800000146),POINT (4.894802369303709 52.41906380829178),4.894802369303709,52.41906380829178
346655,20230067714,2023,Uitsluitend materiele schade,2,personenauto,bromfiets,Geparkeerd voertuig,Rechte weg,Binnen,30.0,Niet brandend,Klinkers,Droog,Daglicht,Droog,Krijn Taconiskade,amsterdam,POINT (128991.46799999848 485084.4919999987),POINT (5.005457446982729 52.35304732443698),5.005457446982729,52.35304732443698
346685,20230078250,2023,Letsel,2,fiets,fiets,Onbekend,Rechte weg,Binnen,30.0,Niet brandend,Overig asfalt,Droog,Daglicht,Droog,Jan van Galenstraat,amsterdam,POINT (117458.12200000137 487363.2289999984),POINT (4.835925796558241 52.37285993028366),4.835925796558241,52.37285993028366
346688,20230078409,2023,Uitsluitend materiele schade,2,personenauto,fiets,Flank,"Kruispunt, 3 takken",Binnen,50.0,Niet brandend,Overig asfalt,Droog,Daglicht,Droog,Heemstedestraat,amsterdam,POINT (117488.20839999989 484977.9664000012),POINT (4.836633651755854 52.35142504865842),4.836633651755854,52.35142504865842
346694,20230020501,2023,Uitsluitend materiele schade,3,personenauto,fiets,Kop/staart,Rechte weg,Binnen,50.0,Niet brandend,Overig asfalt,Droog,Daglicht,Droog,AMSTERDAM-WESTERPARK,amsterdam,POINT (118084.17749999836 488370.1559000015),POINT (4.845007999317345 52.38195185548634),4.845007999317345,52.38195185548634
346763,20230074680,2023,Letsel,2,fiets,fiets,Onbekend,"Kruispunt, 3 takken",Binnen,30.0,Niet brandend,Beton,Droog,Daglicht,Droog,Sarphatistraat,amsterdam,POINT (122592.14860000089 486113.8865999989),POINT (4.9114334408014955 52.36195868356866),4.9114334408014955,52.36195868356866
346842,20230078940,2023,Letsel,2,fiets,fiets,Flank,"Kruispunt, 4 takken",Binnen,30.0,Niet brandend,ZOAB,Droog,Daglicht,Droog,Nieuwe Vijzelstraat,amsterdam,POINT (121222.85570000112 485853.4239999987),POINT (4.891358090878468 52.35953533500686),4.891358090878468,52.35953533500686
346861,20230066636,2023,Uitsluitend materiele schade,2,bromfiets,bromfiets,Flank,Rechte weg,Binnen,30.0,Brandend,Overig asfalt,Droog,Duisternis,Droog,Stoutenburggracht,amsterdam,POINT (127584.23000000045 478595.3720000014),POINT (4.985330763220341 52.29465814466461),4.985330763220341,52.29465814466461