,accident_id,accident_year,outcome,num_parties,party1_type,party2_type,accident_nature,road_situation,built_up_area,speed_limit_kmh,street_lighting,road_surface,road_condition,light_condition,weather_condition,street_name,municipality,shape,geometry,longitude,latitude
346899,20230023012,2023,Uitsluitend materiele schade,2,bestelauto,bromfiets,Frontaal,"Kruispunt, 3 takken",Binnen,50.0,Niet brandend,Overig asfalt,Droog,Daglicht,Droog,Mosplein,amsterdam,POINT (122687 489440),POINT (4.912506046498445 52.39185706448017),4.912506046498445,52.39185706448017
346914,20230077484,2023,Uitsluitend materiele schade,2,fiets,voetganger,Voetganger,Rechte weg,Binnen,30.0,Brandend,Klinkers,Droog,Duisternis,Droog,Sarphatipark,amsterdam,POINT (121589.90799999982 485209.9600000009),POINT (4.896810112628158 52.35377476122413),4.896810112628158,52.35377476122413
346918,20230020832,2023,Uitsluitend materiele schade,2,bromfiets,fiets,Flank,Rechte weg,Binnen,50.0,Niet brandend,ZOAB,Droog,Daglicht,Droog,Hoogoorddreef,amsterdam,POINT (124714.71599999815 480254.0769999996),POINT (4.943120320622481 52.309415297896905),4.943120320622481,52.309415297896905
347016,20230088242,2023,Uitsluitend materiele schade,2,personenauto,bromfiets,Flank,"Kruispunt, 4 takken",Binnen,50.0,Brandend,Overig asfalt,Nat,Schemer,Droog,Ruyschstraat,amsterdam,POINT (122496.7659999989 485619.4990000017),POINT (4.9100809785506305 52.357509822159905),4.9100809785506305,52.357509822159905
347273,20210087337,2021,Uitsluitend materiele schade,2,personenauto,fiets,Flank,"Kruispunt, 4 takken",Binnen,30.0,Brandend,Overig asfalt,Nat,Duisternis,Unknown,Rijnstraat,amsterdam,POINT (122169 484365),POINT (4.905392186690118 52.3462157214432),4.905392186690118,52.3462157214432
347281,20210080801,2021,Uitsluitend materiele schade,2,personenauto,fiets,Flank,"Kruispunt, 4 takken",Binnen,50.0,Niet brandend,ZOAB,Nat,Daglicht,Regen,Wibautstraat,amsterdam,POINT (122541.01099999994 485490.41800000146),POINT (4.910742896172171 52.35635234335688),4.910742896172171,52.35635234335688
347351,20210075836,2021,Letsel,2,fiets,fiets,Onbekend,Rechte weg,Binnen,50.0,Brandend,Klinkers,Droog,Duisternis,Unknown,Plantage Middenlaan,amsterdam,POINT (122378.22399999946 486712.3449999988),POINT (4.908234916525723 52.36732455952661),4.908234916525723,52.36732455952661
347398,20230004334,2023,Uitsluitend materiele schade,1,bromfiets,unknown,Eenzijdig,Rechte weg,Binnen,50.0,Niet brandend,Beton,Droog,Daglicht,Droog,Veelaan,amsterdam,POINT (124505 486803.3729999997),POINT (4.93945211280885 52.36826486103989),4.93945211280885,52.36826486103989
347435,20210080086,2021,Uitsluitend materiele schade,2,personenauto,fiets,Flank,Rechte weg,Binnen,Unknown,Brandend,Overig asfalt,Nat,Duisternis,Droog,Dr. H. Colijnstraat,amsterdam,POINT (115458.51399999857 488170.4140000008),POINT (4.806469253496464 52.37997389870645),4.806469253496464,52.37997389870645
347438,20210084852,2021,Letsel,2,fiets,voetganger,Voetganger,Rechte weg,Binnen,Unknown,Niet brandend,Overig asfalt,Nat,Daglicht,Regen,Brettenpad,amsterdam,POINT (115530.39999999851 488874.4459999986),POINT (4.80744224725822 52.38630632646189),4.80744224725822,52.38630632646189
347563,20210005422,2021,Uitsluitend materiele schade,2,fiets,snorfiets,Flank,"Kruispunt, 4 takken",Binnen,30.0,Unknown,Overig asfalt,Droog,Daglicht,Droog,Mauritskade,amsterdam,POINT (123191.05939999968 486226.67639999837),POINT (4.920214935994748 52.36300737058467),4.920214935994748,52.36300737058467
347589,20210004109,2021,Uitsluitend materiele schade,2,personenauto,bromfiets,Flank,"Kruispunt, 3 takken",Binnen,Unknown,Niet brandend,Klinkers,Droog,Schemer,Droog,Comeniusstraat,amsterdam,POINT (116781.35350000113 485848.2008000016),POINT (4.826160556788655 52.3591973459771),4.826160556788655,52.3591973459771
347637,20210017913,2021,Uitsluitend materiele schade,2,fiets,personenauto,Flank,"Kruispunt, 4 takken",Binnen,50.0,Niet brandend,Klinkers,Nat,Daglicht,Droog,Apollolaan,amsterdam,POINT (120637 484643),POINT (4.882881719199739 52.34862054121291),4.882881719199739,52.34862054121291
347806,20210005192,2021,Letsel,2,bestelauto,fiets,Flank,Rechte weg,Binnen,30.0,Niet brandend,Overig asfalt,Droog,Daglicht,Droog,Olof Palmeplein,amsterdam,POINT (124715.69900000095 490001.80000000075),POINT (4.942257348026901 52.39702181960309),4.942257348026901,52.39702181960309
347927,20210045960,2021,Uitsluitend materiele schade,2,snorfiets,personenauto,Flank,"Kruispunt, 4 takken",Binnen,50.0,Niet brandend,Beton,Droog,Daglicht,Droog,Hoekenes,amsterdam,POINT (115187.15909999982 485137.0214000009),POINT (4.802843350009351 52.352692599767465),4.802843350009351,52.352692599767465
347943,20210065466,2021,Uitsluitend materiele schade,2,personenauto,snorfiets,Onbekend,Rechte weg,Binnen,50.0,Niet brandend,Overig asfalt,Droog,Daglicht,Unknown,Admiraal De Ruijterweg,amsterdam,POINT (119282.54600000009 487130.9470000006),POINT (4.862739878999997 52.37089405133617),4.862739878999997,52.37089405133617
347946,20210035975,2021,Uitsluitend materiele schade,2,personenauto,fiets,Onbekend,"Kruispunt, 4 takken",Binnen,30.0,Niet brandend,Klinkers,Droog,Daglicht,Droog,Bijlmerdreef,amsterdam,POINT (126605.2965000011 481622.22879999876),POINT (4.970726606978006 52.32181234417164),4.970726606978006,52.32181234417164
347969,20210061512,2021,Letsel,2,snorfiets,fiets,Flank,"Kruispunt, 4 takken",Binnen,50.0,Niet brandend,Klinkers,Nat,Daglicht,Regen,J.J. Viottastraat,amsterdam,POINT (119942.77259999886 485152.47580000013),POINT (4.8726403220557195 52.35315550661939),4.8726403220557195,52.35315550661939
348015,20210038590,2021,Uitsluitend materiele schade,1,bromfiets,unknown,Voetganger,"Kruispunt, 4 takken",Binnen,50.0,Niet aanwezig,Overig asfalt,Nat,Daglicht,Droog,Tidorestraat,amsterdam,POINT (124558.67460000142 485893.4706999995),POINT (4.940322554800662 52.36009022282657),4.940322554800662,52.36009022282657
348087,20210056244,2021,Uitsluitend materiele schade,2,personenauto,bromfiets,Kop/staart,Rechte weg,Binnen,50.0,Niet brandend,Overig asfalt,Droog,Daglicht,Unknown,Nassaukade,amsterdam,POINT (120201.82999999821 486842.8370000012),POINT (4.876267674084931 52.368363747450786),4.876267674084931,52.368363747450786
348116,20210057955,2021,Uitsluitend materiele schade,3,bromfiets,fiets,Onbekend,Rechte weg,Binnen,50.0,Niet brandend,Overig asfalt,Nat,Daglicht,Regen,Admiraal De Ruijterweg,amsterdam,POINT (118627.35000000149 488329.6070000008),POINT (4.852989830290551 52.38162368987951),4.852989830290551,52.38162368987951
348117,20210057960,2021,Uitsluitend materiele schade,2,snorfiets,fiets,Frontaal,Rechte weg,Binnen,30.0,Brandend,Overig asfalt,Droog,Duisternis,Droog,Buiksloterweg,amsterdam,POINT (122074.61300000176 488395.0920000002),POINT (4.9036124364005 52.38242979217411),4.9036124364005,52.38242979217411
348134,20210046807,2021,Uitsluitend materiele schade,2,personenauto,snorfiets,Flank,Rechte weg,Binnen,50.0,Niet brandend,Overig asfalt,Droog,Daglicht,Droog,Overtoom,amsterdam,POINT (120281.0540000014 486279.80099999905),POINT (4.87748900490549 52.363308595898644),4.87748900490549,52.363308595898644
348172,20210072633,2021,Uitsluitend materiele schade,2,personenauto,fiets,Flank,Bocht,Binnen,30.0,Niet brandend,Klinkers,Droog,Daglicht,Droog,Harry Koningsbergerstr,amsterdam,POINT (117592 488612.311999999),POINT (4.837752555855383 52.38409484574696),4.837752555855383,52.38409484574696
348229,20210035747,2021,Letsel,1,fiets,unknown,Eenzijdig,Unknown,Unknown,Unknown,Unknown,Unknown,Unknown,Daglicht,Unknown,Ookmeerweg,amsterdam,POINT (114115.80900000036 486271.5309999995),POINT (4.786981308448814 52.36280997574288),4.786981308448814,52.36280997574288
348253,20210042643,2021,Uitsluitend materiele schade,2,brommobiel,snorfiets,Onbekend,"Kruispunt, 3 takken",Binnen,50.0,Niet brandend,Beton,Droog,Daglicht,Droog,Stadhouderskade,amsterdam,POINT (121069.2901000008 485741.8156000003),POINT (4.889115098978945 52.35852281204646),4.889115098978945,52.35852281204646
348256,20210047583,2021,Uitsluitend materiele schade,2,bromfiets,fiets,Flank,Rechte weg,Binnen,50.0,Brandend,Beton,Droog,Duisternis,Droog,Stadhouderskade,amsterdam,POINT (121253.73600000143 485681.3839999996),POINT (4.891828656314092 52.35799105518103),4.891828656314092,52.35799105518103
348266,20210064793,2021,Uitsluitend materiele schade,3,bestelauto,fiets,Onbekend,Rechte weg,Binnen,50.0,Niet brandend,Overig asfalt,Droog,Daglicht,Droog,Rijnstraat,amsterdam,POINT (122114.46799999848 484588.89400000125),POINT (4.904570051041686 52.34822467465705),4.904570051041686,52.34822467465705
348285,20210043320,2021,Uitsluitend materiele schade,2,snorfiets,fiets,Onbekend,"Kruispunt, 4 takken",Binnen,50.0,Niet brandend,Overig asfalt,Droog,Daglicht,Droog,Bos en Lommerweg,amsterdam,POINT (117896.8610999994 487964.68189999834),POINT (4.8423017123253675 52.378295144042085),4.8423017123253675,52.378295144042085
348730,20210090810,2021,Uitsluitend materiele schade,2,bestelauto,fiets,Flank,Rotonde,Binnen,50.0,Brandend,Overig asfalt,Nat,Duisternis,Regen,Hugo de Grootplein,amsterdam,POINT (119953.31199999899 487534.62889999896),POINT (4.872546728550138 52.37456526559557),4.872546728550138,52.37456526559557
348731,20210090817,2021,Letsel,3,bromfiets,fiets,Flank,"Kruispunt, 4 takken",Binnen,Unknown,Brandend,Overig asfalt,Nat,Duisternis,Unknown,Vondelpark,amsterdam,POINT (120570.76399999857 486104.5870000012),POINT (4.88176007060992 52.36175213104734),4.88176007060992,52.36175213104734
349005,20220016826,2022,Uitsluitend materiele schade,2,bromfiets,fiets,Flank,Rechte weg,Binnen,30.0,Niet brandend,Overig asfalt,Nat,Daglicht,Regen,Admiraal De Ruijterweg,amsterdam,POINT (118628.94799999893 488336.8900000006),POINT (4.853012511050932 52.381689249737725),4.853012511050932,52.381689249737725
349017,20220055332,2022,Uitsluitend materiele schade,2,personenauto,bromfiets,Flank,"Kruispunt, 4 takken",Binnen,50.0,Niet brandend,Overig asfalt,Droog,Daglicht,Droog,Lemelerbergweg,amsterdam,POINT (124268.05319999903 479856.88599999994),POINT (4.936607133539405 52.30582079391258),4.936607133539405,52.30582079391258
349024,20220080947,2022,Uitsluitend materiele schade,2,bromfiets,fiets,Flank,"Kruispunt, 4 takken",Binnen,50.0,Brandend,ZOAB,Nat,Duisternis,Regen,Molukkenstraat,amsterdam,POINT (124514.25930000097 486567.57360000163),POINT (4.939609442197178 52.36614616340264),4.939609442197178,52.36614616340264
349025,20220080992,2022,Uitsluitend materiele schade,2,bromfiets,overig wegmeubilair,Vast voorwerp,Rechte weg,Binnen,50.0,Niet brandend,Unknown,Droog,Daglicht,Droog,Schepenbergweg,amsterdam,POINT (124839.04300000146 478640.57499999925),POINT (4.945087575254452 52.294920826154105),4.945087575254452,52.294920826154105
349075,20220054039,2022,Letsel,2,bromfiets,personenauto,Flank,"Kruispunt, 4 takken",Binnen,50.0,Niet aanwezig,Overig asfalt,Droog,Daglicht,Droog,Zuidermolenweg,amsterdam,POINT (113922.13010000065 485937.6264999993),POINT (4.7841788359105 52.35979466594669),4.7841788359105,52.35979466594669
349210,20220054518,2022,Letsel,1,bromfiets,unknown,Eenzijdig,Rechte weg,Binnen,50.0,Brandend,Overig asfalt,Droog,Duisternis,Droog,Rooseveltlaan,amsterdam,POINT (121504.35599999875 483973.4750000015),POINT (4.895677491647895 52.3426568437885),4.895677491647895,52.3426568437885
349248,20220055781,2022,Letsel,1,fiets,unknown,Eenzijdig,Rechte weg,Binnen,30.0,Niet brandend,Overig asfalt,Droog,Daglicht,Droog,De Ruijterkade,amsterdam,POINT (122075.42199999839 487976.813000001),POINT (4.903665308764588 52.37867064683632),4.903665308764588,52.37867064683632
349290,20220102911,2022,Uitsluitend materiele schade,2,bromfiets,fiets,Flank,"Kruispunt, 3 takken",Binnen,50.0,Niet brandend,ZOAB,Nat,Daglicht,Unknown,Molukkenstraat,amsterdam,POINT (124498.99810000136 486179.09789999947),POINT (4.9394206193347365 52.362653947287214),4.9394206193347365,52.362653947287214
349360,20220103019,2022,Uitsluitend materiele schade,2,personenauto,snorfiets,Flank,"Kruispunt, 4 takken",Binnen,30.0,Brandend,Overig asfalt,Droog,Duisternis,Droog,Van Slingelandtstraat,amsterdam,POINT (119467.59160000086 488645.875599999),POINT (4.865296725611205 52.38452109822569),4.865296725611205,52.38452109822569
349371,20220015715,2022,Uitsluitend materiele schade,2,personenauto,fiets,Flank,Rotonde,Unknown,50.0,Brandend,Overig asfalt,Nat,Duisternis,Regen,Oostoever,amsterdam,POINT (117099.53539999947 487087.6383999996),POINT (4.830691494056684 52.37035850428278),4.830691494056684,52.37035850428278
349522,20230058139,2023,Uitsluitend materiele schade,1,bromfiets,unknown,Onbekend,Unknown,Unknown,Unknown,Unknown,Unknown,Unknown,Schemer,Unknown,Ridderspoorweg,amsterdam,POINT (122049.14200000092 489782.9820000008),POINT (4.9031021670418955 52.394901609718055),4.9031021670418955,52.394901609718055
349699,20230004562,2023,Letsel,2,personenauto,fiets,Frontaal,Rotonde,Binnen,50.0,Niet brandend,Overig asfalt,Droog,Daglicht,Droog,Heemstedestraat,amsterdam,POINT (118363.98950000107 484978.80799999833),POINT (4.849487084256646 52.35149170361205),4.849487084256646,52.35149170361205
349776,20230006132,2023,Letsel,2,bromfiets,fiets,Frontaal,Rechte weg,Binnen,30.0,Niet brandend,Klinkers,Nat,Daglicht,Regen,Buikslotermeerplein,amsterdam,POINT (124638.03799999878 489897.37099999934),POINT (4.94112580469909 52.396078993878405),4.94112580469909,52.396078993878405
349851,20230086360,2023,Letsel,1,fiets,unknown,Eenzijdig,Unknown,Unknown,Unknown,Unknown,Unknown,Unknown,Daglicht,Unknown,Polluxstraat,amsterdam,POINT (121142.89299999923 491822.8839999996),POINT (4.889582534131588 52.413179514734935),4.889582534131588,52.413179514734935
350336,20210032063,2021,Letsel,2,fiets,fiets,Onbekend,Rechte weg,Binnen,30.0,Niet brandend,Unknown,Droog,Daglicht,Droog,Weesperzijde,amsterdam,POINT (122291.2340000011 485494.73699999973),POINT (4.907076154399453 52.356376346111986),4.907076154399453,52.356376346111986
350339,20210056980,2021,Letsel,2,bromfiets,bromfiets,Frontaal,Bocht,Binnen,30.0,Brandend,Overig asfalt,Droog,Duisternis,Droog,De Ruijterkade,amsterdam,POINT (121488.5549999997 488398.7010000013),POINT (4.895004646066382 52.3824267658551),4.895004646066382,52.3824267658551
350410,20220177361,2022,Letsel,2,brommobiel,bromfiets,Flank,"Kruispunt, 4 takken",Binnen,50.0,Niet brandend,Overig asfalt,Droog,Daglicht,Droog,Frederik Hendrikstraat,amsterdam,POINT (119920.21180000156 487443.25609999895),POINT (4.8720702113238445 52.373741960437805),4.8720702113238445,52.373741960437805
350460,20220142034,2022,Letsel,2,bromfiets,personenauto,Flank,Rechte weg,Binnen,50.0,Brandend,ZOAB,Droog,Schemer,Droog,Burg De Vlugtlaan,amsterdam,POINT (117512.16600000113 488041.5720000006),POINT (4.836643688472683 52.37896003988302),4.836643688472683,52.37896003988302
350484,20220142117,2022,Uitsluitend materiele schade,2,fiets,e-bike,Frontaal,Rechte weg,Binnen,30.0,Niet brandend,Klinkers,Droog,Daglicht,Droog,Alexanderkade,amsterdam,POINT (123596.875 486596.48800000176),POINT (4.926138020768192 52.366354343178365),4.926138020768192,52.366354343178365
350501,20220177557,2022,Uitsluitend materiele schade,2,personenauto,snorfiets,Flank,Rotonde,Binnen,50.0,Niet brandend,Overig asfalt,Nat,Daglicht,Regen,Burgemeester Röellstraat,amsterdam,POINT (116303.52519999817 487737.2954000011),POINT (4.8189289940685045 52.376141589247304),4.8189289940685045,52.376141589247304
350502,20220178174,2022,Uitsluitend materiele schade,2,bestelauto,bromfiets,Kop/staart,Rechte weg,Binnen,30.0,Niet brandend,Klinkers,Droog,Daglicht,Droog,Bellamystraat,amsterdam,POINT (119481.7509999983 486699.15199999884),POINT (4.86571045146739 52.36702631464927),4.86571045146739,52.36702631464927
350526,20220142193,2022,Uitsluitend materiele schade,2,snorfiets,personenauto,Flank,Rotonde,Binnen,50.0,Niet brandend,Overig asfalt,Droog,Daglicht,Droog,FIETSPAD,amsterdam,POINT (115731.63230000064 484917.5359000005),POINT (4.810860190009324 52.3507592163586),4.810860190009324,52.3507592163586
350535,20220177914,2022,Uitsluitend materiele schade,3,personenauto,e-bike,Onbekend,Rotonde,Binnen,30.0,Niet brandend,ZOAB,Droog,Daglicht,Droog,Louis Davidsstraat,amsterdam,POINT (115748.15689999983 484944.3403000012),POINT (4.811099583810822 52.35100129444253),4.811099583810822,52.35100129444253
350579,20220123601,2022,Uitsluitend materiele schade,2,trein/tram,fiets,Los voorwerp,"Kruispunt, 4 takken",Binnen,50.0,Niet brandend,ZOAB,Droog,Daglicht,Droog,Van Nijenrodeweg,amsterdam,POINT (119653.63360000029 482322.14020000026),POINT (4.868693713128946 52.327699846255506),4.868693713128946,52.327699846255506
350630,20220142407,2022,Letsel,2,bromfiets,bestelauto,Frontaal,"Kruispunt, 4 takken",Binnen,30.0,Niet brandend,Klinkers,Droog,Daglicht,Droog,Baarsjesweg,amsterdam,POINT (118880.99760000035 486054.82660000026),POINT (4.856959508815728 52.36119641198181),4.856959508815728,52.36119641198181
350751,20220123983,2022,Letsel,2,personenauto,snorfiets,Flank,"Kruispunt, 4 takken",Buiten,50.0,Niet brandend,Overig asfalt,Droog,Daglicht,Droog,Australiëhavenweg,amsterdam,POINT (114635.75510000065 489926.6865000017),POINT (4.794175136212256 52.39569789644206),4.794175136212256,52.39569789644206
350752,20220123989,2022,Letsel,2,personenauto,fiets,Onbekend,"Kruispunt, 4 takken",Buiten,80.0,Niet aanwezig,Overig asfalt,Droog,Daglicht,Droog,Gooilandseweg,amsterdam,POINT (131070.46719999984 479438.2148000002),POINT (5.036372915810321 52.30239583993557),5.036372915810321,52.30239583993557
350814,20220141615,2022,Letsel,1,snorfiets,unknown,Eenzijdig,Rechte weg,Binnen,50.0,Brandend,Overig asfalt,Droog,Duisternis,Droog,Mauritskade,amsterdam,POINT (122379.20800000057 485931.4140000008),POINT (4.908325121284764 52.360306138398954),4.908325121284764,52.360306138398954
350915,20230048952,2023,Uitsluitend materiele schade,2,personenauto,fiets,Onbekend,"Kruispunt, 4 takken",Binnen,50.0,Unknown,Unknown,Droog,Daglicht,Unknown,FIETSPAD,amsterdam,POINT (123522.46299999952 486672.23800000176),POINT (4.9250384326667245 52.36703087440479),4.9250384326667245,52.36703087440479
350919,20230050641,2023,Uitsluitend materiele schade,2,personenauto,e-bike,Flank,"Kruispunt, 3 takken",Binnen,50.0,Niet brandend,Klinkers,Droog,Daglicht,Droog,1e Jan vd Heijdenstr,amsterdam,POINT (121404.25710000098 485224.8920999989),POINT (4.894083729621686 52.35389764065596),4.894083729621686,52.35389764065596
350977,20230059950,2023,Letsel,3,fiets,fiets,Onbekend,Rechte weg,Binnen,50.0,Brandend,Overig asfalt,Droog,Duisternis,Droog,Klaprozenweg,amsterdam,POINT (121261.64400000125 490958.4609999992),POINT (4.891414775056243 52.405418071262964),4.891414775056243,52.405418071262964
351092,20230040384,2023,Uitsluitend materiele schade,2,personenauto,fiets,Onbekend,"Kruispunt, 4 takken",Binnen,50.0,Niet brandend,Overig asfalt,Droog,Daglicht,Droog,Osdorper Ban,amsterdam,POINT (114866.77120000124 486139.1671000011),POINT (4.798021457620469 52.36167577901104),4.798021457620469,52.36167577901104
351108,20230040458,2023,Uitsluitend materiele schade,3,motor,fiets,Flank,"Kruispunt, 4 takken",Binnen,50.0,Niet brandend,ZOAB,Droog,Daglicht,Droog,Stadhouderskade,amsterdam,POINT (120464.39200000092 486241.0850000009),POINT (4.880184498974834 52.362972201524315),4.880184498974834,52.362972201524315
351132,20230040460,2023,Uitsluitend materiele schade,2,personenauto,fiets,Flank,"Kruispunt, 4 takken",Binnen,30.0,Niet brandend,Overig asfalt,Droog,Daglicht,Droog,Herman Gorterstraat,amsterdam,POINT (120566 484326),POINT (4.881872172939642 52.34576711493959),4.881872172939642,52.34576711493959
351153,20230050426,2023,Uitsluitend materiele schade,2,bestelauto,fiets,Flank,"Kruispunt, 4 takken",Buiten,50.0,Niet aanwezig,ZOAB,Droog,Daglicht,Droog,Klaprozenweg,amsterdam,POINT (122127.76159999892 490332.75090000033),POINT (4.9042033410651555 52.39984723933205),4.9042033410651555,52.39984723933205
351292,20220212213,2022,Letsel,2,snorfiets,voetganger,Voetganger,"Kruispunt, 4 takken",Binnen,Unknown,Niet brandend,Unknown,Nat,Daglicht,Regen,De Boelelaan,amsterdam,POINT (119657.47630000114 483153.4243000001),POINT (4.868662854577357 52.33517112414659),4.868662854577357,52.33517112414659
351409,20220212368,2022,Uitsluitend materiele schade,2,brommobiel,e-bike,Flank,"Kruispunt, 4 takken",Binnen,50.0,Niet brandend,Klinkers,Nat,Daglicht,Regen,Brandewijnsteeg,amsterdam,POINT (121915.61989999935 487306.5566000007),POINT (4.901384479729348 52.37263724912601),4.901384479729348,52.37263724912601
351436,20220211058,2022,Uitsluitend materiele schade,2,personenauto,fiets,Flank,Rechte weg,Binnen,50.0,Niet brandend,Klinkers,Nat,Daglicht,Droog,Linnaeusstraat,amsterdam,POINT (123604.68699999899 485695.62000000104),POINT (4.926336816269748 52.35825837813889),4.926336816269748,52.35825837813889
351461,20220211770,2022,Letsel,2,fiets,fiets,Frontaal,Rechte weg,Binnen,30.0,Niet brandend,Overig asfalt,Droog,Daglicht,Droog,Haarlemmerdijk,amsterdam,POINT (121033.27800000086 488358.188000001),POINT (4.8883220978910105 52.38203468467204),4.8883220978910105,52.38203468467204
351542,20220210463,2022,Letsel,2,bromfiets,fiets,Flank,Rechte weg,Binnen,50.0,Niet brandend,ZOAB,Droog,Daglicht,Droog,Frederiksplein,amsterdam,POINT (121755.20300000161 485928.4549999982),POINT (4.8991652225962925 52.36024213627895),4.8991652225962925,52.36024213627895
351543,20220210465,2022,Uitsluitend materiele schade,2,e-bike,fiets,Flank,"Kruispunt, 4 takken",Binnen,50.0,Brandend,Overig asfalt,Droog,Duisternis,Droog,Linnaeusstraat,amsterdam,POINT (123534.02389999852 485908.8057000004),POINT (4.925279605795699 52.360170309900425),4.925279605795699,52.360170309900425
351544,20220211846,2022,Letsel,2,bromfiets,e-bike,Flank,"Kruispunt, 4 takken",Binnen,50.0,Niet brandend,Unknown,Droog,Daglicht,Droog,Tweede Nassaustraat,amsterdam,POINT (120321.31370000169 488437.8443999998),POINT (4.877857374623979 52.38270606531588),4.877857374623979,52.38270606531588
351641,20220210599,2022,Uitsluitend materiele schade,2,bromfiets,personenauto,Flank,"Kruispunt, 4 takken",Binnen,30.0,Niet brandend,ZOAB,Nat,Daglicht,Droog,Eerste Schinkelstraat,amsterdam,POINT (118784.47089999914 485275.4354999997),POINT (4.855626423870396 52.35418545414624),4.855626423870396,52.35418545414624
351746,20220212080,2022,Letsel,3,bestelauto,fiets,Los voorwerp,"Kruispunt, 4 takken",Binnen,50.0,Niet brandend,Unknown,Nat,Daglicht,Regen,Comeniusstraat,amsterdam,POINT (116863.87550000101 485848.09479999915),POINT (4.827371923280991 52.359202128374974),4.827371923280991,52.359202128374974
351779,20220210754,2022,Letsel,2,bromfiets,personenauto,Flank,"Kruispunt, 4 takken",Binnen,50.0,Niet brandend,Beton,Droog,Daglicht,Droog,Beethovenstraat,amsterdam,POINT (120238.77499999851 484083.8060999997),POINT (4.877095215572294 52.343569839780564),4.877095215572294,52.343569839780564
351820,20220211502,2022,Letsel,2,bromfiets,personenauto,Flank,"Kruispunt, 4 takken",Binnen,50.0,Niet brandend,Overig asfalt,Nat,Daglicht,Droog,Radarweg,amsterdam,POINT (117472.49799999967 489371.06799999997),POINT (4.835912592467789 52.39090577907301),4.835912592467789,52.39090577907301
352209,20230112048,2023,Uitsluitend materiele schade,2,bromfiets,onbekend voertuig i.g.v. doorrijder,Flank,"Kruispunt, 4 takken",Binnen,30.0,Brandend,ZOAB,Nat,Duisternis,Regen,Pontanusstraat,amsterdam,POINT (123647.47100000083 486537.22300000116),POINT (4.926886383565868 52.365824598980424),4.926886383565868,52.365824598980424
352258,20230020878,2023,Uitsluitend materiele schade,2,personenauto,fiets,Flank,"Kruispunt, 3 takken",Binnen,50.0,Niet brandend,Overig asfalt,Nat,Daglicht,Droog,Th. Weeversweg,amsterdam,POINT (124701 489888),POINT (4.942051662727154 52.395998253691985),4.942051662727154,52.395998253691985
352330,20230067059,2023,Uitsluitend materiele schade,2,bromfiets,fiets,Flank,"Kruispunt, 4 takken",Binnen,30.0,Niet brandend,Klinkers,Droog,Daglicht,Droog,Herengracht,amsterdam,POINT (120924.24309999868 487273.53379999846),POINT (4.886830711473795 52.3722798412869),4.886830711473795,52.3722798412869
352381,20230020430,2023,Uitsluitend materiele schade,2,fiets,fiets,Onbekend,Rechte weg,Binnen,30.0,Niet brandend,Overig asfalt,Droog,Daglicht,Droog,Rozenstraat,amsterdam,POINT (120572.5850000009 487349.98999999836),POINT (4.881659270620872 52.37294504065738),4.881659270620872,52.37294504065738
352414,20230067743,2023,Letsel,2,bromfiets,bromfiets,Onbekend,"Kruispunt, 4 takken",Binnen,50.0,Niet brandend,Overig asfalt,Nat,Daglicht,Droog,Donker Curtiusstraat,amsterdam,POINT (119906.0091000013 488069.1832999997),POINT (4.871796288670833 52.37936642341896),4.871796288670833,52.37936642341896
352453,20230020542,2023,Uitsluitend materiele schade,2,personenauto,fiets,Flank,"Kruispunt, 4 takken",Binnen,30.0,Niet brandend,Klinkers,Droog,Daglicht,Droog,Laan van Vlaanderen,amsterdam,POINT (115399.66629999876 484400.8894000016),POINT (4.806048943674651 52.34609217045094),4.806048943674651,52.34609217045094
352460,20230036409,2023,Letsel,2,personenauto,fiets,Flank,Rechte weg,Binnen,50.0,Niet brandend,Overig asfalt,Droog,Daglicht,Droog,Vrijheidslaan,amsterdam,POINT (122459.30299999937 484463.3539999984),POINT (4.909642882656295 52.34711692968266),4.909642882656295,52.34711692968266
352469,20230078793,2023,Uitsluitend materiele schade,2,bromfiets,overig vast object,Vast voorwerp,"Kruispunt, 4 takken",Binnen,50.0,Brandend,Overig asfalt,Droog,Duisternis,Droog,De Savornin Lohmanstraat,amsterdam,POINT (115182.4037999995 487632.6275999993),POINT (4.80247802888244 52.375120762992736),4.80247802888244,52.375120762992736
352537,20230020080,2023,Uitsluitend materiele schade,3,personenauto,fiets,Onbekend,"Kruispunt, 3 takken",Binnen,50.0,Brandend,Overig asfalt,Droog,Duisternis,Droog,Jan Pieter Heijestraat,amsterdam,POINT (119436.67680000141 486024.68290000036),POINT (4.8651200139657425 52.36096175850215),4.8651200139657425,52.36096175850215
352648,20230020782,2023,Letsel,2,snorfiets,fiets,Flank,"Kruispunt, 4 takken",Binnen,50.0,Brandend,Overig asfalt,Nat,Duisternis,Droog,Bilderdijkstraat,amsterdam,POINT (119808.14400000125 487129.2950000018),POINT (4.870457472950803 52.37091313771353),4.870457472950803,52.37091313771353